,taxon,structural_zero (Microcompartment = Endosphere),structural_zero (Microcompartment = Phyllosphere),structural_zero (Microcompartment = Rhizosphere)
1,ASV5,FALSE,FALSE,FALSE
2,ASV6,FALSE,FALSE,FALSE
3,ASV7,FALSE,FALSE,FALSE
4,ASV8,FALSE,FALSE,FALSE
5,ASV9,FALSE,FALSE,FALSE
6,ASV10,FALSE,FALSE,FALSE
7,ASV11,FALSE,FALSE,FALSE
8,ASV14,FALSE,FALSE,FALSE
9,ASV15,FALSE,FALSE,FALSE
10,ASV17,FALSE,FALSE,FALSE
11,ASV20,FALSE,FALSE,FALSE
12,ASV21,FALSE,FALSE,FALSE
13,ASV23,FALSE,FALSE,FALSE
14,ASV24,FALSE,FALSE,FALSE
15,ASV25,FALSE,FALSE,FALSE
16,ASV26,FALSE,FALSE,FALSE
17,ASV27,FALSE,TRUE,FALSE
18,ASV28,FALSE,FALSE,FALSE
19,ASV30,FALSE,FALSE,FALSE
20,ASV31,FALSE,FALSE,FALSE
21,ASV32,FALSE,FALSE,FALSE
22,ASV33,FALSE,FALSE,FALSE
23,ASV34,FALSE,FALSE,FALSE
24,ASV36,FALSE,TRUE,FALSE
25,ASV38,FALSE,FALSE,FALSE
26,ASV39,FALSE,FALSE,FALSE
27,ASV40,FALSE,FALSE,FALSE
28,ASV41,FALSE,FALSE,FALSE
29,ASV42,FALSE,FALSE,FALSE
30,ASV43,FALSE,FALSE,FALSE
31,ASV45,FALSE,FALSE,FALSE
32,ASV46,FALSE,TRUE,FALSE
33,ASV47,FALSE,TRUE,FALSE
34,ASV48,FALSE,TRUE,FALSE
35,ASV49,FALSE,TRUE,FALSE
36,ASV50,FALSE,FALSE,FALSE
37,ASV51,FALSE,FALSE,FALSE
38,ASV52,FALSE,TRUE,FALSE
39,ASV53,FALSE,TRUE,FALSE
40,ASV54,FALSE,FALSE,FALSE
41,ASV55,FALSE,FALSE,FALSE
42,ASV56,FALSE,FALSE,FALSE
43,ASV58,FALSE,FALSE,FALSE
44,ASV59,TRUE,FALSE,FALSE
45,ASV60,FALSE,FALSE,FALSE
46,ASV61,FALSE,FALSE,FALSE
47,ASV62,TRUE,FALSE,FALSE
48,ASV63,FALSE,FALSE,FALSE
49,ASV65,FALSE,FALSE,FALSE
50,ASV66,FALSE,FALSE,FALSE
51,ASV67,FALSE,FALSE,FALSE
52,ASV68,FALSE,TRUE,FALSE
53,ASV71,FALSE,TRUE,FALSE
54,ASV72,FALSE,FALSE,FALSE
55,ASV75,FALSE,TRUE,FALSE
56,ASV76,TRUE,FALSE,FALSE
57,ASV77,FALSE,FALSE,FALSE
58,ASV79,FALSE,FALSE,FALSE
59,ASV80,FALSE,FALSE,FALSE
60,ASV82,FALSE,FALSE,FALSE
61,ASV83,FALSE,FALSE,FALSE
62,ASV88,FALSE,TRUE,FALSE
63,ASV89,FALSE,FALSE,FALSE
64,ASV91,FALSE,FALSE,FALSE
65,ASV92,FALSE,FALSE,FALSE
66,ASV93,FALSE,FALSE,FALSE
67,ASV94,FALSE,TRUE,FALSE
68,ASV97,FALSE,FALSE,FALSE
69,ASV99,FALSE,FALSE,FALSE
70,ASV100,FALSE,FALSE,FALSE
71,ASV103,FALSE,FALSE,FALSE
72,ASV104,TRUE,FALSE,FALSE
73,ASV108,FALSE,FALSE,FALSE
74,ASV109,FALSE,FALSE,FALSE
75,ASV110,FALSE,FALSE,FALSE
76,ASV111,FALSE,FALSE,FALSE
77,ASV114,FALSE,FALSE,FALSE
78,ASV115,FALSE,FALSE,FALSE
79,ASV117,FALSE,FALSE,FALSE
80,ASV120,FALSE,FALSE,FALSE
81,ASV121,FALSE,FALSE,FALSE
82,ASV122,FALSE,FALSE,FALSE
83,ASV123,FALSE,FALSE,FALSE
84,ASV124,TRUE,FALSE,FALSE
85,ASV125,FALSE,FALSE,FALSE
86,ASV126,FALSE,FALSE,FALSE
87,ASV129,FALSE,FALSE,FALSE
88,ASV130,FALSE,FALSE,FALSE
89,ASV131,FALSE,FALSE,FALSE
90,ASV133,FALSE,FALSE,FALSE
91,ASV135,FALSE,FALSE,FALSE
92,ASV136,TRUE,FALSE,FALSE
93,ASV138,FALSE,FALSE,FALSE
94,ASV139,FALSE,FALSE,FALSE
95,ASV140,FALSE,FALSE,FALSE
96,ASV141,FALSE,FALSE,FALSE
97,ASV143,FALSE,FALSE,FALSE
98,ASV144,FALSE,FALSE,FALSE
99,ASV145,FALSE,FALSE,TRUE
100,ASV146,FALSE,FALSE,FALSE
101,ASV147,FALSE,TRUE,FALSE
102,ASV148,FALSE,FALSE,FALSE
103,ASV149,FALSE,FALSE,FALSE
104,ASV150,FALSE,FALSE,FALSE
105,ASV152,FALSE,FALSE,FALSE
106,ASV153,FALSE,FALSE,FALSE
107,ASV154,FALSE,FALSE,FALSE
108,ASV156,FALSE,FALSE,FALSE
109,ASV157,FALSE,FALSE,FALSE
110,ASV158,FALSE,FALSE,FALSE
111,ASV159,FALSE,FALSE,FALSE
112,ASV161,FALSE,FALSE,FALSE
113,ASV162,FALSE,FALSE,FALSE
114,ASV163,TRUE,FALSE,FALSE
115,ASV164,FALSE,FALSE,FALSE
116,ASV165,FALSE,FALSE,FALSE
117,ASV166,FALSE,FALSE,FALSE
118,ASV170,TRUE,FALSE,FALSE
119,ASV171,FALSE,TRUE,FALSE
120,ASV172,FALSE,FALSE,FALSE
121,ASV173,FALSE,FALSE,FALSE
122,ASV174,FALSE,FALSE,FALSE
123,ASV177,FALSE,TRUE,FALSE
124,ASV179,FALSE,TRUE,FALSE
125,ASV182,TRUE,FALSE,FALSE
126,ASV183,FALSE,FALSE,FALSE
127,ASV185,FALSE,FALSE,FALSE
128,ASV186,FALSE,FALSE,FALSE
129,ASV187,FALSE,FALSE,FALSE
130,ASV188,FALSE,FALSE,FALSE
131,ASV189,FALSE,FALSE,FALSE
132,ASV190,FALSE,TRUE,FALSE
133,ASV191,FALSE,TRUE,FALSE
134,ASV193,FALSE,FALSE,FALSE
135,ASV194,FALSE,TRUE,FALSE
136,ASV196,FALSE,FALSE,FALSE
137,ASV197,FALSE,FALSE,FALSE
138,ASV198,FALSE,FALSE,FALSE
139,ASV199,FALSE,FALSE,FALSE
140,ASV200,FALSE,FALSE,FALSE
141,ASV201,TRUE,TRUE,FALSE
142,ASV203,FALSE,FALSE,FALSE
143,ASV204,FALSE,TRUE,FALSE
144,ASV205,FALSE,FALSE,FALSE
145,ASV207,FALSE,FALSE,FALSE
146,ASV209,FALSE,FALSE,FALSE
147,ASV211,FALSE,FALSE,FALSE
148,ASV214,TRUE,FALSE,FALSE
149,ASV215,FALSE,FALSE,FALSE
150,ASV218,FALSE,TRUE,FALSE
151,ASV219,FALSE,TRUE,FALSE
152,ASV220,FALSE,TRUE,FALSE
153,ASV221,FALSE,FALSE,FALSE
154,ASV222,FALSE,TRUE,FALSE
155,ASV223,FALSE,TRUE,FALSE
156,ASV224,FALSE,FALSE,FALSE
157,ASV226,FALSE,FALSE,FALSE
158,ASV228,FALSE,FALSE,FALSE
159,ASV229,FALSE,FALSE,FALSE
160,ASV230,FALSE,FALSE,FALSE
161,ASV232,FALSE,FALSE,FALSE
162,ASV233,FALSE,FALSE,FALSE
163,ASV235,TRUE,FALSE,FALSE
164,ASV241,TRUE,TRUE,FALSE
165,ASV242,FALSE,FALSE,FALSE
166,ASV243,TRUE,FALSE,FALSE
167,ASV244,FALSE,FALSE,FALSE
168,ASV245,FALSE,FALSE,FALSE
169,ASV246,FALSE,FALSE,FALSE
170,ASV247,FALSE,TRUE,FALSE
171,ASV248,FALSE,FALSE,FALSE
172,ASV249,FALSE,FALSE,FALSE
173,ASV250,FALSE,FALSE,FALSE
174,ASV253,FALSE,FALSE,FALSE
175,ASV254,FALSE,FALSE,FALSE
176,ASV255,FALSE,FALSE,FALSE
177,ASV256,FALSE,TRUE,FALSE
178,ASV257,FALSE,FALSE,FALSE
179,ASV259,FALSE,FALSE,FALSE
180,ASV260,FALSE,FALSE,FALSE
181,ASV261,FALSE,FALSE,FALSE
182,ASV262,FALSE,FALSE,FALSE
183,ASV263,FALSE,FALSE,FALSE
184,ASV264,FALSE,FALSE,FALSE
185,ASV265,FALSE,TRUE,FALSE
186,ASV266,FALSE,FALSE,FALSE
187,ASV267,FALSE,FALSE,FALSE
188,ASV268,FALSE,TRUE,FALSE
189,ASV269,FALSE,FALSE,FALSE
190,ASV270,FALSE,FALSE,FALSE
191,ASV271,FALSE,FALSE,FALSE
192,ASV272,FALSE,FALSE,FALSE
193,ASV275,FALSE,FALSE,FALSE
194,ASV277,FALSE,FALSE,FALSE
195,ASV278,FALSE,FALSE,TRUE
196,ASV279,FALSE,TRUE,FALSE
197,ASV280,FALSE,FALSE,FALSE
198,ASV281,TRUE,FALSE,FALSE
199,ASV282,FALSE,FALSE,FALSE
200,ASV283,TRUE,FALSE,FALSE
201,ASV284,TRUE,FALSE,FALSE
202,ASV285,FALSE,FALSE,FALSE
203,ASV286,FALSE,FALSE,FALSE
204,ASV287,FALSE,FALSE,FALSE
205,ASV288,FALSE,FALSE,FALSE
206,ASV291,TRUE,TRUE,FALSE
207,ASV292,FALSE,FALSE,FALSE
208,ASV293,FALSE,FALSE,FALSE
209,ASV294,FALSE,FALSE,FALSE
210,ASV295,FALSE,FALSE,FALSE
211,ASV296,FALSE,TRUE,FALSE
212,ASV297,FALSE,FALSE,FALSE
213,ASV298,TRUE,FALSE,FALSE
214,ASV300,FALSE,TRUE,FALSE
215,ASV301,FALSE,TRUE,FALSE
216,ASV302,FALSE,FALSE,FALSE
217,ASV303,FALSE,FALSE,FALSE
218,ASV304,FALSE,TRUE,FALSE
219,ASV305,TRUE,FALSE,FALSE
220,ASV306,FALSE,FALSE,FALSE
221,ASV307,FALSE,FALSE,FALSE
222,ASV308,FALSE,FALSE,FALSE
223,ASV309,FALSE,FALSE,FALSE
224,ASV310,TRUE,TRUE,FALSE
225,ASV311,FALSE,FALSE,FALSE
226,ASV314,FALSE,FALSE,FALSE
227,ASV316,FALSE,FALSE,FALSE
228,ASV317,FALSE,FALSE,FALSE
229,ASV318,FALSE,FALSE,FALSE
230,ASV319,TRUE,FALSE,FALSE
231,ASV320,FALSE,TRUE,FALSE
232,ASV321,TRUE,FALSE,FALSE
233,ASV322,FALSE,FALSE,FALSE
234,ASV323,TRUE,FALSE,FALSE
235,ASV324,FALSE,FALSE,FALSE
236,ASV325,FALSE,FALSE,FALSE
237,ASV326,FALSE,FALSE,FALSE
238,ASV327,FALSE,FALSE,FALSE
239,ASV328,FALSE,FALSE,FALSE
240,ASV330,FALSE,FALSE,FALSE
241,ASV331,FALSE,TRUE,TRUE
242,ASV332,FALSE,FALSE,FALSE
243,ASV333,FALSE,FALSE,FALSE
244,ASV334,FALSE,FALSE,FALSE
245,ASV335,FALSE,FALSE,FALSE
246,ASV336,TRUE,FALSE,FALSE
247,ASV338,FALSE,FALSE,FALSE
248,ASV339,TRUE,FALSE,FALSE
249,ASV340,TRUE,TRUE,FALSE
250,ASV341,FALSE,FALSE,FALSE
251,ASV342,FALSE,FALSE,FALSE
252,ASV344,TRUE,FALSE,FALSE
253,ASV345,FALSE,FALSE,FALSE
254,ASV348,FALSE,FALSE,FALSE
255,ASV349,TRUE,FALSE,FALSE
256,ASV351,FALSE,FALSE,FALSE
257,ASV352,TRUE,TRUE,FALSE
258,ASV353,FALSE,TRUE,FALSE
259,ASV354,FALSE,TRUE,FALSE
260,ASV355,FALSE,FALSE,FALSE
261,ASV357,FALSE,FALSE,FALSE
262,ASV359,FALSE,FALSE,FALSE
263,ASV360,TRUE,FALSE,FALSE
264,ASV361,FALSE,FALSE,FALSE
265,ASV362,TRUE,FALSE,FALSE
266,ASV363,TRUE,FALSE,FALSE
267,ASV364,FALSE,FALSE,FALSE
268,ASV365,TRUE,FALSE,FALSE
269,ASV368,TRUE,FALSE,FALSE
270,ASV370,FALSE,FALSE,FALSE
271,ASV371,FALSE,FALSE,FALSE
272,ASV372,FALSE,TRUE,TRUE
273,ASV373,FALSE,FALSE,FALSE
274,ASV375,FALSE,TRUE,FALSE
275,ASV377,FALSE,FALSE,FALSE
276,ASV378,TRUE,FALSE,FALSE
277,ASV379,FALSE,FALSE,FALSE
278,ASV380,FALSE,FALSE,FALSE
279,ASV381,FALSE,FALSE,FALSE
280,ASV382,FALSE,FALSE,FALSE
281,ASV383,TRUE,FALSE,FALSE
282,ASV385,FALSE,FALSE,FALSE
283,ASV386,TRUE,FALSE,FALSE
284,ASV387,FALSE,TRUE,FALSE
285,ASV388,FALSE,FALSE,FALSE
286,ASV389,FALSE,FALSE,FALSE
287,ASV390,FALSE,FALSE,FALSE
288,ASV391,FALSE,FALSE,FALSE
289,ASV392,FALSE,FALSE,FALSE
290,ASV393,FALSE,FALSE,FALSE
291,ASV394,FALSE,FALSE,FALSE
292,ASV395,FALSE,FALSE,FALSE
293,ASV396,FALSE,TRUE,FALSE
294,ASV397,TRUE,FALSE,FALSE
295,ASV398,FALSE,FALSE,FALSE
296,ASV399,FALSE,FALSE,FALSE
297,ASV400,TRUE,TRUE,FALSE
298,ASV401,FALSE,FALSE,FALSE
299,ASV402,FALSE,FALSE,FALSE
300,ASV404,FALSE,FALSE,FALSE
301,ASV405,TRUE,FALSE,FALSE
302,ASV406,FALSE,FALSE,FALSE
303,ASV408,FALSE,FALSE,FALSE
304,ASV410,TRUE,FALSE,FALSE
305,ASV411,TRUE,FALSE,FALSE
306,ASV412,TRUE,FALSE,FALSE
307,ASV413,TRUE,FALSE,FALSE
308,ASV415,FALSE,TRUE,FALSE
309,ASV416,FALSE,FALSE,FALSE
310,ASV417,FALSE,FALSE,FALSE
311,ASV418,TRUE,FALSE,FALSE
312,ASV419,FALSE,TRUE,FALSE
313,ASV420,FALSE,FALSE,FALSE
314,ASV421,FALSE,FALSE,FALSE
315,ASV423,FALSE,FALSE,FALSE
316,ASV424,TRUE,FALSE,FALSE
317,ASV425,FALSE,TRUE,FALSE
318,ASV426,TRUE,FALSE,FALSE
319,ASV428,FALSE,FALSE,FALSE
320,ASV429,FALSE,FALSE,FALSE
321,ASV431,FALSE,FALSE,FALSE
322,ASV432,FALSE,TRUE,FALSE
323,ASV433,TRUE,FALSE,FALSE
324,ASV434,TRUE,FALSE,FALSE
325,ASV436,FALSE,FALSE,FALSE
326,ASV437,FALSE,FALSE,FALSE
327,ASV439,FALSE,FALSE,FALSE
328,ASV440,TRUE,FALSE,FALSE
329,ASV442,FALSE,FALSE,FALSE
330,ASV443,FALSE,TRUE,FALSE
331,ASV444,FALSE,FALSE,FALSE
332,ASV445,FALSE,FALSE,FALSE
333,ASV446,FALSE,FALSE,FALSE
334,ASV447,TRUE,FALSE,FALSE
335,ASV448,FALSE,FALSE,FALSE
336,ASV449,TRUE,FALSE,FALSE
337,ASV451,TRUE,FALSE,FALSE
338,ASV453,TRUE,FALSE,FALSE
339,ASV454,TRUE,FALSE,FALSE
340,ASV456,FALSE,FALSE,FALSE
341,ASV457,FALSE,FALSE,TRUE
342,ASV458,FALSE,FALSE,FALSE
343,ASV459,FALSE,FALSE,FALSE
344,ASV460,FALSE,TRUE,FALSE
345,ASV461,FALSE,FALSE,FALSE
346,ASV465,TRUE,FALSE,FALSE
347,ASV467,FALSE,FALSE,FALSE
348,ASV470,TRUE,FALSE,FALSE
349,ASV472,FALSE,FALSE,FALSE
350,ASV473,FALSE,FALSE,FALSE
351,ASV474,FALSE,FALSE,FALSE
352,ASV475,FALSE,FALSE,FALSE
353,ASV476,FALSE,TRUE,TRUE
354,ASV477,FALSE,FALSE,FALSE
355,ASV480,FALSE,FALSE,FALSE
356,ASV481,TRUE,FALSE,FALSE
357,ASV483,FALSE,FALSE,FALSE
358,ASV484,FALSE,FALSE,FALSE
359,ASV485,TRUE,TRUE,FALSE
360,ASV486,FALSE,FALSE,FALSE
361,ASV487,FALSE,FALSE,FALSE
362,ASV488,FALSE,FALSE,FALSE
363,ASV489,TRUE,TRUE,FALSE
364,ASV490,FALSE,FALSE,FALSE
365,ASV491,FALSE,FALSE,FALSE
366,ASV492,FALSE,FALSE,FALSE
367,ASV493,TRUE,FALSE,FALSE
368,ASV494,FALSE,FALSE,FALSE
369,ASV495,TRUE,FALSE,FALSE
370,ASV497,FALSE,TRUE,FALSE
371,ASV498,TRUE,FALSE,FALSE
372,ASV500,FALSE,FALSE,FALSE
373,ASV501,FALSE,FALSE,FALSE
374,ASV502,TRUE,FALSE,FALSE
375,ASV503,FALSE,FALSE,FALSE
376,ASV504,FALSE,FALSE,FALSE
377,ASV505,FALSE,FALSE,FALSE
378,ASV506,FALSE,FALSE,FALSE
379,ASV507,TRUE,FALSE,FALSE
380,ASV508,TRUE,FALSE,FALSE
381,ASV509,FALSE,TRUE,FALSE
382,ASV510,TRUE,FALSE,FALSE
383,ASV511,FALSE,FALSE,FALSE
384,ASV513,FALSE,FALSE,FALSE
385,ASV514,FALSE,FALSE,FALSE
386,ASV515,FALSE,FALSE,FALSE
387,ASV518,FALSE,TRUE,FALSE
388,ASV519,TRUE,FALSE,FALSE
389,ASV520,FALSE,FALSE,FALSE
390,ASV521,FALSE,FALSE,FALSE
391,ASV522,TRUE,FALSE,FALSE
392,ASV524,FALSE,FALSE,FALSE
393,ASV526,FALSE,FALSE,FALSE
394,ASV528,TRUE,FALSE,FALSE
395,ASV531,TRUE,FALSE,FALSE
396,ASV532,FALSE,FALSE,FALSE
397,ASV533,FALSE,TRUE,FALSE
398,ASV534,FALSE,FALSE,FALSE
399,ASV535,FALSE,FALSE,FALSE
400,ASV536,FALSE,FALSE,FALSE
401,ASV537,TRUE,FALSE,FALSE
402,ASV538,TRUE,TRUE,FALSE
403,ASV539,TRUE,FALSE,FALSE
404,ASV540,FALSE,FALSE,FALSE
405,ASV541,FALSE,FALSE,FALSE
406,ASV542,TRUE,FALSE,FALSE
407,ASV543,TRUE,FALSE,FALSE
408,ASV544,TRUE,FALSE,FALSE
409,ASV545,FALSE,FALSE,FALSE
410,ASV546,TRUE,FALSE,FALSE
411,ASV547,FALSE,FALSE,FALSE
412,ASV548,FALSE,FALSE,FALSE
413,ASV549,TRUE,FALSE,FALSE
414,ASV551,TRUE,FALSE,FALSE
415,ASV553,FALSE,FALSE,FALSE
416,ASV554,FALSE,TRUE,FALSE
417,ASV555,TRUE,FALSE,FALSE
418,ASV557,FALSE,FALSE,FALSE
419,ASV558,FALSE,FALSE,FALSE
420,ASV559,TRUE,FALSE,FALSE
421,ASV560,TRUE,FALSE,FALSE
422,ASV561,TRUE,FALSE,FALSE
423,ASV562,FALSE,FALSE,FALSE
424,ASV563,FALSE,FALSE,FALSE
425,ASV564,FALSE,TRUE,FALSE
426,ASV565,FALSE,FALSE,FALSE
427,ASV566,FALSE,TRUE,FALSE
428,ASV567,TRUE,FALSE,FALSE
429,ASV568,TRUE,TRUE,FALSE
430,ASV569,TRUE,FALSE,FALSE
431,ASV570,FALSE,FALSE,FALSE
432,ASV571,FALSE,FALSE,FALSE
433,ASV572,FALSE,FALSE,FALSE
434,ASV573,FALSE,FALSE,FALSE
435,ASV575,FALSE,FALSE,FALSE
436,ASV576,TRUE,TRUE,FALSE
437,ASV577,FALSE,FALSE,FALSE
438,ASV578,FALSE,TRUE,FALSE
439,ASV579,FALSE,FALSE,TRUE
440,ASV580,TRUE,FALSE,FALSE
441,ASV581,FALSE,TRUE,FALSE
442,ASV582,TRUE,FALSE,FALSE
443,ASV583,FALSE,FALSE,FALSE
444,ASV584,FALSE,FALSE,FALSE
445,ASV585,FALSE,FALSE,FALSE
446,ASV586,TRUE,FALSE,FALSE
447,ASV587,FALSE,FALSE,FALSE
448,ASV588,FALSE,FALSE,FALSE
449,ASV590,FALSE,FALSE,FALSE
450,ASV591,TRUE,FALSE,FALSE
451,ASV592,FALSE,FALSE,FALSE
452,ASV593,FALSE,FALSE,FALSE
453,ASV594,FALSE,TRUE,FALSE
454,ASV595,TRUE,FALSE,FALSE
455,ASV596,FALSE,FALSE,FALSE
456,ASV598,FALSE,TRUE,FALSE
457,ASV599,TRUE,FALSE,FALSE
458,ASV600,FALSE,FALSE,FALSE
459,ASV601,TRUE,FALSE,FALSE
460,ASV602,FALSE,FALSE,FALSE
461,ASV603,TRUE,FALSE,FALSE
462,ASV604,FALSE,FALSE,FALSE
463,ASV605,FALSE,TRUE,FALSE
464,ASV606,FALSE,FALSE,FALSE
465,ASV608,FALSE,FALSE,FALSE
466,ASV610,FALSE,FALSE,FALSE
467,ASV611,TRUE,FALSE,FALSE
468,ASV612,FALSE,TRUE,FALSE
469,ASV613,TRUE,FALSE,FALSE
470,ASV614,TRUE,FALSE,FALSE
471,ASV615,FALSE,FALSE,FALSE
472,ASV616,FALSE,FALSE,FALSE
473,ASV617,TRUE,FALSE,FALSE
474,ASV618,FALSE,FALSE,FALSE
475,ASV619,TRUE,TRUE,FALSE
476,ASV620,FALSE,FALSE,FALSE
477,ASV621,TRUE,FALSE,FALSE
478,ASV622,FALSE,TRUE,FALSE
479,ASV623,FALSE,FALSE,FALSE
480,ASV624,FALSE,TRUE,FALSE
481,ASV626,FALSE,FALSE,FALSE
482,ASV627,FALSE,FALSE,FALSE
483,ASV628,TRUE,FALSE,FALSE
484,ASV629,FALSE,FALSE,FALSE
485,ASV630,FALSE,FALSE,FALSE
486,ASV631,FALSE,FALSE,FALSE
487,ASV632,TRUE,FALSE,FALSE
488,ASV633,FALSE,FALSE,FALSE
489,ASV634,TRUE,FALSE,FALSE
490,ASV635,FALSE,FALSE,FALSE
491,ASV637,TRUE,FALSE,FALSE
492,ASV638,FALSE,FALSE,FALSE
493,ASV641,TRUE,FALSE,FALSE
494,ASV642,TRUE,FALSE,FALSE
495,ASV644,TRUE,FALSE,FALSE
496,ASV645,FALSE,FALSE,FALSE
497,ASV646,TRUE,FALSE,FALSE
498,ASV648,TRUE,FALSE,FALSE
499,ASV651,TRUE,FALSE,FALSE
500,ASV652,TRUE,FALSE,FALSE
501,ASV653,FALSE,FALSE,FALSE
502,ASV654,FALSE,FALSE,FALSE
503,ASV655,FALSE,FALSE,FALSE
504,ASV657,TRUE,FALSE,FALSE
505,ASV658,FALSE,FALSE,FALSE
506,ASV659,FALSE,FALSE,FALSE
507,ASV660,FALSE,FALSE,FALSE
508,ASV661,FALSE,FALSE,FALSE
509,ASV662,FALSE,FALSE,FALSE
510,ASV663,TRUE,FALSE,FALSE
511,ASV664,FALSE,FALSE,FALSE
512,ASV667,FALSE,FALSE,FALSE
513,ASV669,FALSE,FALSE,FALSE
514,ASV670,FALSE,TRUE,FALSE
515,ASV671,TRUE,TRUE,FALSE
516,ASV672,TRUE,FALSE,FALSE
517,ASV673,FALSE,FALSE,FALSE
518,ASV674,FALSE,FALSE,TRUE
519,ASV675,TRUE,FALSE,FALSE
520,ASV676,FALSE,TRUE,FALSE
521,ASV677,TRUE,FALSE,TRUE
522,ASV678,TRUE,TRUE,FALSE
523,ASV679,FALSE,TRUE,FALSE
524,ASV680,FALSE,TRUE,FALSE
525,ASV681,TRUE,FALSE,FALSE
526,ASV682,TRUE,FALSE,FALSE
527,ASV683,FALSE,FALSE,FALSE
528,ASV684,TRUE,TRUE,FALSE
529,ASV685,FALSE,FALSE,FALSE
530,ASV687,FALSE,FALSE,FALSE
531,ASV689,TRUE,FALSE,TRUE
532,ASV690,TRUE,FALSE,FALSE
533,ASV691,FALSE,FALSE,FALSE
534,ASV692,FALSE,FALSE,FALSE
535,ASV693,FALSE,FALSE,FALSE
536,ASV694,FALSE,FALSE,FALSE
537,ASV695,FALSE,FALSE,FALSE
538,ASV696,FALSE,FALSE,FALSE
539,ASV697,FALSE,TRUE,FALSE
540,ASV699,TRUE,FALSE,FALSE
541,ASV700,TRUE,FALSE,FALSE
542,ASV701,TRUE,FALSE,FALSE
543,ASV703,TRUE,FALSE,FALSE
544,ASV704,FALSE,TRUE,FALSE
545,ASV705,FALSE,FALSE,FALSE
546,ASV706,FALSE,FALSE,FALSE
547,ASV707,TRUE,FALSE,FALSE
548,ASV709,FALSE,FALSE,FALSE
549,ASV710,FALSE,FALSE,FALSE
550,ASV711,TRUE,FALSE,FALSE
551,ASV713,FALSE,FALSE,FALSE
552,ASV714,TRUE,FALSE,FALSE
553,ASV715,FALSE,FALSE,FALSE
554,ASV716,TRUE,FALSE,FALSE
555,ASV719,TRUE,FALSE,FALSE
556,ASV720,FALSE,TRUE,FALSE
557,ASV721,TRUE,FALSE,FALSE
558,ASV722,TRUE,FALSE,FALSE
559,ASV723,FALSE,TRUE,FALSE
560,ASV724,FALSE,FALSE,FALSE
561,ASV725,FALSE,FALSE,FALSE
562,ASV726,TRUE,FALSE,FALSE
563,ASV727,FALSE,TRUE,FALSE
564,ASV728,TRUE,FALSE,FALSE
565,ASV729,FALSE,FALSE,FALSE
566,ASV730,FALSE,FALSE,FALSE
567,ASV731,FALSE,FALSE,FALSE
568,ASV732,FALSE,FALSE,FALSE
569,ASV733,TRUE,FALSE,FALSE
570,ASV734,FALSE,FALSE,FALSE
571,ASV736,FALSE,FALSE,FALSE
572,ASV738,FALSE,FALSE,FALSE
573,ASV739,FALSE,FALSE,FALSE
574,ASV740,TRUE,FALSE,FALSE
575,ASV741,FALSE,TRUE,FALSE
576,ASV742,FALSE,TRUE,FALSE
577,ASV744,FALSE,TRUE,FALSE
578,ASV745,TRUE,FALSE,FALSE
579,ASV746,FALSE,FALSE,FALSE
580,ASV747,TRUE,TRUE,FALSE
581,ASV748,FALSE,TRUE,FALSE
582,ASV749,FALSE,TRUE,FALSE
583,ASV750,TRUE,FALSE,FALSE
584,ASV751,TRUE,FALSE,FALSE
585,ASV752,TRUE,FALSE,FALSE
586,ASV753,FALSE,FALSE,FALSE
587,ASV754,TRUE,FALSE,FALSE
588,ASV755,FALSE,FALSE,FALSE
589,ASV756,TRUE,FALSE,FALSE
590,ASV757,FALSE,FALSE,FALSE
591,ASV758,FALSE,FALSE,FALSE
592,ASV759,FALSE,FALSE,FALSE
593,ASV760,TRUE,FALSE,FALSE
594,ASV761,TRUE,FALSE,TRUE
595,ASV763,FALSE,FALSE,FALSE
596,ASV764,FALSE,FALSE,FALSE
597,ASV765,TRUE,FALSE,FALSE
598,ASV767,FALSE,FALSE,FALSE
599,ASV768,FALSE,TRUE,FALSE
600,ASV769,TRUE,FALSE,TRUE
601,ASV770,FALSE,FALSE,FALSE
602,ASV772,TRUE,TRUE,FALSE
603,ASV773,FALSE,FALSE,FALSE
604,ASV774,FALSE,TRUE,FALSE
605,ASV775,FALSE,FALSE,FALSE
606,ASV777,TRUE,FALSE,TRUE
607,ASV778,FALSE,TRUE,FALSE
608,ASV779,TRUE,TRUE,FALSE
609,ASV780,TRUE,FALSE,FALSE
610,ASV781,TRUE,FALSE,FALSE
611,ASV782,TRUE,FALSE,FALSE
612,ASV784,FALSE,FALSE,FALSE
613,ASV785,TRUE,FALSE,FALSE
614,ASV786,FALSE,TRUE,FALSE
615,ASV787,FALSE,FALSE,FALSE
616,ASV788,FALSE,FALSE,FALSE
617,ASV789,FALSE,TRUE,FALSE
618,ASV790,FALSE,FALSE,FALSE
619,ASV792,TRUE,FALSE,FALSE
620,ASV793,TRUE,TRUE,FALSE
621,ASV794,TRUE,FALSE,FALSE
622,ASV796,TRUE,FALSE,FALSE
623,ASV797,FALSE,FALSE,FALSE
624,ASV798,FALSE,FALSE,FALSE
625,ASV799,TRUE,FALSE,FALSE
626,ASV800,TRUE,TRUE,FALSE
627,ASV801,FALSE,TRUE,FALSE
628,ASV802,TRUE,FALSE,FALSE
629,ASV803,FALSE,TRUE,FALSE
630,ASV804,TRUE,FALSE,FALSE
631,ASV805,FALSE,FALSE,TRUE
632,ASV806,TRUE,FALSE,TRUE
633,ASV807,FALSE,FALSE,FALSE
634,ASV808,TRUE,FALSE,FALSE
635,ASV809,FALSE,FALSE,FALSE
636,ASV810,FALSE,FALSE,FALSE
637,ASV811,TRUE,TRUE,FALSE
638,ASV812,TRUE,FALSE,FALSE
639,ASV813,TRUE,FALSE,TRUE
640,ASV814,TRUE,FALSE,FALSE
641,ASV815,FALSE,FALSE,FALSE
642,ASV816,FALSE,TRUE,FALSE
643,ASV817,FALSE,FALSE,FALSE
644,ASV818,TRUE,FALSE,FALSE
645,ASV819,TRUE,FALSE,FALSE
646,ASV820,FALSE,TRUE,FALSE
647,ASV821,TRUE,FALSE,FALSE
648,ASV822,FALSE,TRUE,FALSE
649,ASV823,TRUE,FALSE,FALSE
650,ASV824,TRUE,FALSE,FALSE
651,ASV825,TRUE,TRUE,FALSE
652,ASV826,FALSE,FALSE,FALSE
653,ASV827,FALSE,TRUE,FALSE
654,ASV828,FALSE,FALSE,FALSE
655,ASV829,FALSE,FALSE,FALSE
656,ASV830,TRUE,FALSE,FALSE
657,ASV831,FALSE,TRUE,FALSE
658,ASV832,TRUE,FALSE,TRUE
659,ASV833,TRUE,FALSE,FALSE
660,ASV834,TRUE,FALSE,TRUE
661,ASV835,FALSE,FALSE,FALSE
662,ASV836,FALSE,FALSE,FALSE
663,ASV837,TRUE,FALSE,FALSE
664,ASV839,FALSE,FALSE,FALSE
665,ASV840,FALSE,TRUE,FALSE
666,ASV841,FALSE,FALSE,FALSE
667,ASV842,TRUE,TRUE,FALSE
668,ASV844,TRUE,FALSE,FALSE
669,ASV846,FALSE,FALSE,FALSE
670,ASV847,FALSE,FALSE,FALSE
671,ASV851,FALSE,FALSE,FALSE
672,ASV852,TRUE,FALSE,FALSE
673,ASV853,FALSE,FALSE,FALSE
674,ASV855,FALSE,TRUE,FALSE
675,ASV856,TRUE,FALSE,FALSE
676,ASV857,TRUE,FALSE,FALSE
677,ASV860,FALSE,FALSE,FALSE
678,ASV861,FALSE,TRUE,FALSE
679,ASV862,FALSE,TRUE,FALSE
680,ASV863,FALSE,FALSE,FALSE
681,ASV864,TRUE,FALSE,FALSE
682,ASV866,TRUE,FALSE,FALSE
683,ASV867,TRUE,FALSE,FALSE
684,ASV868,TRUE,FALSE,FALSE
685,ASV869,TRUE,FALSE,FALSE
686,ASV870,TRUE,FALSE,FALSE
687,ASV871,TRUE,FALSE,TRUE
688,ASV872,FALSE,TRUE,FALSE
689,ASV873,FALSE,TRUE,FALSE
690,ASV874,FALSE,FALSE,FALSE
691,ASV875,FALSE,FALSE,FALSE
692,ASV876,FALSE,TRUE,FALSE
693,ASV877,TRUE,FALSE,FALSE
694,ASV878,TRUE,FALSE,FALSE
695,ASV879,TRUE,FALSE,FALSE
696,ASV880,FALSE,FALSE,FALSE
697,ASV881,TRUE,FALSE,TRUE
698,ASV882,FALSE,TRUE,FALSE
699,ASV883,FALSE,FALSE,FALSE
700,ASV884,TRUE,TRUE,FALSE
701,ASV885,TRUE,TRUE,FALSE
702,ASV886,FALSE,FALSE,FALSE
703,ASV887,TRUE,TRUE,FALSE
704,ASV888,FALSE,FALSE,FALSE
705,ASV890,TRUE,FALSE,FALSE
706,ASV891,TRUE,FALSE,TRUE
707,ASV892,FALSE,TRUE,FALSE
708,ASV893,TRUE,FALSE,FALSE
709,ASV894,FALSE,FALSE,FALSE
710,ASV895,FALSE,TRUE,FALSE
711,ASV898,TRUE,FALSE,FALSE
712,ASV899,FALSE,FALSE,FALSE
713,ASV900,TRUE,FALSE,FALSE
714,ASV902,TRUE,TRUE,FALSE
715,ASV903,TRUE,FALSE,FALSE
716,ASV904,FALSE,FALSE,FALSE
717,ASV905,TRUE,FALSE,FALSE
718,ASV906,FALSE,TRUE,FALSE
719,ASV907,TRUE,FALSE,TRUE
720,ASV908,TRUE,FALSE,FALSE
721,ASV909,TRUE,FALSE,FALSE
722,ASV910,FALSE,FALSE,FALSE
723,ASV911,FALSE,TRUE,FALSE
724,ASV912,TRUE,FALSE,FALSE
725,ASV914,FALSE,FALSE,FALSE
726,ASV915,FALSE,FALSE,FALSE
727,ASV917,TRUE,FALSE,FALSE
728,ASV918,FALSE,FALSE,FALSE
729,ASV919,TRUE,TRUE,FALSE
730,ASV920,FALSE,FALSE,TRUE
731,ASV921,TRUE,FALSE,FALSE
732,ASV922,TRUE,FALSE,FALSE
733,ASV923,FALSE,TRUE,TRUE
734,ASV924,TRUE,FALSE,FALSE
735,ASV925,TRUE,FALSE,FALSE
736,ASV926,TRUE,FALSE,TRUE
737,ASV927,TRUE,FALSE,FALSE
738,ASV930,TRUE,FALSE,TRUE
739,ASV931,TRUE,FALSE,TRUE
740,ASV932,FALSE,FALSE,FALSE
741,ASV933,TRUE,FALSE,FALSE
742,ASV934,TRUE,FALSE,FALSE
743,ASV936,FALSE,TRUE,FALSE
744,ASV938,FALSE,FALSE,FALSE
745,ASV940,FALSE,TRUE,FALSE
746,ASV941,TRUE,FALSE,FALSE
747,ASV942,TRUE,FALSE,FALSE
748,ASV943,TRUE,FALSE,FALSE
749,ASV944,TRUE,FALSE,FALSE
750,ASV945,TRUE,FALSE,TRUE
751,ASV946,TRUE,TRUE,FALSE
752,ASV947,TRUE,FALSE,FALSE
753,ASV948,FALSE,TRUE,FALSE
754,ASV951,TRUE,FALSE,FALSE
755,ASV953,TRUE,TRUE,FALSE
756,ASV954,TRUE,FALSE,FALSE
757,ASV955,FALSE,FALSE,FALSE
758,ASV957,TRUE,FALSE,TRUE
759,ASV958,TRUE,FALSE,FALSE
760,ASV959,TRUE,FALSE,FALSE
761,ASV960,FALSE,FALSE,FALSE
762,ASV961,TRUE,FALSE,FALSE
763,ASV962,FALSE,FALSE,FALSE
764,ASV963,FALSE,FALSE,FALSE
765,ASV964,FALSE,FALSE,FALSE
766,ASV965,FALSE,TRUE,FALSE
767,ASV966,TRUE,FALSE,TRUE
768,ASV967,TRUE,FALSE,FALSE
769,ASV968,FALSE,FALSE,FALSE
770,ASV969,FALSE,FALSE,FALSE
771,ASV970,TRUE,TRUE,FALSE
772,ASV971,FALSE,FALSE,FALSE
773,ASV972,FALSE,FALSE,FALSE
774,ASV973,TRUE,TRUE,FALSE
775,ASV974,TRUE,TRUE,FALSE
776,ASV975,FALSE,FALSE,FALSE
777,ASV976,TRUE,FALSE,FALSE
778,ASV977,TRUE,FALSE,FALSE
779,ASV978,TRUE,FALSE,FALSE
780,ASV979,TRUE,FALSE,FALSE
781,ASV981,TRUE,FALSE,FALSE
782,ASV982,FALSE,FALSE,FALSE
783,ASV983,TRUE,FALSE,TRUE
784,ASV984,TRUE,TRUE,FALSE
785,ASV985,TRUE,TRUE,FALSE
786,ASV986,FALSE,TRUE,FALSE
787,ASV987,FALSE,TRUE,FALSE
788,ASV988,TRUE,FALSE,TRUE
789,ASV989,TRUE,TRUE,FALSE
790,ASV990,FALSE,FALSE,FALSE
791,ASV991,TRUE,TRUE,FALSE
792,ASV992,TRUE,FALSE,FALSE
793,ASV993,TRUE,FALSE,TRUE
794,ASV994,FALSE,FALSE,FALSE
795,ASV995,FALSE,FALSE,FALSE
796,ASV996,TRUE,FALSE,FALSE
797,ASV997,FALSE,TRUE,FALSE
798,ASV998,TRUE,TRUE,FALSE
799,ASV999,TRUE,FALSE,TRUE
800,ASV1000,TRUE,TRUE,FALSE
801,ASV1001,FALSE,FALSE,FALSE
802,ASV1002,TRUE,FALSE,FALSE
803,ASV1003,TRUE,FALSE,FALSE
804,ASV1004,FALSE,TRUE,FALSE
805,ASV1006,TRUE,FALSE,FALSE
806,ASV1008,TRUE,FALSE,FALSE
807,ASV1009,TRUE,TRUE,FALSE
808,ASV1010,TRUE,TRUE,FALSE
809,ASV1011,FALSE,FALSE,FALSE
810,ASV1012,FALSE,FALSE,FALSE
811,ASV1013,FALSE,FALSE,FALSE
812,ASV1015,FALSE,FALSE,FALSE
813,ASV1018,TRUE,FALSE,TRUE
814,ASV1019,TRUE,FALSE,TRUE
815,ASV1020,TRUE,FALSE,FALSE
816,ASV1021,FALSE,TRUE,FALSE
817,ASV1022,TRUE,FALSE,FALSE
818,ASV1023,TRUE,TRUE,FALSE
819,ASV1024,FALSE,FALSE,TRUE
820,ASV1025,FALSE,FALSE,FALSE
821,ASV1026,TRUE,FALSE,TRUE
822,ASV1027,FALSE,TRUE,FALSE
823,ASV1028,FALSE,TRUE,FALSE
824,ASV1029,TRUE,FALSE,FALSE
825,ASV1030,TRUE,TRUE,FALSE
826,ASV1031,FALSE,TRUE,FALSE
827,ASV1032,TRUE,TRUE,FALSE
828,ASV1033,TRUE,TRUE,FALSE
829,ASV1035,FALSE,FALSE,FALSE
830,ASV1036,FALSE,FALSE,FALSE
831,ASV1037,TRUE,TRUE,FALSE
832,ASV1038,TRUE,FALSE,FALSE
833,ASV1040,TRUE,TRUE,FALSE
834,ASV1041,TRUE,FALSE,FALSE
835,ASV1042,TRUE,TRUE,FALSE
836,ASV1043,TRUE,TRUE,FALSE
837,ASV1044,FALSE,TRUE,FALSE
838,ASV1045,TRUE,FALSE,FALSE
839,ASV1046,TRUE,FALSE,FALSE
840,ASV1047,FALSE,TRUE,TRUE
841,ASV1049,FALSE,FALSE,FALSE
842,ASV1050,FALSE,FALSE,FALSE
843,ASV1051,TRUE,FALSE,FALSE
844,ASV1052,TRUE,FALSE,TRUE
845,ASV1054,FALSE,FALSE,FALSE
846,ASV1055,TRUE,FALSE,FALSE
847,ASV1056,TRUE,FALSE,FALSE
848,ASV1057,TRUE,FALSE,TRUE
849,ASV1059,TRUE,FALSE,FALSE
850,ASV1060,FALSE,TRUE,FALSE
851,ASV1061,FALSE,FALSE,TRUE
852,ASV1062,TRUE,FALSE,FALSE
853,ASV1063,FALSE,FALSE,FALSE
854,ASV1065,TRUE,FALSE,TRUE
855,ASV1066,TRUE,FALSE,FALSE
856,ASV1067,FALSE,FALSE,FALSE
857,ASV1068,FALSE,TRUE,FALSE
858,ASV1069,FALSE,TRUE,FALSE
859,ASV1070,TRUE,TRUE,FALSE
860,ASV1071,TRUE,FALSE,FALSE
861,ASV1072,FALSE,TRUE,FALSE
862,ASV1073,FALSE,TRUE,FALSE
863,ASV1074,TRUE,FALSE,FALSE
864,ASV1075,TRUE,FALSE,FALSE
865,ASV1076,TRUE,FALSE,FALSE
866,ASV1077,TRUE,FALSE,FALSE
867,ASV1078,FALSE,FALSE,FALSE
868,ASV1079,TRUE,TRUE,FALSE
869,ASV1080,FALSE,FALSE,FALSE
870,ASV1081,TRUE,FALSE,FALSE
871,ASV1083,TRUE,FALSE,TRUE
872,ASV1084,FALSE,FALSE,FALSE
873,ASV1085,TRUE,FALSE,FALSE
874,ASV1086,FALSE,FALSE,FALSE
875,ASV1087,TRUE,FALSE,TRUE
876,ASV1090,TRUE,FALSE,FALSE
877,ASV1091,FALSE,FALSE,FALSE
878,ASV1092,TRUE,FALSE,FALSE
879,ASV1094,TRUE,FALSE,FALSE
880,ASV1096,TRUE,FALSE,FALSE
881,ASV1097,TRUE,FALSE,FALSE
882,ASV1098,TRUE,TRUE,FALSE
883,ASV1099,FALSE,FALSE,FALSE
884,ASV1101,TRUE,FALSE,FALSE
885,ASV1102,TRUE,FALSE,FALSE
886,ASV1104,FALSE,TRUE,FALSE
887,ASV1105,FALSE,TRUE,FALSE
888,ASV1106,FALSE,TRUE,FALSE
889,ASV1108,FALSE,FALSE,FALSE
890,ASV1109,TRUE,FALSE,FALSE
891,ASV1110,FALSE,FALSE,FALSE
892,ASV1111,TRUE,TRUE,FALSE
893,ASV1112,FALSE,FALSE,FALSE
894,ASV1113,TRUE,FALSE,FALSE
895,ASV1114,TRUE,FALSE,FALSE
896,ASV1115,TRUE,TRUE,FALSE
897,ASV1116,FALSE,FALSE,FALSE
898,ASV1117,TRUE,TRUE,FALSE
899,ASV1118,TRUE,FALSE,TRUE
900,ASV1119,TRUE,TRUE,FALSE
901,ASV1120,TRUE,FALSE,FALSE
902,ASV1122,TRUE,FALSE,FALSE
903,ASV1123,TRUE,FALSE,TRUE
904,ASV1124,TRUE,TRUE,FALSE
905,ASV1125,TRUE,FALSE,FALSE
906,ASV1127,FALSE,FALSE,FALSE
907,ASV1128,TRUE,TRUE,FALSE
908,ASV1130,TRUE,TRUE,FALSE
909,ASV1131,TRUE,FALSE,FALSE
910,ASV1133,TRUE,FALSE,FALSE
911,ASV1135,TRUE,FALSE,FALSE
912,ASV1136,FALSE,FALSE,FALSE
913,ASV1138,FALSE,FALSE,FALSE
914,ASV1139,FALSE,FALSE,FALSE
915,ASV1141,FALSE,TRUE,FALSE
916,ASV1142,TRUE,FALSE,FALSE
917,ASV1143,TRUE,TRUE,FALSE
918,ASV1144,TRUE,FALSE,TRUE
919,ASV1145,TRUE,FALSE,FALSE
920,ASV1146,TRUE,FALSE,FALSE
921,ASV1147,FALSE,FALSE,FALSE
922,ASV1148,FALSE,FALSE,FALSE
923,ASV1149,TRUE,FALSE,FALSE
924,ASV1150,FALSE,FALSE,FALSE
925,ASV1151,FALSE,FALSE,FALSE
926,ASV1152,FALSE,FALSE,FALSE
927,ASV1153,TRUE,FALSE,TRUE
928,ASV1154,TRUE,FALSE,FALSE
929,ASV1155,FALSE,FALSE,FALSE
930,ASV1156,FALSE,TRUE,FALSE
931,ASV1157,TRUE,FALSE,FALSE
932,ASV1158,TRUE,FALSE,FALSE
933,ASV1160,FALSE,FALSE,FALSE
934,ASV1162,FALSE,FALSE,FALSE
935,ASV1163,FALSE,FALSE,FALSE
936,ASV1164,TRUE,FALSE,FALSE
937,ASV1165,TRUE,FALSE,FALSE
938,ASV1166,FALSE,TRUE,FALSE
939,ASV1167,TRUE,FALSE,TRUE
940,ASV1169,FALSE,TRUE,FALSE
941,ASV1170,TRUE,FALSE,FALSE
942,ASV1171,TRUE,FALSE,FALSE
943,ASV1172,FALSE,FALSE,FALSE
944,ASV1174,TRUE,FALSE,TRUE
945,ASV1175,TRUE,TRUE,FALSE
946,ASV1176,TRUE,FALSE,FALSE
947,ASV1177,FALSE,FALSE,FALSE
948,ASV1178,TRUE,FALSE,FALSE
949,ASV1179,TRUE,FALSE,FALSE
950,ASV1180,TRUE,FALSE,FALSE
951,ASV1181,FALSE,TRUE,FALSE
952,ASV1182,TRUE,TRUE,FALSE
953,ASV1183,TRUE,TRUE,FALSE
954,ASV1184,FALSE,TRUE,FALSE
955,ASV1186,TRUE,FALSE,TRUE
956,ASV1187,TRUE,FALSE,FALSE
957,ASV1188,TRUE,FALSE,FALSE
958,ASV1189,FALSE,FALSE,FALSE
959,ASV1190,FALSE,FALSE,FALSE
960,ASV1191,TRUE,FALSE,FALSE
961,ASV1192,TRUE,TRUE,FALSE
962,ASV1194,TRUE,FALSE,FALSE
963,ASV1197,FALSE,FALSE,FALSE
964,ASV1198,TRUE,FALSE,FALSE
965,ASV1199,FALSE,TRUE,FALSE
966,ASV1200,FALSE,FALSE,FALSE
967,ASV1201,FALSE,TRUE,FALSE
968,ASV1203,TRUE,FALSE,FALSE
969,ASV1204,TRUE,FALSE,FALSE
970,ASV1205,FALSE,FALSE,FALSE
971,ASV1206,FALSE,TRUE,FALSE
972,ASV1207,FALSE,TRUE,FALSE
973,ASV1209,TRUE,TRUE,FALSE
974,ASV1210,FALSE,TRUE,FALSE
975,ASV1212,FALSE,FALSE,FALSE
976,ASV1213,TRUE,FALSE,FALSE
977,ASV1214,FALSE,FALSE,FALSE
978,ASV1215,FALSE,FALSE,FALSE
979,ASV1216,TRUE,FALSE,FALSE
980,ASV1217,TRUE,FALSE,FALSE
981,ASV1218,TRUE,FALSE,FALSE
982,ASV1219,TRUE,TRUE,FALSE
983,ASV1220,FALSE,FALSE,FALSE
984,ASV1221,FALSE,TRUE,FALSE
985,ASV1222,TRUE,FALSE,FALSE
986,ASV1223,TRUE,FALSE,FALSE
987,ASV1224,TRUE,FALSE,FALSE
988,ASV1225,FALSE,FALSE,FALSE
989,ASV1226,FALSE,TRUE,FALSE
990,ASV1227,FALSE,FALSE,FALSE
991,ASV1229,FALSE,FALSE,FALSE
992,ASV1232,FALSE,TRUE,FALSE
993,ASV1233,TRUE,FALSE,FALSE
994,ASV1234,FALSE,FALSE,TRUE
995,ASV1235,TRUE,FALSE,FALSE
996,ASV1236,TRUE,FALSE,TRUE
997,ASV1237,TRUE,TRUE,FALSE
998,ASV1238,FALSE,FALSE,FALSE
999,ASV1239,FALSE,FALSE,FALSE
1000,ASV1240,TRUE,FALSE,TRUE
1001,ASV1241,FALSE,FALSE,FALSE
1002,ASV1243,FALSE,FALSE,FALSE
1003,ASV1244,TRUE,FALSE,FALSE
1004,ASV1245,TRUE,FALSE,FALSE
1005,ASV1246,FALSE,FALSE,FALSE
1006,ASV1247,FALSE,FALSE,TRUE
1007,ASV1248,TRUE,FALSE,FALSE
1008,ASV1249,TRUE,FALSE,FALSE
1009,ASV1250,TRUE,TRUE,FALSE
1010,ASV1251,FALSE,FALSE,FALSE
1011,ASV1252,FALSE,TRUE,FALSE
1012,ASV1253,TRUE,FALSE,TRUE
1013,ASV1254,TRUE,FALSE,TRUE
1014,ASV1255,TRUE,FALSE,FALSE
1015,ASV1256,TRUE,TRUE,FALSE
1016,ASV1257,TRUE,FALSE,TRUE
1017,ASV1258,TRUE,FALSE,FALSE
1018,ASV1259,TRUE,FALSE,TRUE
1019,ASV1260,TRUE,FALSE,FALSE
1020,ASV1261,TRUE,FALSE,FALSE
1021,ASV1262,TRUE,FALSE,FALSE
1022,ASV1263,TRUE,FALSE,FALSE
1023,ASV1264,TRUE,FALSE,FALSE
1024,ASV1265,FALSE,FALSE,FALSE
1025,ASV1266,FALSE,FALSE,FALSE
1026,ASV1267,TRUE,FALSE,TRUE
1027,ASV1268,FALSE,FALSE,FALSE
1028,ASV1269,FALSE,TRUE,FALSE
1029,ASV1270,TRUE,FALSE,FALSE
1030,ASV1271,FALSE,TRUE,FALSE
1031,ASV1272,TRUE,FALSE,TRUE
1032,ASV1273,TRUE,TRUE,FALSE
1033,ASV1274,TRUE,FALSE,FALSE
1034,ASV1275,FALSE,FALSE,FALSE
1035,ASV1276,TRUE,FALSE,FALSE
1036,ASV1278,FALSE,TRUE,FALSE
1037,ASV1279,TRUE,FALSE,FALSE
1038,ASV1281,TRUE,FALSE,FALSE
1039,ASV1282,FALSE,FALSE,FALSE
1040,ASV1283,TRUE,TRUE,FALSE
1041,ASV1284,TRUE,FALSE,TRUE
1042,ASV1285,TRUE,FALSE,FALSE
1043,ASV1286,TRUE,FALSE,TRUE
1044,ASV1288,FALSE,FALSE,FALSE
1045,ASV1289,TRUE,FALSE,TRUE
1046,ASV1290,FALSE,FALSE,FALSE
1047,ASV1291,FALSE,FALSE,FALSE
1048,ASV1292,TRUE,TRUE,FALSE
1049,ASV1294,TRUE,FALSE,TRUE
1050,ASV1295,TRUE,FALSE,TRUE
1051,ASV1296,FALSE,TRUE,FALSE
1052,ASV1297,TRUE,TRUE,FALSE
1053,ASV1298,TRUE,FALSE,FALSE
1054,ASV1299,FALSE,FALSE,FALSE
1055,ASV1300,TRUE,FALSE,FALSE
1056,ASV1301,TRUE,TRUE,FALSE
1057,ASV1302,TRUE,FALSE,TRUE
1058,ASV1303,TRUE,FALSE,FALSE
1059,ASV1304,TRUE,FALSE,FALSE
1060,ASV1305,TRUE,FALSE,FALSE
1061,ASV1306,FALSE,TRUE,FALSE
1062,ASV1308,TRUE,FALSE,FALSE
1063,ASV1311,FALSE,FALSE,FALSE
1064,ASV1312,TRUE,FALSE,TRUE
1065,ASV1313,TRUE,FALSE,TRUE
1066,ASV1315,FALSE,FALSE,FALSE
1067,ASV1316,TRUE,FALSE,FALSE
1068,ASV1317,FALSE,TRUE,FALSE
1069,ASV1319,FALSE,FALSE,FALSE
1070,ASV1320,FALSE,TRUE,FALSE
1071,ASV1321,TRUE,TRUE,FALSE
1072,ASV1322,FALSE,FALSE,FALSE
1073,ASV1324,TRUE,FALSE,TRUE
1074,ASV1326,TRUE,FALSE,FALSE
1075,ASV1327,FALSE,TRUE,FALSE
1076,ASV1328,TRUE,FALSE,FALSE
1077,ASV1329,FALSE,FALSE,FALSE
1078,ASV1331,FALSE,FALSE,FALSE
1079,ASV1332,TRUE,FALSE,FALSE
1080,ASV1334,TRUE,FALSE,TRUE
1081,ASV1335,FALSE,TRUE,FALSE
1082,ASV1338,TRUE,FALSE,TRUE
1083,ASV1340,TRUE,TRUE,FALSE
1084,ASV1341,TRUE,FALSE,FALSE
1085,ASV1343,TRUE,FALSE,TRUE
1086,ASV1344,TRUE,TRUE,FALSE
1087,ASV1345,FALSE,TRUE,FALSE
1088,ASV1346,TRUE,FALSE,FALSE
1089,ASV1347,TRUE,TRUE,FALSE
1090,ASV1348,FALSE,FALSE,FALSE
1091,ASV1349,TRUE,FALSE,FALSE
1092,ASV1350,FALSE,FALSE,FALSE
1093,ASV1351,FALSE,FALSE,FALSE
1094,ASV1354,FALSE,TRUE,FALSE
1095,ASV1355,FALSE,FALSE,TRUE
1096,ASV1356,FALSE,TRUE,FALSE
1097,ASV1357,FALSE,FALSE,FALSE
1098,ASV1358,FALSE,TRUE,FALSE
1099,ASV1360,TRUE,TRUE,FALSE
1100,ASV1361,TRUE,TRUE,FALSE
1101,ASV1362,TRUE,FALSE,FALSE
1102,ASV1364,TRUE,FALSE,TRUE
1103,ASV1365,TRUE,FALSE,TRUE
1104,ASV1366,TRUE,TRUE,FALSE
1105,ASV1367,TRUE,TRUE,FALSE
1106,ASV1368,FALSE,FALSE,FALSE
1107,ASV1369,TRUE,FALSE,FALSE
1108,ASV1370,FALSE,FALSE,FALSE
1109,ASV1371,TRUE,FALSE,FALSE
1110,ASV1372,TRUE,FALSE,FALSE
1111,ASV1374,FALSE,TRUE,TRUE
1112,ASV1375,FALSE,FALSE,FALSE
1113,ASV1376,FALSE,FALSE,FALSE
1114,ASV1377,TRUE,FALSE,FALSE
1115,ASV1378,FALSE,FALSE,FALSE
1116,ASV1380,FALSE,FALSE,FALSE
1117,ASV1381,TRUE,FALSE,TRUE
1118,ASV1382,TRUE,FALSE,TRUE
1119,ASV1384,TRUE,FALSE,FALSE
1120,ASV1385,FALSE,FALSE,FALSE
1121,ASV1386,FALSE,TRUE,FALSE
1122,ASV1388,TRUE,FALSE,FALSE
1123,ASV1389,FALSE,FALSE,FALSE
1124,ASV1390,TRUE,FALSE,FALSE
1125,ASV1391,TRUE,FALSE,FALSE
1126,ASV1392,TRUE,FALSE,FALSE
1127,ASV1393,TRUE,TRUE,FALSE
1128,ASV1394,TRUE,FALSE,FALSE
1129,ASV1395,FALSE,FALSE,FALSE
1130,ASV1396,FALSE,TRUE,FALSE
1131,ASV1397,TRUE,FALSE,FALSE
1132,ASV1398,FALSE,FALSE,FALSE
1133,ASV1399,FALSE,TRUE,FALSE
1134,ASV1400,TRUE,FALSE,TRUE
1135,ASV1401,TRUE,FALSE,FALSE
1136,ASV1402,TRUE,FALSE,TRUE
1137,ASV1403,TRUE,FALSE,TRUE
1138,ASV1404,FALSE,TRUE,FALSE
1139,ASV1405,FALSE,FALSE,FALSE
1140,ASV1407,FALSE,FALSE,FALSE
1141,ASV1408,FALSE,FALSE,FALSE
1142,ASV1409,TRUE,FALSE,FALSE
1143,ASV1410,TRUE,FALSE,TRUE
1144,ASV1412,TRUE,TRUE,FALSE
1145,ASV1413,TRUE,TRUE,FALSE
1146,ASV1414,FALSE,FALSE,FALSE
1147,ASV1415,FALSE,FALSE,FALSE
1148,ASV1419,TRUE,FALSE,FALSE
1149,ASV1421,TRUE,FALSE,FALSE
1150,ASV1422,FALSE,FALSE,FALSE
1151,ASV1423,FALSE,FALSE,FALSE
1152,ASV1424,TRUE,TRUE,FALSE
1153,ASV1425,TRUE,FALSE,FALSE
1154,ASV1426,TRUE,FALSE,FALSE
1155,ASV1427,FALSE,TRUE,FALSE
1156,ASV1429,TRUE,TRUE,FALSE
1157,ASV1430,TRUE,FALSE,FALSE
1158,ASV1431,TRUE,FALSE,FALSE
1159,ASV1432,FALSE,FALSE,FALSE
1160,ASV1433,FALSE,FALSE,FALSE
1161,ASV1434,TRUE,FALSE,TRUE
1162,ASV1436,TRUE,FALSE,FALSE
1163,ASV1437,FALSE,TRUE,TRUE
1164,ASV1438,FALSE,TRUE,FALSE
1165,ASV1440,TRUE,FALSE,FALSE
1166,ASV1441,FALSE,FALSE,FALSE
1167,ASV1442,TRUE,FALSE,FALSE
1168,ASV1443,TRUE,FALSE,TRUE
1169,ASV1445,FALSE,FALSE,FALSE
1170,ASV1446,FALSE,TRUE,FALSE
1171,ASV1447,FALSE,FALSE,FALSE
1172,ASV1449,TRUE,FALSE,FALSE
1173,ASV1450,TRUE,FALSE,FALSE
1174,ASV1451,FALSE,FALSE,FALSE
1175,ASV1454,TRUE,FALSE,TRUE
1176,ASV1455,TRUE,FALSE,FALSE
1177,ASV1456,TRUE,TRUE,FALSE
1178,ASV1457,FALSE,FALSE,FALSE
1179,ASV1458,TRUE,FALSE,FALSE
1180,ASV1459,FALSE,FALSE,FALSE
1181,ASV1460,TRUE,FALSE,FALSE
1182,ASV1461,TRUE,FALSE,FALSE
1183,ASV1462,TRUE,TRUE,FALSE
1184,ASV1463,TRUE,TRUE,FALSE
1185,ASV1464,FALSE,TRUE,FALSE
1186,ASV1465,FALSE,TRUE,FALSE
1187,ASV1467,TRUE,FALSE,TRUE
1188,ASV1468,FALSE,FALSE,FALSE
1189,ASV1469,FALSE,FALSE,FALSE
1190,ASV1471,FALSE,FALSE,FALSE
1191,ASV1472,TRUE,FALSE,FALSE
1192,ASV1473,TRUE,FALSE,TRUE
1193,ASV1474,TRUE,TRUE,FALSE
1194,ASV1475,FALSE,TRUE,FALSE
1195,ASV1476,FALSE,TRUE,FALSE
1196,ASV1477,TRUE,TRUE,FALSE
1197,ASV1479,FALSE,TRUE,FALSE
1198,ASV1481,FALSE,TRUE,FALSE
1199,ASV1482,TRUE,FALSE,FALSE
1200,ASV1483,TRUE,FALSE,TRUE
1201,ASV1485,FALSE,TRUE,FALSE
1202,ASV1486,TRUE,FALSE,TRUE
1203,ASV1487,TRUE,FALSE,FALSE
1204,ASV1488,TRUE,FALSE,FALSE
1205,ASV1489,FALSE,FALSE,FALSE
1206,ASV1490,TRUE,TRUE,FALSE
1207,ASV1491,TRUE,TRUE,FALSE
1208,ASV1492,FALSE,TRUE,FALSE
1209,ASV1493,FALSE,TRUE,FALSE
1210,ASV1494,TRUE,TRUE,FALSE
1211,ASV1496,FALSE,TRUE,FALSE
1212,ASV1497,FALSE,TRUE,FALSE
1213,ASV1498,TRUE,TRUE,FALSE
1214,ASV1500,FALSE,TRUE,FALSE
1215,ASV1501,TRUE,FALSE,FALSE
1216,ASV1502,FALSE,FALSE,TRUE
1217,ASV1505,TRUE,FALSE,FALSE
1218,ASV1507,FALSE,TRUE,FALSE
1219,ASV1508,TRUE,FALSE,TRUE
1220,ASV1510,TRUE,TRUE,FALSE
1221,ASV1511,FALSE,FALSE,FALSE
1222,ASV1512,TRUE,FALSE,TRUE
1223,ASV1513,TRUE,FALSE,TRUE
1224,ASV1514,TRUE,TRUE,FALSE
1225,ASV1516,TRUE,FALSE,TRUE
1226,ASV1517,TRUE,FALSE,FALSE
1227,ASV1518,FALSE,TRUE,FALSE
1228,ASV1519,TRUE,TRUE,FALSE
1229,ASV1520,TRUE,FALSE,TRUE
1230,ASV1521,TRUE,FALSE,FALSE
1231,ASV1522,FALSE,FALSE,TRUE
1232,ASV1523,TRUE,TRUE,FALSE
1233,ASV1524,FALSE,TRUE,FALSE
1234,ASV1526,FALSE,FALSE,FALSE
1235,ASV1527,TRUE,FALSE,FALSE
1236,ASV1528,FALSE,TRUE,FALSE
1237,ASV1530,FALSE,FALSE,FALSE
1238,ASV1531,FALSE,FALSE,FALSE
1239,ASV1532,TRUE,FALSE,TRUE
1240,ASV1534,FALSE,FALSE,FALSE
1241,ASV1535,TRUE,FALSE,FALSE
1242,ASV1536,FALSE,TRUE,FALSE
1243,ASV1537,TRUE,FALSE,TRUE
1244,ASV1538,FALSE,FALSE,FALSE
1245,ASV1539,FALSE,TRUE,FALSE
1246,ASV1540,TRUE,FALSE,FALSE
1247,ASV1541,FALSE,FALSE,FALSE
1248,ASV1542,FALSE,FALSE,FALSE
1249,ASV1543,FALSE,TRUE,FALSE
1250,ASV1544,FALSE,FALSE,FALSE
1251,ASV1545,TRUE,FALSE,FALSE
1252,ASV1546,FALSE,TRUE,TRUE
1253,ASV1547,TRUE,TRUE,FALSE
1254,ASV1548,FALSE,TRUE,FALSE
1255,ASV1550,TRUE,FALSE,FALSE
1256,ASV1551,TRUE,TRUE,FALSE
1257,ASV1552,TRUE,TRUE,FALSE
1258,ASV1553,TRUE,TRUE,FALSE
1259,ASV1554,FALSE,FALSE,FALSE
1260,ASV1555,FALSE,TRUE,FALSE
1261,ASV1556,FALSE,FALSE,FALSE
1262,ASV1557,TRUE,FALSE,FALSE
1263,ASV1558,FALSE,TRUE,TRUE
1264,ASV1559,TRUE,FALSE,TRUE
1265,ASV1560,TRUE,FALSE,FALSE
1266,ASV1561,TRUE,FALSE,TRUE
1267,ASV1562,FALSE,FALSE,FALSE
1268,ASV1563,FALSE,TRUE,FALSE
1269,ASV1564,TRUE,FALSE,TRUE
1270,ASV1565,TRUE,FALSE,FALSE
1271,ASV1568,FALSE,FALSE,FALSE
1272,ASV1569,FALSE,FALSE,FALSE
1273,ASV1571,TRUE,FALSE,FALSE
1274,ASV1572,FALSE,FALSE,FALSE
1275,ASV1573,FALSE,TRUE,FALSE
1276,ASV1574,TRUE,FALSE,FALSE
1277,ASV1576,FALSE,TRUE,FALSE
1278,ASV1577,FALSE,TRUE,TRUE
1279,ASV1578,TRUE,TRUE,FALSE
1280,ASV1579,FALSE,TRUE,FALSE
1281,ASV1580,FALSE,TRUE,FALSE
1282,ASV1581,TRUE,FALSE,TRUE
1283,ASV1582,TRUE,FALSE,TRUE
1284,ASV1584,TRUE,FALSE,FALSE
1285,ASV1585,FALSE,FALSE,FALSE
1286,ASV1586,TRUE,FALSE,TRUE
1287,ASV1587,TRUE,FALSE,FALSE
1288,ASV1588,TRUE,FALSE,TRUE
1289,ASV1589,TRUE,FALSE,FALSE
1290,ASV1590,TRUE,FALSE,FALSE
1291,ASV1592,TRUE,FALSE,FALSE
1292,ASV1593,TRUE,FALSE,FALSE
1293,ASV1594,TRUE,FALSE,FALSE
1294,ASV1595,TRUE,FALSE,FALSE
1295,ASV1596,TRUE,FALSE,FALSE
1296,ASV1597,TRUE,FALSE,FALSE
1297,ASV1598,FALSE,FALSE,FALSE
1298,ASV1599,FALSE,FALSE,FALSE
1299,ASV1601,TRUE,TRUE,FALSE
1300,ASV1602,TRUE,FALSE,TRUE
1301,ASV1604,TRUE,FALSE,TRUE
1302,ASV1605,TRUE,TRUE,FALSE
1303,ASV1608,TRUE,FALSE,FALSE
1304,ASV1609,FALSE,FALSE,FALSE
1305,ASV1610,FALSE,TRUE,TRUE
1306,ASV1611,TRUE,FALSE,FALSE
1307,ASV1612,TRUE,FALSE,FALSE
1308,ASV1613,TRUE,TRUE,FALSE
1309,ASV1614,TRUE,TRUE,FALSE
1310,ASV1617,TRUE,FALSE,TRUE
1311,ASV1618,TRUE,FALSE,FALSE
1312,ASV1619,TRUE,FALSE,FALSE
1313,ASV1620,FALSE,TRUE,TRUE
1314,ASV1621,TRUE,FALSE,FALSE
1315,ASV1622,TRUE,FALSE,TRUE
1316,ASV1623,TRUE,FALSE,FALSE
1317,ASV1624,FALSE,TRUE,FALSE
1318,ASV1625,FALSE,FALSE,FALSE
1319,ASV1626,TRUE,FALSE,FALSE
1320,ASV1630,FALSE,FALSE,FALSE
1321,ASV1632,TRUE,FALSE,FALSE
1322,ASV1633,TRUE,TRUE,FALSE
1323,ASV1634,TRUE,FALSE,FALSE
1324,ASV1635,TRUE,FALSE,TRUE
1325,ASV1636,TRUE,FALSE,FALSE
1326,ASV1637,TRUE,FALSE,TRUE
1327,ASV1639,TRUE,FALSE,FALSE
1328,ASV1640,TRUE,FALSE,FALSE
1329,ASV1641,TRUE,FALSE,FALSE
1330,ASV1642,FALSE,TRUE,TRUE
1331,ASV1643,TRUE,FALSE,TRUE
1332,ASV1646,TRUE,TRUE,FALSE
1333,ASV1647,FALSE,FALSE,FALSE
1334,ASV1648,TRUE,FALSE,FALSE
1335,ASV1649,FALSE,FALSE,FALSE
1336,ASV1650,FALSE,FALSE,FALSE
1337,ASV1651,TRUE,FALSE,FALSE
1338,ASV1652,TRUE,TRUE,FALSE
1339,ASV1653,TRUE,TRUE,FALSE
1340,ASV1654,FALSE,TRUE,TRUE
1341,ASV1655,TRUE,FALSE,TRUE
1342,ASV1656,TRUE,FALSE,FALSE
1343,ASV1657,TRUE,FALSE,FALSE
1344,ASV1658,TRUE,TRUE,FALSE
1345,ASV1659,TRUE,TRUE,FALSE
1346,ASV1660,TRUE,TRUE,FALSE
1347,ASV1661,TRUE,FALSE,FALSE
1348,ASV1662,FALSE,FALSE,FALSE
1349,ASV1663,TRUE,FALSE,TRUE
1350,ASV1665,TRUE,FALSE,FALSE
1351,ASV1668,TRUE,FALSE,FALSE
1352,ASV1669,FALSE,TRUE,FALSE
1353,ASV1670,TRUE,FALSE,FALSE
1354,ASV1671,TRUE,FALSE,FALSE
1355,ASV1672,TRUE,FALSE,FALSE
1356,ASV1673,TRUE,FALSE,FALSE
1357,ASV1674,TRUE,FALSE,FALSE
1358,ASV1675,TRUE,FALSE,FALSE
1359,ASV1676,TRUE,FALSE,FALSE
1360,ASV1677,TRUE,TRUE,FALSE
1361,ASV1678,TRUE,FALSE,FALSE
1362,ASV1679,FALSE,TRUE,FALSE
1363,ASV1681,FALSE,FALSE,FALSE
1364,ASV1682,FALSE,TRUE,TRUE
1365,ASV1683,TRUE,FALSE,FALSE
1366,ASV1684,FALSE,TRUE,FALSE
1367,ASV1685,FALSE,TRUE,TRUE
1368,ASV1686,FALSE,TRUE,FALSE
1369,ASV1687,TRUE,FALSE,FALSE
1370,ASV1688,TRUE,FALSE,FALSE
1371,ASV1689,TRUE,FALSE,TRUE
1372,ASV1690,TRUE,FALSE,FALSE
1373,ASV1691,FALSE,TRUE,FALSE
1374,ASV1692,FALSE,TRUE,FALSE
1375,ASV1693,FALSE,FALSE,FALSE
1376,ASV1694,TRUE,TRUE,FALSE
1377,ASV1695,TRUE,TRUE,FALSE
1378,ASV1696,TRUE,FALSE,FALSE
1379,ASV1697,TRUE,FALSE,TRUE
1380,ASV1698,FALSE,FALSE,FALSE
1381,ASV1699,TRUE,TRUE,FALSE
1382,ASV1700,TRUE,TRUE,FALSE
1383,ASV1701,FALSE,TRUE,FALSE
1384,ASV1702,TRUE,FALSE,TRUE
1385,ASV1703,TRUE,FALSE,FALSE
1386,ASV1705,TRUE,TRUE,FALSE
1387,ASV1706,TRUE,FALSE,FALSE
1388,ASV1707,FALSE,TRUE,TRUE
1389,ASV1708,TRUE,FALSE,TRUE
1390,ASV1709,TRUE,FALSE,TRUE
1391,ASV1710,TRUE,TRUE,FALSE
1392,ASV1711,TRUE,TRUE,FALSE
1393,ASV1712,TRUE,FALSE,FALSE
1394,ASV1713,TRUE,FALSE,TRUE
1395,ASV1715,TRUE,FALSE,FALSE
1396,ASV1716,FALSE,FALSE,FALSE
1397,ASV1717,TRUE,TRUE,FALSE
1398,ASV1718,TRUE,FALSE,TRUE
1399,ASV1719,TRUE,FALSE,FALSE
1400,ASV1720,TRUE,FALSE,FALSE
1401,ASV1723,TRUE,FALSE,FALSE
1402,ASV1724,TRUE,TRUE,FALSE
1403,ASV1725,FALSE,TRUE,FALSE
1404,ASV1726,FALSE,FALSE,FALSE
1405,ASV1727,FALSE,FALSE,FALSE
1406,ASV1728,FALSE,TRUE,FALSE
1407,ASV1729,FALSE,FALSE,FALSE
1408,ASV1730,FALSE,FALSE,FALSE
1409,ASV1731,TRUE,TRUE,FALSE
1410,ASV1732,FALSE,FALSE,FALSE
1411,ASV1733,TRUE,FALSE,FALSE
1412,ASV1734,TRUE,FALSE,FALSE
1413,ASV1735,TRUE,FALSE,TRUE
1414,ASV1736,FALSE,FALSE,FALSE
1415,ASV1737,FALSE,TRUE,FALSE
1416,ASV1739,TRUE,TRUE,FALSE
1417,ASV1740,TRUE,FALSE,FALSE
1418,ASV1741,FALSE,TRUE,FALSE
1419,ASV1742,FALSE,FALSE,FALSE
1420,ASV1743,TRUE,FALSE,TRUE
1421,ASV1744,TRUE,FALSE,TRUE
1422,ASV1745,TRUE,FALSE,FALSE
1423,ASV1746,TRUE,FALSE,FALSE
1424,ASV1747,FALSE,FALSE,FALSE
1425,ASV1748,TRUE,FALSE,FALSE
1426,ASV1749,TRUE,FALSE,TRUE
1427,ASV1750,TRUE,FALSE,FALSE
1428,ASV1751,TRUE,FALSE,FALSE
1429,ASV1753,TRUE,FALSE,FALSE
1430,ASV1754,TRUE,FALSE,TRUE
1431,ASV1755,TRUE,FALSE,FALSE
1432,ASV1756,TRUE,FALSE,FALSE
1433,ASV1757,TRUE,FALSE,TRUE
1434,ASV1758,TRUE,FALSE,FALSE
1435,ASV1759,FALSE,FALSE,FALSE
1436,ASV1761,TRUE,FALSE,FALSE
1437,ASV1763,TRUE,FALSE,FALSE
1438,ASV1764,FALSE,FALSE,FALSE
1439,ASV1765,TRUE,TRUE,FALSE
1440,ASV1766,TRUE,TRUE,FALSE
1441,ASV1767,FALSE,FALSE,FALSE
1442,ASV1768,FALSE,FALSE,FALSE
1443,ASV1770,TRUE,FALSE,TRUE
1444,ASV1771,FALSE,FALSE,FALSE
1445,ASV1773,FALSE,TRUE,FALSE
1446,ASV1774,TRUE,TRUE,FALSE
1447,ASV1775,FALSE,TRUE,FALSE
1448,ASV1776,FALSE,TRUE,FALSE
1449,ASV1777,FALSE,TRUE,FALSE
1450,ASV1779,TRUE,FALSE,FALSE
1451,ASV1780,FALSE,TRUE,FALSE
1452,ASV1781,TRUE,FALSE,FALSE
1453,ASV1782,TRUE,FALSE,TRUE
1454,ASV1783,TRUE,TRUE,FALSE
1455,ASV1786,TRUE,TRUE,FALSE
1456,ASV1789,TRUE,FALSE,FALSE
1457,ASV1790,TRUE,TRUE,FALSE
1458,ASV1792,FALSE,TRUE,TRUE
1459,ASV1793,TRUE,FALSE,FALSE
1460,ASV1794,FALSE,FALSE,FALSE
1461,ASV1795,TRUE,FALSE,FALSE
1462,ASV1796,FALSE,TRUE,TRUE
1463,ASV1797,TRUE,TRUE,FALSE
1464,ASV1799,TRUE,TRUE,FALSE
1465,ASV1801,FALSE,FALSE,FALSE
1466,ASV1802,TRUE,FALSE,FALSE
1467,ASV1803,FALSE,TRUE,FALSE
1468,ASV1806,FALSE,FALSE,FALSE
1469,ASV1807,FALSE,FALSE,FALSE
1470,ASV1808,TRUE,FALSE,FALSE
1471,ASV1809,FALSE,TRUE,FALSE
1472,ASV1810,TRUE,TRUE,FALSE
1473,ASV1811,TRUE,FALSE,FALSE
1474,ASV1812,TRUE,FALSE,FALSE
1475,ASV1813,TRUE,FALSE,TRUE
1476,ASV1814,FALSE,TRUE,FALSE
1477,ASV1815,TRUE,TRUE,FALSE
1478,ASV1816,FALSE,FALSE,FALSE
1479,ASV1818,TRUE,FALSE,TRUE
1480,ASV1819,TRUE,TRUE,FALSE
1481,ASV1820,TRUE,TRUE,FALSE
1482,ASV1822,FALSE,FALSE,TRUE
1483,ASV1823,TRUE,FALSE,FALSE
1484,ASV1824,TRUE,FALSE,TRUE
1485,ASV1825,TRUE,FALSE,FALSE
1486,ASV1826,TRUE,FALSE,FALSE
1487,ASV1827,FALSE,FALSE,FALSE
1488,ASV1828,TRUE,FALSE,FALSE
1489,ASV1829,FALSE,FALSE,FALSE
1490,ASV1830,TRUE,FALSE,TRUE
1491,ASV1831,TRUE,FALSE,FALSE
1492,ASV1832,TRUE,FALSE,FALSE
1493,ASV1833,TRUE,TRUE,FALSE
1494,ASV1834,TRUE,FALSE,FALSE
1495,ASV1835,TRUE,FALSE,FALSE
1496,ASV1836,TRUE,FALSE,TRUE
1497,ASV1837,FALSE,TRUE,FALSE
1498,ASV1838,TRUE,FALSE,FALSE
1499,ASV1839,TRUE,FALSE,FALSE
1500,ASV1840,TRUE,FALSE,FALSE
1501,ASV1841,FALSE,TRUE,FALSE
1502,ASV1842,TRUE,TRUE,FALSE
1503,ASV1843,FALSE,FALSE,FALSE
1504,ASV1844,TRUE,TRUE,FALSE
1505,ASV1845,FALSE,FALSE,FALSE
1506,ASV1846,FALSE,FALSE,FALSE
1507,ASV1847,TRUE,FALSE,FALSE
1508,ASV1848,TRUE,FALSE,FALSE
1509,ASV1849,TRUE,FALSE,FALSE
1510,ASV1850,TRUE,FALSE,FALSE
1511,ASV1852,FALSE,TRUE,FALSE
1512,ASV1853,TRUE,FALSE,FALSE
1513,ASV1854,TRUE,FALSE,TRUE
1514,ASV1856,FALSE,TRUE,FALSE
1515,ASV1857,TRUE,FALSE,FALSE
1516,ASV1859,FALSE,FALSE,FALSE
1517,ASV1860,TRUE,TRUE,FALSE
1518,ASV1862,TRUE,FALSE,TRUE
1519,ASV1863,FALSE,TRUE,FALSE
1520,ASV1864,TRUE,FALSE,FALSE
1521,ASV1866,TRUE,TRUE,FALSE
1522,ASV1867,FALSE,TRUE,FALSE
1523,ASV1868,FALSE,FALSE,FALSE
1524,ASV1869,TRUE,TRUE,FALSE
1525,ASV1870,FALSE,TRUE,FALSE
1526,ASV1871,TRUE,TRUE,FALSE
1527,ASV1872,TRUE,FALSE,FALSE
1528,ASV1874,FALSE,FALSE,FALSE
1529,ASV1875,TRUE,TRUE,FALSE
1530,ASV1876,FALSE,TRUE,FALSE
1531,ASV1877,FALSE,TRUE,FALSE
1532,ASV1878,FALSE,TRUE,TRUE
1533,ASV1879,TRUE,FALSE,FALSE
1534,ASV1880,TRUE,FALSE,FALSE
1535,ASV1881,TRUE,FALSE,FALSE
1536,ASV1882,FALSE,FALSE,FALSE
1537,ASV1884,TRUE,FALSE,FALSE
1538,ASV1886,TRUE,FALSE,FALSE
1539,ASV1888,TRUE,FALSE,FALSE
1540,ASV1891,TRUE,TRUE,FALSE
1541,ASV1892,TRUE,FALSE,FALSE
1542,ASV1893,TRUE,FALSE,FALSE
1543,ASV1894,FALSE,FALSE,FALSE
1544,ASV1895,TRUE,FALSE,TRUE
1545,ASV1896,TRUE,FALSE,TRUE
1546,ASV1897,TRUE,FALSE,TRUE
1547,ASV1898,TRUE,TRUE,FALSE
1548,ASV1899,FALSE,TRUE,FALSE
1549,ASV1900,TRUE,FALSE,FALSE
1550,ASV1901,TRUE,FALSE,TRUE
1551,ASV1902,FALSE,TRUE,FALSE
1552,ASV1903,TRUE,FALSE,FALSE
1553,ASV1904,TRUE,FALSE,FALSE
1554,ASV1905,TRUE,TRUE,FALSE
1555,ASV1906,TRUE,TRUE,FALSE
1556,ASV1908,FALSE,FALSE,FALSE
1557,ASV1909,FALSE,TRUE,FALSE
1558,ASV1910,TRUE,FALSE,FALSE
1559,ASV1911,FALSE,FALSE,FALSE
1560,ASV1912,FALSE,FALSE,FALSE
1561,ASV1913,TRUE,TRUE,FALSE
1562,ASV1915,TRUE,FALSE,TRUE
1563,ASV1917,FALSE,FALSE,FALSE
1564,ASV1918,FALSE,TRUE,TRUE
1565,ASV1919,TRUE,TRUE,FALSE
1566,ASV1922,TRUE,FALSE,FALSE
1567,ASV1923,TRUE,FALSE,FALSE
1568,ASV1925,TRUE,FALSE,TRUE
1569,ASV1926,TRUE,FALSE,FALSE
1570,ASV1928,TRUE,TRUE,FALSE
1571,ASV1929,FALSE,FALSE,FALSE
1572,ASV1930,TRUE,FALSE,FALSE
1573,ASV1931,TRUE,FALSE,FALSE
1574,ASV1932,TRUE,FALSE,FALSE
1575,ASV1933,TRUE,TRUE,FALSE
1576,ASV1934,TRUE,FALSE,FALSE
1577,ASV1935,TRUE,FALSE,FALSE
1578,ASV1936,FALSE,FALSE,FALSE
1579,ASV1937,TRUE,TRUE,FALSE
1580,ASV1938,TRUE,FALSE,TRUE
1581,ASV1939,TRUE,FALSE,FALSE
1582,ASV1940,FALSE,TRUE,FALSE
1583,ASV1941,FALSE,TRUE,FALSE
1584,ASV1942,FALSE,FALSE,FALSE
1585,ASV1943,TRUE,FALSE,TRUE
1586,ASV1944,TRUE,FALSE,TRUE
1587,ASV1945,TRUE,FALSE,FALSE
1588,ASV1946,TRUE,FALSE,FALSE
1589,ASV1947,FALSE,TRUE,FALSE
1590,ASV1948,TRUE,FALSE,FALSE
1591,ASV1949,TRUE,FALSE,FALSE
1592,ASV1950,FALSE,TRUE,TRUE
1593,ASV1952,TRUE,TRUE,FALSE
1594,ASV1953,FALSE,FALSE,FALSE
1595,ASV1954,TRUE,FALSE,TRUE
1596,ASV1955,FALSE,TRUE,FALSE
1597,ASV1958,TRUE,FALSE,TRUE
1598,ASV1959,TRUE,FALSE,FALSE
1599,ASV1961,FALSE,FALSE,FALSE
1600,ASV1962,TRUE,FALSE,FALSE
1601,ASV1963,TRUE,FALSE,TRUE
1602,ASV1964,TRUE,FALSE,FALSE
1603,ASV1965,TRUE,TRUE,FALSE
1604,ASV1966,TRUE,TRUE,FALSE
1605,ASV1968,FALSE,FALSE,FALSE
1606,ASV1969,TRUE,FALSE,FALSE
1607,ASV1970,TRUE,FALSE,FALSE
1608,ASV1971,TRUE,FALSE,FALSE
1609,ASV1972,TRUE,TRUE,FALSE
1610,ASV1974,FALSE,TRUE,FALSE
1611,ASV1975,TRUE,FALSE,FALSE
1612,ASV1977,TRUE,FALSE,FALSE
1613,ASV1978,TRUE,TRUE,FALSE
1614,ASV1979,TRUE,TRUE,FALSE
1615,ASV1980,FALSE,TRUE,FALSE
1616,ASV1981,TRUE,FALSE,FALSE
1617,ASV1982,FALSE,TRUE,FALSE
1618,ASV1983,FALSE,TRUE,FALSE
1619,ASV1984,TRUE,TRUE,FALSE
1620,ASV1986,TRUE,FALSE,FALSE
1621,ASV1987,TRUE,FALSE,FALSE
1622,ASV1988,FALSE,FALSE,FALSE
1623,ASV1990,TRUE,FALSE,FALSE
1624,ASV1992,FALSE,FALSE,FALSE
1625,ASV1993,FALSE,TRUE,FALSE
1626,ASV1994,TRUE,FALSE,FALSE
1627,ASV1995,TRUE,FALSE,FALSE
1628,ASV1996,FALSE,TRUE,FALSE
1629,ASV1997,FALSE,TRUE,FALSE
1630,ASV1998,FALSE,FALSE,FALSE
1631,ASV1999,TRUE,TRUE,FALSE
1632,ASV2000,TRUE,FALSE,FALSE
1633,ASV2001,FALSE,FALSE,FALSE
1634,ASV2003,TRUE,TRUE,FALSE
1635,ASV2004,FALSE,FALSE,FALSE
1636,ASV2006,TRUE,TRUE,FALSE
1637,ASV2007,FALSE,FALSE,TRUE
1638,ASV2008,TRUE,FALSE,FALSE
1639,ASV2009,TRUE,FALSE,TRUE
1640,ASV2010,TRUE,FALSE,FALSE
1641,ASV2011,TRUE,TRUE,FALSE
1642,ASV2013,TRUE,TRUE,FALSE
1643,ASV2016,TRUE,TRUE,FALSE
1644,ASV2017,TRUE,FALSE,TRUE
1645,ASV2018,TRUE,FALSE,FALSE
1646,ASV2019,FALSE,FALSE,FALSE
1647,ASV2020,FALSE,TRUE,FALSE
1648,ASV2021,TRUE,FALSE,FALSE
1649,ASV2023,TRUE,FALSE,TRUE
1650,ASV2024,TRUE,FALSE,FALSE
1651,ASV2026,TRUE,TRUE,FALSE
1652,ASV2028,FALSE,FALSE,FALSE
1653,ASV2029,TRUE,FALSE,TRUE
1654,ASV2030,TRUE,TRUE,FALSE
1655,ASV2031,TRUE,FALSE,FALSE
1656,ASV2033,FALSE,FALSE,FALSE
1657,ASV2034,FALSE,FALSE,FALSE
1658,ASV2035,TRUE,FALSE,TRUE
1659,ASV2037,TRUE,TRUE,FALSE
1660,ASV2038,FALSE,FALSE,FALSE
1661,ASV2039,TRUE,FALSE,FALSE
1662,ASV2040,FALSE,TRUE,FALSE
1663,ASV2041,TRUE,FALSE,FALSE
1664,ASV2043,TRUE,TRUE,FALSE
1665,ASV2046,FALSE,TRUE,FALSE
1666,ASV2047,TRUE,FALSE,TRUE
1667,ASV2049,FALSE,FALSE,FALSE
1668,ASV2051,TRUE,TRUE,FALSE
1669,ASV2052,FALSE,TRUE,FALSE
1670,ASV2053,FALSE,FALSE,TRUE
1671,ASV2054,FALSE,FALSE,TRUE
1672,ASV2055,TRUE,FALSE,TRUE
1673,ASV2056,TRUE,FALSE,FALSE
1674,ASV2057,TRUE,FALSE,FALSE
1675,ASV2059,FALSE,TRUE,FALSE
1676,ASV2060,TRUE,FALSE,FALSE
1677,ASV2061,TRUE,FALSE,TRUE
1678,ASV2063,TRUE,FALSE,FALSE
1679,ASV2064,TRUE,FALSE,TRUE
1680,ASV2065,TRUE,TRUE,FALSE
1681,ASV2066,TRUE,TRUE,FALSE
1682,ASV2067,FALSE,FALSE,FALSE
1683,ASV2068,TRUE,FALSE,FALSE
1684,ASV2069,TRUE,FALSE,FALSE
1685,ASV2070,TRUE,FALSE,TRUE
1686,ASV2071,FALSE,FALSE,FALSE
1687,ASV2073,TRUE,FALSE,TRUE
1688,ASV2076,TRUE,FALSE,TRUE
1689,ASV2077,TRUE,FALSE,TRUE
1690,ASV2078,FALSE,TRUE,FALSE
1691,ASV2079,TRUE,TRUE,FALSE
1692,ASV2080,FALSE,FALSE,FALSE
1693,ASV2081,TRUE,FALSE,FALSE
1694,ASV2082,FALSE,TRUE,FALSE
1695,ASV2083,FALSE,FALSE,FALSE
1696,ASV2084,TRUE,FALSE,TRUE
1697,ASV2085,FALSE,TRUE,FALSE
1698,ASV2086,TRUE,TRUE,FALSE
1699,ASV2087,FALSE,TRUE,TRUE
1700,ASV2088,TRUE,FALSE,FALSE
1701,ASV2089,TRUE,TRUE,FALSE
1702,ASV2090,TRUE,FALSE,TRUE
1703,ASV2091,TRUE,FALSE,FALSE
1704,ASV2092,FALSE,FALSE,FALSE
1705,ASV2093,FALSE,FALSE,FALSE
1706,ASV2094,FALSE,FALSE,FALSE
1707,ASV2095,TRUE,TRUE,FALSE
1708,ASV2096,TRUE,FALSE,TRUE
1709,ASV2100,TRUE,TRUE,FALSE
1710,ASV2101,TRUE,TRUE,FALSE
1711,ASV2102,TRUE,FALSE,TRUE
1712,ASV2104,TRUE,FALSE,TRUE
1713,ASV2107,TRUE,FALSE,FALSE
1714,ASV2108,TRUE,FALSE,FALSE
1715,ASV2109,TRUE,FALSE,FALSE
1716,ASV2110,FALSE,TRUE,FALSE
1717,ASV2111,TRUE,TRUE,FALSE
1718,ASV2112,TRUE,FALSE,TRUE
1719,ASV2113,FALSE,TRUE,TRUE
1720,ASV2116,TRUE,FALSE,FALSE
1721,ASV2117,TRUE,FALSE,FALSE
1722,ASV2118,TRUE,FALSE,FALSE
1723,ASV2119,TRUE,FALSE,FALSE
1724,ASV2120,FALSE,TRUE,FALSE
1725,ASV2121,TRUE,TRUE,FALSE
1726,ASV2122,FALSE,TRUE,FALSE
1727,ASV2123,TRUE,FALSE,TRUE
1728,ASV2125,TRUE,TRUE,FALSE
1729,ASV2126,FALSE,FALSE,FALSE
1730,ASV2127,TRUE,FALSE,FALSE
1731,ASV2128,TRUE,FALSE,FALSE
1732,ASV2130,TRUE,FALSE,FALSE
1733,ASV2131,FALSE,TRUE,FALSE
1734,ASV2132,FALSE,TRUE,FALSE
1735,ASV2133,FALSE,TRUE,FALSE
1736,ASV2134,TRUE,FALSE,TRUE
1737,ASV2135,TRUE,FALSE,FALSE
1738,ASV2136,FALSE,FALSE,FALSE
1739,ASV2137,TRUE,FALSE,FALSE
1740,ASV2138,TRUE,FALSE,TRUE
1741,ASV2139,TRUE,FALSE,TRUE
1742,ASV2140,TRUE,FALSE,FALSE
1743,ASV2141,TRUE,FALSE,FALSE
1744,ASV2143,FALSE,FALSE,TRUE
1745,ASV2144,TRUE,FALSE,TRUE
1746,ASV2145,TRUE,FALSE,TRUE
1747,ASV2146,TRUE,FALSE,FALSE
1748,ASV2150,TRUE,FALSE,FALSE
1749,ASV2151,FALSE,FALSE,FALSE
1750,ASV2152,TRUE,FALSE,FALSE
1751,ASV2154,TRUE,FALSE,TRUE
1752,ASV2155,TRUE,FALSE,TRUE
1753,ASV2156,TRUE,FALSE,TRUE
1754,ASV2157,TRUE,TRUE,FALSE
1755,ASV2159,TRUE,FALSE,FALSE
1756,ASV2160,FALSE,TRUE,TRUE
1757,ASV2162,TRUE,FALSE,FALSE
1758,ASV2163,TRUE,FALSE,FALSE
1759,ASV2164,FALSE,FALSE,FALSE
1760,ASV2165,FALSE,TRUE,FALSE
1761,ASV2166,FALSE,FALSE,FALSE
1762,ASV2167,FALSE,FALSE,FALSE
1763,ASV2168,TRUE,TRUE,FALSE
1764,ASV2169,FALSE,FALSE,FALSE
1765,ASV2170,TRUE,FALSE,TRUE
1766,ASV2171,FALSE,FALSE,FALSE
1767,ASV2172,TRUE,TRUE,FALSE
1768,ASV2173,TRUE,TRUE,FALSE
1769,ASV2174,TRUE,FALSE,FALSE
1770,ASV2175,FALSE,TRUE,TRUE
1771,ASV2176,TRUE,FALSE,FALSE
1772,ASV2177,TRUE,FALSE,FALSE
1773,ASV2178,TRUE,TRUE,FALSE
1774,ASV2179,FALSE,TRUE,FALSE
1775,ASV2180,TRUE,TRUE,FALSE
1776,ASV2181,TRUE,TRUE,FALSE
1777,ASV2182,TRUE,FALSE,FALSE
1778,ASV2185,TRUE,FALSE,FALSE
1779,ASV2186,FALSE,TRUE,FALSE
1780,ASV2188,TRUE,TRUE,FALSE
1781,ASV2190,TRUE,FALSE,FALSE
1782,ASV2191,TRUE,FALSE,TRUE
1783,ASV2192,TRUE,FALSE,TRUE
1784,ASV2193,TRUE,FALSE,TRUE
1785,ASV2194,TRUE,FALSE,TRUE
1786,ASV2195,FALSE,TRUE,FALSE
1787,ASV2196,FALSE,FALSE,FALSE
1788,ASV2197,FALSE,TRUE,FALSE
1789,ASV2198,FALSE,FALSE,FALSE
1790,ASV2199,FALSE,FALSE,FALSE
1791,ASV2201,FALSE,FALSE,FALSE
1792,ASV2202,FALSE,FALSE,FALSE
1793,ASV2204,TRUE,FALSE,FALSE
1794,ASV2205,TRUE,TRUE,FALSE
1795,ASV2206,TRUE,TRUE,FALSE
1796,ASV2207,FALSE,TRUE,FALSE
1797,ASV2208,TRUE,FALSE,FALSE
1798,ASV2209,TRUE,FALSE,TRUE
1799,ASV2211,TRUE,FALSE,FALSE
1800,ASV2212,TRUE,TRUE,FALSE
1801,ASV2213,FALSE,FALSE,FALSE
1802,ASV2214,TRUE,FALSE,TRUE
1803,ASV2215,TRUE,TRUE,FALSE
1804,ASV2216,FALSE,TRUE,FALSE
1805,ASV2219,TRUE,FALSE,FALSE
1806,ASV2220,TRUE,FALSE,FALSE
1807,ASV2221,TRUE,FALSE,TRUE
1808,ASV2222,TRUE,FALSE,FALSE
1809,ASV2223,FALSE,TRUE,FALSE
1810,ASV2225,TRUE,FALSE,FALSE
1811,ASV2226,TRUE,FALSE,TRUE
1812,ASV2227,FALSE,FALSE,FALSE
1813,ASV2228,TRUE,FALSE,FALSE
1814,ASV2229,FALSE,FALSE,FALSE
1815,ASV2230,FALSE,FALSE,FALSE
1816,ASV2231,FALSE,FALSE,FALSE
1817,ASV2234,FALSE,FALSE,FALSE
1818,ASV2235,FALSE,TRUE,TRUE
1819,ASV2236,FALSE,FALSE,FALSE
1820,ASV2239,FALSE,FALSE,FALSE
1821,ASV2240,FALSE,FALSE,FALSE
1822,ASV2241,TRUE,FALSE,TRUE
1823,ASV2242,TRUE,TRUE,FALSE
1824,ASV2243,TRUE,FALSE,FALSE
1825,ASV2244,TRUE,TRUE,FALSE
1826,ASV2245,TRUE,FALSE,TRUE
1827,ASV2246,TRUE,FALSE,FALSE
1828,ASV2247,TRUE,FALSE,TRUE
1829,ASV2248,TRUE,TRUE,FALSE
1830,ASV2250,FALSE,TRUE,FALSE
1831,ASV2251,TRUE,FALSE,FALSE
1832,ASV2253,FALSE,TRUE,FALSE
1833,ASV2254,FALSE,TRUE,FALSE
1834,ASV2255,TRUE,TRUE,FALSE
1835,ASV2256,TRUE,TRUE,FALSE
1836,ASV2258,FALSE,FALSE,FALSE
1837,ASV2259,FALSE,TRUE,TRUE
1838,ASV2260,FALSE,FALSE,FALSE
1839,ASV2261,TRUE,FALSE,FALSE
1840,ASV2262,FALSE,FALSE,FALSE
1841,ASV2263,TRUE,FALSE,FALSE
1842,ASV2264,TRUE,FALSE,FALSE
1843,ASV2266,TRUE,TRUE,FALSE
1844,ASV2267,TRUE,FALSE,FALSE
1845,ASV2268,TRUE,FALSE,TRUE
1846,ASV2269,TRUE,FALSE,TRUE
1847,ASV2272,TRUE,TRUE,FALSE
1848,ASV2273,FALSE,TRUE,FALSE
1849,ASV2274,TRUE,FALSE,FALSE
1850,ASV2275,TRUE,FALSE,TRUE
1851,ASV2276,FALSE,FALSE,FALSE
1852,ASV2280,TRUE,FALSE,FALSE
1853,ASV2281,TRUE,FALSE,FALSE
1854,ASV2282,TRUE,FALSE,FALSE
1855,ASV2283,TRUE,TRUE,FALSE
1856,ASV2284,TRUE,FALSE,TRUE
1857,ASV2285,TRUE,FALSE,FALSE
1858,ASV2286,TRUE,FALSE,TRUE
1859,ASV2287,FALSE,FALSE,FALSE
1860,ASV2288,TRUE,FALSE,TRUE
1861,ASV2290,TRUE,FALSE,TRUE
1862,ASV2291,FALSE,TRUE,FALSE
1863,ASV2293,TRUE,FALSE,FALSE
1864,ASV2294,FALSE,FALSE,FALSE
1865,ASV2295,FALSE,FALSE,FALSE
1866,ASV2296,TRUE,FALSE,FALSE
1867,ASV2297,FALSE,TRUE,FALSE
1868,ASV2298,TRUE,FALSE,FALSE
1869,ASV2301,FALSE,FALSE,FALSE
1870,ASV2303,FALSE,FALSE,FALSE
1871,ASV2304,TRUE,FALSE,FALSE
1872,ASV2305,TRUE,FALSE,TRUE
1873,ASV2306,TRUE,TRUE,FALSE
1874,ASV2307,FALSE,FALSE,FALSE
1875,ASV2308,TRUE,FALSE,FALSE
1876,ASV2309,TRUE,TRUE,FALSE
1877,ASV2310,TRUE,FALSE,FALSE
1878,ASV2311,TRUE,FALSE,FALSE
1879,ASV2312,FALSE,TRUE,FALSE
1880,ASV2313,TRUE,FALSE,FALSE
1881,ASV2314,TRUE,FALSE,FALSE
1882,ASV2315,TRUE,FALSE,TRUE
1883,ASV2316,FALSE,FALSE,FALSE
1884,ASV2317,FALSE,TRUE,FALSE
1885,ASV2318,TRUE,TRUE,FALSE
1886,ASV2319,TRUE,FALSE,FALSE
1887,ASV2320,TRUE,TRUE,FALSE
1888,ASV2321,TRUE,FALSE,FALSE
1889,ASV2322,TRUE,FALSE,TRUE
1890,ASV2323,TRUE,FALSE,TRUE
1891,ASV2324,FALSE,FALSE,FALSE
1892,ASV2325,TRUE,FALSE,TRUE
1893,ASV2326,TRUE,TRUE,FALSE
1894,ASV2328,FALSE,TRUE,FALSE
1895,ASV2329,TRUE,FALSE,FALSE
1896,ASV2330,FALSE,FALSE,FALSE
1897,ASV2331,FALSE,FALSE,TRUE
1898,ASV2332,FALSE,TRUE,TRUE
1899,ASV2333,FALSE,FALSE,FALSE
1900,ASV2334,TRUE,FALSE,TRUE
1901,ASV2336,TRUE,FALSE,TRUE
1902,ASV2338,FALSE,FALSE,FALSE
1903,ASV2339,TRUE,FALSE,FALSE
1904,ASV2340,TRUE,TRUE,FALSE
1905,ASV2341,TRUE,TRUE,FALSE
1906,ASV2342,TRUE,TRUE,FALSE
1907,ASV2343,FALSE,FALSE,FALSE
1908,ASV2344,FALSE,FALSE,FALSE
1909,ASV2345,TRUE,FALSE,FALSE
1910,ASV2347,TRUE,FALSE,TRUE
1911,ASV2348,TRUE,FALSE,TRUE
1912,ASV2349,TRUE,TRUE,FALSE
1913,ASV2350,TRUE,FALSE,FALSE
1914,ASV2353,TRUE,FALSE,FALSE
1915,ASV2354,FALSE,TRUE,TRUE
1916,ASV2355,TRUE,FALSE,FALSE
1917,ASV2356,TRUE,TRUE,FALSE
1918,ASV2357,TRUE,FALSE,FALSE
1919,ASV2358,TRUE,TRUE,FALSE
1920,ASV2360,TRUE,TRUE,FALSE
1921,ASV2361,TRUE,FALSE,FALSE
1922,ASV2362,FALSE,TRUE,FALSE
1923,ASV2363,FALSE,FALSE,FALSE
1924,ASV2364,FALSE,FALSE,FALSE
1925,ASV2365,TRUE,TRUE,FALSE
1926,ASV2366,FALSE,TRUE,FALSE
1927,ASV2367,FALSE,FALSE,FALSE
1928,ASV2369,TRUE,FALSE,FALSE
1929,ASV2370,FALSE,TRUE,FALSE
1930,ASV2371,TRUE,FALSE,FALSE
1931,ASV2373,FALSE,FALSE,FALSE
1932,ASV2374,FALSE,FALSE,FALSE
1933,ASV2375,FALSE,FALSE,FALSE
1934,ASV2376,TRUE,FALSE,FALSE
1935,ASV2378,TRUE,FALSE,FALSE
1936,ASV2379,FALSE,FALSE,FALSE
1937,ASV2380,TRUE,FALSE,TRUE
1938,ASV2381,FALSE,FALSE,TRUE
1939,ASV2382,TRUE,FALSE,FALSE
1940,ASV2383,TRUE,FALSE,TRUE
1941,ASV2384,FALSE,FALSE,FALSE
1942,ASV2386,TRUE,FALSE,FALSE
1943,ASV2387,FALSE,FALSE,FALSE
1944,ASV2388,FALSE,TRUE,FALSE
1945,ASV2391,TRUE,TRUE,FALSE
1946,ASV2393,TRUE,FALSE,FALSE
1947,ASV2394,TRUE,FALSE,TRUE
1948,ASV2395,TRUE,FALSE,FALSE
1949,ASV2396,TRUE,FALSE,TRUE
1950,ASV2397,TRUE,FALSE,TRUE
1951,ASV2398,FALSE,TRUE,FALSE
1952,ASV2400,TRUE,FALSE,FALSE
1953,ASV2401,FALSE,FALSE,FALSE
1954,ASV2403,TRUE,TRUE,FALSE
1955,ASV2404,TRUE,FALSE,TRUE
1956,ASV2405,TRUE,FALSE,TRUE
1957,ASV2406,TRUE,FALSE,TRUE
1958,ASV2407,TRUE,FALSE,TRUE
1959,ASV2408,FALSE,TRUE,FALSE
1960,ASV2409,TRUE,FALSE,FALSE
1961,ASV2410,TRUE,TRUE,FALSE
1962,ASV2411,TRUE,FALSE,FALSE
1963,ASV2412,TRUE,FALSE,TRUE
1964,ASV2413,FALSE,FALSE,FALSE
1965,ASV2414,FALSE,TRUE,FALSE
1966,ASV2415,FALSE,FALSE,FALSE
1967,ASV2416,TRUE,FALSE,FALSE
1968,ASV2417,TRUE,FALSE,FALSE
1969,ASV2418,TRUE,FALSE,TRUE
1970,ASV2419,FALSE,FALSE,FALSE
1971,ASV2421,TRUE,FALSE,FALSE
1972,ASV2422,TRUE,FALSE,FALSE
1973,ASV2423,FALSE,FALSE,FALSE
1974,ASV2424,FALSE,FALSE,FALSE
1975,ASV2425,TRUE,FALSE,FALSE
1976,ASV2426,TRUE,FALSE,FALSE
1977,ASV2427,TRUE,FALSE,TRUE
1978,ASV2428,TRUE,FALSE,FALSE
1979,ASV2429,TRUE,TRUE,FALSE
1980,ASV2430,TRUE,FALSE,FALSE
1981,ASV2431,FALSE,TRUE,FALSE
1982,ASV2433,TRUE,FALSE,FALSE
1983,ASV2434,TRUE,FALSE,TRUE
1984,ASV2435,TRUE,FALSE,FALSE
1985,ASV2436,TRUE,TRUE,FALSE
1986,ASV2438,TRUE,FALSE,FALSE
1987,ASV2439,FALSE,FALSE,FALSE
1988,ASV2440,TRUE,FALSE,FALSE
1989,ASV2441,FALSE,TRUE,FALSE
1990,ASV2443,TRUE,FALSE,TRUE
1991,ASV2444,FALSE,FALSE,FALSE
1992,ASV2445,TRUE,FALSE,FALSE
1993,ASV2446,TRUE,FALSE,FALSE
1994,ASV2447,TRUE,FALSE,FALSE
1995,ASV2448,TRUE,TRUE,FALSE
1996,ASV2449,TRUE,FALSE,FALSE
1997,ASV2450,TRUE,FALSE,FALSE
1998,ASV2451,TRUE,TRUE,FALSE
1999,ASV2452,TRUE,TRUE,FALSE
2000,ASV2453,FALSE,TRUE,TRUE
2001,ASV2454,TRUE,FALSE,TRUE
2002,ASV2455,TRUE,FALSE,TRUE
2003,ASV2456,TRUE,FALSE,FALSE
2004,ASV2460,TRUE,FALSE,FALSE
2005,ASV2461,TRUE,FALSE,FALSE
2006,ASV2464,TRUE,FALSE,TRUE
2007,ASV2465,TRUE,FALSE,FALSE
2008,ASV2466,TRUE,FALSE,FALSE
2009,ASV2468,TRUE,FALSE,TRUE
2010,ASV2469,TRUE,TRUE,FALSE
2011,ASV2470,FALSE,TRUE,FALSE
2012,ASV2471,TRUE,TRUE,FALSE
2013,ASV2472,TRUE,FALSE,TRUE
2014,ASV2474,TRUE,FALSE,TRUE
2015,ASV2476,TRUE,TRUE,FALSE
2016,ASV2478,FALSE,TRUE,FALSE
2017,ASV2479,FALSE,FALSE,FALSE
2018,ASV2480,TRUE,FALSE,FALSE
2019,ASV2481,FALSE,TRUE,FALSE
2020,ASV2482,TRUE,TRUE,FALSE
2021,ASV2483,TRUE,TRUE,FALSE
2022,ASV2485,TRUE,FALSE,TRUE
2023,ASV2486,TRUE,TRUE,FALSE
2024,ASV2487,FALSE,TRUE,FALSE
2025,ASV2488,FALSE,TRUE,FALSE
2026,ASV2490,TRUE,TRUE,FALSE
2027,ASV2491,TRUE,FALSE,FALSE
2028,ASV2492,FALSE,TRUE,FALSE
2029,ASV2493,FALSE,TRUE,TRUE
2030,ASV2495,TRUE,FALSE,FALSE
2031,ASV2498,FALSE,TRUE,TRUE
2032,ASV2499,FALSE,TRUE,FALSE
2033,ASV2500,TRUE,FALSE,TRUE
2034,ASV2501,TRUE,FALSE,FALSE
2035,ASV2502,FALSE,TRUE,FALSE
2036,ASV2503,FALSE,FALSE,FALSE
2037,ASV2504,FALSE,FALSE,FALSE
2038,ASV2507,TRUE,FALSE,FALSE
2039,ASV2508,TRUE,FALSE,TRUE
2040,ASV2509,FALSE,TRUE,FALSE
2041,ASV2510,FALSE,TRUE,FALSE
2042,ASV2511,TRUE,FALSE,FALSE
2043,ASV2512,FALSE,FALSE,FALSE
2044,ASV2513,TRUE,TRUE,FALSE
2045,ASV2514,TRUE,FALSE,FALSE
2046,ASV2516,FALSE,TRUE,TRUE
2047,ASV2517,FALSE,TRUE,FALSE
2048,ASV2518,FALSE,FALSE,FALSE
2049,ASV2520,TRUE,TRUE,FALSE
2050,ASV2521,TRUE,TRUE,FALSE
2051,ASV2523,FALSE,FALSE,FALSE
2052,ASV2524,TRUE,FALSE,TRUE
2053,ASV2525,FALSE,TRUE,FALSE
2054,ASV2527,TRUE,FALSE,FALSE
2055,ASV2528,FALSE,FALSE,FALSE
2056,ASV2529,TRUE,FALSE,FALSE
2057,ASV2530,FALSE,FALSE,FALSE
2058,ASV2531,TRUE,FALSE,FALSE
2059,ASV2533,TRUE,FALSE,FALSE
2060,ASV2534,FALSE,TRUE,FALSE
2061,ASV2535,TRUE,TRUE,FALSE
2062,ASV2536,TRUE,FALSE,FALSE
2063,ASV2537,TRUE,TRUE,FALSE
2064,ASV2539,FALSE,FALSE,FALSE
2065,ASV2540,TRUE,TRUE,FALSE
2066,ASV2541,FALSE,TRUE,FALSE
2067,ASV2542,TRUE,FALSE,FALSE
2068,ASV2543,FALSE,FALSE,TRUE
2069,ASV2544,TRUE,FALSE,TRUE
2070,ASV2545,TRUE,FALSE,TRUE
2071,ASV2547,TRUE,TRUE,FALSE
2072,ASV2549,TRUE,TRUE,FALSE
2073,ASV2550,TRUE,TRUE,FALSE
2074,ASV2551,TRUE,TRUE,FALSE
2075,ASV2552,FALSE,FALSE,FALSE
2076,ASV2553,FALSE,TRUE,FALSE
2077,ASV2554,TRUE,FALSE,FALSE
2078,ASV2556,TRUE,FALSE,TRUE
2079,ASV2557,TRUE,FALSE,TRUE
2080,ASV2558,FALSE,FALSE,FALSE
2081,ASV2559,FALSE,FALSE,FALSE
2082,ASV2560,TRUE,TRUE,FALSE
2083,ASV2561,FALSE,TRUE,FALSE
2084,ASV2562,TRUE,FALSE,TRUE
2085,ASV2563,TRUE,FALSE,TRUE
2086,ASV2564,TRUE,FALSE,TRUE
2087,ASV2565,TRUE,FALSE,TRUE
2088,ASV2566,TRUE,TRUE,FALSE
2089,ASV2567,FALSE,FALSE,FALSE
2090,ASV2568,FALSE,FALSE,FALSE
2091,ASV2570,FALSE,TRUE,TRUE
2092,ASV2571,TRUE,FALSE,TRUE
2093,ASV2572,TRUE,FALSE,TRUE
2094,ASV2573,TRUE,FALSE,FALSE
2095,ASV2574,TRUE,FALSE,FALSE
2096,ASV2575,TRUE,TRUE,FALSE
2097,ASV2576,FALSE,FALSE,FALSE
2098,ASV2577,TRUE,TRUE,FALSE
2099,ASV2578,TRUE,FALSE,FALSE
2100,ASV2581,TRUE,FALSE,TRUE
2101,ASV2582,TRUE,FALSE,FALSE
2102,ASV2583,TRUE,FALSE,TRUE
2103,ASV2584,TRUE,TRUE,FALSE
2104,ASV2585,TRUE,TRUE,FALSE
2105,ASV2586,TRUE,FALSE,FALSE
2106,ASV2587,TRUE,TRUE,FALSE
2107,ASV2588,FALSE,FALSE,FALSE
2108,ASV2590,TRUE,FALSE,FALSE
2109,ASV2593,FALSE,FALSE,FALSE
2110,ASV2595,TRUE,TRUE,FALSE
2111,ASV2596,TRUE,FALSE,FALSE
2112,ASV2597,TRUE,FALSE,TRUE
2113,ASV2598,TRUE,FALSE,TRUE
2114,ASV2599,TRUE,FALSE,TRUE
2115,ASV2600,FALSE,TRUE,FALSE
2116,ASV2601,FALSE,FALSE,TRUE
2117,ASV2603,TRUE,TRUE,FALSE
2118,ASV2604,TRUE,TRUE,FALSE
2119,ASV2606,TRUE,FALSE,FALSE
2120,ASV2607,TRUE,TRUE,FALSE
2121,ASV2608,TRUE,FALSE,TRUE
2122,ASV2609,TRUE,TRUE,FALSE
2123,ASV2610,FALSE,TRUE,FALSE
2124,ASV2611,TRUE,FALSE,FALSE
2125,ASV2612,TRUE,FALSE,FALSE
2126,ASV2613,TRUE,TRUE,FALSE
2127,ASV2614,FALSE,TRUE,FALSE
2128,ASV2615,FALSE,FALSE,TRUE
2129,ASV2616,FALSE,FALSE,TRUE
2130,ASV2617,TRUE,FALSE,TRUE
2131,ASV2618,TRUE,TRUE,FALSE
2132,ASV2619,FALSE,TRUE,FALSE
2133,ASV2620,TRUE,TRUE,FALSE
2134,ASV2621,FALSE,FALSE,TRUE
2135,ASV2622,TRUE,FALSE,TRUE
2136,ASV2623,TRUE,FALSE,FALSE
2137,ASV2624,FALSE,FALSE,FALSE
2138,ASV2626,FALSE,TRUE,FALSE
2139,ASV2627,TRUE,FALSE,TRUE
2140,ASV2628,TRUE,FALSE,TRUE
2141,ASV2629,TRUE,FALSE,TRUE
2142,ASV2630,TRUE,FALSE,FALSE
2143,ASV2631,FALSE,FALSE,FALSE
2144,ASV2632,FALSE,TRUE,FALSE
2145,ASV2633,TRUE,FALSE,TRUE
2146,ASV2634,TRUE,FALSE,TRUE
2147,ASV2635,TRUE,FALSE,FALSE
2148,ASV2636,TRUE,FALSE,TRUE
2149,ASV2638,TRUE,TRUE,FALSE
2150,ASV2639,TRUE,FALSE,FALSE
2151,ASV2640,FALSE,TRUE,FALSE
2152,ASV2641,TRUE,FALSE,TRUE
2153,ASV2642,TRUE,FALSE,FALSE
2154,ASV2643,TRUE,FALSE,FALSE
2155,ASV2644,TRUE,FALSE,TRUE
2156,ASV2646,TRUE,TRUE,FALSE
2157,ASV2647,FALSE,TRUE,FALSE
2158,ASV2648,TRUE,TRUE,FALSE
2159,ASV2649,TRUE,TRUE,FALSE
2160,ASV2651,TRUE,FALSE,FALSE
2161,ASV2652,TRUE,FALSE,FALSE
2162,ASV2653,TRUE,FALSE,FALSE
2163,ASV2654,TRUE,TRUE,FALSE
2164,ASV2655,TRUE,FALSE,FALSE
2165,ASV2657,FALSE,FALSE,FALSE
2166,ASV2658,FALSE,FALSE,FALSE
2167,ASV2659,TRUE,FALSE,TRUE
2168,ASV2660,TRUE,FALSE,FALSE
2169,ASV2661,TRUE,FALSE,TRUE
2170,ASV2663,TRUE,FALSE,FALSE
2171,ASV2664,TRUE,TRUE,FALSE
2172,ASV2665,TRUE,TRUE,FALSE
2173,ASV2667,TRUE,FALSE,FALSE
2174,ASV2668,TRUE,TRUE,FALSE
2175,ASV2670,FALSE,FALSE,FALSE
2176,ASV2671,FALSE,TRUE,FALSE
2177,ASV2672,TRUE,FALSE,TRUE
2178,ASV2673,TRUE,FALSE,FALSE
2179,ASV2675,TRUE,FALSE,TRUE
2180,ASV2676,TRUE,FALSE,TRUE
2181,ASV2677,TRUE,TRUE,FALSE
2182,ASV2678,FALSE,TRUE,FALSE
2183,ASV2679,TRUE,TRUE,FALSE
2184,ASV2680,TRUE,TRUE,FALSE
2185,ASV2682,TRUE,FALSE,TRUE
2186,ASV2684,TRUE,FALSE,TRUE
2187,ASV2685,TRUE,FALSE,FALSE
2188,ASV2686,TRUE,TRUE,FALSE
2189,ASV2687,TRUE,TRUE,FALSE
2190,ASV2690,TRUE,TRUE,FALSE
2191,ASV2691,TRUE,FALSE,FALSE
2192,ASV2693,FALSE,FALSE,FALSE
2193,ASV2694,TRUE,FALSE,FALSE
2194,ASV2695,FALSE,FALSE,FALSE
2195,ASV2696,FALSE,FALSE,FALSE
2196,ASV2697,TRUE,FALSE,TRUE
2197,ASV2698,TRUE,TRUE,FALSE
2198,ASV2699,FALSE,FALSE,FALSE
2199,ASV2700,TRUE,FALSE,FALSE
2200,ASV2702,TRUE,TRUE,FALSE
2201,ASV2703,TRUE,FALSE,FALSE
2202,ASV2704,TRUE,FALSE,FALSE
2203,ASV2706,TRUE,FALSE,TRUE
2204,ASV2707,TRUE,FALSE,TRUE
2205,ASV2708,FALSE,FALSE,FALSE
2206,ASV2709,FALSE,TRUE,FALSE
2207,ASV2710,TRUE,FALSE,FALSE
2208,ASV2711,FALSE,TRUE,FALSE
2209,ASV2712,TRUE,TRUE,FALSE
2210,ASV2713,FALSE,FALSE,FALSE
2211,ASV2714,TRUE,FALSE,FALSE
2212,ASV2715,TRUE,FALSE,FALSE
2213,ASV2717,TRUE,FALSE,FALSE
2214,ASV2718,TRUE,TRUE,FALSE
2215,ASV2719,FALSE,FALSE,FALSE
2216,ASV2720,TRUE,FALSE,FALSE
2217,ASV2721,TRUE,FALSE,TRUE
2218,ASV2722,TRUE,FALSE,TRUE
2219,ASV2723,TRUE,FALSE,TRUE
2220,ASV2724,TRUE,FALSE,TRUE
2221,ASV2725,FALSE,TRUE,FALSE
2222,ASV2726,FALSE,TRUE,FALSE
2223,ASV2727,TRUE,FALSE,FALSE
2224,ASV2729,TRUE,FALSE,FALSE
2225,ASV2730,TRUE,FALSE,TRUE
2226,ASV2731,TRUE,FALSE,TRUE
2227,ASV2732,TRUE,FALSE,FALSE
2228,ASV2733,TRUE,TRUE,FALSE
2229,ASV2734,FALSE,TRUE,FALSE
2230,ASV2736,TRUE,FALSE,FALSE
2231,ASV2737,FALSE,FALSE,FALSE
2232,ASV2738,TRUE,FALSE,FALSE
2233,ASV2739,FALSE,FALSE,FALSE
2234,ASV2740,TRUE,FALSE,FALSE
2235,ASV2741,TRUE,FALSE,TRUE
2236,ASV2742,TRUE,FALSE,TRUE
2237,ASV2743,TRUE,FALSE,TRUE
2238,ASV2744,TRUE,FALSE,TRUE
2239,ASV2745,TRUE,FALSE,TRUE
2240,ASV2746,FALSE,FALSE,TRUE
2241,ASV2749,TRUE,TRUE,FALSE
2242,ASV2751,FALSE,FALSE,FALSE
2243,ASV2752,TRUE,FALSE,FALSE
2244,ASV2753,FALSE,FALSE,FALSE
2245,ASV2754,TRUE,FALSE,FALSE
2246,ASV2755,TRUE,FALSE,TRUE
2247,ASV2756,TRUE,TRUE,FALSE
2248,ASV2758,FALSE,FALSE,FALSE
2249,ASV2759,FALSE,FALSE,FALSE
2250,ASV2760,TRUE,TRUE,FALSE
2251,ASV2761,TRUE,FALSE,FALSE
2252,ASV2762,TRUE,FALSE,TRUE
2253,ASV2763,TRUE,TRUE,FALSE
2254,ASV2764,TRUE,TRUE,FALSE
2255,ASV2767,FALSE,FALSE,FALSE
2256,ASV2769,TRUE,FALSE,FALSE
2257,ASV2770,FALSE,TRUE,FALSE
2258,ASV2771,FALSE,FALSE,FALSE
2259,ASV2772,FALSE,TRUE,TRUE
2260,ASV2773,TRUE,FALSE,TRUE
2261,ASV2775,TRUE,FALSE,FALSE
2262,ASV2776,FALSE,FALSE,FALSE
2263,ASV2777,TRUE,TRUE,FALSE
2264,ASV2778,TRUE,TRUE,FALSE
2265,ASV2779,TRUE,TRUE,FALSE
2266,ASV2780,TRUE,FALSE,FALSE
2267,ASV2781,FALSE,TRUE,FALSE
2268,ASV2782,FALSE,TRUE,TRUE
2269,ASV2783,TRUE,FALSE,TRUE
2270,ASV2784,TRUE,FALSE,FALSE
2271,ASV2786,TRUE,TRUE,FALSE
2272,ASV2787,FALSE,TRUE,FALSE
2273,ASV2788,TRUE,TRUE,FALSE
2274,ASV2789,TRUE,FALSE,FALSE
2275,ASV2791,FALSE,FALSE,FALSE
2276,ASV2792,TRUE,FALSE,TRUE
2277,ASV2793,TRUE,FALSE,FALSE
2278,ASV2794,TRUE,FALSE,FALSE
2279,ASV2795,TRUE,FALSE,FALSE
2280,ASV2796,TRUE,FALSE,FALSE
2281,ASV2797,FALSE,FALSE,FALSE
2282,ASV2798,FALSE,TRUE,FALSE
2283,ASV2799,TRUE,FALSE,FALSE
2284,ASV2800,TRUE,FALSE,FALSE
2285,ASV2801,TRUE,TRUE,FALSE
2286,ASV2802,FALSE,TRUE,TRUE
2287,ASV2803,TRUE,FALSE,TRUE
2288,ASV2804,TRUE,FALSE,TRUE
2289,ASV2806,TRUE,FALSE,TRUE
2290,ASV2807,FALSE,TRUE,FALSE
2291,ASV2808,TRUE,FALSE,TRUE
2292,ASV2809,FALSE,TRUE,FALSE
2293,ASV2810,TRUE,TRUE,FALSE
2294,ASV2811,TRUE,FALSE,FALSE
2295,ASV2812,FALSE,TRUE,FALSE
2296,ASV2813,TRUE,FALSE,FALSE
2297,ASV2815,FALSE,FALSE,TRUE
2298,ASV2816,FALSE,TRUE,TRUE
2299,ASV2817,TRUE,FALSE,TRUE
2300,ASV2819,TRUE,FALSE,TRUE
2301,ASV2822,TRUE,TRUE,FALSE
2302,ASV2824,FALSE,TRUE,TRUE
2303,ASV2825,TRUE,FALSE,FALSE
2304,ASV2826,FALSE,FALSE,FALSE
2305,ASV2827,TRUE,FALSE,TRUE
2306,ASV2829,TRUE,FALSE,FALSE
2307,ASV2830,TRUE,FALSE,FALSE
2308,ASV2831,TRUE,TRUE,FALSE
2309,ASV2832,TRUE,FALSE,FALSE
2310,ASV2833,FALSE,FALSE,TRUE
2311,ASV2834,FALSE,FALSE,FALSE
2312,ASV2836,TRUE,TRUE,FALSE
2313,ASV2837,FALSE,TRUE,FALSE
2314,ASV2838,TRUE,TRUE,FALSE
2315,ASV2839,TRUE,TRUE,FALSE
2316,ASV2840,FALSE,TRUE,FALSE
2317,ASV2841,FALSE,TRUE,FALSE
2318,ASV2843,TRUE,TRUE,FALSE
2319,ASV2846,TRUE,FALSE,FALSE
2320,ASV2847,TRUE,FALSE,FALSE
2321,ASV2848,TRUE,FALSE,FALSE
2322,ASV2849,TRUE,FALSE,TRUE
2323,ASV2851,TRUE,FALSE,FALSE
2324,ASV2852,TRUE,TRUE,FALSE
2325,ASV2853,FALSE,TRUE,FALSE
2326,ASV2854,FALSE,FALSE,FALSE
2327,ASV2855,TRUE,FALSE,FALSE
2328,ASV2857,TRUE,TRUE,FALSE
2329,ASV2859,FALSE,TRUE,FALSE
2330,ASV2860,TRUE,FALSE,TRUE
2331,ASV2861,TRUE,TRUE,FALSE
2332,ASV2863,FALSE,FALSE,FALSE
2333,ASV2864,TRUE,FALSE,TRUE
2334,ASV2865,TRUE,FALSE,FALSE
2335,ASV2866,TRUE,FALSE,FALSE
2336,ASV2867,TRUE,FALSE,FALSE
2337,ASV2868,TRUE,FALSE,FALSE
2338,ASV2869,TRUE,TRUE,FALSE
2339,ASV2871,TRUE,FALSE,FALSE
2340,ASV2872,FALSE,TRUE,TRUE
2341,ASV2873,TRUE,FALSE,TRUE
2342,ASV2874,TRUE,FALSE,FALSE
2343,ASV2875,TRUE,FALSE,TRUE
2344,ASV2876,TRUE,FALSE,TRUE
2345,ASV2877,TRUE,TRUE,FALSE
2346,ASV2879,TRUE,TRUE,FALSE
2347,ASV2880,TRUE,FALSE,TRUE
2348,ASV2881,TRUE,FALSE,FALSE
2349,ASV2882,TRUE,FALSE,FALSE
2350,ASV2883,TRUE,FALSE,FALSE
2351,ASV2884,TRUE,FALSE,TRUE
2352,ASV2885,TRUE,FALSE,TRUE
2353,ASV2886,TRUE,FALSE,TRUE
2354,ASV2887,FALSE,TRUE,FALSE
2355,ASV2888,FALSE,TRUE,FALSE
2356,ASV2889,TRUE,TRUE,FALSE
2357,ASV2890,FALSE,FALSE,TRUE
2358,ASV2891,TRUE,FALSE,FALSE
2359,ASV2892,TRUE,FALSE,FALSE
2360,ASV2893,TRUE,FALSE,TRUE
2361,ASV2894,TRUE,FALSE,FALSE
2362,ASV2895,TRUE,FALSE,TRUE
2363,ASV2896,FALSE,FALSE,FALSE
2364,ASV2897,TRUE,FALSE,TRUE
2365,ASV2898,TRUE,FALSE,FALSE
2366,ASV2899,TRUE,TRUE,FALSE
2367,ASV2900,TRUE,TRUE,FALSE
2368,ASV2901,TRUE,FALSE,FALSE
2369,ASV2903,FALSE,FALSE,FALSE
2370,ASV2904,TRUE,FALSE,TRUE
2371,ASV2905,TRUE,FALSE,FALSE
2372,ASV2906,TRUE,FALSE,TRUE
2373,ASV2907,TRUE,FALSE,FALSE
2374,ASV2908,TRUE,FALSE,FALSE
2375,ASV2909,TRUE,FALSE,TRUE
2376,ASV2910,TRUE,FALSE,TRUE
2377,ASV2911,FALSE,TRUE,FALSE
2378,ASV2912,FALSE,TRUE,FALSE
2379,ASV2914,FALSE,TRUE,FALSE
2380,ASV2915,TRUE,FALSE,FALSE
2381,ASV2916,TRUE,FALSE,TRUE
2382,ASV2917,TRUE,FALSE,TRUE
2383,ASV2918,FALSE,FALSE,FALSE
2384,ASV2919,FALSE,TRUE,FALSE
2385,ASV2920,TRUE,FALSE,FALSE
2386,ASV2922,TRUE,FALSE,FALSE
2387,ASV2923,TRUE,TRUE,FALSE
2388,ASV2924,FALSE,TRUE,FALSE
2389,ASV2927,TRUE,TRUE,FALSE
2390,ASV2928,TRUE,TRUE,FALSE
2391,ASV2929,FALSE,FALSE,FALSE
2392,ASV2933,TRUE,FALSE,TRUE
2393,ASV2934,FALSE,FALSE,FALSE
2394,ASV2935,TRUE,TRUE,FALSE
2395,ASV2936,FALSE,FALSE,FALSE
2396,ASV2937,TRUE,FALSE,FALSE
2397,ASV2938,TRUE,FALSE,FALSE
2398,ASV2939,FALSE,FALSE,FALSE
2399,ASV2940,FALSE,FALSE,FALSE
2400,ASV2941,TRUE,FALSE,TRUE
2401,ASV2942,TRUE,FALSE,TRUE
2402,ASV2943,FALSE,FALSE,FALSE
2403,ASV2945,FALSE,TRUE,FALSE
2404,ASV2946,TRUE,TRUE,FALSE
2405,ASV2949,FALSE,FALSE,FALSE
2406,ASV2950,FALSE,FALSE,FALSE
2407,ASV2951,TRUE,FALSE,FALSE
2408,ASV2952,TRUE,FALSE,TRUE
2409,ASV2953,TRUE,TRUE,FALSE
2410,ASV2955,FALSE,FALSE,FALSE
2411,ASV2956,TRUE,TRUE,FALSE
2412,ASV2958,TRUE,TRUE,FALSE
2413,ASV2959,FALSE,FALSE,FALSE
2414,ASV2960,TRUE,FALSE,TRUE
2415,ASV2961,TRUE,FALSE,TRUE
2416,ASV2963,TRUE,FALSE,FALSE
2417,ASV2964,FALSE,TRUE,FALSE
2418,ASV2965,FALSE,FALSE,TRUE
2419,ASV2966,TRUE,FALSE,FALSE
2420,ASV2967,TRUE,FALSE,FALSE
2421,ASV2970,TRUE,TRUE,FALSE
2422,ASV2971,FALSE,TRUE,FALSE
2423,ASV2972,TRUE,TRUE,FALSE
2424,ASV2974,FALSE,FALSE,FALSE
2425,ASV2976,TRUE,FALSE,TRUE
2426,ASV2977,TRUE,FALSE,TRUE
2427,ASV2979,FALSE,TRUE,FALSE
2428,ASV2980,TRUE,TRUE,FALSE
2429,ASV2981,TRUE,TRUE,FALSE
2430,ASV2982,TRUE,TRUE,FALSE
2431,ASV2983,FALSE,FALSE,FALSE
2432,ASV2984,TRUE,FALSE,TRUE
2433,ASV2985,TRUE,FALSE,FALSE
2434,ASV2986,TRUE,FALSE,TRUE
2435,ASV2988,TRUE,TRUE,FALSE
2436,ASV2990,FALSE,TRUE,FALSE
2437,ASV2991,FALSE,FALSE,FALSE
2438,ASV2992,FALSE,FALSE,FALSE
2439,ASV2994,TRUE,FALSE,FALSE
2440,ASV2995,TRUE,FALSE,TRUE
2441,ASV2996,TRUE,FALSE,TRUE
2442,ASV2997,FALSE,TRUE,TRUE
2443,ASV2998,TRUE,TRUE,FALSE
2444,ASV2999,TRUE,TRUE,FALSE
2445,ASV3000,FALSE,TRUE,FALSE
2446,ASV3002,TRUE,TRUE,FALSE
2447,ASV3004,TRUE,FALSE,TRUE
2448,ASV3005,TRUE,FALSE,TRUE
2449,ASV3007,TRUE,FALSE,FALSE
2450,ASV3008,TRUE,TRUE,FALSE
2451,ASV3010,TRUE,TRUE,FALSE
2452,ASV3012,FALSE,TRUE,FALSE
2453,ASV3013,TRUE,FALSE,FALSE
2454,ASV3014,TRUE,FALSE,TRUE
2455,ASV3015,TRUE,FALSE,TRUE
2456,ASV3016,TRUE,FALSE,FALSE
2457,ASV3017,FALSE,TRUE,FALSE
2458,ASV3018,TRUE,FALSE,FALSE
2459,ASV3019,TRUE,FALSE,FALSE
2460,ASV3020,FALSE,TRUE,FALSE
2461,ASV3021,TRUE,FALSE,TRUE
2462,ASV3022,TRUE,FALSE,FALSE
2463,ASV3023,TRUE,FALSE,TRUE
2464,ASV3024,TRUE,FALSE,TRUE
2465,ASV3025,TRUE,FALSE,FALSE
2466,ASV3026,FALSE,FALSE,FALSE
2467,ASV3029,TRUE,FALSE,FALSE
2468,ASV3030,TRUE,TRUE,FALSE
2469,ASV3032,TRUE,FALSE,FALSE
2470,ASV3033,TRUE,FALSE,TRUE
2471,ASV3035,TRUE,TRUE,FALSE
2472,ASV3036,TRUE,FALSE,FALSE
2473,ASV3037,TRUE,TRUE,FALSE
2474,ASV3038,TRUE,TRUE,FALSE
2475,ASV3039,TRUE,FALSE,FALSE
2476,ASV3040,FALSE,TRUE,FALSE
2477,ASV3042,TRUE,FALSE,FALSE
2478,ASV3043,TRUE,FALSE,FALSE
2479,ASV3045,TRUE,FALSE,TRUE
2480,ASV3046,TRUE,FALSE,FALSE
2481,ASV3047,TRUE,FALSE,TRUE
2482,ASV3048,TRUE,TRUE,FALSE
2483,ASV3049,TRUE,TRUE,FALSE
2484,ASV3052,TRUE,FALSE,FALSE
2485,ASV3053,TRUE,FALSE,FALSE
2486,ASV3054,FALSE,TRUE,FALSE
2487,ASV3055,FALSE,TRUE,FALSE
2488,ASV3056,TRUE,FALSE,TRUE
2489,ASV3057,TRUE,FALSE,TRUE
2490,ASV3058,TRUE,TRUE,FALSE
2491,ASV3059,FALSE,TRUE,FALSE
2492,ASV3061,TRUE,TRUE,FALSE
2493,ASV3062,TRUE,TRUE,FALSE
2494,ASV3064,FALSE,FALSE,TRUE
2495,ASV3065,FALSE,FALSE,FALSE
2496,ASV3066,TRUE,FALSE,TRUE
2497,ASV3067,TRUE,FALSE,FALSE
2498,ASV3069,TRUE,FALSE,FALSE
2499,ASV3071,TRUE,FALSE,FALSE
2500,ASV3073,TRUE,FALSE,FALSE
2501,ASV3074,TRUE,FALSE,FALSE
2502,ASV3075,TRUE,TRUE,FALSE
2503,ASV3076,TRUE,FALSE,FALSE
2504,ASV3077,FALSE,TRUE,FALSE
2505,ASV3080,FALSE,FALSE,TRUE
2506,ASV3082,TRUE,FALSE,TRUE
2507,ASV3083,FALSE,FALSE,FALSE
2508,ASV3084,TRUE,FALSE,FALSE
2509,ASV3086,TRUE,TRUE,FALSE
2510,ASV3087,FALSE,TRUE,FALSE
2511,ASV3088,TRUE,TRUE,FALSE
2512,ASV3090,FALSE,TRUE,FALSE
2513,ASV3091,FALSE,FALSE,FALSE
2514,ASV3092,FALSE,TRUE,TRUE
2515,ASV3093,TRUE,FALSE,TRUE
2516,ASV3094,TRUE,FALSE,FALSE
2517,ASV3095,TRUE,FALSE,FALSE
2518,ASV3096,TRUE,FALSE,FALSE
2519,ASV3097,TRUE,TRUE,FALSE
2520,ASV3098,FALSE,FALSE,TRUE
2521,ASV3099,TRUE,FALSE,TRUE
2522,ASV3100,TRUE,FALSE,TRUE
2523,ASV3101,TRUE,FALSE,FALSE
2524,ASV3102,TRUE,FALSE,FALSE
2525,ASV3103,TRUE,FALSE,FALSE
2526,ASV3104,TRUE,FALSE,TRUE
2527,ASV3105,TRUE,FALSE,TRUE
2528,ASV3106,TRUE,TRUE,FALSE
2529,ASV3107,TRUE,FALSE,FALSE
2530,ASV3109,FALSE,TRUE,TRUE
2531,ASV3110,TRUE,FALSE,TRUE
2532,ASV3111,FALSE,FALSE,FALSE
2533,ASV3112,TRUE,FALSE,FALSE
2534,ASV3113,TRUE,FALSE,FALSE
2535,ASV3114,TRUE,TRUE,FALSE
2536,ASV3115,FALSE,FALSE,FALSE
2537,ASV3116,FALSE,FALSE,FALSE
2538,ASV3118,FALSE,FALSE,TRUE
2539,ASV3119,TRUE,FALSE,TRUE
2540,ASV3120,TRUE,FALSE,TRUE
2541,ASV3121,TRUE,TRUE,FALSE
2542,ASV3122,TRUE,TRUE,FALSE
2543,ASV3123,TRUE,TRUE,FALSE
2544,ASV3125,TRUE,FALSE,FALSE
2545,ASV3127,TRUE,FALSE,FALSE
2546,ASV3128,TRUE,FALSE,TRUE
2547,ASV3129,TRUE,FALSE,TRUE
2548,ASV3130,TRUE,TRUE,FALSE
2549,ASV3132,TRUE,FALSE,TRUE
2550,ASV3133,TRUE,TRUE,FALSE
2551,ASV3134,TRUE,TRUE,FALSE
2552,ASV3135,FALSE,FALSE,FALSE
2553,ASV3137,TRUE,FALSE,FALSE
2554,ASV3138,FALSE,FALSE,FALSE
2555,ASV3139,FALSE,FALSE,TRUE
2556,ASV3140,TRUE,FALSE,TRUE
2557,ASV3141,TRUE,FALSE,FALSE
2558,ASV3142,TRUE,FALSE,TRUE
2559,ASV3143,TRUE,FALSE,FALSE
2560,ASV3144,TRUE,FALSE,TRUE
2561,ASV3145,TRUE,FALSE,FALSE
2562,ASV3146,TRUE,TRUE,FALSE
2563,ASV3147,TRUE,TRUE,FALSE
2564,ASV3148,FALSE,FALSE,FALSE
2565,ASV3149,TRUE,TRUE,FALSE
2566,ASV3151,TRUE,FALSE,FALSE
2567,ASV3152,TRUE,FALSE,FALSE
2568,ASV3153,TRUE,FALSE,FALSE
2569,ASV3154,TRUE,FALSE,TRUE
2570,ASV3156,TRUE,FALSE,TRUE
2571,ASV3157,TRUE,TRUE,FALSE
2572,ASV3158,TRUE,TRUE,FALSE
2573,ASV3159,TRUE,TRUE,FALSE
2574,ASV3160,TRUE,FALSE,FALSE
2575,ASV3161,TRUE,FALSE,FALSE
2576,ASV3162,FALSE,TRUE,TRUE
2577,ASV3163,TRUE,FALSE,TRUE
2578,ASV3164,TRUE,FALSE,TRUE
2579,ASV3166,TRUE,FALSE,FALSE
2580,ASV3167,TRUE,FALSE,FALSE
2581,ASV3168,TRUE,FALSE,TRUE
2582,ASV3169,TRUE,FALSE,TRUE
2583,ASV3170,TRUE,FALSE,FALSE
2584,ASV3171,FALSE,FALSE,FALSE
2585,ASV3172,FALSE,TRUE,TRUE
2586,ASV3173,TRUE,FALSE,FALSE
2587,ASV3174,TRUE,FALSE,FALSE
2588,ASV3176,TRUE,FALSE,FALSE
2589,ASV3177,TRUE,TRUE,FALSE
2590,ASV3178,TRUE,TRUE,FALSE
2591,ASV3179,TRUE,FALSE,FALSE
2592,ASV3180,TRUE,FALSE,TRUE
2593,ASV3181,TRUE,FALSE,FALSE
2594,ASV3182,TRUE,FALSE,FALSE
2595,ASV3183,TRUE,FALSE,TRUE
2596,ASV3184,TRUE,TRUE,FALSE
2597,ASV3185,TRUE,FALSE,TRUE
2598,ASV3188,TRUE,TRUE,FALSE
2599,ASV3189,TRUE,TRUE,FALSE
2600,ASV3190,TRUE,FALSE,TRUE
2601,ASV3191,TRUE,FALSE,FALSE
2602,ASV3192,TRUE,FALSE,FALSE
2603,ASV3193,TRUE,FALSE,FALSE
2604,ASV3194,TRUE,TRUE,FALSE
2605,ASV3195,TRUE,TRUE,FALSE
2606,ASV3196,TRUE,TRUE,FALSE
2607,ASV3197,TRUE,FALSE,FALSE
2608,ASV3199,TRUE,TRUE,FALSE
2609,ASV3200,TRUE,FALSE,FALSE
2610,ASV3201,FALSE,FALSE,FALSE
2611,ASV3202,TRUE,FALSE,TRUE
2612,ASV3203,TRUE,FALSE,FALSE
2613,ASV3204,TRUE,FALSE,TRUE
2614,ASV3205,TRUE,FALSE,TRUE
2615,ASV3206,TRUE,FALSE,FALSE
2616,ASV3207,TRUE,FALSE,FALSE
2617,ASV3208,TRUE,FALSE,TRUE
2618,ASV3210,TRUE,FALSE,FALSE
2619,ASV3211,TRUE,FALSE,TRUE
2620,ASV3212,TRUE,TRUE,FALSE
2621,ASV3213,TRUE,TRUE,FALSE
2622,ASV3218,FALSE,TRUE,TRUE
2623,ASV3220,TRUE,FALSE,FALSE
2624,ASV3221,TRUE,FALSE,FALSE
2625,ASV3222,TRUE,FALSE,FALSE
2626,ASV3223,TRUE,TRUE,FALSE
2627,ASV3224,TRUE,FALSE,TRUE
2628,ASV3226,TRUE,FALSE,TRUE
2629,ASV3227,TRUE,FALSE,TRUE
2630,ASV3228,TRUE,FALSE,TRUE
2631,ASV3229,TRUE,TRUE,FALSE
2632,ASV3230,TRUE,FALSE,TRUE
2633,ASV3231,FALSE,TRUE,FALSE
2634,ASV3232,FALSE,FALSE,FALSE
2635,ASV3233,FALSE,FALSE,TRUE
2636,ASV3234,FALSE,FALSE,FALSE
2637,ASV3235,TRUE,FALSE,FALSE
2638,ASV3236,TRUE,FALSE,TRUE
2639,ASV3237,TRUE,FALSE,TRUE
2640,ASV3238,TRUE,FALSE,TRUE
2641,ASV3239,TRUE,FALSE,TRUE
2642,ASV3241,FALSE,FALSE,FALSE
2643,ASV3244,FALSE,FALSE,FALSE
2644,ASV3245,TRUE,FALSE,FALSE
2645,ASV3246,FALSE,FALSE,TRUE
2646,ASV3247,TRUE,FALSE,TRUE
2647,ASV3248,FALSE,TRUE,FALSE
2648,ASV3249,TRUE,TRUE,FALSE
2649,ASV3250,TRUE,TRUE,FALSE
2650,ASV3253,TRUE,TRUE,FALSE
2651,ASV3254,TRUE,FALSE,FALSE
2652,ASV3255,FALSE,FALSE,FALSE
2653,ASV3256,TRUE,FALSE,TRUE
2654,ASV3257,TRUE,FALSE,FALSE
2655,ASV3259,TRUE,TRUE,FALSE
2656,ASV3260,FALSE,TRUE,FALSE
2657,ASV3261,FALSE,TRUE,FALSE
2658,ASV3262,TRUE,TRUE,FALSE
2659,ASV3263,FALSE,TRUE,FALSE
2660,ASV3265,FALSE,FALSE,FALSE
2661,ASV3267,TRUE,FALSE,TRUE
2662,ASV3268,TRUE,FALSE,TRUE
2663,ASV3269,FALSE,FALSE,FALSE
2664,ASV3270,TRUE,TRUE,FALSE
2665,ASV3271,TRUE,FALSE,FALSE
2666,ASV3273,TRUE,TRUE,FALSE
2667,ASV3275,TRUE,FALSE,FALSE
2668,ASV3277,FALSE,TRUE,TRUE
2669,ASV3278,TRUE,FALSE,TRUE
2670,ASV3279,TRUE,FALSE,TRUE
2671,ASV3280,TRUE,FALSE,FALSE
2672,ASV3281,TRUE,FALSE,TRUE
2673,ASV3282,TRUE,FALSE,TRUE
2674,ASV3284,TRUE,FALSE,FALSE
2675,ASV3285,TRUE,FALSE,TRUE
2676,ASV3286,TRUE,FALSE,TRUE
2677,ASV3287,TRUE,TRUE,FALSE
2678,ASV3288,TRUE,TRUE,FALSE
2679,ASV3289,TRUE,FALSE,TRUE
2680,ASV3291,TRUE,FALSE,FALSE
2681,ASV3293,TRUE,TRUE,FALSE
2682,ASV3294,TRUE,FALSE,FALSE
2683,ASV3295,FALSE,TRUE,FALSE
2684,ASV3297,FALSE,FALSE,FALSE
2685,ASV3299,TRUE,FALSE,FALSE
2686,ASV3300,TRUE,FALSE,FALSE
2687,ASV3301,TRUE,FALSE,FALSE
2688,ASV3302,TRUE,FALSE,FALSE
2689,ASV3303,TRUE,TRUE,FALSE
2690,ASV3304,TRUE,TRUE,FALSE
2691,ASV3305,TRUE,FALSE,TRUE
2692,ASV3306,FALSE,TRUE,TRUE
2693,ASV3307,FALSE,TRUE,FALSE
2694,ASV3310,TRUE,TRUE,FALSE
2695,ASV3311,TRUE,FALSE,FALSE
2696,ASV3312,TRUE,FALSE,TRUE
2697,ASV3313,TRUE,FALSE,FALSE
2698,ASV3314,TRUE,FALSE,TRUE
2699,ASV3315,TRUE,FALSE,TRUE
2700,ASV3316,TRUE,FALSE,FALSE
2701,ASV3317,TRUE,FALSE,FALSE
2702,ASV3318,FALSE,TRUE,FALSE
2703,ASV3319,TRUE,FALSE,FALSE
2704,ASV3321,TRUE,TRUE,FALSE
2705,ASV3322,FALSE,TRUE,FALSE
2706,ASV3323,FALSE,FALSE,FALSE
2707,ASV3324,FALSE,TRUE,TRUE
2708,ASV3326,FALSE,TRUE,FALSE
2709,ASV3327,FALSE,FALSE,TRUE
2710,ASV3328,TRUE,FALSE,TRUE
2711,ASV3329,TRUE,FALSE,TRUE
2712,ASV3330,TRUE,FALSE,TRUE
2713,ASV3331,TRUE,TRUE,FALSE
2714,ASV3335,TRUE,FALSE,FALSE
2715,ASV3336,FALSE,TRUE,FALSE
2716,ASV3337,TRUE,FALSE,FALSE
2717,ASV3338,FALSE,FALSE,FALSE
2718,ASV3339,TRUE,FALSE,TRUE
2719,ASV3340,TRUE,FALSE,FALSE
2720,ASV3341,TRUE,FALSE,TRUE
2721,ASV3342,TRUE,FALSE,TRUE
2722,ASV3343,TRUE,FALSE,TRUE
2723,ASV3344,TRUE,FALSE,TRUE
2724,ASV3345,TRUE,FALSE,FALSE
2725,ASV3347,TRUE,FALSE,FALSE
2726,ASV3348,TRUE,FALSE,FALSE
2727,ASV3349,TRUE,FALSE,FALSE
2728,ASV3350,TRUE,FALSE,FALSE
2729,ASV3351,TRUE,FALSE,TRUE
2730,ASV3352,FALSE,FALSE,FALSE
2731,ASV3353,FALSE,TRUE,FALSE
2732,ASV3354,TRUE,TRUE,FALSE
2733,ASV3355,TRUE,FALSE,FALSE
2734,ASV3356,TRUE,FALSE,FALSE
2735,ASV3357,FALSE,TRUE,FALSE
2736,ASV3359,TRUE,FALSE,TRUE
2737,ASV3360,FALSE,TRUE,FALSE
2738,ASV3361,TRUE,TRUE,FALSE
2739,ASV3362,FALSE,TRUE,FALSE
2740,ASV3363,TRUE,TRUE,FALSE
2741,ASV3364,FALSE,FALSE,FALSE
2742,ASV3365,TRUE,TRUE,FALSE
2743,ASV3366,TRUE,FALSE,FALSE
2744,ASV3367,FALSE,TRUE,FALSE
2745,ASV3368,TRUE,FALSE,FALSE
2746,ASV3369,FALSE,FALSE,TRUE
2747,ASV3370,TRUE,FALSE,TRUE
2748,ASV3371,TRUE,FALSE,TRUE
2749,ASV3372,TRUE,FALSE,TRUE
2750,ASV3373,TRUE,FALSE,TRUE
2751,ASV3375,TRUE,FALSE,FALSE
2752,ASV3376,TRUE,FALSE,FALSE
2753,ASV3377,TRUE,FALSE,TRUE
2754,ASV3380,TRUE,TRUE,FALSE
2755,ASV3381,FALSE,TRUE,FALSE
2756,ASV3383,FALSE,TRUE,FALSE
2757,ASV3384,FALSE,FALSE,TRUE
2758,ASV3385,TRUE,FALSE,FALSE
2759,ASV3386,TRUE,FALSE,TRUE
2760,ASV3387,TRUE,FALSE,TRUE
2761,ASV3388,TRUE,FALSE,FALSE
2762,ASV3390,TRUE,FALSE,TRUE
2763,ASV3391,FALSE,FALSE,TRUE
2764,ASV3392,TRUE,TRUE,FALSE
2765,ASV3393,TRUE,FALSE,TRUE
2766,ASV3394,TRUE,FALSE,TRUE
2767,ASV3395,FALSE,TRUE,FALSE
2768,ASV3396,TRUE,FALSE,TRUE
2769,ASV3397,FALSE,TRUE,FALSE
2770,ASV3398,FALSE,FALSE,FALSE
2771,ASV3399,TRUE,FALSE,TRUE
2772,ASV3400,TRUE,FALSE,TRUE
2773,ASV3402,TRUE,FALSE,TRUE
2774,ASV3403,TRUE,FALSE,TRUE
2775,ASV3404,TRUE,FALSE,FALSE
2776,ASV3406,TRUE,FALSE,TRUE
2777,ASV3407,TRUE,FALSE,FALSE
2778,ASV3408,TRUE,TRUE,FALSE
2779,ASV3409,TRUE,FALSE,FALSE
2780,ASV3410,TRUE,FALSE,FALSE
2781,ASV3412,TRUE,FALSE,FALSE
2782,ASV3413,TRUE,FALSE,FALSE
2783,ASV3415,FALSE,FALSE,FALSE
2784,ASV3416,TRUE,FALSE,FALSE
2785,ASV3417,FALSE,TRUE,FALSE
2786,ASV3418,TRUE,FALSE,TRUE
2787,ASV3419,TRUE,FALSE,TRUE
2788,ASV3420,TRUE,FALSE,TRUE
2789,ASV3421,TRUE,TRUE,FALSE
2790,ASV3424,TRUE,TRUE,FALSE
2791,ASV3425,TRUE,FALSE,FALSE
2792,ASV3426,TRUE,FALSE,FALSE
2793,ASV3428,TRUE,FALSE,FALSE
2794,ASV3429,TRUE,FALSE,TRUE
2795,ASV3430,TRUE,FALSE,TRUE
2796,ASV3431,TRUE,FALSE,FALSE
2797,ASV3433,TRUE,FALSE,FALSE
2798,ASV3434,TRUE,TRUE,FALSE
2799,ASV3435,FALSE,TRUE,FALSE
2800,ASV3436,FALSE,TRUE,FALSE
2801,ASV3437,FALSE,FALSE,FALSE
2802,ASV3438,TRUE,FALSE,TRUE
2803,ASV3439,TRUE,FALSE,FALSE
2804,ASV3440,TRUE,FALSE,TRUE
2805,ASV3441,TRUE,FALSE,TRUE
2806,ASV3443,TRUE,FALSE,TRUE
2807,ASV3444,TRUE,FALSE,FALSE
2808,ASV3445,TRUE,FALSE,FALSE
2809,ASV3446,TRUE,TRUE,FALSE
2810,ASV3447,TRUE,FALSE,FALSE
2811,ASV3448,TRUE,TRUE,FALSE
2812,ASV3451,TRUE,FALSE,FALSE
2813,ASV3452,FALSE,FALSE,FALSE
2814,ASV3453,TRUE,TRUE,FALSE
2815,ASV3454,FALSE,TRUE,TRUE
2816,ASV3457,TRUE,FALSE,FALSE
2817,ASV3458,TRUE,FALSE,TRUE
2818,ASV3459,TRUE,FALSE,TRUE
2819,ASV3460,TRUE,FALSE,TRUE
2820,ASV3461,TRUE,TRUE,FALSE
2821,ASV3462,TRUE,FALSE,TRUE
2822,ASV3463,FALSE,FALSE,FALSE
2823,ASV3464,TRUE,TRUE,FALSE
2824,ASV3465,TRUE,TRUE,FALSE
2825,ASV3466,TRUE,TRUE,FALSE
2826,ASV3467,TRUE,TRUE,FALSE
2827,ASV3469,TRUE,FALSE,FALSE
2828,ASV3471,TRUE,FALSE,FALSE
2829,ASV3473,FALSE,FALSE,FALSE
2830,ASV3474,TRUE,FALSE,FALSE
2831,ASV3476,TRUE,TRUE,FALSE
2832,ASV3477,TRUE,FALSE,TRUE
2833,ASV3478,TRUE,TRUE,FALSE
2834,ASV3479,TRUE,TRUE,FALSE
2835,ASV3480,FALSE,TRUE,FALSE
2836,ASV3482,TRUE,FALSE,FALSE
2837,ASV3483,TRUE,TRUE,FALSE
2838,ASV3484,TRUE,FALSE,FALSE
2839,ASV3485,FALSE,FALSE,TRUE
2840,ASV3486,TRUE,FALSE,TRUE
2841,ASV3487,TRUE,FALSE,TRUE
2842,ASV3488,FALSE,FALSE,TRUE
2843,ASV3489,TRUE,FALSE,FALSE
2844,ASV3490,TRUE,FALSE,FALSE
2845,ASV3491,TRUE,TRUE,FALSE
2846,ASV3492,FALSE,TRUE,FALSE
2847,ASV3493,TRUE,FALSE,FALSE
2848,ASV3494,TRUE,FALSE,TRUE
2849,ASV3496,TRUE,TRUE,FALSE
2850,ASV3497,TRUE,TRUE,FALSE
2851,ASV3498,TRUE,FALSE,FALSE
2852,ASV3499,TRUE,FALSE,FALSE
2853,ASV3500,TRUE,FALSE,FALSE
2854,ASV3501,FALSE,FALSE,FALSE
2855,ASV3502,TRUE,FALSE,FALSE
2856,ASV3503,TRUE,FALSE,TRUE
2857,ASV3504,TRUE,FALSE,FALSE
2858,ASV3506,TRUE,FALSE,TRUE
2859,ASV3507,FALSE,TRUE,FALSE
2860,ASV3508,TRUE,TRUE,FALSE
2861,ASV3509,FALSE,TRUE,FALSE
2862,ASV3510,FALSE,TRUE,FALSE
2863,ASV3511,TRUE,TRUE,FALSE
2864,ASV3512,FALSE,TRUE,FALSE
2865,ASV3513,TRUE,FALSE,FALSE
2866,ASV3516,TRUE,FALSE,TRUE
2867,ASV3517,TRUE,FALSE,TRUE
2868,ASV3518,TRUE,FALSE,TRUE
2869,ASV3519,FALSE,TRUE,FALSE
2870,ASV3520,TRUE,FALSE,FALSE
2871,ASV3521,TRUE,TRUE,FALSE
2872,ASV3522,TRUE,TRUE,FALSE
2873,ASV3524,FALSE,TRUE,FALSE
2874,ASV3527,FALSE,FALSE,FALSE
2875,ASV3528,TRUE,FALSE,FALSE
2876,ASV3529,TRUE,TRUE,FALSE
2877,ASV3530,TRUE,FALSE,FALSE
2878,ASV3531,FALSE,TRUE,TRUE
2879,ASV3532,TRUE,FALSE,TRUE
2880,ASV3535,FALSE,FALSE,FALSE
2881,ASV3536,TRUE,FALSE,TRUE
2882,ASV3538,TRUE,FALSE,TRUE
2883,ASV3539,TRUE,FALSE,TRUE
2884,ASV3540,TRUE,FALSE,TRUE
2885,ASV3541,TRUE,FALSE,TRUE
2886,ASV3542,TRUE,FALSE,TRUE
2887,ASV3543,FALSE,TRUE,FALSE
2888,ASV3545,TRUE,TRUE,FALSE
2889,ASV3547,TRUE,FALSE,FALSE
2890,ASV3548,FALSE,TRUE,TRUE
2891,ASV3549,FALSE,TRUE,FALSE
2892,ASV3551,TRUE,FALSE,TRUE
2893,ASV3552,TRUE,FALSE,TRUE
2894,ASV3553,TRUE,FALSE,TRUE
2895,ASV3554,FALSE,FALSE,FALSE
2896,ASV3555,TRUE,TRUE,FALSE
2897,ASV3556,TRUE,FALSE,FALSE
2898,ASV3557,FALSE,TRUE,FALSE
2899,ASV3558,TRUE,FALSE,TRUE
2900,ASV3559,TRUE,FALSE,TRUE
2901,ASV3560,TRUE,TRUE,FALSE
2902,ASV3561,FALSE,FALSE,FALSE
2903,ASV3562,FALSE,TRUE,FALSE
2904,ASV3563,TRUE,FALSE,FALSE
2905,ASV3565,TRUE,TRUE,FALSE
2906,ASV3566,TRUE,TRUE,FALSE
2907,ASV3568,TRUE,TRUE,FALSE
2908,ASV3569,TRUE,FALSE,TRUE
2909,ASV3570,TRUE,FALSE,TRUE
2910,ASV3571,TRUE,TRUE,FALSE
2911,ASV3572,TRUE,FALSE,FALSE
2912,ASV3573,FALSE,TRUE,FALSE
2913,ASV3574,TRUE,FALSE,FALSE
2914,ASV3575,TRUE,TRUE,FALSE
2915,ASV3578,TRUE,FALSE,FALSE
2916,ASV3580,TRUE,TRUE,FALSE
2917,ASV3581,TRUE,TRUE,FALSE
2918,ASV3582,FALSE,FALSE,FALSE
2919,ASV3583,FALSE,TRUE,TRUE
2920,ASV3585,TRUE,FALSE,FALSE
2921,ASV3586,TRUE,FALSE,TRUE
2922,ASV3587,TRUE,FALSE,FALSE
2923,ASV3588,TRUE,FALSE,FALSE
2924,ASV3589,TRUE,FALSE,TRUE
2925,ASV3590,TRUE,TRUE,FALSE
2926,ASV3591,FALSE,TRUE,TRUE
2927,ASV3592,TRUE,TRUE,FALSE
2928,ASV3595,TRUE,TRUE,FALSE
2929,ASV3596,TRUE,TRUE,FALSE
2930,ASV3597,FALSE,FALSE,FALSE
2931,ASV3598,FALSE,FALSE,FALSE
2932,ASV3599,TRUE,FALSE,FALSE
2933,ASV3600,TRUE,FALSE,FALSE
2934,ASV3601,TRUE,TRUE,FALSE
2935,ASV3602,FALSE,FALSE,TRUE
2936,ASV3603,FALSE,FALSE,TRUE
2937,ASV3605,TRUE,FALSE,FALSE
2938,ASV3606,TRUE,FALSE,TRUE
2939,ASV3607,TRUE,FALSE,TRUE
2940,ASV3608,TRUE,FALSE,FALSE
2941,ASV3609,TRUE,FALSE,TRUE
2942,ASV3611,TRUE,FALSE,FALSE
2943,ASV3613,TRUE,FALSE,FALSE
2944,ASV3614,TRUE,FALSE,TRUE
2945,ASV3616,TRUE,FALSE,FALSE
2946,ASV3617,TRUE,FALSE,TRUE
2947,ASV3618,TRUE,TRUE,FALSE
2948,ASV3619,FALSE,TRUE,FALSE
2949,ASV3620,TRUE,TRUE,FALSE
2950,ASV3621,TRUE,FALSE,FALSE
2951,ASV3624,TRUE,FALSE,FALSE
2952,ASV3625,TRUE,FALSE,TRUE
2953,ASV3626,TRUE,FALSE,FALSE
2954,ASV3627,TRUE,FALSE,TRUE
2955,ASV3628,TRUE,FALSE,TRUE
2956,ASV3629,TRUE,FALSE,FALSE
2957,ASV3630,TRUE,FALSE,TRUE
2958,ASV3631,TRUE,TRUE,FALSE
2959,ASV3632,TRUE,FALSE,FALSE
2960,ASV3633,TRUE,TRUE,FALSE
2961,ASV3634,TRUE,FALSE,FALSE
2962,ASV3635,TRUE,FALSE,TRUE
2963,ASV3636,TRUE,FALSE,FALSE
2964,ASV3637,TRUE,FALSE,TRUE
2965,ASV3638,TRUE,FALSE,TRUE
2966,ASV3639,TRUE,FALSE,TRUE
2967,ASV3641,TRUE,TRUE,FALSE
2968,ASV3642,TRUE,TRUE,FALSE
2969,ASV3644,TRUE,FALSE,FALSE
2970,ASV3645,TRUE,FALSE,FALSE
2971,ASV3646,TRUE,FALSE,FALSE
2972,ASV3647,FALSE,FALSE,FALSE
2973,ASV3648,FALSE,TRUE,FALSE
2974,ASV3649,FALSE,FALSE,TRUE
2975,ASV3650,FALSE,FALSE,FALSE
2976,ASV3651,TRUE,FALSE,TRUE
2977,ASV3653,TRUE,FALSE,FALSE
2978,ASV3654,TRUE,FALSE,TRUE
2979,ASV3655,FALSE,TRUE,FALSE
2980,ASV3656,TRUE,FALSE,TRUE
2981,ASV3657,TRUE,FALSE,FALSE
2982,ASV3658,TRUE,FALSE,FALSE
2983,ASV3660,TRUE,TRUE,FALSE
2984,ASV3661,FALSE,TRUE,FALSE
2985,ASV3662,TRUE,TRUE,FALSE
2986,ASV3663,TRUE,TRUE,FALSE
2987,ASV3664,TRUE,FALSE,FALSE
2988,ASV3666,TRUE,FALSE,FALSE
2989,ASV3667,TRUE,FALSE,TRUE
2990,ASV3668,TRUE,FALSE,TRUE
2991,ASV3669,TRUE,FALSE,TRUE
2992,ASV3670,TRUE,FALSE,FALSE
2993,ASV3671,TRUE,FALSE,FALSE
2994,ASV3672,TRUE,FALSE,TRUE
2995,ASV3673,TRUE,FALSE,FALSE
2996,ASV3674,TRUE,FALSE,TRUE
2997,ASV3677,FALSE,TRUE,FALSE
2998,ASV3678,TRUE,TRUE,FALSE
2999,ASV3680,TRUE,FALSE,TRUE
3000,ASV3681,TRUE,FALSE,TRUE
3001,ASV3683,TRUE,FALSE,FALSE
3002,ASV3686,TRUE,FALSE,TRUE
3003,ASV3687,TRUE,FALSE,FALSE
3004,ASV3688,TRUE,FALSE,FALSE
3005,ASV3690,TRUE,TRUE,FALSE
3006,ASV3692,TRUE,FALSE,FALSE
3007,ASV3693,FALSE,TRUE,FALSE
3008,ASV3694,FALSE,TRUE,FALSE
3009,ASV3695,TRUE,FALSE,FALSE
3010,ASV3697,FALSE,FALSE,TRUE
3011,ASV3698,FALSE,FALSE,TRUE
3012,ASV3699,FALSE,FALSE,FALSE
3013,ASV3700,TRUE,FALSE,TRUE
3014,ASV3701,TRUE,FALSE,TRUE
3015,ASV3702,FALSE,FALSE,FALSE
3016,ASV3704,TRUE,FALSE,TRUE
3017,ASV3705,TRUE,FALSE,FALSE
3018,ASV3706,TRUE,TRUE,FALSE
3019,ASV3707,TRUE,TRUE,FALSE
3020,ASV3708,TRUE,FALSE,TRUE
3021,ASV3709,TRUE,FALSE,TRUE
3022,ASV3710,TRUE,FALSE,TRUE
3023,ASV3711,TRUE,FALSE,TRUE
3024,ASV3712,TRUE,FALSE,TRUE
3025,ASV3713,TRUE,FALSE,TRUE
3026,ASV3715,TRUE,TRUE,FALSE
3027,ASV3716,TRUE,FALSE,FALSE
3028,ASV3717,TRUE,FALSE,FALSE
3029,ASV3718,TRUE,FALSE,FALSE
3030,ASV3719,TRUE,TRUE,FALSE
3031,ASV3720,TRUE,FALSE,TRUE
3032,ASV3721,TRUE,FALSE,FALSE
3033,ASV3722,TRUE,FALSE,TRUE
3034,ASV3723,TRUE,FALSE,TRUE
3035,ASV3727,TRUE,FALSE,TRUE
3036,ASV3728,FALSE,FALSE,TRUE
3037,ASV3729,TRUE,FALSE,FALSE
3038,ASV3730,FALSE,TRUE,TRUE
3039,ASV3731,FALSE,TRUE,FALSE
3040,ASV3732,TRUE,FALSE,FALSE
3041,ASV3733,FALSE,FALSE,FALSE
3042,ASV3734,TRUE,TRUE,FALSE
3043,ASV3736,TRUE,FALSE,FALSE
3044,ASV3737,FALSE,FALSE,FALSE
3045,ASV3738,TRUE,FALSE,FALSE
3046,ASV3739,TRUE,FALSE,TRUE
3047,ASV3740,TRUE,FALSE,TRUE
3048,ASV3741,TRUE,FALSE,TRUE
3049,ASV3742,FALSE,FALSE,TRUE
3050,ASV3743,TRUE,FALSE,TRUE
3051,ASV3744,TRUE,FALSE,TRUE
3052,ASV3745,TRUE,FALSE,TRUE
3053,ASV3746,TRUE,FALSE,TRUE
3054,ASV3748,TRUE,FALSE,FALSE
3055,ASV3749,TRUE,FALSE,FALSE
3056,ASV3750,TRUE,TRUE,FALSE
3057,ASV3751,TRUE,FALSE,FALSE
3058,ASV3752,TRUE,TRUE,FALSE
3059,ASV3753,TRUE,TRUE,FALSE
3060,ASV3755,FALSE,TRUE,TRUE
3061,ASV3756,FALSE,TRUE,TRUE
3062,ASV3757,FALSE,FALSE,FALSE
3063,ASV3758,FALSE,TRUE,FALSE
3064,ASV3759,TRUE,TRUE,FALSE
3065,ASV3760,TRUE,FALSE,FALSE
3066,ASV3761,TRUE,TRUE,FALSE
3067,ASV3762,FALSE,TRUE,FALSE
3068,ASV3763,FALSE,FALSE,FALSE
3069,ASV3764,TRUE,FALSE,FALSE
3070,ASV3765,TRUE,FALSE,TRUE
3071,ASV3766,TRUE,FALSE,FALSE
3072,ASV3767,TRUE,FALSE,TRUE
3073,ASV3769,TRUE,FALSE,FALSE
3074,ASV3770,TRUE,FALSE,FALSE
3075,ASV3772,FALSE,FALSE,TRUE
3076,ASV3773,TRUE,FALSE,FALSE
3077,ASV3774,TRUE,FALSE,TRUE
3078,ASV3775,TRUE,FALSE,FALSE
3079,ASV3776,TRUE,TRUE,FALSE
3080,ASV3777,TRUE,TRUE,FALSE
3081,ASV3778,TRUE,TRUE,FALSE
3082,ASV3780,TRUE,TRUE,FALSE
3083,ASV3781,TRUE,FALSE,FALSE
3084,ASV3782,TRUE,TRUE,FALSE
3085,ASV3783,FALSE,TRUE,FALSE
3086,ASV3785,TRUE,FALSE,FALSE
3087,ASV3786,FALSE,FALSE,FALSE
3088,ASV3787,TRUE,FALSE,TRUE
3089,ASV3788,TRUE,FALSE,TRUE
3090,ASV3789,TRUE,FALSE,FALSE
3091,ASV3790,TRUE,FALSE,FALSE
3092,ASV3791,TRUE,FALSE,TRUE
3093,ASV3792,TRUE,FALSE,TRUE
3094,ASV3793,TRUE,FALSE,TRUE
3095,ASV3794,TRUE,FALSE,FALSE
3096,ASV3795,TRUE,TRUE,FALSE
3097,ASV3796,TRUE,TRUE,FALSE
3098,ASV3797,FALSE,FALSE,FALSE
3099,ASV3798,TRUE,FALSE,FALSE
3100,ASV3799,FALSE,TRUE,FALSE
3101,ASV3800,FALSE,TRUE,FALSE
3102,ASV3802,FALSE,TRUE,TRUE
3103,ASV3803,FALSE,TRUE,TRUE
3104,ASV3804,FALSE,TRUE,TRUE
3105,ASV3805,FALSE,FALSE,FALSE
3106,ASV3807,TRUE,FALSE,TRUE
3107,ASV3809,FALSE,TRUE,FALSE
3108,ASV3810,TRUE,FALSE,TRUE
3109,ASV3811,TRUE,FALSE,FALSE
3110,ASV3812,TRUE,FALSE,TRUE
3111,ASV3813,TRUE,FALSE,TRUE
3112,ASV3814,FALSE,TRUE,TRUE
3113,ASV3815,TRUE,FALSE,FALSE
3114,ASV3818,TRUE,FALSE,TRUE
3115,ASV3819,TRUE,FALSE,FALSE
3116,ASV3820,TRUE,FALSE,TRUE
3117,ASV3821,TRUE,FALSE,FALSE
3118,ASV3822,TRUE,FALSE,TRUE
3119,ASV3823,TRUE,FALSE,TRUE
3120,ASV3824,TRUE,FALSE,TRUE
3121,ASV3825,TRUE,FALSE,FALSE
3122,ASV3827,TRUE,FALSE,FALSE
3123,ASV3828,TRUE,FALSE,TRUE
3124,ASV3830,TRUE,TRUE,FALSE
3125,ASV3831,TRUE,TRUE,FALSE
3126,ASV3832,TRUE,FALSE,FALSE
3127,ASV3833,FALSE,TRUE,FALSE
3128,ASV3834,TRUE,TRUE,FALSE
3129,ASV3835,TRUE,TRUE,FALSE
3130,ASV3836,TRUE,FALSE,FALSE
3131,ASV3838,TRUE,FALSE,TRUE
3132,ASV3839,TRUE,FALSE,TRUE
3133,ASV3841,TRUE,FALSE,TRUE
3134,ASV3842,TRUE,FALSE,TRUE
3135,ASV3843,TRUE,TRUE,FALSE
3136,ASV3844,TRUE,TRUE,FALSE
3137,ASV3845,FALSE,TRUE,FALSE
3138,ASV3846,TRUE,FALSE,TRUE
3139,ASV3847,TRUE,TRUE,FALSE
3140,ASV3848,FALSE,FALSE,FALSE
3141,ASV3849,TRUE,TRUE,FALSE
3142,ASV3850,FALSE,TRUE,FALSE
3143,ASV3851,TRUE,TRUE,FALSE
3144,ASV3853,TRUE,FALSE,FALSE
3145,ASV3854,FALSE,TRUE,TRUE
3146,ASV3857,TRUE,FALSE,FALSE
3147,ASV3860,TRUE,FALSE,TRUE
3148,ASV3862,TRUE,FALSE,TRUE
3149,ASV3863,TRUE,FALSE,TRUE
3150,ASV3864,TRUE,FALSE,TRUE
3151,ASV3865,TRUE,FALSE,TRUE
3152,ASV3866,TRUE,FALSE,FALSE
3153,ASV3867,TRUE,FALSE,FALSE
3154,ASV3868,TRUE,TRUE,FALSE
3155,ASV3870,TRUE,FALSE,FALSE
3156,ASV3871,FALSE,FALSE,FALSE
3157,ASV3872,FALSE,FALSE,TRUE
3158,ASV3873,FALSE,FALSE,TRUE
3159,ASV3874,TRUE,FALSE,FALSE
3160,ASV3875,TRUE,FALSE,TRUE
3161,ASV3876,TRUE,FALSE,TRUE
3162,ASV3877,TRUE,FALSE,TRUE
3163,ASV3878,TRUE,FALSE,FALSE
3164,ASV3879,TRUE,FALSE,TRUE
3165,ASV3880,TRUE,FALSE,TRUE
3166,ASV3881,FALSE,FALSE,TRUE
3167,ASV3882,TRUE,TRUE,FALSE
3168,ASV3883,TRUE,FALSE,FALSE
3169,ASV3884,TRUE,FALSE,FALSE
3170,ASV3885,TRUE,FALSE,TRUE
3171,ASV3887,TRUE,TRUE,FALSE
3172,ASV3888,TRUE,FALSE,TRUE
3173,ASV3890,TRUE,TRUE,FALSE
3174,ASV3891,TRUE,FALSE,FALSE
3175,ASV3892,FALSE,FALSE,FALSE
3176,ASV3895,FALSE,FALSE,TRUE
3177,ASV3896,FALSE,FALSE,TRUE
3178,ASV3897,FALSE,TRUE,FALSE
3179,ASV3898,TRUE,FALSE,TRUE
3180,ASV3899,TRUE,FALSE,TRUE
3181,ASV3900,TRUE,FALSE,TRUE
3182,ASV3902,TRUE,FALSE,TRUE
3183,ASV3903,TRUE,FALSE,FALSE
3184,ASV3904,FALSE,TRUE,FALSE
3185,ASV3905,TRUE,FALSE,TRUE
3186,ASV3907,FALSE,TRUE,FALSE
3187,ASV3908,FALSE,TRUE,FALSE
3188,ASV3909,TRUE,TRUE,FALSE
3189,ASV3910,TRUE,FALSE,FALSE
3190,ASV3911,TRUE,FALSE,FALSE
3191,ASV3913,TRUE,TRUE,FALSE
3192,ASV3914,TRUE,FALSE,FALSE
3193,ASV3916,TRUE,FALSE,FALSE
3194,ASV3917,FALSE,FALSE,FALSE
3195,ASV3918,TRUE,FALSE,TRUE
3196,ASV3919,TRUE,FALSE,TRUE
3197,ASV3920,TRUE,FALSE,FALSE
3198,ASV3921,TRUE,FALSE,TRUE
3199,ASV3923,TRUE,FALSE,FALSE
3200,ASV3924,TRUE,TRUE,FALSE
3201,ASV3925,TRUE,FALSE,FALSE
3202,ASV3926,TRUE,FALSE,FALSE
3203,ASV3927,TRUE,FALSE,TRUE
3204,ASV3928,TRUE,FALSE,TRUE
3205,ASV3929,TRUE,TRUE,FALSE
3206,ASV3931,FALSE,FALSE,FALSE
3207,ASV3935,TRUE,TRUE,FALSE
3208,ASV3936,TRUE,FALSE,FALSE
3209,ASV3937,FALSE,FALSE,TRUE
3210,ASV3938,TRUE,FALSE,TRUE
3211,ASV3939,TRUE,FALSE,TRUE
3212,ASV3940,TRUE,FALSE,TRUE
3213,ASV3941,TRUE,FALSE,TRUE
3214,ASV3942,TRUE,TRUE,FALSE
3215,ASV3943,TRUE,FALSE,TRUE
3216,ASV3944,TRUE,FALSE,TRUE
3217,ASV3945,TRUE,FALSE,TRUE
3218,ASV3946,TRUE,FALSE,TRUE
3219,ASV3947,TRUE,FALSE,TRUE
3220,ASV3948,TRUE,TRUE,FALSE
3221,ASV3949,FALSE,TRUE,FALSE
3222,ASV3951,TRUE,FALSE,FALSE
3223,ASV3952,FALSE,FALSE,FALSE
3224,ASV3956,TRUE,FALSE,FALSE
3225,ASV3957,TRUE,FALSE,FALSE
3226,ASV3958,FALSE,FALSE,FALSE
3227,ASV3959,FALSE,FALSE,TRUE
3228,ASV3960,FALSE,FALSE,TRUE
3229,ASV3961,TRUE,FALSE,TRUE
3230,ASV3962,TRUE,FALSE,TRUE
3231,ASV3963,TRUE,FALSE,FALSE
3232,ASV3964,TRUE,FALSE,TRUE
3233,ASV3965,TRUE,FALSE,TRUE
3234,ASV3966,TRUE,FALSE,TRUE
3235,ASV3967,TRUE,TRUE,FALSE
3236,ASV3968,TRUE,FALSE,TRUE
3237,ASV3969,TRUE,FALSE,FALSE
3238,ASV3971,TRUE,TRUE,FALSE
3239,ASV3972,TRUE,FALSE,FALSE
3240,ASV3973,FALSE,FALSE,FALSE
3241,ASV3974,FALSE,FALSE,TRUE
3242,ASV3975,FALSE,FALSE,FALSE
3243,ASV3976,TRUE,FALSE,TRUE
3244,ASV3977,TRUE,FALSE,TRUE
3245,ASV3978,TRUE,FALSE,TRUE
3246,ASV3979,FALSE,FALSE,TRUE
3247,ASV3980,TRUE,FALSE,TRUE
3248,ASV3981,TRUE,FALSE,TRUE
3249,ASV3982,TRUE,FALSE,TRUE
3250,ASV3983,TRUE,FALSE,TRUE
3251,ASV3984,TRUE,FALSE,FALSE
3252,ASV3985,TRUE,FALSE,TRUE
3253,ASV3986,TRUE,FALSE,TRUE
3254,ASV3987,TRUE,TRUE,FALSE
3255,ASV3988,FALSE,TRUE,TRUE
3256,ASV3989,FALSE,TRUE,FALSE
3257,ASV3991,TRUE,FALSE,FALSE
3258,ASV3993,TRUE,TRUE,FALSE
3259,ASV3994,TRUE,FALSE,FALSE
3260,ASV3995,FALSE,FALSE,FALSE
3261,ASV3996,TRUE,TRUE,FALSE
3262,ASV3997,TRUE,FALSE,FALSE
3263,ASV3998,TRUE,TRUE,FALSE
3264,ASV3999,TRUE,FALSE,FALSE
3265,ASV4000,FALSE,TRUE,FALSE
3266,ASV4001,TRUE,FALSE,FALSE
3267,ASV4002,TRUE,FALSE,TRUE
3268,ASV4003,TRUE,FALSE,TRUE
3269,ASV4004,TRUE,FALSE,FALSE
3270,ASV4005,TRUE,FALSE,FALSE
3271,ASV4006,TRUE,TRUE,FALSE
3272,ASV4007,TRUE,FALSE,FALSE
3273,ASV4008,TRUE,FALSE,FALSE
3274,ASV4009,TRUE,FALSE,FALSE
3275,ASV4010,TRUE,FALSE,TRUE
3276,ASV4011,TRUE,TRUE,FALSE
3277,ASV4013,TRUE,FALSE,TRUE
3278,ASV4014,TRUE,TRUE,FALSE
3279,ASV4015,FALSE,FALSE,FALSE
3280,ASV4016,TRUE,TRUE,FALSE
3281,ASV4017,TRUE,TRUE,FALSE
3282,ASV4018,TRUE,FALSE,FALSE
3283,ASV4021,TRUE,TRUE,FALSE
3284,ASV4022,FALSE,TRUE,FALSE
3285,ASV4023,TRUE,TRUE,FALSE
3286,ASV4024,TRUE,TRUE,FALSE
3287,ASV4025,FALSE,TRUE,FALSE
3288,ASV4027,TRUE,TRUE,FALSE
3289,ASV4029,FALSE,TRUE,FALSE
3290,ASV4031,TRUE,FALSE,TRUE
3291,ASV4032,TRUE,FALSE,TRUE
3292,ASV4033,TRUE,FALSE,FALSE
3293,ASV4034,TRUE,FALSE,TRUE
3294,ASV4035,TRUE,FALSE,FALSE
3295,ASV4036,TRUE,FALSE,FALSE
3296,ASV4037,TRUE,FALSE,FALSE
3297,ASV4038,TRUE,FALSE,FALSE
3298,ASV4039,TRUE,FALSE,FALSE
3299,ASV4040,TRUE,FALSE,FALSE
3300,ASV4041,TRUE,TRUE,FALSE
3301,ASV4042,TRUE,TRUE,FALSE
3302,ASV4043,TRUE,FALSE,FALSE
3303,ASV4045,FALSE,TRUE,FALSE
3304,ASV4046,TRUE,TRUE,FALSE
3305,ASV4047,TRUE,FALSE,FALSE
3306,ASV4050,TRUE,FALSE,FALSE
3307,ASV4053,FALSE,FALSE,FALSE
3308,ASV4054,TRUE,FALSE,TRUE
3309,ASV4055,TRUE,FALSE,FALSE
3310,ASV4056,TRUE,FALSE,FALSE
3311,ASV4057,TRUE,FALSE,FALSE
3312,ASV4058,TRUE,FALSE,TRUE
3313,ASV4059,TRUE,FALSE,TRUE
3314,ASV4060,TRUE,FALSE,TRUE
3315,ASV4061,FALSE,FALSE,TRUE
3316,ASV4062,TRUE,FALSE,TRUE
3317,ASV4063,TRUE,TRUE,FALSE
3318,ASV4064,TRUE,FALSE,TRUE
3319,ASV4065,TRUE,FALSE,TRUE
3320,ASV4066,TRUE,FALSE,TRUE
3321,ASV4067,FALSE,TRUE,FALSE
3322,ASV4068,FALSE,TRUE,FALSE
3323,ASV4070,TRUE,TRUE,FALSE
3324,ASV4071,FALSE,TRUE,FALSE
3325,ASV4072,FALSE,FALSE,FALSE
3326,ASV4073,FALSE,TRUE,TRUE
3327,ASV4075,FALSE,TRUE,TRUE
3328,ASV4076,TRUE,FALSE,TRUE
3329,ASV4077,TRUE,FALSE,TRUE
3330,ASV4078,TRUE,FALSE,TRUE
3331,ASV4081,TRUE,FALSE,TRUE
3332,ASV4082,TRUE,FALSE,TRUE
3333,ASV4083,TRUE,FALSE,FALSE
3334,ASV4085,FALSE,TRUE,FALSE
3335,ASV4086,TRUE,FALSE,TRUE
3336,ASV4087,TRUE,FALSE,TRUE
3337,ASV4089,TRUE,FALSE,TRUE
3338,ASV4090,TRUE,TRUE,FALSE
3339,ASV4091,TRUE,TRUE,FALSE
3340,ASV4092,TRUE,TRUE,FALSE
3341,ASV4093,FALSE,FALSE,TRUE
3342,ASV4094,TRUE,TRUE,FALSE
3343,ASV4095,TRUE,TRUE,FALSE
3344,ASV4097,TRUE,TRUE,FALSE
3345,ASV4098,TRUE,TRUE,FALSE
3346,ASV4099,FALSE,TRUE,FALSE
3347,ASV4100,TRUE,TRUE,FALSE
3348,ASV4101,TRUE,FALSE,FALSE
3349,ASV4102,TRUE,FALSE,FALSE
3350,ASV4103,TRUE,FALSE,TRUE
3351,ASV4105,TRUE,FALSE,TRUE
3352,ASV4106,TRUE,FALSE,TRUE
3353,ASV4107,TRUE,FALSE,TRUE
3354,ASV4108,TRUE,FALSE,TRUE
3355,ASV4109,TRUE,FALSE,FALSE
3356,ASV4110,TRUE,FALSE,FALSE
3357,ASV4111,TRUE,FALSE,TRUE
3358,ASV4112,FALSE,FALSE,FALSE
3359,ASV4114,TRUE,FALSE,FALSE
3360,ASV4115,TRUE,TRUE,FALSE
3361,ASV4116,TRUE,FALSE,FALSE
3362,ASV4118,TRUE,FALSE,FALSE
3363,ASV4121,TRUE,TRUE,FALSE
3364,ASV4122,TRUE,FALSE,TRUE
3365,ASV4123,TRUE,FALSE,TRUE
3366,ASV4124,TRUE,FALSE,FALSE
3367,ASV4128,TRUE,FALSE,TRUE
3368,ASV4130,TRUE,FALSE,TRUE
3369,ASV4131,TRUE,FALSE,FALSE
3370,ASV4132,TRUE,TRUE,FALSE
3371,ASV4133,TRUE,TRUE,FALSE
3372,ASV4135,TRUE,FALSE,TRUE
3373,ASV4136,TRUE,TRUE,FALSE
3374,ASV4138,TRUE,TRUE,FALSE
3375,ASV4139,FALSE,TRUE,FALSE
3376,ASV4141,TRUE,TRUE,FALSE
3377,ASV4142,TRUE,FALSE,FALSE
3378,ASV4143,FALSE,TRUE,FALSE
3379,ASV4144,TRUE,FALSE,TRUE
3380,ASV4145,TRUE,FALSE,TRUE
3381,ASV4146,TRUE,FALSE,FALSE
3382,ASV4148,TRUE,FALSE,TRUE
3383,ASV4149,TRUE,FALSE,FALSE
3384,ASV4151,TRUE,TRUE,FALSE
3385,ASV4152,TRUE,TRUE,FALSE
3386,ASV4153,TRUE,TRUE,FALSE
3387,ASV4154,TRUE,FALSE,TRUE
3388,ASV4155,TRUE,FALSE,TRUE
3389,ASV4156,TRUE,TRUE,FALSE
3390,ASV4157,FALSE,TRUE,FALSE
3391,ASV4158,TRUE,TRUE,FALSE
3392,ASV4161,TRUE,TRUE,FALSE
3393,ASV4163,TRUE,TRUE,FALSE
3394,ASV4165,TRUE,FALSE,FALSE
3395,ASV4167,FALSE,FALSE,FALSE
3396,ASV4170,TRUE,FALSE,FALSE
3397,ASV4171,TRUE,FALSE,TRUE
3398,ASV4172,TRUE,FALSE,TRUE
3399,ASV4173,TRUE,FALSE,TRUE
3400,ASV4174,TRUE,FALSE,TRUE
3401,ASV4175,TRUE,TRUE,FALSE
3402,ASV4176,TRUE,FALSE,FALSE
3403,ASV4177,TRUE,TRUE,FALSE
3404,ASV4178,TRUE,TRUE,FALSE
3405,ASV4179,TRUE,TRUE,FALSE
3406,ASV4180,TRUE,FALSE,FALSE
3407,ASV4181,TRUE,TRUE,FALSE
3408,ASV4182,TRUE,TRUE,FALSE
3409,ASV4183,TRUE,TRUE,FALSE
3410,ASV4184,FALSE,TRUE,FALSE
3411,ASV4185,TRUE,TRUE,FALSE
3412,ASV4186,TRUE,TRUE,FALSE
3413,ASV4187,TRUE,FALSE,FALSE
3414,ASV4188,TRUE,FALSE,TRUE
3415,ASV4189,TRUE,FALSE,TRUE
3416,ASV4191,TRUE,FALSE,TRUE
3417,ASV4192,TRUE,FALSE,TRUE
3418,ASV4193,TRUE,FALSE,TRUE
3419,ASV4194,TRUE,FALSE,TRUE
3420,ASV4195,TRUE,FALSE,TRUE
3421,ASV4196,FALSE,FALSE,TRUE
3422,ASV4197,TRUE,FALSE,TRUE
3423,ASV4198,TRUE,FALSE,FALSE
3424,ASV4200,TRUE,TRUE,FALSE
3425,ASV4201,TRUE,FALSE,FALSE
3426,ASV4202,TRUE,FALSE,FALSE
3427,ASV4203,TRUE,TRUE,FALSE
3428,ASV4204,TRUE,TRUE,FALSE
3429,ASV4206,FALSE,FALSE,TRUE
3430,ASV4207,FALSE,FALSE,FALSE
3431,ASV4209,TRUE,FALSE,TRUE
3432,ASV4210,TRUE,FALSE,TRUE
3433,ASV4211,TRUE,FALSE,TRUE
3434,ASV4212,TRUE,FALSE,FALSE
3435,ASV4213,TRUE,FALSE,TRUE
3436,ASV4214,TRUE,FALSE,TRUE
3437,ASV4215,FALSE,FALSE,TRUE
3438,ASV4216,TRUE,FALSE,FALSE
3439,ASV4217,TRUE,FALSE,FALSE
3440,ASV4219,TRUE,TRUE,FALSE
3441,ASV4220,FALSE,TRUE,FALSE
3442,ASV4221,TRUE,FALSE,FALSE
3443,ASV4222,TRUE,FALSE,TRUE
3444,ASV4223,TRUE,FALSE,TRUE
3445,ASV4224,TRUE,FALSE,TRUE
3446,ASV4225,TRUE,TRUE,FALSE
3447,ASV4226,TRUE,TRUE,FALSE
3448,ASV4228,TRUE,TRUE,FALSE
3449,ASV4229,FALSE,TRUE,FALSE
3450,ASV4230,FALSE,TRUE,FALSE
3451,ASV4231,TRUE,FALSE,FALSE
3452,ASV4232,TRUE,FALSE,FALSE
3453,ASV4233,TRUE,TRUE,FALSE
3454,ASV4234,TRUE,FALSE,FALSE
3455,ASV4235,TRUE,TRUE,FALSE
3456,ASV4236,TRUE,TRUE,FALSE
3457,ASV4237,FALSE,FALSE,TRUE
3458,ASV4238,FALSE,FALSE,TRUE
3459,ASV4240,TRUE,FALSE,TRUE
3460,ASV4241,TRUE,FALSE,FALSE
3461,ASV4242,TRUE,FALSE,TRUE
3462,ASV4244,TRUE,FALSE,FALSE
3463,ASV4245,TRUE,FALSE,FALSE
3464,ASV4246,TRUE,FALSE,FALSE
3465,ASV4247,TRUE,TRUE,FALSE
3466,ASV4248,TRUE,FALSE,FALSE
3467,ASV4249,TRUE,FALSE,FALSE
3468,ASV4251,TRUE,FALSE,FALSE
3469,ASV4253,TRUE,FALSE,FALSE
3470,ASV4255,TRUE,TRUE,FALSE
3471,ASV4256,TRUE,TRUE,FALSE
3472,ASV4257,TRUE,TRUE,FALSE
3473,ASV4258,TRUE,TRUE,FALSE
3474,ASV4259,TRUE,TRUE,FALSE
3475,ASV4260,TRUE,FALSE,TRUE
3476,ASV4263,TRUE,FALSE,FALSE
3477,ASV4264,TRUE,FALSE,TRUE
3478,ASV4265,TRUE,FALSE,TRUE
3479,ASV4266,TRUE,FALSE,TRUE
3480,ASV4268,FALSE,TRUE,FALSE
3481,ASV4269,TRUE,FALSE,FALSE
3482,ASV4270,TRUE,TRUE,FALSE
3483,ASV4271,TRUE,TRUE,FALSE
3484,ASV4272,TRUE,TRUE,FALSE
3485,ASV4273,TRUE,FALSE,FALSE
3486,ASV4276,TRUE,FALSE,FALSE
3487,ASV4277,FALSE,TRUE,FALSE
3488,ASV4279,FALSE,TRUE,TRUE
3489,ASV4280,FALSE,FALSE,TRUE
3490,ASV4281,TRUE,FALSE,TRUE
3491,ASV4283,TRUE,FALSE,FALSE
3492,ASV4284,TRUE,FALSE,TRUE
3493,ASV4285,TRUE,FALSE,TRUE
3494,ASV4287,TRUE,FALSE,TRUE
3495,ASV4288,TRUE,FALSE,TRUE
3496,ASV4289,TRUE,FALSE,FALSE
3497,ASV4290,TRUE,FALSE,TRUE
3498,ASV4291,TRUE,FALSE,FALSE
3499,ASV4292,FALSE,TRUE,FALSE
3500,ASV4293,TRUE,TRUE,FALSE
3501,ASV4294,FALSE,FALSE,TRUE
3502,ASV4296,TRUE,FALSE,FALSE
3503,ASV4297,TRUE,TRUE,FALSE
3504,ASV4299,FALSE,TRUE,FALSE
3505,ASV4300,TRUE,TRUE,FALSE
3506,ASV4301,FALSE,TRUE,FALSE
3507,ASV4304,TRUE,FALSE,TRUE
3508,ASV4305,TRUE,FALSE,TRUE
3509,ASV4307,TRUE,TRUE,FALSE
3510,ASV4309,TRUE,FALSE,FALSE
3511,ASV4310,TRUE,FALSE,TRUE
3512,ASV4311,TRUE,FALSE,FALSE
3513,ASV4312,TRUE,FALSE,FALSE
3514,ASV4313,TRUE,FALSE,TRUE
3515,ASV4314,FALSE,TRUE,TRUE
3516,ASV4316,TRUE,TRUE,FALSE
3517,ASV4317,TRUE,FALSE,FALSE
3518,ASV4318,TRUE,TRUE,FALSE
3519,ASV4319,TRUE,TRUE,FALSE
3520,ASV4320,TRUE,TRUE,FALSE
3521,ASV4321,TRUE,TRUE,FALSE
3522,ASV4322,FALSE,TRUE,FALSE
3523,ASV4324,TRUE,TRUE,FALSE
3524,ASV4325,FALSE,FALSE,FALSE
3525,ASV4326,TRUE,FALSE,TRUE
3526,ASV4327,TRUE,FALSE,TRUE
3527,ASV4328,TRUE,FALSE,TRUE
3528,ASV4329,FALSE,FALSE,FALSE
3529,ASV4330,TRUE,FALSE,TRUE
3530,ASV4331,TRUE,FALSE,TRUE
3531,ASV4332,TRUE,FALSE,TRUE
3532,ASV4333,TRUE,FALSE,TRUE
3533,ASV4334,TRUE,FALSE,TRUE
3534,ASV4335,TRUE,TRUE,FALSE
3535,ASV4336,TRUE,TRUE,FALSE
3536,ASV4337,TRUE,FALSE,FALSE
3537,ASV4338,TRUE,FALSE,FALSE
3538,ASV4341,TRUE,TRUE,FALSE
3539,ASV4343,TRUE,TRUE,FALSE
3540,ASV4344,FALSE,TRUE,FALSE
3541,ASV4345,FALSE,TRUE,FALSE
3542,ASV4346,TRUE,FALSE,TRUE
3543,ASV4347,TRUE,FALSE,TRUE
3544,ASV4348,TRUE,FALSE,TRUE
3545,ASV4349,FALSE,TRUE,FALSE
3546,ASV4350,FALSE,TRUE,FALSE
3547,ASV4351,TRUE,FALSE,FALSE
3548,ASV4352,TRUE,TRUE,FALSE
3549,ASV4353,FALSE,TRUE,FALSE
3550,ASV4354,TRUE,TRUE,FALSE
3551,ASV4355,FALSE,TRUE,TRUE
3552,ASV4356,FALSE,TRUE,TRUE
3553,ASV4357,TRUE,FALSE,FALSE
3554,ASV4359,TRUE,TRUE,FALSE
3555,ASV4361,TRUE,TRUE,FALSE
3556,ASV4362,TRUE,FALSE,FALSE
3557,ASV4364,TRUE,FALSE,FALSE
3558,ASV4365,TRUE,TRUE,FALSE
3559,ASV4366,TRUE,TRUE,FALSE
3560,ASV4367,TRUE,FALSE,FALSE
3561,ASV4369,TRUE,FALSE,FALSE
3562,ASV4371,TRUE,FALSE,FALSE
3563,ASV4372,TRUE,FALSE,TRUE
3564,ASV4373,TRUE,FALSE,TRUE
3565,ASV4374,TRUE,FALSE,TRUE
3566,ASV4375,TRUE,FALSE,TRUE
3567,ASV4376,TRUE,FALSE,TRUE
3568,ASV4377,TRUE,FALSE,TRUE
3569,ASV4378,TRUE,FALSE,TRUE
3570,ASV4379,TRUE,FALSE,TRUE
3571,ASV4380,TRUE,FALSE,TRUE
3572,ASV4381,TRUE,FALSE,TRUE
3573,ASV4382,TRUE,FALSE,FALSE
3574,ASV4383,TRUE,FALSE,TRUE
3575,ASV4385,TRUE,FALSE,TRUE
3576,ASV4387,TRUE,TRUE,FALSE
3577,ASV4389,TRUE,FALSE,TRUE
3578,ASV4390,TRUE,FALSE,TRUE
3579,ASV4391,FALSE,TRUE,TRUE
3580,ASV4392,FALSE,TRUE,TRUE
3581,ASV4393,FALSE,TRUE,FALSE
3582,ASV4395,TRUE,TRUE,FALSE
3583,ASV4397,TRUE,FALSE,FALSE
3584,ASV4398,FALSE,FALSE,TRUE
3585,ASV4399,TRUE,FALSE,TRUE
3586,ASV4400,TRUE,FALSE,TRUE
3587,ASV4401,TRUE,FALSE,TRUE
3588,ASV4403,TRUE,FALSE,FALSE
3589,ASV4404,TRUE,FALSE,TRUE
3590,ASV4405,TRUE,FALSE,TRUE
3591,ASV4406,TRUE,FALSE,TRUE
3592,ASV4407,TRUE,FALSE,TRUE
3593,ASV4408,TRUE,TRUE,FALSE
3594,ASV4410,TRUE,TRUE,FALSE
3595,ASV4411,FALSE,FALSE,TRUE
3596,ASV4413,TRUE,TRUE,FALSE
3597,ASV4414,TRUE,TRUE,FALSE
3598,ASV4416,TRUE,TRUE,FALSE
3599,ASV4419,TRUE,TRUE,FALSE
3600,ASV4422,TRUE,FALSE,FALSE
3601,ASV4423,TRUE,FALSE,FALSE
3602,ASV4424,FALSE,FALSE,TRUE
3603,ASV4425,FALSE,FALSE,FALSE
3604,ASV4426,FALSE,TRUE,TRUE
3605,ASV4428,TRUE,FALSE,FALSE
3606,ASV4429,TRUE,FALSE,FALSE
3607,ASV4430,TRUE,FALSE,TRUE
3608,ASV4432,TRUE,FALSE,TRUE
3609,ASV4433,TRUE,FALSE,FALSE
3610,ASV4434,TRUE,FALSE,FALSE
3611,ASV4436,TRUE,TRUE,FALSE
3612,ASV4437,TRUE,TRUE,FALSE
3613,ASV4438,TRUE,FALSE,TRUE
3614,ASV4439,TRUE,FALSE,TRUE
3615,ASV4440,TRUE,FALSE,TRUE
3616,ASV4442,FALSE,TRUE,TRUE
3617,ASV4443,TRUE,TRUE,FALSE
3618,ASV4444,TRUE,TRUE,FALSE
3619,ASV4446,TRUE,TRUE,FALSE
3620,ASV4447,TRUE,TRUE,FALSE
3621,ASV4448,FALSE,FALSE,TRUE
3622,ASV4449,TRUE,FALSE,TRUE
3623,ASV4450,TRUE,FALSE,TRUE
3624,ASV4452,TRUE,FALSE,TRUE
3625,ASV4455,TRUE,FALSE,FALSE
3626,ASV4457,FALSE,TRUE,FALSE
3627,ASV4459,TRUE,FALSE,TRUE
3628,ASV4460,TRUE,FALSE,TRUE
3629,ASV4461,TRUE,TRUE,FALSE
3630,ASV4462,TRUE,TRUE,FALSE
3631,ASV4463,FALSE,FALSE,FALSE
3632,ASV4464,TRUE,FALSE,FALSE
3633,ASV4465,TRUE,FALSE,FALSE
3634,ASV4468,FALSE,FALSE,FALSE
3635,ASV4469,FALSE,TRUE,FALSE
3636,ASV4470,TRUE,TRUE,FALSE
3637,ASV4472,TRUE,TRUE,FALSE
3638,ASV4474,TRUE,FALSE,TRUE
3639,ASV4475,TRUE,FALSE,FALSE
3640,ASV4476,TRUE,FALSE,TRUE
3641,ASV4477,TRUE,FALSE,TRUE
3642,ASV4478,TRUE,FALSE,TRUE
3643,ASV4479,TRUE,FALSE,FALSE
3644,ASV4480,TRUE,FALSE,FALSE
3645,ASV4482,TRUE,FALSE,FALSE
3646,ASV4483,TRUE,FALSE,FALSE
3647,ASV4484,TRUE,FALSE,TRUE
3648,ASV4485,TRUE,FALSE,TRUE
3649,ASV4486,TRUE,TRUE,FALSE
3650,ASV4487,FALSE,TRUE,TRUE
3651,ASV4489,TRUE,FALSE,FALSE
3652,ASV4490,TRUE,TRUE,FALSE
3653,ASV4491,TRUE,FALSE,FALSE
3654,ASV4492,TRUE,TRUE,FALSE
3655,ASV4493,TRUE,FALSE,FALSE
3656,ASV4494,TRUE,TRUE,FALSE
3657,ASV4495,TRUE,TRUE,FALSE
3658,ASV4496,TRUE,TRUE,FALSE
3659,ASV4497,TRUE,TRUE,FALSE
3660,ASV4499,TRUE,TRUE,FALSE
3661,ASV4500,TRUE,FALSE,FALSE
3662,ASV4501,TRUE,FALSE,TRUE
3663,ASV4502,TRUE,FALSE,FALSE
3664,ASV4503,TRUE,FALSE,FALSE
3665,ASV4505,TRUE,FALSE,TRUE
3666,ASV4506,TRUE,FALSE,FALSE
3667,ASV4507,TRUE,TRUE,FALSE
3668,ASV4508,TRUE,FALSE,TRUE
3669,ASV4509,TRUE,FALSE,TRUE
3670,ASV4510,TRUE,FALSE,TRUE
3671,ASV4511,TRUE,FALSE,TRUE
3672,ASV4512,TRUE,FALSE,TRUE
3673,ASV4513,TRUE,FALSE,TRUE
3674,ASV4514,TRUE,FALSE,TRUE
3675,ASV4515,TRUE,FALSE,TRUE
3676,ASV4516,FALSE,TRUE,TRUE
3677,ASV4518,TRUE,TRUE,FALSE
3678,ASV4520,TRUE,FALSE,FALSE
3679,ASV4521,TRUE,FALSE,FALSE
3680,ASV4522,TRUE,TRUE,FALSE
3681,ASV4525,TRUE,TRUE,FALSE
3682,ASV4526,TRUE,TRUE,FALSE
3683,ASV4527,TRUE,FALSE,FALSE
3684,ASV4528,TRUE,TRUE,FALSE
3685,ASV4529,TRUE,FALSE,FALSE
3686,ASV4530,TRUE,FALSE,FALSE
3687,ASV4531,FALSE,TRUE,TRUE
3688,ASV4532,FALSE,TRUE,TRUE
3689,ASV4533,FALSE,FALSE,FALSE
3690,ASV4534,TRUE,FALSE,FALSE
3691,ASV4535,TRUE,FALSE,TRUE
3692,ASV4537,TRUE,FALSE,TRUE
3693,ASV4538,TRUE,FALSE,TRUE
3694,ASV4539,TRUE,FALSE,TRUE
3695,ASV4541,TRUE,FALSE,FALSE
3696,ASV4543,TRUE,FALSE,TRUE
3697,ASV4544,TRUE,TRUE,FALSE
3698,ASV4545,TRUE,TRUE,FALSE
3699,ASV4546,TRUE,TRUE,FALSE
3700,ASV4549,TRUE,TRUE,FALSE
3701,ASV4550,TRUE,FALSE,FALSE
3702,ASV4551,TRUE,TRUE,FALSE
3703,ASV4554,FALSE,TRUE,FALSE
3704,ASV4555,TRUE,FALSE,FALSE
3705,ASV4556,FALSE,TRUE,FALSE
3706,ASV4557,FALSE,TRUE,FALSE
3707,ASV4558,TRUE,FALSE,TRUE
3708,ASV4559,TRUE,FALSE,FALSE
3709,ASV4560,TRUE,FALSE,FALSE
3710,ASV4561,TRUE,FALSE,TRUE
3711,ASV4562,TRUE,FALSE,TRUE
3712,ASV4563,TRUE,FALSE,TRUE
3713,ASV4564,TRUE,FALSE,FALSE
3714,ASV4566,TRUE,FALSE,FALSE
3715,ASV4567,TRUE,FALSE,TRUE
3716,ASV4568,TRUE,FALSE,TRUE
3717,ASV4569,TRUE,TRUE,FALSE
3718,ASV4570,TRUE,TRUE,FALSE
3719,ASV4571,TRUE,TRUE,FALSE
3720,ASV4572,TRUE,TRUE,FALSE
3721,ASV4573,TRUE,FALSE,TRUE
3722,ASV4575,TRUE,TRUE,FALSE
3723,ASV4577,TRUE,FALSE,FALSE
3724,ASV4578,TRUE,TRUE,FALSE
3725,ASV4579,TRUE,TRUE,FALSE
3726,ASV4580,TRUE,TRUE,FALSE
3727,ASV4581,FALSE,TRUE,TRUE
3728,ASV4583,TRUE,FALSE,TRUE
3729,ASV4584,TRUE,FALSE,TRUE
3730,ASV4585,TRUE,FALSE,TRUE
3731,ASV4586,TRUE,FALSE,TRUE
3732,ASV4587,TRUE,FALSE,TRUE
3733,ASV4588,TRUE,FALSE,FALSE
3734,ASV4589,FALSE,TRUE,FALSE
3735,ASV4590,TRUE,TRUE,FALSE
3736,ASV4591,TRUE,FALSE,TRUE
3737,ASV4592,TRUE,FALSE,TRUE
3738,ASV4593,TRUE,FALSE,FALSE
3739,ASV4594,TRUE,FALSE,TRUE
3740,ASV4595,TRUE,FALSE,FALSE
3741,ASV4596,FALSE,TRUE,FALSE
3742,ASV4597,TRUE,FALSE,TRUE
3743,ASV4598,FALSE,TRUE,TRUE
3744,ASV4599,FALSE,TRUE,FALSE
3745,ASV4600,TRUE,TRUE,FALSE
3746,ASV4602,TRUE,FALSE,FALSE
3747,ASV4603,FALSE,FALSE,FALSE
3748,ASV4604,TRUE,FALSE,FALSE
3749,ASV4606,TRUE,FALSE,FALSE
3750,ASV4607,TRUE,FALSE,FALSE
3751,ASV4608,TRUE,FALSE,TRUE
3752,ASV4609,TRUE,FALSE,TRUE
3753,ASV4611,TRUE,FALSE,TRUE
3754,ASV4613,TRUE,FALSE,FALSE
3755,ASV4614,TRUE,FALSE,FALSE
3756,ASV4615,TRUE,FALSE,FALSE
3757,ASV4616,TRUE,FALSE,TRUE
3758,ASV4617,TRUE,FALSE,FALSE
3759,ASV4618,TRUE,FALSE,TRUE
3760,ASV4620,TRUE,FALSE,TRUE
3761,ASV4621,TRUE,FALSE,TRUE
3762,ASV4622,FALSE,TRUE,TRUE
3763,ASV4623,TRUE,TRUE,FALSE
3764,ASV4624,TRUE,TRUE,FALSE
3765,ASV4628,TRUE,TRUE,FALSE
3766,ASV4629,TRUE,TRUE,FALSE
3767,ASV4631,TRUE,TRUE,FALSE
3768,ASV4632,FALSE,FALSE,FALSE
3769,ASV4633,TRUE,FALSE,TRUE
3770,ASV4635,TRUE,FALSE,TRUE
3771,ASV4637,TRUE,FALSE,TRUE
3772,ASV4638,TRUE,FALSE,TRUE
3773,ASV4639,TRUE,TRUE,FALSE
3774,ASV4640,TRUE,FALSE,TRUE
3775,ASV4641,TRUE,FALSE,TRUE
3776,ASV4642,TRUE,FALSE,TRUE
3777,ASV4643,TRUE,FALSE,TRUE
3778,ASV4644,TRUE,FALSE,TRUE
3779,ASV4645,TRUE,FALSE,FALSE
3780,ASV4646,TRUE,TRUE,FALSE
3781,ASV4647,TRUE,TRUE,FALSE
3782,ASV4648,TRUE,FALSE,FALSE
3783,ASV4649,TRUE,FALSE,FALSE
3784,ASV4651,TRUE,FALSE,FALSE
3785,ASV4652,TRUE,FALSE,FALSE
3786,ASV4653,FALSE,FALSE,TRUE
3787,ASV4654,FALSE,TRUE,FALSE
3788,ASV4655,FALSE,FALSE,FALSE
3789,ASV4656,TRUE,FALSE,TRUE
3790,ASV4657,TRUE,FALSE,TRUE
3791,ASV4658,TRUE,FALSE,FALSE
3792,ASV4659,TRUE,FALSE,FALSE
3793,ASV4660,TRUE,FALSE,FALSE
3794,ASV4661,TRUE,FALSE,TRUE
3795,ASV4662,TRUE,FALSE,TRUE
3796,ASV4663,TRUE,FALSE,TRUE
3797,ASV4664,TRUE,TRUE,FALSE
3798,ASV4665,TRUE,FALSE,FALSE
3799,ASV4666,TRUE,FALSE,TRUE
3800,ASV4667,TRUE,FALSE,TRUE
3801,ASV4668,TRUE,FALSE,TRUE
3802,ASV4669,TRUE,FALSE,TRUE
3803,ASV4670,TRUE,TRUE,FALSE
3804,ASV4671,TRUE,TRUE,FALSE
3805,ASV4672,TRUE,TRUE,FALSE
3806,ASV4673,FALSE,TRUE,TRUE
3807,ASV4675,TRUE,TRUE,FALSE
3808,ASV4676,TRUE,TRUE,FALSE
3809,ASV4677,TRUE,TRUE,FALSE
3810,ASV4680,TRUE,TRUE,FALSE
3811,ASV4681,FALSE,TRUE,FALSE
3812,ASV4682,TRUE,FALSE,TRUE
3813,ASV4683,TRUE,FALSE,TRUE
3814,ASV4684,TRUE,FALSE,TRUE
3815,ASV4685,TRUE,FALSE,TRUE
3816,ASV4686,TRUE,FALSE,TRUE
3817,ASV4687,TRUE,FALSE,TRUE
3818,ASV4688,TRUE,FALSE,TRUE
3819,ASV4690,TRUE,FALSE,TRUE
3820,ASV4691,TRUE,FALSE,TRUE
3821,ASV4692,TRUE,FALSE,TRUE
3822,ASV4694,TRUE,FALSE,TRUE
3823,ASV4695,TRUE,FALSE,FALSE
3824,ASV4696,FALSE,FALSE,FALSE
3825,ASV4697,TRUE,FALSE,FALSE
3826,ASV4698,TRUE,FALSE,TRUE
3827,ASV4699,TRUE,FALSE,TRUE
3828,ASV4700,TRUE,FALSE,TRUE
3829,ASV4701,TRUE,FALSE,TRUE
3830,ASV4702,TRUE,FALSE,TRUE
3831,ASV4703,TRUE,FALSE,TRUE
3832,ASV4704,TRUE,FALSE,TRUE
3833,ASV4705,TRUE,FALSE,TRUE
3834,ASV4706,TRUE,FALSE,TRUE
3835,ASV4707,TRUE,FALSE,TRUE
3836,ASV4708,TRUE,TRUE,FALSE
3837,ASV4709,TRUE,FALSE,TRUE
3838,ASV4710,FALSE,TRUE,TRUE
3839,ASV4712,TRUE,FALSE,FALSE
3840,ASV4713,TRUE,TRUE,FALSE
3841,ASV4714,TRUE,FALSE,FALSE
3842,ASV4716,FALSE,TRUE,FALSE
3843,ASV4717,TRUE,FALSE,FALSE
3844,ASV4718,TRUE,FALSE,FALSE
3845,ASV4719,FALSE,TRUE,TRUE
3846,ASV4720,FALSE,FALSE,TRUE
3847,ASV4721,TRUE,FALSE,TRUE
3848,ASV4722,TRUE,FALSE,TRUE
3849,ASV4724,TRUE,FALSE,TRUE
3850,ASV4725,TRUE,FALSE,TRUE
3851,ASV4726,TRUE,FALSE,TRUE
3852,ASV4729,TRUE,FALSE,FALSE
3853,ASV4730,TRUE,FALSE,FALSE
3854,ASV4732,TRUE,FALSE,TRUE
3855,ASV4733,TRUE,FALSE,TRUE
3856,ASV4734,TRUE,FALSE,FALSE
3857,ASV4735,TRUE,FALSE,TRUE
3858,ASV4736,TRUE,TRUE,FALSE
3859,ASV4737,FALSE,TRUE,TRUE
3860,ASV4740,FALSE,TRUE,FALSE
3861,ASV4741,TRUE,TRUE,FALSE
3862,ASV4742,TRUE,TRUE,FALSE
3863,ASV4743,TRUE,TRUE,FALSE
3864,ASV4744,FALSE,TRUE,FALSE
3865,ASV4745,TRUE,TRUE,FALSE
3866,ASV4746,TRUE,TRUE,FALSE
3867,ASV4747,TRUE,TRUE,FALSE
3868,ASV4748,FALSE,TRUE,FALSE
3869,ASV4749,FALSE,FALSE,FALSE
3870,ASV4750,TRUE,FALSE,FALSE
3871,ASV4751,TRUE,TRUE,FALSE
3872,ASV4752,TRUE,TRUE,FALSE
3873,ASV4753,FALSE,TRUE,TRUE
3874,ASV4754,TRUE,FALSE,TRUE
3875,ASV4755,TRUE,FALSE,TRUE
3876,ASV4756,TRUE,FALSE,TRUE
3877,ASV4757,TRUE,FALSE,TRUE
3878,ASV4759,TRUE,TRUE,FALSE
3879,ASV4760,TRUE,TRUE,FALSE
3880,ASV4761,TRUE,FALSE,TRUE
3881,ASV4762,TRUE,FALSE,TRUE
3882,ASV4763,TRUE,TRUE,FALSE
3883,ASV4764,TRUE,TRUE,FALSE
3884,ASV4765,FALSE,FALSE,FALSE
3885,ASV4766,TRUE,TRUE,FALSE
3886,ASV4767,FALSE,TRUE,TRUE
3887,ASV4768,TRUE,FALSE,FALSE
3888,ASV4769,TRUE,FALSE,FALSE
3889,ASV4771,TRUE,TRUE,FALSE
3890,ASV4773,FALSE,TRUE,TRUE
3891,ASV4774,TRUE,FALSE,TRUE
3892,ASV4775,TRUE,FALSE,TRUE
3893,ASV4778,TRUE,FALSE,TRUE
3894,ASV4779,TRUE,FALSE,TRUE
3895,ASV4780,TRUE,TRUE,FALSE
3896,ASV4781,FALSE,TRUE,FALSE
3897,ASV4782,TRUE,FALSE,FALSE
3898,ASV4783,TRUE,FALSE,TRUE
3899,ASV4785,TRUE,FALSE,TRUE
3900,ASV4786,TRUE,TRUE,FALSE
3901,ASV4787,TRUE,TRUE,FALSE
3902,ASV4788,TRUE,FALSE,TRUE
3903,ASV4789,FALSE,TRUE,TRUE
3904,ASV4790,FALSE,TRUE,TRUE
3905,ASV4792,TRUE,FALSE,FALSE
3906,ASV4794,TRUE,TRUE,FALSE
3907,ASV4795,TRUE,FALSE,FALSE
3908,ASV4796,TRUE,TRUE,FALSE
3909,ASV4797,TRUE,TRUE,FALSE
3910,ASV4798,TRUE,TRUE,FALSE
3911,ASV4800,TRUE,FALSE,FALSE
3912,ASV4801,TRUE,FALSE,FALSE
3913,ASV4802,FALSE,TRUE,FALSE
3914,ASV4805,FALSE,TRUE,TRUE
3915,ASV4807,TRUE,FALSE,TRUE
3916,ASV4809,TRUE,FALSE,TRUE
3917,ASV4810,TRUE,FALSE,TRUE
3918,ASV4811,TRUE,FALSE,TRUE
3919,ASV4812,TRUE,FALSE,TRUE
3920,ASV4813,TRUE,FALSE,TRUE
3921,ASV4814,TRUE,FALSE,TRUE
3922,ASV4815,TRUE,FALSE,TRUE
3923,ASV4816,TRUE,FALSE,TRUE
3924,ASV4818,TRUE,FALSE,TRUE
3925,ASV4819,TRUE,FALSE,TRUE
3926,ASV4820,TRUE,FALSE,FALSE
3927,ASV4821,TRUE,FALSE,TRUE
3928,ASV4822,TRUE,FALSE,FALSE
3929,ASV4823,TRUE,FALSE,FALSE
3930,ASV4824,TRUE,FALSE,FALSE
3931,ASV4825,TRUE,FALSE,FALSE
3932,ASV4826,TRUE,TRUE,FALSE
3933,ASV4827,TRUE,FALSE,TRUE
3934,ASV4828,TRUE,TRUE,FALSE
3935,ASV4829,FALSE,TRUE,FALSE
3936,ASV4830,FALSE,TRUE,FALSE
3937,ASV4831,TRUE,TRUE,FALSE
3938,ASV4832,TRUE,FALSE,FALSE
3939,ASV4834,FALSE,TRUE,FALSE
3940,ASV4836,TRUE,FALSE,TRUE
3941,ASV4837,TRUE,FALSE,TRUE
3942,ASV4838,TRUE,FALSE,FALSE
3943,ASV4839,TRUE,FALSE,TRUE
3944,ASV4840,TRUE,FALSE,FALSE
3945,ASV4841,TRUE,FALSE,FALSE
3946,ASV4842,TRUE,FALSE,TRUE
3947,ASV4844,TRUE,FALSE,TRUE
3948,ASV4845,TRUE,FALSE,TRUE
3949,ASV4846,FALSE,TRUE,FALSE
3950,ASV4847,TRUE,FALSE,TRUE
3951,ASV4848,TRUE,TRUE,FALSE
3952,ASV4849,TRUE,TRUE,FALSE
3953,ASV4850,TRUE,TRUE,FALSE
3954,ASV4851,TRUE,TRUE,FALSE
3955,ASV4852,TRUE,TRUE,FALSE
3956,ASV4854,TRUE,TRUE,FALSE
3957,ASV4856,TRUE,TRUE,FALSE
3958,ASV4858,TRUE,TRUE,FALSE
3959,ASV4859,FALSE,FALSE,FALSE
3960,ASV4860,TRUE,TRUE,FALSE
3961,ASV4862,TRUE,TRUE,FALSE
3962,ASV4863,TRUE,TRUE,FALSE
3963,ASV4864,TRUE,FALSE,FALSE
3964,ASV4865,FALSE,TRUE,FALSE
3965,ASV4866,FALSE,TRUE,TRUE
3966,ASV4867,FALSE,FALSE,TRUE
3967,ASV4869,TRUE,FALSE,TRUE
3968,ASV4870,TRUE,FALSE,TRUE
3969,ASV4871,TRUE,FALSE,TRUE
3970,ASV4872,TRUE,FALSE,TRUE
3971,ASV4873,TRUE,FALSE,TRUE
3972,ASV4874,TRUE,FALSE,TRUE
3973,ASV4875,FALSE,TRUE,FALSE
3974,ASV4877,TRUE,FALSE,TRUE
3975,ASV4878,TRUE,FALSE,TRUE
3976,ASV4879,TRUE,FALSE,TRUE
3977,ASV4881,TRUE,TRUE,FALSE
3978,ASV4882,TRUE,TRUE,FALSE
3979,ASV4883,TRUE,TRUE,FALSE
3980,ASV4884,TRUE,FALSE,TRUE
3981,ASV4885,TRUE,FALSE,TRUE
3982,ASV4886,TRUE,FALSE,TRUE
3983,ASV4888,TRUE,TRUE,FALSE
3984,ASV4889,FALSE,FALSE,FALSE
3985,ASV4890,TRUE,FALSE,FALSE
3986,ASV4892,TRUE,TRUE,FALSE
3987,ASV4893,FALSE,FALSE,FALSE
3988,ASV4894,TRUE,TRUE,FALSE
3989,ASV4895,TRUE,TRUE,FALSE
3990,ASV4896,TRUE,FALSE,FALSE
3991,ASV4897,TRUE,TRUE,FALSE
3992,ASV4898,TRUE,TRUE,FALSE
3993,ASV4899,FALSE,TRUE,FALSE
3994,ASV4900,TRUE,FALSE,FALSE
3995,ASV4901,FALSE,TRUE,FALSE
3996,ASV4902,FALSE,TRUE,FALSE
3997,ASV4903,FALSE,TRUE,TRUE
3998,ASV4904,FALSE,TRUE,TRUE
3999,ASV4905,TRUE,FALSE,TRUE
4000,ASV4906,TRUE,FALSE,TRUE
4001,ASV4908,TRUE,FALSE,FALSE
4002,ASV4909,TRUE,FALSE,FALSE
4003,ASV4913,TRUE,FALSE,TRUE
4004,ASV4914,TRUE,FALSE,TRUE
4005,ASV4916,TRUE,FALSE,FALSE
4006,ASV4917,TRUE,TRUE,FALSE
4007,ASV4918,TRUE,FALSE,FALSE
4008,ASV4919,TRUE,FALSE,TRUE
4009,ASV4920,TRUE,FALSE,TRUE
4010,ASV4921,TRUE,FALSE,TRUE
4011,ASV4922,TRUE,FALSE,FALSE
4012,ASV4923,TRUE,FALSE,TRUE
4013,ASV4924,TRUE,FALSE,TRUE
4014,ASV4927,TRUE,TRUE,FALSE
4015,ASV4930,TRUE,FALSE,FALSE
4016,ASV4931,TRUE,FALSE,FALSE
4017,ASV4933,TRUE,FALSE,FALSE
4018,ASV4937,TRUE,FALSE,FALSE
4019,ASV4938,TRUE,FALSE,TRUE
4020,ASV4939,TRUE,FALSE,TRUE
4021,ASV4941,TRUE,FALSE,TRUE
4022,ASV4942,TRUE,FALSE,FALSE
4023,ASV4943,TRUE,FALSE,TRUE
4024,ASV4944,TRUE,FALSE,TRUE
4025,ASV4947,TRUE,TRUE,FALSE
4026,ASV4948,FALSE,TRUE,FALSE
4027,ASV4949,TRUE,FALSE,FALSE
4028,ASV4951,TRUE,FALSE,FALSE
4029,ASV4953,TRUE,FALSE,FALSE
4030,ASV4954,TRUE,FALSE,TRUE
4031,ASV4955,FALSE,FALSE,TRUE
4032,ASV4956,TRUE,TRUE,FALSE
4033,ASV4957,TRUE,TRUE,FALSE
4034,ASV4958,TRUE,TRUE,FALSE
4035,ASV4959,TRUE,FALSE,TRUE
4036,ASV4961,TRUE,TRUE,FALSE
4037,ASV4962,TRUE,TRUE,FALSE
4038,ASV4963,TRUE,TRUE,FALSE
4039,ASV4964,FALSE,TRUE,FALSE
4040,ASV4965,TRUE,FALSE,FALSE
4041,ASV4967,TRUE,TRUE,FALSE
4042,ASV4968,TRUE,TRUE,FALSE
4043,ASV4970,FALSE,TRUE,FALSE
4044,ASV4972,TRUE,FALSE,FALSE
4045,ASV4973,TRUE,FALSE,FALSE
4046,ASV4974,TRUE,FALSE,FALSE
4047,ASV4975,FALSE,TRUE,FALSE
4048,ASV4976,FALSE,FALSE,FALSE
4049,ASV4977,TRUE,FALSE,TRUE
4050,ASV4980,TRUE,FALSE,FALSE
4051,ASV4981,TRUE,FALSE,TRUE
4052,ASV4982,TRUE,TRUE,FALSE
4053,ASV4983,TRUE,TRUE,FALSE
4054,ASV4984,TRUE,TRUE,FALSE
4055,ASV4986,TRUE,FALSE,TRUE
4056,ASV4987,TRUE,FALSE,TRUE
4057,ASV4989,TRUE,FALSE,TRUE
4058,ASV4990,TRUE,TRUE,FALSE
4059,ASV4991,TRUE,FALSE,FALSE
4060,ASV4992,TRUE,FALSE,TRUE
4061,ASV4993,TRUE,TRUE,FALSE
4062,ASV4994,TRUE,TRUE,FALSE
4063,ASV4996,TRUE,TRUE,FALSE
4064,ASV4997,TRUE,FALSE,FALSE
4065,ASV4998,TRUE,FALSE,FALSE
4066,ASV5001,TRUE,FALSE,FALSE
4067,ASV5003,TRUE,FALSE,FALSE
4068,ASV5004,FALSE,FALSE,FALSE
4069,ASV5005,FALSE,FALSE,FALSE
4070,ASV5006,FALSE,FALSE,TRUE
4071,ASV5007,TRUE,FALSE,TRUE
4072,ASV5008,TRUE,FALSE,FALSE
4073,ASV5010,TRUE,FALSE,TRUE
4074,ASV5011,TRUE,FALSE,TRUE
4075,ASV5013,TRUE,FALSE,TRUE
4076,ASV5014,TRUE,FALSE,TRUE
4077,ASV5015,TRUE,FALSE,TRUE
4078,ASV5017,TRUE,FALSE,FALSE
4079,ASV5018,TRUE,TRUE,FALSE
4080,ASV5020,TRUE,TRUE,FALSE
4081,ASV5021,TRUE,FALSE,TRUE
4082,ASV5022,TRUE,FALSE,TRUE
4083,ASV5023,TRUE,FALSE,TRUE
4084,ASV5024,TRUE,FALSE,FALSE
4085,ASV5025,TRUE,FALSE,TRUE
4086,ASV5026,TRUE,TRUE,FALSE
4087,ASV5027,TRUE,TRUE,FALSE
4088,ASV5028,TRUE,TRUE,FALSE
4089,ASV5029,TRUE,FALSE,TRUE
4090,ASV5030,TRUE,TRUE,FALSE
4091,ASV5031,TRUE,TRUE,FALSE
4092,ASV5032,TRUE,TRUE,FALSE
4093,ASV5033,TRUE,TRUE,FALSE
4094,ASV5035,TRUE,FALSE,FALSE
4095,ASV5036,TRUE,TRUE,FALSE
4096,ASV5037,TRUE,TRUE,FALSE
4097,ASV5038,TRUE,FALSE,FALSE
4098,ASV5039,TRUE,FALSE,FALSE
4099,ASV5041,TRUE,FALSE,FALSE
4100,ASV5042,TRUE,FALSE,FALSE
4101,ASV5044,TRUE,FALSE,FALSE
4102,ASV5046,TRUE,FALSE,TRUE
4103,ASV5047,TRUE,FALSE,TRUE
4104,ASV5048,TRUE,FALSE,TRUE
4105,ASV5053,FALSE,FALSE,TRUE
4106,ASV5054,TRUE,TRUE,FALSE
4107,ASV5055,TRUE,FALSE,FALSE
4108,ASV5057,TRUE,TRUE,FALSE
4109,ASV5058,TRUE,FALSE,FALSE
4110,ASV5059,TRUE,FALSE,FALSE
4111,ASV5060,TRUE,FALSE,TRUE
4112,ASV5061,TRUE,FALSE,FALSE
4113,ASV5062,TRUE,TRUE,FALSE
4114,ASV5063,TRUE,TRUE,FALSE
4115,ASV5064,TRUE,FALSE,TRUE
4116,ASV5065,TRUE,FALSE,TRUE
4117,ASV5066,TRUE,FALSE,TRUE
4118,ASV5067,FALSE,TRUE,FALSE
4119,ASV5068,TRUE,TRUE,FALSE
4120,ASV5069,TRUE,TRUE,FALSE
4121,ASV5072,TRUE,TRUE,FALSE
4122,ASV5074,TRUE,TRUE,FALSE
4123,ASV5076,TRUE,TRUE,FALSE
4124,ASV5077,TRUE,FALSE,FALSE
4125,ASV5079,TRUE,TRUE,FALSE
4126,ASV5080,TRUE,TRUE,FALSE
4127,ASV5081,TRUE,TRUE,FALSE
4128,ASV5082,FALSE,TRUE,FALSE
4129,ASV5084,TRUE,FALSE,TRUE
4130,ASV5085,TRUE,FALSE,TRUE
4131,ASV5087,TRUE,FALSE,FALSE
4132,ASV5088,TRUE,FALSE,FALSE
4133,ASV5089,TRUE,FALSE,TRUE
4134,ASV5090,TRUE,FALSE,TRUE
4135,ASV5091,TRUE,FALSE,TRUE
4136,ASV5093,TRUE,FALSE,TRUE
4137,ASV5094,TRUE,FALSE,TRUE
4138,ASV5095,TRUE,FALSE,TRUE
4139,ASV5096,TRUE,FALSE,TRUE
4140,ASV5097,TRUE,FALSE,TRUE
4141,ASV5098,TRUE,FALSE,TRUE
4142,ASV5099,TRUE,TRUE,FALSE
4143,ASV5100,TRUE,TRUE,FALSE
4144,ASV5101,TRUE,FALSE,FALSE
4145,ASV5102,TRUE,FALSE,FALSE
4146,ASV5104,TRUE,FALSE,FALSE
4147,ASV5105,TRUE,FALSE,FALSE
4148,ASV5106,FALSE,FALSE,FALSE
4149,ASV5107,TRUE,FALSE,FALSE
4150,ASV5108,TRUE,FALSE,FALSE
4151,ASV5109,TRUE,FALSE,FALSE
4152,ASV5110,FALSE,TRUE,TRUE
4153,ASV5111,FALSE,TRUE,TRUE
4154,ASV5114,TRUE,FALSE,TRUE
4155,ASV5115,TRUE,FALSE,TRUE
4156,ASV5116,FALSE,FALSE,FALSE
4157,ASV5117,TRUE,FALSE,TRUE
4158,ASV5118,TRUE,FALSE,TRUE
4159,ASV5119,FALSE,FALSE,FALSE
4160,ASV5120,TRUE,FALSE,TRUE
4161,ASV5122,TRUE,FALSE,TRUE
4162,ASV5123,TRUE,FALSE,TRUE
4163,ASV5124,TRUE,FALSE,TRUE
4164,ASV5125,TRUE,FALSE,FALSE
4165,ASV5126,TRUE,FALSE,TRUE
4166,ASV5128,TRUE,FALSE,FALSE
4167,ASV5129,TRUE,FALSE,TRUE
4168,ASV5130,TRUE,FALSE,TRUE
4169,ASV5131,TRUE,FALSE,TRUE
4170,ASV5132,TRUE,FALSE,FALSE
4171,ASV5134,TRUE,FALSE,TRUE
4172,ASV5135,TRUE,TRUE,FALSE
4173,ASV5136,TRUE,TRUE,FALSE
4174,ASV5137,TRUE,FALSE,FALSE
4175,ASV5138,TRUE,FALSE,TRUE
4176,ASV5140,TRUE,FALSE,TRUE
4177,ASV5141,FALSE,TRUE,TRUE
4178,ASV5143,TRUE,TRUE,FALSE
4179,ASV5144,TRUE,FALSE,FALSE
4180,ASV5145,FALSE,TRUE,FALSE
4181,ASV5146,TRUE,TRUE,FALSE
4182,ASV5147,TRUE,TRUE,FALSE
4183,ASV5148,TRUE,FALSE,FALSE
4184,ASV5149,TRUE,TRUE,FALSE
4185,ASV5150,TRUE,TRUE,FALSE
4186,ASV5153,TRUE,FALSE,FALSE
4187,ASV5155,FALSE,TRUE,TRUE
4188,ASV5156,FALSE,TRUE,TRUE
4189,ASV5157,TRUE,FALSE,TRUE
4190,ASV5160,TRUE,FALSE,TRUE
4191,ASV5162,TRUE,FALSE,TRUE
4192,ASV5163,TRUE,FALSE,TRUE
4193,ASV5164,TRUE,FALSE,TRUE
4194,ASV5165,TRUE,FALSE,TRUE
4195,ASV5166,TRUE,FALSE,TRUE
4196,ASV5167,FALSE,TRUE,TRUE
4197,ASV5168,TRUE,FALSE,FALSE
4198,ASV5169,TRUE,TRUE,FALSE
4199,ASV5170,TRUE,TRUE,FALSE
4200,ASV5171,TRUE,FALSE,FALSE
4201,ASV5172,TRUE,FALSE,FALSE
4202,ASV5174,FALSE,TRUE,FALSE
4203,ASV5175,TRUE,TRUE,FALSE
4204,ASV5177,TRUE,TRUE,FALSE
4205,ASV5178,TRUE,TRUE,FALSE
4206,ASV5179,FALSE,FALSE,FALSE
4207,ASV5180,TRUE,TRUE,FALSE
4208,ASV5182,TRUE,FALSE,FALSE
4209,ASV5184,FALSE,TRUE,FALSE
4210,ASV5185,TRUE,FALSE,TRUE
4211,ASV5186,TRUE,FALSE,TRUE
4212,ASV5187,TRUE,FALSE,TRUE
4213,ASV5188,TRUE,FALSE,TRUE
4214,ASV5190,TRUE,FALSE,FALSE
4215,ASV5193,TRUE,FALSE,TRUE
4216,ASV5194,TRUE,FALSE,TRUE
4217,ASV5195,TRUE,FALSE,TRUE
4218,ASV5196,TRUE,FALSE,TRUE
4219,ASV5197,TRUE,FALSE,FALSE
4220,ASV5198,TRUE,FALSE,TRUE
4221,ASV5199,TRUE,TRUE,FALSE
4222,ASV5200,FALSE,TRUE,FALSE
4223,ASV5202,TRUE,TRUE,FALSE
4224,ASV5203,TRUE,TRUE,FALSE
4225,ASV5204,TRUE,TRUE,FALSE
4226,ASV5205,TRUE,FALSE,FALSE
4227,ASV5206,TRUE,FALSE,FALSE
4228,ASV5207,FALSE,TRUE,FALSE
4229,ASV5208,FALSE,TRUE,FALSE
4230,ASV5209,FALSE,TRUE,TRUE
4231,ASV5210,TRUE,FALSE,TRUE
4232,ASV5211,TRUE,FALSE,FALSE
4233,ASV5214,TRUE,FALSE,FALSE
4234,ASV5216,TRUE,FALSE,FALSE
4235,ASV5217,TRUE,FALSE,FALSE
4236,ASV5218,TRUE,FALSE,TRUE
4237,ASV5219,TRUE,FALSE,FALSE
4238,ASV5220,TRUE,FALSE,TRUE
4239,ASV5221,TRUE,FALSE,TRUE
4240,ASV5222,TRUE,FALSE,TRUE
4241,ASV5223,TRUE,FALSE,TRUE
4242,ASV5224,FALSE,TRUE,TRUE
4243,ASV5227,TRUE,TRUE,FALSE
4244,ASV5228,TRUE,FALSE,FALSE
4245,ASV5229,TRUE,TRUE,FALSE
4246,ASV5230,TRUE,TRUE,FALSE
4247,ASV5233,TRUE,FALSE,FALSE
4248,ASV5235,TRUE,TRUE,FALSE
4249,ASV5236,TRUE,FALSE,FALSE
4250,ASV5238,TRUE,TRUE,FALSE
4251,ASV5239,FALSE,TRUE,FALSE
4252,ASV5240,TRUE,FALSE,TRUE
4253,ASV5241,TRUE,FALSE,TRUE
4254,ASV5242,TRUE,FALSE,TRUE
4255,ASV5243,TRUE,FALSE,FALSE
4256,ASV5244,TRUE,FALSE,TRUE
4257,ASV5245,TRUE,FALSE,TRUE
4258,ASV5246,TRUE,FALSE,TRUE
4259,ASV5247,FALSE,FALSE,FALSE
4260,ASV5250,TRUE,FALSE,TRUE
4261,ASV5251,TRUE,FALSE,FALSE
4262,ASV5252,TRUE,FALSE,TRUE
4263,ASV5253,TRUE,FALSE,TRUE
4264,ASV5254,TRUE,FALSE,TRUE
4265,ASV5255,TRUE,FALSE,TRUE
4266,ASV5256,TRUE,TRUE,FALSE
4267,ASV5257,FALSE,TRUE,TRUE
4268,ASV5258,FALSE,TRUE,FALSE
4269,ASV5259,FALSE,TRUE,FALSE
4270,ASV5260,FALSE,TRUE,FALSE
4271,ASV5261,TRUE,TRUE,FALSE
4272,ASV5265,TRUE,FALSE,FALSE
4273,ASV5267,FALSE,TRUE,TRUE
4274,ASV5270,TRUE,FALSE,TRUE
4275,ASV5272,TRUE,FALSE,TRUE
4276,ASV5273,TRUE,FALSE,FALSE
4277,ASV5274,TRUE,FALSE,TRUE
4278,ASV5275,TRUE,TRUE,FALSE
4279,ASV5277,TRUE,TRUE,FALSE
4280,ASV5278,FALSE,FALSE,FALSE
4281,ASV5279,TRUE,FALSE,FALSE
4282,ASV5280,TRUE,FALSE,FALSE
4283,ASV5281,TRUE,FALSE,TRUE
4284,ASV5282,TRUE,FALSE,TRUE
4285,ASV5283,TRUE,FALSE,TRUE
4286,ASV5284,TRUE,FALSE,TRUE
4287,ASV5285,TRUE,FALSE,TRUE
4288,ASV5286,TRUE,TRUE,FALSE
4289,ASV5288,TRUE,TRUE,FALSE
4290,ASV5289,TRUE,TRUE,FALSE
4291,ASV5291,TRUE,TRUE,FALSE
4292,ASV5293,FALSE,TRUE,FALSE
4293,ASV5296,TRUE,TRUE,FALSE
4294,ASV5298,TRUE,TRUE,FALSE
4295,ASV5299,FALSE,TRUE,FALSE
4296,ASV5300,FALSE,TRUE,FALSE
4297,ASV5302,TRUE,FALSE,TRUE
4298,ASV5303,TRUE,FALSE,FALSE
4299,ASV5305,TRUE,FALSE,TRUE
4300,ASV5306,TRUE,FALSE,TRUE
4301,ASV5308,TRUE,FALSE,FALSE
4302,ASV5309,TRUE,FALSE,FALSE
4303,ASV5310,TRUE,FALSE,TRUE
4304,ASV5311,TRUE,FALSE,TRUE
4305,ASV5313,TRUE,FALSE,FALSE
4306,ASV5314,FALSE,TRUE,FALSE
4307,ASV5315,TRUE,FALSE,TRUE
4308,ASV5316,TRUE,FALSE,TRUE
4309,ASV5317,TRUE,FALSE,TRUE
4310,ASV5318,TRUE,FALSE,TRUE
4311,ASV5319,TRUE,FALSE,FALSE
4312,ASV5320,TRUE,FALSE,TRUE
4313,ASV5325,TRUE,FALSE,FALSE
4314,ASV5326,TRUE,TRUE,FALSE
4315,ASV5327,TRUE,TRUE,FALSE
4316,ASV5329,TRUE,FALSE,FALSE
4317,ASV5331,FALSE,TRUE,TRUE
4318,ASV5332,FALSE,FALSE,TRUE
4319,ASV5334,TRUE,FALSE,TRUE
4320,ASV5336,TRUE,FALSE,TRUE
4321,ASV5337,TRUE,FALSE,TRUE
4322,ASV5338,TRUE,FALSE,TRUE
4323,ASV5339,TRUE,FALSE,TRUE
4324,ASV5340,TRUE,FALSE,TRUE
4325,ASV5341,TRUE,FALSE,TRUE
4326,ASV5342,TRUE,FALSE,TRUE
4327,ASV5343,TRUE,FALSE,TRUE
4328,ASV5344,TRUE,FALSE,FALSE
4329,ASV5345,TRUE,FALSE,TRUE
4330,ASV5346,TRUE,FALSE,FALSE
4331,ASV5347,TRUE,FALSE,FALSE
4332,ASV5348,TRUE,TRUE,FALSE
4333,ASV5349,TRUE,FALSE,FALSE
4334,ASV5350,TRUE,TRUE,FALSE
4335,ASV5351,TRUE,FALSE,FALSE
4336,ASV5352,TRUE,FALSE,TRUE
4337,ASV5353,TRUE,FALSE,TRUE
4338,ASV5354,TRUE,FALSE,TRUE
4339,ASV5355,TRUE,FALSE,FALSE
4340,ASV5356,TRUE,TRUE,FALSE
4341,ASV5357,TRUE,TRUE,FALSE
4342,ASV5358,TRUE,FALSE,FALSE
4343,ASV5359,TRUE,FALSE,TRUE
4344,ASV5360,FALSE,TRUE,TRUE
4345,ASV5362,FALSE,TRUE,FALSE
4346,ASV5363,TRUE,FALSE,FALSE
4347,ASV5364,TRUE,TRUE,FALSE
4348,ASV5365,FALSE,TRUE,FALSE
4349,ASV5367,TRUE,FALSE,FALSE
4350,ASV5368,TRUE,FALSE,FALSE
4351,ASV5371,TRUE,FALSE,TRUE
4352,ASV5372,TRUE,FALSE,TRUE
4353,ASV5374,TRUE,FALSE,TRUE
4354,ASV5375,TRUE,FALSE,TRUE
4355,ASV5378,TRUE,FALSE,FALSE
4356,ASV5379,TRUE,FALSE,TRUE
4357,ASV5380,FALSE,FALSE,FALSE
4358,ASV5383,TRUE,FALSE,FALSE
4359,ASV5384,TRUE,FALSE,FALSE
4360,ASV5385,TRUE,FALSE,TRUE
4361,ASV5386,TRUE,FALSE,TRUE
4362,ASV5387,TRUE,FALSE,TRUE
4363,ASV5388,FALSE,FALSE,FALSE
4364,ASV5389,TRUE,FALSE,TRUE
4365,ASV5390,TRUE,FALSE,TRUE
4366,ASV5391,TRUE,FALSE,TRUE
4367,ASV5392,TRUE,FALSE,TRUE
4368,ASV5393,TRUE,FALSE,TRUE
4369,ASV5394,TRUE,TRUE,FALSE
4370,ASV5395,TRUE,TRUE,FALSE
4371,ASV5398,TRUE,FALSE,TRUE
4372,ASV5399,TRUE,FALSE,TRUE
4373,ASV5400,FALSE,TRUE,TRUE
4374,ASV5403,FALSE,FALSE,FALSE
4375,ASV5404,TRUE,TRUE,FALSE
4376,ASV5405,TRUE,TRUE,FALSE
4377,ASV5406,TRUE,TRUE,FALSE
4378,ASV5407,TRUE,TRUE,FALSE
4379,ASV5408,TRUE,TRUE,FALSE
4380,ASV5409,TRUE,FALSE,FALSE
4381,ASV5410,TRUE,TRUE,FALSE
4382,ASV5414,TRUE,FALSE,FALSE
4383,ASV5416,FALSE,FALSE,FALSE
4384,ASV5417,FALSE,TRUE,TRUE
4385,ASV5418,FALSE,TRUE,TRUE
4386,ASV5419,FALSE,FALSE,TRUE
4387,ASV5420,FALSE,TRUE,TRUE
4388,ASV5421,TRUE,FALSE,TRUE
4389,ASV5422,TRUE,FALSE,TRUE
4390,ASV5423,TRUE,FALSE,FALSE
4391,ASV5425,TRUE,FALSE,TRUE
4392,ASV5426,TRUE,FALSE,TRUE
4393,ASV5427,TRUE,FALSE,TRUE
4394,ASV5428,TRUE,FALSE,TRUE
4395,ASV5429,TRUE,FALSE,TRUE
4396,ASV5430,TRUE,FALSE,TRUE
4397,ASV5431,TRUE,FALSE,TRUE
4398,ASV5432,TRUE,FALSE,TRUE
4399,ASV5433,TRUE,TRUE,FALSE
4400,ASV5434,TRUE,TRUE,FALSE
4401,ASV5436,TRUE,FALSE,FALSE
4402,ASV5437,TRUE,FALSE,TRUE
4403,ASV5439,TRUE,FALSE,TRUE
4404,ASV5440,TRUE,FALSE,FALSE
4405,ASV5441,TRUE,FALSE,TRUE
4406,ASV5442,TRUE,FALSE,TRUE
4407,ASV5444,TRUE,TRUE,FALSE
4408,ASV5445,TRUE,FALSE,TRUE
4409,ASV5446,TRUE,FALSE,TRUE
4410,ASV5447,FALSE,TRUE,TRUE
4411,ASV5451,TRUE,TRUE,FALSE
4412,ASV5452,TRUE,TRUE,FALSE
4413,ASV5453,TRUE,TRUE,FALSE
4414,ASV5454,TRUE,TRUE,FALSE
4415,ASV5455,TRUE,TRUE,FALSE
4416,ASV5456,TRUE,FALSE,FALSE
4417,ASV5457,TRUE,TRUE,FALSE
4418,ASV5459,FALSE,TRUE,TRUE
4419,ASV5460,FALSE,TRUE,TRUE
4420,ASV5461,TRUE,FALSE,TRUE
4421,ASV5462,TRUE,FALSE,TRUE
4422,ASV5463,TRUE,FALSE,TRUE
4423,ASV5465,TRUE,FALSE,FALSE
4424,ASV5466,TRUE,FALSE,TRUE
4425,ASV5467,TRUE,FALSE,FALSE
4426,ASV5468,TRUE,FALSE,TRUE
4427,ASV5469,TRUE,FALSE,TRUE
4428,ASV5470,TRUE,FALSE,TRUE
4429,ASV5471,TRUE,FALSE,FALSE
4430,ASV5472,TRUE,FALSE,FALSE
4431,ASV5473,TRUE,FALSE,TRUE
4432,ASV5474,TRUE,FALSE,TRUE
4433,ASV5475,TRUE,TRUE,FALSE
4434,ASV5476,TRUE,TRUE,FALSE
4435,ASV5478,TRUE,FALSE,FALSE
4436,ASV5479,TRUE,FALSE,FALSE
4437,ASV5480,TRUE,FALSE,TRUE
4438,ASV5481,TRUE,FALSE,TRUE
4439,ASV5482,TRUE,FALSE,TRUE
4440,ASV5483,TRUE,TRUE,FALSE
4441,ASV5484,TRUE,TRUE,FALSE
4442,ASV5486,TRUE,TRUE,FALSE
4443,ASV5487,TRUE,TRUE,FALSE
4444,ASV5488,TRUE,FALSE,TRUE
4445,ASV5489,FALSE,TRUE,TRUE
4446,ASV5492,TRUE,TRUE,FALSE
4447,ASV5493,TRUE,TRUE,FALSE
4448,ASV5495,FALSE,FALSE,FALSE
4449,ASV5497,TRUE,TRUE,FALSE
4450,ASV5498,TRUE,TRUE,FALSE
4451,ASV5499,TRUE,TRUE,FALSE
4452,ASV5500,FALSE,FALSE,FALSE
4453,ASV5501,TRUE,TRUE,FALSE
4454,ASV5502,TRUE,TRUE,FALSE
4455,ASV5503,TRUE,FALSE,FALSE
4456,ASV5504,FALSE,TRUE,TRUE
4457,ASV5505,FALSE,FALSE,FALSE
4458,ASV5506,FALSE,TRUE,FALSE
4459,ASV5507,TRUE,FALSE,TRUE
4460,ASV5508,TRUE,FALSE,TRUE
4461,ASV5509,TRUE,FALSE,TRUE
4462,ASV5510,TRUE,FALSE,TRUE
4463,ASV5511,TRUE,FALSE,TRUE
4464,ASV5512,TRUE,FALSE,TRUE
4465,ASV5515,TRUE,FALSE,TRUE
4466,ASV5516,TRUE,FALSE,TRUE
4467,ASV5517,TRUE,FALSE,TRUE
4468,ASV5518,TRUE,FALSE,FALSE
4469,ASV5519,TRUE,FALSE,TRUE
4470,ASV5520,TRUE,FALSE,TRUE
4471,ASV5521,TRUE,FALSE,TRUE
4472,ASV5522,TRUE,TRUE,FALSE
4473,ASV5523,FALSE,TRUE,FALSE
4474,ASV5524,FALSE,TRUE,FALSE
4475,ASV5526,FALSE,FALSE,FALSE
4476,ASV5528,TRUE,TRUE,FALSE
4477,ASV5529,TRUE,TRUE,FALSE
4478,ASV5530,TRUE,TRUE,FALSE
4479,ASV5531,TRUE,TRUE,FALSE
4480,ASV5532,TRUE,FALSE,FALSE
4481,ASV5533,TRUE,TRUE,FALSE
4482,ASV5535,FALSE,TRUE,FALSE
4483,ASV5536,FALSE,TRUE,TRUE
4484,ASV5537,TRUE,FALSE,TRUE
4485,ASV5538,TRUE,FALSE,TRUE
4486,ASV5539,TRUE,FALSE,TRUE
4487,ASV5540,TRUE,FALSE,FALSE
4488,ASV5541,TRUE,FALSE,TRUE
4489,ASV5542,TRUE,FALSE,TRUE
4490,ASV5544,TRUE,FALSE,FALSE
4491,ASV5545,TRUE,FALSE,TRUE
4492,ASV5546,TRUE,FALSE,FALSE
4493,ASV5548,TRUE,FALSE,FALSE
4494,ASV5549,TRUE,FALSE,TRUE
4495,ASV5550,TRUE,TRUE,FALSE
4496,ASV5552,TRUE,FALSE,FALSE
4497,ASV5555,TRUE,TRUE,FALSE
4498,ASV5556,TRUE,FALSE,TRUE
4499,ASV5557,TRUE,FALSE,TRUE
4500,ASV5559,TRUE,FALSE,TRUE
4501,ASV5561,TRUE,FALSE,TRUE
4502,ASV5562,TRUE,FALSE,TRUE
4503,ASV5563,TRUE,FALSE,TRUE
4504,ASV5565,TRUE,FALSE,TRUE
4505,ASV5566,TRUE,FALSE,FALSE
4506,ASV5567,TRUE,FALSE,FALSE
4507,ASV5568,TRUE,TRUE,FALSE
4508,ASV5569,TRUE,FALSE,TRUE
4509,ASV5571,TRUE,TRUE,FALSE
4510,ASV5572,TRUE,FALSE,FALSE
4511,ASV5573,TRUE,TRUE,FALSE
4512,ASV5574,TRUE,TRUE,FALSE
4513,ASV5575,FALSE,FALSE,FALSE
4514,ASV5576,FALSE,TRUE,FALSE
4515,ASV5577,FALSE,TRUE,FALSE
4516,ASV5578,TRUE,TRUE,FALSE
4517,ASV5580,TRUE,TRUE,FALSE
4518,ASV5583,TRUE,FALSE,FALSE
4519,ASV5584,TRUE,TRUE,FALSE
4520,ASV5587,TRUE,TRUE,FALSE
4521,ASV5590,TRUE,FALSE,FALSE
4522,ASV5591,FALSE,TRUE,TRUE
4523,ASV5592,FALSE,TRUE,TRUE
4524,ASV5596,TRUE,FALSE,FALSE
4525,ASV5597,TRUE,FALSE,TRUE
4526,ASV5598,TRUE,FALSE,TRUE
4527,ASV5599,TRUE,FALSE,FALSE
4528,ASV5601,TRUE,FALSE,FALSE
4529,ASV5602,TRUE,FALSE,TRUE
4530,ASV5603,TRUE,FALSE,FALSE
4531,ASV5604,TRUE,FALSE,TRUE
4532,ASV5605,TRUE,FALSE,FALSE
4533,ASV5606,TRUE,FALSE,FALSE
4534,ASV5608,FALSE,FALSE,FALSE
4535,ASV5609,TRUE,FALSE,TRUE
4536,ASV5610,TRUE,FALSE,FALSE
4537,ASV5611,TRUE,FALSE,TRUE
4538,ASV5612,TRUE,FALSE,TRUE
4539,ASV5613,TRUE,FALSE,TRUE
4540,ASV5614,TRUE,FALSE,TRUE
4541,ASV5615,TRUE,FALSE,TRUE
4542,ASV5617,TRUE,FALSE,TRUE
4543,ASV5618,TRUE,TRUE,FALSE
4544,ASV5619,TRUE,TRUE,FALSE
4545,ASV5620,FALSE,TRUE,TRUE
4546,ASV5622,FALSE,TRUE,FALSE
4547,ASV5623,TRUE,TRUE,FALSE
4548,ASV5625,TRUE,FALSE,FALSE
4549,ASV5626,FALSE,FALSE,FALSE
4550,ASV5627,TRUE,TRUE,FALSE
4551,ASV5628,TRUE,TRUE,FALSE
4552,ASV5629,FALSE,TRUE,FALSE
4553,ASV5630,TRUE,TRUE,FALSE
4554,ASV5631,TRUE,TRUE,FALSE
4555,ASV5632,TRUE,FALSE,FALSE
4556,ASV5634,FALSE,TRUE,TRUE
4557,ASV5635,TRUE,FALSE,TRUE
4558,ASV5636,TRUE,FALSE,TRUE
4559,ASV5638,TRUE,FALSE,FALSE
4560,ASV5639,TRUE,FALSE,TRUE
4561,ASV5640,TRUE,FALSE,TRUE
4562,ASV5641,TRUE,FALSE,TRUE
4563,ASV5642,TRUE,FALSE,TRUE
4564,ASV5644,TRUE,FALSE,FALSE
4565,ASV5645,TRUE,FALSE,TRUE
4566,ASV5647,TRUE,TRUE,FALSE
4567,ASV5648,TRUE,TRUE,FALSE
4568,ASV5649,FALSE,TRUE,FALSE
4569,ASV5650,TRUE,FALSE,TRUE
4570,ASV5651,TRUE,FALSE,TRUE
4571,ASV5652,TRUE,FALSE,TRUE
4572,ASV5653,TRUE,FALSE,TRUE
4573,ASV5654,TRUE,FALSE,TRUE
4574,ASV5655,TRUE,TRUE,FALSE
4575,ASV5656,TRUE,TRUE,FALSE
4576,ASV5657,TRUE,TRUE,FALSE
4577,ASV5659,FALSE,TRUE,TRUE
4578,ASV5662,TRUE,TRUE,FALSE
4579,ASV5666,TRUE,TRUE,FALSE
4580,ASV5667,TRUE,TRUE,FALSE
4581,ASV5668,TRUE,TRUE,FALSE
4582,ASV5669,TRUE,TRUE,FALSE
4583,ASV5670,TRUE,FALSE,FALSE
4584,ASV5672,FALSE,TRUE,FALSE
4585,ASV5673,TRUE,TRUE,FALSE
4586,ASV5674,TRUE,FALSE,FALSE
4587,ASV5675,TRUE,FALSE,FALSE
4588,ASV5676,FALSE,FALSE,FALSE
4589,ASV5677,TRUE,FALSE,TRUE
4590,ASV5678,TRUE,FALSE,TRUE
4591,ASV5679,TRUE,FALSE,TRUE
4592,ASV5680,TRUE,FALSE,FALSE
4593,ASV5681,TRUE,FALSE,TRUE
4594,ASV5682,TRUE,FALSE,TRUE
4595,ASV5683,TRUE,FALSE,TRUE
4596,ASV5684,TRUE,FALSE,FALSE
4597,ASV5689,TRUE,FALSE,TRUE
4598,ASV5691,TRUE,FALSE,TRUE
4599,ASV5692,TRUE,FALSE,TRUE
4600,ASV5693,TRUE,FALSE,TRUE
4601,ASV5695,TRUE,FALSE,TRUE
4602,ASV5696,TRUE,FALSE,TRUE
4603,ASV5697,TRUE,TRUE,FALSE
4604,ASV5698,TRUE,TRUE,FALSE
4605,ASV5699,TRUE,FALSE,TRUE
4606,ASV5700,FALSE,TRUE,TRUE
4607,ASV5702,TRUE,FALSE,FALSE
4608,ASV5703,FALSE,TRUE,FALSE
4609,ASV5704,TRUE,TRUE,FALSE
4610,ASV5705,TRUE,TRUE,FALSE
4611,ASV5710,FALSE,TRUE,TRUE
4612,ASV5711,FALSE,FALSE,TRUE
4613,ASV5712,TRUE,FALSE,FALSE
4614,ASV5713,TRUE,FALSE,TRUE
4615,ASV5715,TRUE,FALSE,TRUE
4616,ASV5716,TRUE,FALSE,TRUE
4617,ASV5717,TRUE,FALSE,TRUE
4618,ASV5719,TRUE,FALSE,TRUE
4619,ASV5720,TRUE,FALSE,FALSE
4620,ASV5721,TRUE,FALSE,FALSE
4621,ASV5722,TRUE,FALSE,TRUE
4622,ASV5723,TRUE,TRUE,FALSE
4623,ASV5724,TRUE,TRUE,FALSE
4624,ASV5725,TRUE,FALSE,TRUE
4625,ASV5727,TRUE,FALSE,TRUE
4626,ASV5728,TRUE,FALSE,TRUE
4627,ASV5729,TRUE,FALSE,TRUE
4628,ASV5731,TRUE,FALSE,TRUE
4629,ASV5732,TRUE,FALSE,TRUE
4630,ASV5733,TRUE,FALSE,TRUE
4631,ASV5734,TRUE,TRUE,FALSE
4632,ASV5735,FALSE,TRUE,FALSE
4633,ASV5736,TRUE,TRUE,FALSE
4634,ASV5737,FALSE,TRUE,TRUE
4635,ASV5739,FALSE,TRUE,FALSE
4636,ASV5740,FALSE,FALSE,FALSE
4637,ASV5741,TRUE,FALSE,FALSE
4638,ASV5743,TRUE,TRUE,FALSE
4639,ASV5744,TRUE,FALSE,FALSE
4640,ASV5745,FALSE,TRUE,TRUE
4641,ASV5746,FALSE,TRUE,TRUE
4642,ASV5748,TRUE,FALSE,TRUE
4643,ASV5749,TRUE,FALSE,FALSE
4644,ASV5752,TRUE,FALSE,FALSE
4645,ASV5753,TRUE,FALSE,TRUE
4646,ASV5755,TRUE,FALSE,TRUE
4647,ASV5756,TRUE,TRUE,FALSE
4648,ASV5757,TRUE,TRUE,FALSE
4649,ASV5758,TRUE,TRUE,FALSE
4650,ASV5759,TRUE,FALSE,FALSE
4651,ASV5760,TRUE,FALSE,TRUE
4652,ASV5761,TRUE,FALSE,TRUE
4653,ASV5762,TRUE,FALSE,TRUE
4654,ASV5763,TRUE,FALSE,TRUE
4655,ASV5764,TRUE,FALSE,TRUE
4656,ASV5765,TRUE,FALSE,TRUE
4657,ASV5768,TRUE,TRUE,FALSE
4658,ASV5769,TRUE,TRUE,FALSE
4659,ASV5770,TRUE,TRUE,FALSE
4660,ASV5771,TRUE,FALSE,FALSE
4661,ASV5772,TRUE,TRUE,FALSE
4662,ASV5773,TRUE,FALSE,TRUE
4663,ASV5775,TRUE,TRUE,FALSE
4664,ASV5776,TRUE,TRUE,FALSE
4665,ASV5777,TRUE,TRUE,FALSE
4666,ASV5778,FALSE,TRUE,FALSE
4667,ASV5779,TRUE,TRUE,FALSE
4668,ASV5781,TRUE,TRUE,FALSE
4669,ASV5783,TRUE,TRUE,FALSE
4670,ASV5785,TRUE,TRUE,FALSE
4671,ASV5788,FALSE,TRUE,TRUE
4672,ASV5789,FALSE,TRUE,FALSE
4673,ASV5790,FALSE,TRUE,TRUE
4674,ASV5791,FALSE,TRUE,TRUE
4675,ASV5792,TRUE,FALSE,FALSE
4676,ASV5793,TRUE,FALSE,TRUE
4677,ASV5794,TRUE,FALSE,TRUE
4678,ASV5795,TRUE,FALSE,TRUE
4679,ASV5797,TRUE,FALSE,TRUE
4680,ASV5798,TRUE,FALSE,FALSE
4681,ASV5800,TRUE,FALSE,TRUE
4682,ASV5801,TRUE,FALSE,TRUE
4683,ASV5802,TRUE,FALSE,TRUE
4684,ASV5803,TRUE,FALSE,TRUE
4685,ASV5804,TRUE,TRUE,FALSE
4686,ASV5805,FALSE,TRUE,FALSE
4687,ASV5806,TRUE,FALSE,FALSE
4688,ASV5808,TRUE,TRUE,FALSE
4689,ASV5809,TRUE,FALSE,TRUE
4690,ASV5810,TRUE,FALSE,TRUE
4691,ASV5812,TRUE,FALSE,FALSE
4692,ASV5813,TRUE,FALSE,TRUE
4693,ASV5814,TRUE,FALSE,TRUE
4694,ASV5815,TRUE,FALSE,TRUE
4695,ASV5816,TRUE,FALSE,TRUE
4696,ASV5817,TRUE,FALSE,TRUE
4697,ASV5818,TRUE,FALSE,TRUE
4698,ASV5819,TRUE,TRUE,FALSE
4699,ASV5820,TRUE,FALSE,TRUE
4700,ASV5821,TRUE,FALSE,TRUE
4701,ASV5822,TRUE,FALSE,TRUE
4702,ASV5823,FALSE,TRUE,TRUE
4703,ASV5827,TRUE,TRUE,FALSE
4704,ASV5828,FALSE,TRUE,FALSE
4705,ASV5829,TRUE,TRUE,FALSE
4706,ASV5831,TRUE,FALSE,FALSE
4707,ASV5833,TRUE,TRUE,FALSE
4708,ASV5834,FALSE,TRUE,TRUE
4709,ASV5835,TRUE,FALSE,TRUE
4710,ASV5836,TRUE,FALSE,TRUE
4711,ASV5838,TRUE,FALSE,TRUE
4712,ASV5839,TRUE,FALSE,TRUE
4713,ASV5840,TRUE,FALSE,TRUE
4714,ASV5842,TRUE,FALSE,TRUE
4715,ASV5843,TRUE,FALSE,TRUE
4716,ASV5844,TRUE,FALSE,TRUE
4717,ASV5845,TRUE,FALSE,FALSE
4718,ASV5846,TRUE,FALSE,TRUE
4719,ASV5849,TRUE,FALSE,FALSE
4720,ASV5850,TRUE,FALSE,TRUE
4721,ASV5851,TRUE,FALSE,FALSE
4722,ASV5852,TRUE,FALSE,FALSE
4723,ASV5853,TRUE,FALSE,FALSE
4724,ASV5854,TRUE,FALSE,TRUE
4725,ASV5855,TRUE,FALSE,TRUE
4726,ASV5856,TRUE,FALSE,TRUE
4727,ASV5857,TRUE,FALSE,TRUE
4728,ASV5858,TRUE,FALSE,TRUE
4729,ASV5859,TRUE,FALSE,TRUE
4730,ASV5860,TRUE,FALSE,TRUE
4731,ASV5862,TRUE,FALSE,TRUE
4732,ASV5863,TRUE,TRUE,FALSE
4733,ASV5864,TRUE,FALSE,TRUE
4734,ASV5866,TRUE,TRUE,FALSE
4735,ASV5867,TRUE,TRUE,FALSE
4736,ASV5868,FALSE,TRUE,FALSE
4737,ASV5869,TRUE,TRUE,FALSE
4738,ASV5870,TRUE,FALSE,FALSE
4739,ASV5871,TRUE,FALSE,FALSE
4740,ASV5873,TRUE,TRUE,FALSE
4741,ASV5874,TRUE,TRUE,FALSE
4742,ASV5875,TRUE,TRUE,FALSE
4743,ASV5876,TRUE,FALSE,FALSE
4744,ASV5877,TRUE,FALSE,FALSE
4745,ASV5879,FALSE,TRUE,TRUE
4746,ASV5880,FALSE,TRUE,TRUE
4747,ASV5881,FALSE,TRUE,TRUE
4748,ASV5882,FALSE,FALSE,TRUE
4749,ASV5883,TRUE,FALSE,TRUE
4750,ASV5884,TRUE,FALSE,FALSE
4751,ASV5885,TRUE,FALSE,FALSE
4752,ASV5886,TRUE,FALSE,TRUE
4753,ASV5888,TRUE,FALSE,TRUE
4754,ASV5889,TRUE,FALSE,FALSE
4755,ASV5890,TRUE,FALSE,TRUE
4756,ASV5891,TRUE,FALSE,TRUE
4757,ASV5894,TRUE,FALSE,FALSE
4758,ASV5895,TRUE,FALSE,FALSE
4759,ASV5896,TRUE,FALSE,TRUE
4760,ASV5897,TRUE,FALSE,TRUE
4761,ASV5898,FALSE,FALSE,TRUE
4762,ASV5899,TRUE,TRUE,FALSE
4763,ASV5900,TRUE,TRUE,FALSE
4764,ASV5901,TRUE,TRUE,FALSE
4765,ASV5902,TRUE,TRUE,FALSE
4766,ASV5903,TRUE,FALSE,TRUE
4767,ASV5904,TRUE,FALSE,FALSE
4768,ASV5905,TRUE,FALSE,TRUE
4769,ASV5906,TRUE,FALSE,FALSE
4770,ASV5907,TRUE,FALSE,FALSE
4771,ASV5908,TRUE,FALSE,TRUE
4772,ASV5909,TRUE,FALSE,TRUE
4773,ASV5910,TRUE,FALSE,TRUE
4774,ASV5911,TRUE,FALSE,FALSE
4775,ASV5912,TRUE,TRUE,FALSE
4776,ASV5913,TRUE,FALSE,TRUE
4777,ASV5914,TRUE,FALSE,TRUE
4778,ASV5915,FALSE,TRUE,TRUE
4779,ASV5916,FALSE,TRUE,FALSE
4780,ASV5917,FALSE,TRUE,FALSE
4781,ASV5918,FALSE,FALSE,FALSE
4782,ASV5919,TRUE,TRUE,FALSE
4783,ASV5920,TRUE,TRUE,FALSE
4784,ASV5921,TRUE,TRUE,FALSE
4785,ASV5922,TRUE,FALSE,FALSE
4786,ASV5924,TRUE,TRUE,FALSE
4787,ASV5926,FALSE,TRUE,FALSE
4788,ASV5927,FALSE,TRUE,TRUE
4789,ASV5928,FALSE,TRUE,FALSE
4790,ASV5929,TRUE,FALSE,TRUE
4791,ASV5930,TRUE,FALSE,TRUE
4792,ASV5931,TRUE,FALSE,TRUE
4793,ASV5932,TRUE,FALSE,TRUE
4794,ASV5934,TRUE,FALSE,TRUE
4795,ASV5935,TRUE,FALSE,TRUE
4796,ASV5936,TRUE,FALSE,TRUE
4797,ASV5937,TRUE,FALSE,FALSE
4798,ASV5938,TRUE,FALSE,FALSE
4799,ASV5939,TRUE,FALSE,TRUE
4800,ASV5940,TRUE,FALSE,TRUE
4801,ASV5941,TRUE,FALSE,FALSE
4802,ASV5945,TRUE,FALSE,FALSE
4803,ASV5946,TRUE,FALSE,TRUE
4804,ASV5947,TRUE,FALSE,TRUE
4805,ASV5948,TRUE,FALSE,TRUE
4806,ASV5949,TRUE,FALSE,TRUE
4807,ASV5950,TRUE,FALSE,TRUE
4808,ASV5951,TRUE,FALSE,TRUE
4809,ASV5952,TRUE,FALSE,FALSE
4810,ASV5953,TRUE,FALSE,TRUE
4811,ASV5954,TRUE,TRUE,FALSE
4812,ASV5955,FALSE,TRUE,FALSE
4813,ASV5956,TRUE,FALSE,TRUE
4814,ASV5957,FALSE,TRUE,TRUE
4815,ASV5961,TRUE,TRUE,FALSE
4816,ASV5962,TRUE,TRUE,FALSE
4817,ASV5963,TRUE,FALSE,FALSE
4818,ASV5964,TRUE,FALSE,FALSE
4819,ASV5965,TRUE,TRUE,FALSE
4820,ASV5966,TRUE,FALSE,FALSE
4821,ASV5967,TRUE,FALSE,FALSE
4822,ASV5970,TRUE,TRUE,FALSE
4823,ASV5971,TRUE,FALSE,FALSE
4824,ASV5972,TRUE,FALSE,FALSE
4825,ASV5973,TRUE,FALSE,FALSE
4826,ASV5976,FALSE,FALSE,TRUE
4827,ASV5978,TRUE,FALSE,TRUE
4828,ASV5979,TRUE,FALSE,TRUE
4829,ASV5980,TRUE,FALSE,TRUE
4830,ASV5981,TRUE,FALSE,TRUE
4831,ASV5982,TRUE,FALSE,TRUE
4832,ASV5983,TRUE,FALSE,TRUE
4833,ASV5984,TRUE,FALSE,TRUE
4834,ASV5986,TRUE,FALSE,FALSE
4835,ASV5987,TRUE,FALSE,FALSE
4836,ASV5988,TRUE,TRUE,FALSE
4837,ASV5989,TRUE,TRUE,FALSE
4838,ASV5990,TRUE,TRUE,FALSE
4839,ASV5991,TRUE,TRUE,FALSE
4840,ASV5992,TRUE,TRUE,FALSE
4841,ASV5993,TRUE,TRUE,FALSE
4842,ASV5994,TRUE,FALSE,TRUE
4843,ASV5995,TRUE,FALSE,TRUE
4844,ASV5996,TRUE,FALSE,FALSE
4845,ASV5997,TRUE,FALSE,TRUE
4846,ASV5998,TRUE,FALSE,TRUE
4847,ASV5999,TRUE,FALSE,TRUE
4848,ASV6000,TRUE,FALSE,TRUE
4849,ASV6001,TRUE,FALSE,TRUE
4850,ASV6002,TRUE,FALSE,FALSE
4851,ASV6003,TRUE,FALSE,TRUE
4852,ASV6005,TRUE,TRUE,FALSE
4853,ASV6006,TRUE,FALSE,FALSE
4854,ASV6007,TRUE,TRUE,FALSE
4855,ASV6008,TRUE,TRUE,FALSE
4856,ASV6011,TRUE,FALSE,FALSE
4857,ASV6012,TRUE,FALSE,FALSE
4858,ASV6013,TRUE,TRUE,FALSE
4859,ASV6014,TRUE,FALSE,FALSE
4860,ASV6016,TRUE,TRUE,FALSE
4861,ASV6017,TRUE,TRUE,FALSE
4862,ASV6018,TRUE,TRUE,FALSE
4863,ASV6019,TRUE,TRUE,FALSE
4864,ASV6020,TRUE,TRUE,FALSE
4865,ASV6021,TRUE,FALSE,FALSE
4866,ASV6022,TRUE,FALSE,FALSE
4867,ASV6024,TRUE,FALSE,FALSE
4868,ASV6025,TRUE,TRUE,FALSE
4869,ASV6026,FALSE,TRUE,TRUE
4870,ASV6027,TRUE,FALSE,TRUE
4871,ASV6028,TRUE,FALSE,TRUE
4872,ASV6029,TRUE,FALSE,TRUE
4873,ASV6030,TRUE,FALSE,TRUE
4874,ASV6031,TRUE,FALSE,FALSE
4875,ASV6034,TRUE,FALSE,TRUE
4876,ASV6035,TRUE,FALSE,TRUE
4877,ASV6037,TRUE,FALSE,TRUE
4878,ASV6038,TRUE,FALSE,FALSE
4879,ASV6041,TRUE,TRUE,FALSE
4880,ASV6043,TRUE,FALSE,FALSE
4881,ASV6044,TRUE,FALSE,TRUE
4882,ASV6045,TRUE,FALSE,TRUE
4883,ASV6046,TRUE,FALSE,TRUE
4884,ASV6047,TRUE,FALSE,TRUE
4885,ASV6048,TRUE,FALSE,TRUE
4886,ASV6049,TRUE,FALSE,TRUE
4887,ASV6050,TRUE,FALSE,TRUE
4888,ASV6051,TRUE,FALSE,FALSE
4889,ASV6052,TRUE,FALSE,TRUE
4890,ASV6053,TRUE,FALSE,TRUE
4891,ASV6055,TRUE,FALSE,FALSE
4892,ASV6056,TRUE,TRUE,FALSE
4893,ASV6057,TRUE,FALSE,TRUE
4894,ASV6059,TRUE,FALSE,TRUE
4895,ASV6060,FALSE,TRUE,TRUE
4896,ASV6061,FALSE,TRUE,TRUE
4897,ASV6065,TRUE,TRUE,FALSE
4898,ASV6066,TRUE,TRUE,FALSE
4899,ASV6067,TRUE,TRUE,FALSE
4900,ASV6068,TRUE,FALSE,FALSE
4901,ASV6069,TRUE,TRUE,FALSE
4902,ASV6070,TRUE,FALSE,FALSE
4903,ASV6071,TRUE,TRUE,FALSE
4904,ASV6072,FALSE,FALSE,FALSE
4905,ASV6073,TRUE,FALSE,FALSE
4906,ASV6074,FALSE,TRUE,TRUE
4907,ASV6075,TRUE,FALSE,TRUE
4908,ASV6076,TRUE,FALSE,TRUE
4909,ASV6077,TRUE,FALSE,TRUE
4910,ASV6079,TRUE,FALSE,TRUE
4911,ASV6080,TRUE,FALSE,TRUE
4912,ASV6081,TRUE,FALSE,TRUE
4913,ASV6082,TRUE,FALSE,TRUE
4914,ASV6083,TRUE,TRUE,FALSE
4915,ASV6086,TRUE,TRUE,FALSE
4916,ASV6087,FALSE,TRUE,FALSE
4917,ASV6089,TRUE,FALSE,TRUE
4918,ASV6090,TRUE,FALSE,TRUE
4919,ASV6091,TRUE,FALSE,TRUE
4920,ASV6092,TRUE,FALSE,TRUE
4921,ASV6093,TRUE,FALSE,TRUE
4922,ASV6095,TRUE,FALSE,TRUE
4923,ASV6096,TRUE,FALSE,FALSE
4924,ASV6097,TRUE,TRUE,FALSE
4925,ASV6098,TRUE,TRUE,FALSE
4926,ASV6099,TRUE,FALSE,FALSE
4927,ASV6100,TRUE,FALSE,TRUE
4928,ASV6101,TRUE,TRUE,FALSE
4929,ASV6102,TRUE,FALSE,FALSE
4930,ASV6103,TRUE,FALSE,TRUE
4931,ASV6104,FALSE,TRUE,TRUE
4932,ASV6107,TRUE,FALSE,FALSE
4933,ASV6108,TRUE,FALSE,FALSE
4934,ASV6110,TRUE,TRUE,FALSE
4935,ASV6111,TRUE,TRUE,FALSE
4936,ASV6113,TRUE,TRUE,FALSE
4937,ASV6114,TRUE,TRUE,FALSE
4938,ASV6115,TRUE,TRUE,FALSE
4939,ASV6116,TRUE,TRUE,FALSE
4940,ASV6117,FALSE,TRUE,FALSE
4941,ASV6118,FALSE,TRUE,TRUE
4942,ASV6120,FALSE,FALSE,TRUE
4943,ASV6122,TRUE,FALSE,TRUE
4944,ASV6123,TRUE,FALSE,TRUE
4945,ASV6125,TRUE,FALSE,TRUE
4946,ASV6126,TRUE,FALSE,TRUE
4947,ASV6127,TRUE,FALSE,TRUE
4948,ASV6128,TRUE,FALSE,TRUE
4949,ASV6129,TRUE,FALSE,TRUE
4950,ASV6130,TRUE,FALSE,TRUE
4951,ASV6131,TRUE,FALSE,TRUE
4952,ASV6133,TRUE,FALSE,TRUE
4953,ASV6135,TRUE,FALSE,TRUE
4954,ASV6136,TRUE,FALSE,TRUE
4955,ASV6137,TRUE,FALSE,FALSE
4956,ASV6138,TRUE,FALSE,TRUE
4957,ASV6139,TRUE,FALSE,TRUE
4958,ASV6140,TRUE,TRUE,FALSE
4959,ASV6141,TRUE,TRUE,FALSE
4960,ASV6145,TRUE,FALSE,FALSE
4961,ASV6146,TRUE,FALSE,FALSE
4962,ASV6147,TRUE,FALSE,TRUE
4963,ASV6148,TRUE,FALSE,FALSE
4964,ASV6149,TRUE,FALSE,TRUE
4965,ASV6152,TRUE,FALSE,FALSE
4966,ASV6155,TRUE,FALSE,TRUE
4967,ASV6156,TRUE,FALSE,TRUE
4968,ASV6157,TRUE,FALSE,TRUE
4969,ASV6159,TRUE,FALSE,TRUE
4970,ASV6164,FALSE,TRUE,FALSE
4971,ASV6165,TRUE,TRUE,FALSE
4972,ASV6166,FALSE,TRUE,FALSE
4973,ASV6167,TRUE,FALSE,FALSE
4974,ASV6170,TRUE,TRUE,FALSE
4975,ASV6173,TRUE,TRUE,FALSE
4976,ASV6174,FALSE,TRUE,TRUE
4977,ASV6175,FALSE,TRUE,TRUE
4978,ASV6177,FALSE,FALSE,TRUE
4979,ASV6180,TRUE,FALSE,TRUE
4980,ASV6182,TRUE,FALSE,TRUE
4981,ASV6183,TRUE,FALSE,FALSE
4982,ASV6184,TRUE,FALSE,FALSE
4983,ASV6185,TRUE,FALSE,TRUE
4984,ASV6186,TRUE,FALSE,TRUE
4985,ASV6187,TRUE,TRUE,FALSE
4986,ASV6188,FALSE,TRUE,FALSE
4987,ASV6189,TRUE,TRUE,FALSE
4988,ASV6191,TRUE,TRUE,FALSE
4989,ASV6192,TRUE,TRUE,FALSE
4990,ASV6193,TRUE,FALSE,TRUE
4991,ASV6194,TRUE,FALSE,TRUE
4992,ASV6196,TRUE,FALSE,FALSE
4993,ASV6197,TRUE,FALSE,TRUE
4994,ASV6199,TRUE,FALSE,TRUE
4995,ASV6200,TRUE,FALSE,TRUE
4996,ASV6201,TRUE,FALSE,TRUE
4997,ASV6202,FALSE,FALSE,TRUE
4998,ASV6203,TRUE,FALSE,TRUE
4999,ASV6204,TRUE,TRUE,FALSE
5000,ASV6205,TRUE,TRUE,FALSE
5001,ASV6206,TRUE,TRUE,FALSE
5002,ASV6207,TRUE,FALSE,TRUE
5003,ASV6208,TRUE,FALSE,TRUE
5004,ASV6209,TRUE,TRUE,FALSE
5005,ASV6210,TRUE,FALSE,TRUE
5006,ASV6211,FALSE,TRUE,TRUE
5007,ASV6212,TRUE,FALSE,FALSE
5008,ASV6213,TRUE,TRUE,FALSE
5009,ASV6214,TRUE,FALSE,FALSE
5010,ASV6216,TRUE,TRUE,FALSE
5011,ASV6217,TRUE,TRUE,FALSE
5012,ASV6218,TRUE,TRUE,FALSE
5013,ASV6219,TRUE,FALSE,FALSE
5014,ASV6220,TRUE,FALSE,FALSE
5015,ASV6221,TRUE,TRUE,FALSE
5016,ASV6222,TRUE,TRUE,FALSE
5017,ASV6224,FALSE,TRUE,FALSE
5018,ASV6225,TRUE,FALSE,FALSE
5019,ASV6226,TRUE,FALSE,FALSE
5020,ASV6227,TRUE,TRUE,FALSE
5021,ASV6228,FALSE,FALSE,TRUE
5022,ASV6229,FALSE,TRUE,FALSE
5023,ASV6230,FALSE,TRUE,FALSE
5024,ASV6231,TRUE,FALSE,TRUE
5025,ASV6232,TRUE,FALSE,TRUE
5026,ASV6233,TRUE,FALSE,TRUE
5027,ASV6234,TRUE,FALSE,FALSE
5028,ASV6235,TRUE,FALSE,TRUE
5029,ASV6236,TRUE,FALSE,TRUE
5030,ASV6237,TRUE,FALSE,TRUE
5031,ASV6239,TRUE,FALSE,FALSE
5032,ASV6240,TRUE,FALSE,TRUE
5033,ASV6241,TRUE,FALSE,TRUE
5034,ASV6242,TRUE,FALSE,TRUE
5035,ASV6243,TRUE,FALSE,TRUE
5036,ASV6244,TRUE,FALSE,TRUE
5037,ASV6245,TRUE,FALSE,TRUE
5038,ASV6246,TRUE,FALSE,TRUE
5039,ASV6247,TRUE,FALSE,FALSE
5040,ASV6248,TRUE,TRUE,FALSE
5041,ASV6251,FALSE,FALSE,FALSE
5042,ASV6252,TRUE,TRUE,FALSE
5043,ASV6253,TRUE,FALSE,TRUE
5044,ASV6254,TRUE,FALSE,TRUE
5045,ASV6255,TRUE,FALSE,TRUE
5046,ASV6256,TRUE,FALSE,TRUE
5047,ASV6257,TRUE,FALSE,TRUE
5048,ASV6258,TRUE,FALSE,TRUE
5049,ASV6259,TRUE,FALSE,TRUE
5050,ASV6260,TRUE,FALSE,TRUE
5051,ASV6261,TRUE,FALSE,TRUE
5052,ASV6262,TRUE,FALSE,TRUE
5053,ASV6263,TRUE,FALSE,FALSE
5054,ASV6266,TRUE,TRUE,FALSE
5055,ASV6267,FALSE,TRUE,FALSE
5056,ASV6268,TRUE,FALSE,TRUE
5057,ASV6269,TRUE,TRUE,FALSE
5058,ASV6270,TRUE,TRUE,FALSE
5059,ASV6271,TRUE,FALSE,TRUE
5060,ASV6272,TRUE,FALSE,TRUE
5061,ASV6273,FALSE,TRUE,TRUE
5062,ASV6274,FALSE,TRUE,TRUE
5063,ASV6275,FALSE,TRUE,TRUE
5064,ASV6276,TRUE,TRUE,FALSE
5065,ASV6277,TRUE,TRUE,FALSE
5066,ASV6280,TRUE,FALSE,FALSE
5067,ASV6281,TRUE,TRUE,FALSE
5068,ASV6282,TRUE,TRUE,FALSE
5069,ASV6283,TRUE,FALSE,FALSE
5070,ASV6284,TRUE,FALSE,FALSE
5071,ASV6286,TRUE,TRUE,FALSE
5072,ASV6288,TRUE,TRUE,FALSE
5073,ASV6289,TRUE,TRUE,FALSE
5074,ASV6290,TRUE,FALSE,TRUE
5075,ASV6291,TRUE,FALSE,TRUE
5076,ASV6292,TRUE,FALSE,TRUE
5077,ASV6293,TRUE,FALSE,TRUE
5078,ASV6294,TRUE,FALSE,TRUE
5079,ASV6295,TRUE,FALSE,TRUE
5080,ASV6298,TRUE,FALSE,TRUE
5081,ASV6300,TRUE,FALSE,TRUE
5082,ASV6301,TRUE,FALSE,TRUE
5083,ASV6302,TRUE,FALSE,TRUE
5084,ASV6303,TRUE,FALSE,FALSE
5085,ASV6304,TRUE,FALSE,TRUE
5086,ASV6305,TRUE,FALSE,FALSE
5087,ASV6306,TRUE,FALSE,FALSE
5088,ASV6307,TRUE,FALSE,FALSE
5089,ASV6308,TRUE,TRUE,FALSE
5090,ASV6309,TRUE,TRUE,FALSE
5091,ASV6310,TRUE,TRUE,FALSE
5092,ASV6313,TRUE,FALSE,TRUE
5093,ASV6314,TRUE,FALSE,TRUE
5094,ASV6316,TRUE,FALSE,FALSE
5095,ASV6319,TRUE,FALSE,TRUE
5096,ASV6320,TRUE,TRUE,FALSE
5097,ASV6321,TRUE,TRUE,FALSE
5098,ASV6322,TRUE,TRUE,FALSE
5099,ASV6324,TRUE,TRUE,FALSE
5100,ASV6325,TRUE,FALSE,TRUE
5101,ASV6326,TRUE,FALSE,TRUE
5102,ASV6327,TRUE,TRUE,FALSE
5103,ASV6330,TRUE,TRUE,FALSE
5104,ASV6331,TRUE,TRUE,FALSE
5105,ASV6333,TRUE,TRUE,FALSE
5106,ASV6334,TRUE,TRUE,FALSE
5107,ASV6335,FALSE,FALSE,FALSE
5108,ASV6336,TRUE,TRUE,FALSE
5109,ASV6337,TRUE,TRUE,FALSE
5110,ASV6339,FALSE,TRUE,FALSE
5111,ASV6340,TRUE,TRUE,FALSE
5112,ASV6341,TRUE,TRUE,FALSE
5113,ASV6343,TRUE,TRUE,FALSE
5114,ASV6344,TRUE,FALSE,FALSE
5115,ASV6345,FALSE,FALSE,FALSE
5116,ASV6346,FALSE,FALSE,TRUE
5117,ASV6347,FALSE,TRUE,FALSE
5118,ASV6348,TRUE,FALSE,TRUE
5119,ASV6349,TRUE,FALSE,TRUE
5120,ASV6351,TRUE,FALSE,TRUE
5121,ASV6352,TRUE,FALSE,TRUE
5122,ASV6353,TRUE,FALSE,TRUE
5123,ASV6354,TRUE,FALSE,TRUE
5124,ASV6355,TRUE,FALSE,TRUE
5125,ASV6359,TRUE,FALSE,FALSE
5126,ASV6361,TRUE,FALSE,TRUE
5127,ASV6362,TRUE,FALSE,FALSE
5128,ASV6363,TRUE,FALSE,FALSE
5129,ASV6364,TRUE,TRUE,FALSE
5130,ASV6366,TRUE,FALSE,FALSE
5131,ASV6367,TRUE,TRUE,FALSE
5132,ASV6368,TRUE,TRUE,FALSE
5133,ASV6370,FALSE,FALSE,TRUE
5134,ASV6371,TRUE,FALSE,TRUE
5135,ASV6372,TRUE,FALSE,TRUE
5136,ASV6373,TRUE,FALSE,TRUE
5137,ASV6374,TRUE,FALSE,TRUE
5138,ASV6375,TRUE,FALSE,TRUE
5139,ASV6377,TRUE,FALSE,TRUE
5140,ASV6378,TRUE,FALSE,TRUE
5141,ASV6379,TRUE,FALSE,TRUE
5142,ASV6380,TRUE,TRUE,FALSE
5143,ASV6381,TRUE,TRUE,FALSE
5144,ASV6382,TRUE,FALSE,TRUE
5145,ASV6383,TRUE,FALSE,TRUE
5146,ASV6384,TRUE,FALSE,TRUE
5147,ASV6385,FALSE,TRUE,TRUE
5148,ASV6387,FALSE,TRUE,FALSE
5149,ASV6388,TRUE,TRUE,FALSE
5150,ASV6392,TRUE,TRUE,FALSE
5151,ASV6393,TRUE,FALSE,FALSE
5152,ASV6395,TRUE,TRUE,FALSE
5153,ASV6396,TRUE,TRUE,FALSE
5154,ASV6397,TRUE,TRUE,FALSE
5155,ASV6398,TRUE,TRUE,FALSE
5156,ASV6400,TRUE,TRUE,FALSE
5157,ASV6401,TRUE,TRUE,FALSE
5158,ASV6403,FALSE,TRUE,FALSE
5159,ASV6404,FALSE,TRUE,TRUE
5160,ASV6405,FALSE,FALSE,TRUE
5161,ASV6406,FALSE,FALSE,TRUE
5162,ASV6407,FALSE,TRUE,FALSE
5163,ASV6408,FALSE,TRUE,FALSE
5164,ASV6410,TRUE,FALSE,TRUE
5165,ASV6411,TRUE,FALSE,TRUE
5166,ASV6412,TRUE,FALSE,TRUE
5167,ASV6413,TRUE,FALSE,FALSE
5168,ASV6414,TRUE,FALSE,TRUE
5169,ASV6415,TRUE,FALSE,TRUE
5170,ASV6416,TRUE,FALSE,TRUE
5171,ASV6418,TRUE,FALSE,TRUE
5172,ASV6419,TRUE,FALSE,TRUE
5173,ASV6420,TRUE,FALSE,TRUE
5174,ASV6421,TRUE,FALSE,FALSE
5175,ASV6422,TRUE,FALSE,TRUE
5176,ASV6423,TRUE,FALSE,TRUE
5177,ASV6424,TRUE,TRUE,FALSE
5178,ASV6425,TRUE,TRUE,FALSE
5179,ASV6427,TRUE,TRUE,FALSE
5180,ASV6428,TRUE,TRUE,FALSE
5181,ASV6429,TRUE,FALSE,TRUE
5182,ASV6430,TRUE,FALSE,TRUE
5183,ASV6431,TRUE,FALSE,TRUE
5184,ASV6432,TRUE,FALSE,FALSE
5185,ASV6433,TRUE,FALSE,TRUE
5186,ASV6434,TRUE,FALSE,TRUE
5187,ASV6435,TRUE,FALSE,TRUE
5188,ASV6437,TRUE,FALSE,TRUE
5189,ASV6438,TRUE,FALSE,TRUE
5190,ASV6439,TRUE,FALSE,TRUE
5191,ASV6440,TRUE,FALSE,TRUE
5192,ASV6441,TRUE,FALSE,FALSE
5193,ASV6442,TRUE,FALSE,TRUE
5194,ASV6443,TRUE,TRUE,FALSE
5195,ASV6444,FALSE,TRUE,FALSE
5196,ASV6445,TRUE,FALSE,TRUE
5197,ASV6447,TRUE,TRUE,FALSE
5198,ASV6448,TRUE,FALSE,TRUE
5199,ASV6449,FALSE,TRUE,TRUE
5200,ASV6456,TRUE,TRUE,FALSE
5201,ASV6459,TRUE,TRUE,FALSE
5202,ASV6460,TRUE,FALSE,FALSE
5203,ASV6461,TRUE,FALSE,FALSE
5204,ASV6463,TRUE,TRUE,FALSE
5205,ASV6464,FALSE,TRUE,FALSE
5206,ASV6465,TRUE,FALSE,FALSE
5207,ASV6466,TRUE,TRUE,FALSE
5208,ASV6468,TRUE,TRUE,FALSE
5209,ASV6469,FALSE,FALSE,FALSE
5210,ASV6470,FALSE,FALSE,TRUE
5211,ASV6471,FALSE,FALSE,TRUE
5212,ASV6472,TRUE,FALSE,TRUE
5213,ASV6475,TRUE,FALSE,TRUE
5214,ASV6476,TRUE,FALSE,TRUE
5215,ASV6477,TRUE,FALSE,TRUE
5216,ASV6478,TRUE,FALSE,FALSE
5217,ASV6480,TRUE,FALSE,TRUE
5218,ASV6481,TRUE,FALSE,TRUE
5219,ASV6482,TRUE,FALSE,TRUE
5220,ASV6483,TRUE,FALSE,TRUE
5221,ASV6484,TRUE,FALSE,TRUE
5222,ASV6486,TRUE,FALSE,TRUE
5223,ASV6487,TRUE,FALSE,TRUE
5224,ASV6488,TRUE,FALSE,TRUE
5225,ASV6491,TRUE,FALSE,TRUE
5226,ASV6492,TRUE,FALSE,FALSE
5227,ASV6493,TRUE,FALSE,TRUE
5228,ASV6494,TRUE,FALSE,TRUE
5229,ASV6496,TRUE,FALSE,FALSE
5230,ASV6497,TRUE,TRUE,FALSE
5231,ASV6498,TRUE,TRUE,FALSE
5232,ASV6501,FALSE,TRUE,FALSE
5233,ASV6502,TRUE,FALSE,TRUE
5234,ASV6503,TRUE,FALSE,TRUE
5235,ASV6504,TRUE,FALSE,TRUE
5236,ASV6505,TRUE,FALSE,TRUE
5237,ASV6506,TRUE,FALSE,TRUE
5238,ASV6507,TRUE,FALSE,TRUE
5239,ASV6508,TRUE,FALSE,FALSE
5240,ASV6509,TRUE,FALSE,TRUE
5241,ASV6512,TRUE,TRUE,FALSE
5242,ASV6514,TRUE,TRUE,FALSE
5243,ASV6515,TRUE,TRUE,FALSE
5244,ASV6516,TRUE,TRUE,FALSE
5245,ASV6517,FALSE,TRUE,TRUE
5246,ASV6518,FALSE,TRUE,TRUE
5247,ASV6519,TRUE,TRUE,FALSE
5248,ASV6520,TRUE,FALSE,FALSE
5249,ASV6521,TRUE,FALSE,FALSE
5250,ASV6523,TRUE,TRUE,FALSE
5251,ASV6524,TRUE,TRUE,FALSE
5252,ASV6525,TRUE,FALSE,FALSE
5253,ASV6526,TRUE,TRUE,FALSE
5254,ASV6528,TRUE,TRUE,FALSE
5255,ASV6529,TRUE,TRUE,FALSE
5256,ASV6530,TRUE,FALSE,TRUE
5257,ASV6531,TRUE,FALSE,TRUE
5258,ASV6535,TRUE,FALSE,TRUE
5259,ASV6537,TRUE,FALSE,TRUE
5260,ASV6540,TRUE,FALSE,TRUE
5261,ASV6541,TRUE,FALSE,TRUE
5262,ASV6547,TRUE,FALSE,TRUE
5263,ASV6548,TRUE,FALSE,FALSE
5264,ASV6549,TRUE,FALSE,TRUE
5265,ASV6551,TRUE,FALSE,FALSE
5266,ASV6552,TRUE,TRUE,FALSE
5267,ASV6553,TRUE,TRUE,FALSE
5268,ASV6554,TRUE,TRUE,FALSE
5269,ASV6555,TRUE,TRUE,FALSE
5270,ASV6556,FALSE,FALSE,FALSE
5271,ASV6557,TRUE,TRUE,FALSE
5272,ASV6558,TRUE,TRUE,FALSE
5273,ASV6560,TRUE,FALSE,TRUE
5274,ASV6561,TRUE,FALSE,TRUE
5275,ASV6562,TRUE,FALSE,TRUE
5276,ASV6564,TRUE,FALSE,TRUE
5277,ASV6565,TRUE,FALSE,TRUE
5278,ASV6566,TRUE,FALSE,TRUE
5279,ASV6567,TRUE,FALSE,TRUE
5280,ASV6568,TRUE,TRUE,FALSE
5281,ASV6569,TRUE,TRUE,FALSE
5282,ASV6570,TRUE,TRUE,FALSE
5283,ASV6571,TRUE,FALSE,TRUE
5284,ASV6572,TRUE,TRUE,FALSE
5285,ASV6573,TRUE,FALSE,TRUE
5286,ASV6574,FALSE,TRUE,TRUE
5287,ASV6577,TRUE,TRUE,FALSE
5288,ASV6579,TRUE,FALSE,FALSE
5289,ASV6581,TRUE,TRUE,FALSE
5290,ASV6582,TRUE,TRUE,FALSE
5291,ASV6583,TRUE,TRUE,FALSE
5292,ASV6586,TRUE,TRUE,FALSE
5293,ASV6588,TRUE,TRUE,FALSE
5294,ASV6589,TRUE,FALSE,FALSE
5295,ASV6591,TRUE,TRUE,FALSE
5296,ASV6592,TRUE,TRUE,FALSE
5297,ASV6593,TRUE,TRUE,FALSE
5298,ASV6594,TRUE,FALSE,FALSE
5299,ASV6598,FALSE,TRUE,FALSE
5300,ASV6599,TRUE,FALSE,TRUE
5301,ASV6600,TRUE,FALSE,FALSE
5302,ASV6601,TRUE,FALSE,TRUE
5303,ASV6602,TRUE,FALSE,TRUE
5304,ASV6604,TRUE,FALSE,TRUE
5305,ASV6605,TRUE,FALSE,TRUE
5306,ASV6606,TRUE,TRUE,FALSE
5307,ASV6607,TRUE,FALSE,FALSE
5308,ASV6608,TRUE,TRUE,FALSE
5309,ASV6609,TRUE,FALSE,TRUE
5310,ASV6610,TRUE,FALSE,TRUE
5311,ASV6611,TRUE,FALSE,TRUE
5312,ASV6612,TRUE,FALSE,TRUE
5313,ASV6613,TRUE,FALSE,FALSE
5314,ASV6614,TRUE,FALSE,TRUE
5315,ASV6615,TRUE,FALSE,TRUE
5316,ASV6616,TRUE,FALSE,TRUE
5317,ASV6617,TRUE,FALSE,TRUE
5318,ASV6618,TRUE,FALSE,TRUE
5319,ASV6619,TRUE,FALSE,TRUE
5320,ASV6620,TRUE,FALSE,TRUE
5321,ASV6623,TRUE,FALSE,TRUE
5322,ASV6624,TRUE,FALSE,TRUE
5323,ASV6625,TRUE,FALSE,TRUE
5324,ASV6626,FALSE,FALSE,TRUE
5325,ASV6627,FALSE,TRUE,FALSE
5326,ASV6628,TRUE,TRUE,FALSE
5327,ASV6629,TRUE,FALSE,TRUE
5328,ASV6631,FALSE,TRUE,TRUE
5329,ASV6632,FALSE,TRUE,TRUE
5330,ASV6637,TRUE,TRUE,FALSE
5331,ASV6638,TRUE,TRUE,FALSE
5332,ASV6639,TRUE,TRUE,FALSE
5333,ASV6641,TRUE,TRUE,FALSE
5334,ASV6642,FALSE,TRUE,FALSE
5335,ASV6643,TRUE,TRUE,FALSE
5336,ASV6644,TRUE,TRUE,FALSE
5337,ASV6647,TRUE,TRUE,FALSE
5338,ASV6648,TRUE,FALSE,FALSE
5339,ASV6649,TRUE,TRUE,FALSE
5340,ASV6650,TRUE,FALSE,FALSE
5341,ASV6652,FALSE,TRUE,FALSE
5342,ASV6653,FALSE,TRUE,TRUE
5343,ASV6654,TRUE,FALSE,TRUE
5344,ASV6655,TRUE,FALSE,TRUE
5345,ASV6657,TRUE,FALSE,TRUE
5346,ASV6658,TRUE,FALSE,TRUE
5347,ASV6660,TRUE,FALSE,FALSE
5348,ASV6661,TRUE,FALSE,TRUE
5349,ASV6662,TRUE,FALSE,FALSE
5350,ASV6664,TRUE,FALSE,TRUE
5351,ASV6667,TRUE,FALSE,TRUE
5352,ASV6668,TRUE,FALSE,TRUE
5353,ASV6669,TRUE,FALSE,TRUE
5354,ASV6670,TRUE,FALSE,TRUE
5355,ASV6671,TRUE,FALSE,FALSE
5356,ASV6672,TRUE,TRUE,FALSE
5357,ASV6673,TRUE,TRUE,FALSE
5358,ASV6675,TRUE,TRUE,FALSE
5359,ASV6676,TRUE,FALSE,TRUE
5360,ASV6677,TRUE,FALSE,TRUE
5361,ASV6678,TRUE,FALSE,TRUE
5362,ASV6679,TRUE,FALSE,TRUE
5363,ASV6680,TRUE,FALSE,TRUE
5364,ASV6681,TRUE,FALSE,TRUE
5365,ASV6682,TRUE,FALSE,TRUE
5366,ASV6683,TRUE,FALSE,TRUE
5367,ASV6685,TRUE,FALSE,TRUE
5368,ASV6686,TRUE,FALSE,TRUE
5369,ASV6687,TRUE,FALSE,TRUE
5370,ASV6688,TRUE,FALSE,FALSE
5371,ASV6689,FALSE,FALSE,TRUE
5372,ASV6690,TRUE,TRUE,FALSE
5373,ASV6692,TRUE,TRUE,FALSE
5374,ASV6693,TRUE,FALSE,TRUE
5375,ASV6695,FALSE,TRUE,FALSE
5376,ASV6698,TRUE,TRUE,FALSE
5377,ASV6700,TRUE,TRUE,FALSE
5378,ASV6701,TRUE,TRUE,FALSE
5379,ASV6702,TRUE,FALSE,FALSE
5380,ASV6704,TRUE,FALSE,FALSE
5381,ASV6705,TRUE,TRUE,FALSE
5382,ASV6706,TRUE,TRUE,FALSE
5383,ASV6707,TRUE,TRUE,FALSE
5384,ASV6711,FALSE,FALSE,TRUE
5385,ASV6712,TRUE,FALSE,TRUE
5386,ASV6714,TRUE,FALSE,TRUE
5387,ASV6715,TRUE,FALSE,FALSE
5388,ASV6716,TRUE,FALSE,TRUE
5389,ASV6717,TRUE,FALSE,TRUE
5390,ASV6718,TRUE,FALSE,TRUE
5391,ASV6719,TRUE,FALSE,TRUE
5392,ASV6720,TRUE,FALSE,FALSE
5393,ASV6721,TRUE,FALSE,TRUE
5394,ASV6722,TRUE,FALSE,FALSE
5395,ASV6724,TRUE,TRUE,FALSE
5396,ASV6726,TRUE,TRUE,FALSE
5397,ASV6727,TRUE,FALSE,FALSE
5398,ASV6730,TRUE,TRUE,FALSE
5399,ASV6731,TRUE,TRUE,FALSE
5400,ASV6732,TRUE,TRUE,FALSE
5401,ASV6734,TRUE,FALSE,TRUE
5402,ASV6735,TRUE,FALSE,TRUE
5403,ASV6736,TRUE,FALSE,TRUE
5404,ASV6737,TRUE,FALSE,TRUE
5405,ASV6738,TRUE,FALSE,TRUE
5406,ASV6739,TRUE,FALSE,TRUE
5407,ASV6740,TRUE,FALSE,TRUE
5408,ASV6741,TRUE,FALSE,TRUE
5409,ASV6743,TRUE,FALSE,TRUE
5410,ASV6744,TRUE,FALSE,TRUE
5411,ASV6745,TRUE,FALSE,TRUE
5412,ASV6746,TRUE,TRUE,FALSE
5413,ASV6747,TRUE,TRUE,FALSE
5414,ASV6748,TRUE,TRUE,FALSE
5415,ASV6749,TRUE,TRUE,FALSE
5416,ASV6750,TRUE,FALSE,TRUE
5417,ASV6751,TRUE,FALSE,TRUE
5418,ASV6752,TRUE,FALSE,TRUE
5419,ASV6753,TRUE,FALSE,TRUE
5420,ASV6754,TRUE,FALSE,TRUE
5421,ASV6755,TRUE,FALSE,TRUE
5422,ASV6756,FALSE,TRUE,TRUE
5423,ASV6757,FALSE,TRUE,TRUE
5424,ASV6761,TRUE,TRUE,FALSE
5425,ASV6762,TRUE,TRUE,FALSE
5426,ASV6763,TRUE,TRUE,FALSE
5427,ASV6764,TRUE,TRUE,FALSE
5428,ASV6765,TRUE,TRUE,FALSE
5429,ASV6766,TRUE,TRUE,FALSE
5430,ASV6767,TRUE,TRUE,FALSE
5431,ASV6768,TRUE,FALSE,FALSE
5432,ASV6770,TRUE,TRUE,FALSE
5433,ASV6774,FALSE,TRUE,TRUE
5434,ASV6776,FALSE,TRUE,FALSE
5435,ASV6777,TRUE,FALSE,TRUE
5436,ASV6778,TRUE,FALSE,TRUE
5437,ASV6779,TRUE,FALSE,FALSE
5438,ASV6780,TRUE,FALSE,FALSE
5439,ASV6781,TRUE,FALSE,TRUE
5440,ASV6782,TRUE,FALSE,FALSE
5441,ASV6783,TRUE,FALSE,TRUE
5442,ASV6785,TRUE,FALSE,TRUE
5443,ASV6786,TRUE,FALSE,TRUE
5444,ASV6787,TRUE,FALSE,TRUE
5445,ASV6788,TRUE,FALSE,FALSE
5446,ASV6789,TRUE,TRUE,FALSE
5447,ASV6790,TRUE,FALSE,FALSE
5448,ASV6791,TRUE,TRUE,FALSE
5449,ASV6793,TRUE,TRUE,FALSE
5450,ASV6794,TRUE,FALSE,TRUE
5451,ASV6795,TRUE,FALSE,TRUE
5452,ASV6796,TRUE,FALSE,TRUE
5453,ASV6797,TRUE,FALSE,FALSE
5454,ASV6798,TRUE,FALSE,TRUE
5455,ASV6799,TRUE,FALSE,TRUE
5456,ASV6800,TRUE,FALSE,TRUE
5457,ASV6802,TRUE,FALSE,TRUE
5458,ASV6803,TRUE,TRUE,FALSE
5459,ASV6804,TRUE,FALSE,TRUE
5460,ASV6806,FALSE,TRUE,TRUE
5461,ASV6807,FALSE,TRUE,TRUE
5462,ASV6809,TRUE,FALSE,FALSE
5463,ASV6811,TRUE,TRUE,FALSE
5464,ASV6812,TRUE,FALSE,FALSE
5465,ASV6814,TRUE,TRUE,FALSE
5466,ASV6815,TRUE,TRUE,FALSE
5467,ASV6818,TRUE,TRUE,FALSE
5468,ASV6820,FALSE,FALSE,FALSE
5469,ASV6824,TRUE,TRUE,FALSE
5470,ASV6825,TRUE,TRUE,FALSE
5471,ASV6826,TRUE,TRUE,FALSE
5472,ASV6831,TRUE,FALSE,FALSE
5473,ASV6832,TRUE,FALSE,TRUE
5474,ASV6833,TRUE,FALSE,TRUE
5475,ASV6835,TRUE,FALSE,TRUE
5476,ASV6836,TRUE,FALSE,FALSE
5477,ASV6837,TRUE,FALSE,TRUE
5478,ASV6838,TRUE,FALSE,TRUE
5479,ASV6839,FALSE,FALSE,TRUE
5480,ASV6840,TRUE,FALSE,TRUE
5481,ASV6841,TRUE,FALSE,TRUE
5482,ASV6843,TRUE,FALSE,FALSE
5483,ASV6845,TRUE,FALSE,FALSE
5484,ASV6846,TRUE,FALSE,FALSE
5485,ASV6847,TRUE,FALSE,FALSE
5486,ASV6848,TRUE,TRUE,FALSE
5487,ASV6849,TRUE,TRUE,FALSE
5488,ASV6851,FALSE,TRUE,FALSE
5489,ASV6853,TRUE,FALSE,TRUE
5490,ASV6854,TRUE,FALSE,FALSE
5491,ASV6858,TRUE,FALSE,TRUE
5492,ASV6859,TRUE,FALSE,TRUE
5493,ASV6860,TRUE,FALSE,TRUE
5494,ASV6861,TRUE,FALSE,TRUE
5495,ASV6862,TRUE,FALSE,TRUE
5496,ASV6863,TRUE,TRUE,FALSE
5497,ASV6864,TRUE,TRUE,FALSE
5498,ASV6865,TRUE,FALSE,TRUE
5499,ASV6867,FALSE,TRUE,TRUE
5500,ASV6871,TRUE,TRUE,FALSE
5501,ASV6872,TRUE,TRUE,FALSE
5502,ASV6873,FALSE,TRUE,FALSE
5503,ASV6877,TRUE,TRUE,FALSE
5504,ASV6878,TRUE,TRUE,FALSE
5505,ASV6879,TRUE,TRUE,FALSE
5506,ASV6881,TRUE,TRUE,FALSE
5507,ASV6882,TRUE,TRUE,FALSE
5508,ASV6884,FALSE,FALSE,FALSE
5509,ASV6885,TRUE,TRUE,FALSE
5510,ASV6890,TRUE,TRUE,FALSE
5511,ASV6891,TRUE,FALSE,FALSE
5512,ASV6892,FALSE,FALSE,TRUE
5513,ASV6893,FALSE,TRUE,FALSE
5514,ASV6894,FALSE,TRUE,TRUE
5515,ASV6895,TRUE,FALSE,TRUE
5516,ASV6896,TRUE,FALSE,TRUE
5517,ASV6897,TRUE,FALSE,TRUE
5518,ASV6898,TRUE,FALSE,TRUE
5519,ASV6899,TRUE,FALSE,TRUE
5520,ASV6901,TRUE,FALSE,TRUE
5521,ASV6902,TRUE,FALSE,TRUE
5522,ASV6904,TRUE,FALSE,TRUE
5523,ASV6905,TRUE,FALSE,TRUE
5524,ASV6906,TRUE,FALSE,FALSE
5525,ASV6907,TRUE,FALSE,FALSE
5526,ASV6908,TRUE,FALSE,TRUE
5527,ASV6909,TRUE,FALSE,TRUE
5528,ASV6910,TRUE,FALSE,TRUE
5529,ASV6911,TRUE,FALSE,TRUE
5530,ASV6913,TRUE,TRUE,FALSE
5531,ASV6914,TRUE,TRUE,FALSE
5532,ASV6915,TRUE,TRUE,FALSE
5533,ASV6917,TRUE,TRUE,FALSE
5534,ASV6919,TRUE,FALSE,TRUE
5535,ASV6920,TRUE,FALSE,TRUE
5536,ASV6921,TRUE,FALSE,TRUE
5537,ASV6922,TRUE,FALSE,TRUE
5538,ASV6924,TRUE,FALSE,TRUE
5539,ASV6926,TRUE,FALSE,TRUE
5540,ASV6927,TRUE,FALSE,TRUE
5541,ASV6928,TRUE,FALSE,FALSE
5542,ASV6929,TRUE,FALSE,TRUE
5543,ASV6930,TRUE,FALSE,TRUE
5544,ASV6931,TRUE,FALSE,FALSE
5545,ASV6932,TRUE,FALSE,TRUE
5546,ASV6933,TRUE,FALSE,TRUE
5547,ASV6934,TRUE,FALSE,FALSE
5548,ASV6935,FALSE,FALSE,TRUE
5549,ASV6938,TRUE,TRUE,FALSE
5550,ASV6939,TRUE,TRUE,FALSE
5551,ASV6940,TRUE,TRUE,FALSE
5552,ASV6943,TRUE,TRUE,FALSE
5553,ASV6947,TRUE,TRUE,FALSE
5554,ASV6948,TRUE,FALSE,FALSE
5555,ASV6949,TRUE,FALSE,FALSE
5556,ASV6950,TRUE,TRUE,FALSE
5557,ASV6951,TRUE,TRUE,FALSE
5558,ASV6952,TRUE,FALSE,FALSE
5559,ASV6953,FALSE,TRUE,TRUE
5560,ASV6954,FALSE,TRUE,TRUE
5561,ASV6956,TRUE,FALSE,TRUE
5562,ASV6958,TRUE,FALSE,TRUE
5563,ASV6960,TRUE,FALSE,TRUE
5564,ASV6963,TRUE,FALSE,TRUE
5565,ASV6965,TRUE,FALSE,TRUE
5566,ASV6966,TRUE,FALSE,TRUE
5567,ASV6968,TRUE,FALSE,TRUE
5568,ASV6970,TRUE,FALSE,TRUE
5569,ASV6972,TRUE,FALSE,TRUE
5570,ASV6973,TRUE,FALSE,FALSE
5571,ASV6974,TRUE,FALSE,FALSE
5572,ASV6975,TRUE,FALSE,TRUE
5573,ASV6978,FALSE,TRUE,FALSE
5574,ASV6980,TRUE,FALSE,FALSE
5575,ASV6981,TRUE,FALSE,FALSE
5576,ASV6983,TRUE,FALSE,FALSE
5577,ASV6984,TRUE,FALSE,TRUE
5578,ASV6985,TRUE,FALSE,TRUE
5579,ASV6986,TRUE,FALSE,FALSE
5580,ASV6988,TRUE,FALSE,TRUE
5581,ASV6989,TRUE,FALSE,TRUE
5582,ASV6990,TRUE,FALSE,TRUE
5583,ASV6991,TRUE,FALSE,TRUE
5584,ASV6993,TRUE,FALSE,TRUE
5585,ASV6994,TRUE,FALSE,TRUE
5586,ASV6995,TRUE,FALSE,TRUE
5587,ASV6996,TRUE,FALSE,TRUE
5588,ASV6997,TRUE,FALSE,TRUE
5589,ASV6998,TRUE,FALSE,FALSE
5590,ASV6999,TRUE,TRUE,FALSE
5591,ASV7000,TRUE,FALSE,TRUE
5592,ASV7001,FALSE,FALSE,TRUE
5593,ASV7003,TRUE,FALSE,TRUE
5594,ASV7004,TRUE,FALSE,TRUE
5595,ASV7005,TRUE,FALSE,TRUE
5596,ASV7008,FALSE,TRUE,FALSE
5597,ASV7009,TRUE,FALSE,FALSE
5598,ASV7010,TRUE,TRUE,FALSE
5599,ASV7011,TRUE,TRUE,FALSE
5600,ASV7012,FALSE,TRUE,FALSE
5601,ASV7014,TRUE,TRUE,FALSE
5602,ASV7017,TRUE,FALSE,FALSE
5603,ASV7018,TRUE,TRUE,FALSE
5604,ASV7022,TRUE,TRUE,FALSE
5605,ASV7023,TRUE,FALSE,FALSE
5606,ASV7025,TRUE,TRUE,FALSE
5607,ASV7026,TRUE,TRUE,FALSE
5608,ASV7027,TRUE,TRUE,FALSE
5609,ASV7030,TRUE,TRUE,FALSE
5610,ASV7032,FALSE,TRUE,TRUE
5611,ASV7033,FALSE,TRUE,FALSE
5612,ASV7034,TRUE,FALSE,TRUE
5613,ASV7035,TRUE,FALSE,TRUE
5614,ASV7036,TRUE,FALSE,TRUE
5615,ASV7038,TRUE,FALSE,TRUE
5616,ASV7039,TRUE,FALSE,TRUE
5617,ASV7042,TRUE,FALSE,TRUE
5618,ASV7044,TRUE,FALSE,TRUE
5619,ASV7045,TRUE,FALSE,TRUE
5620,ASV7046,TRUE,FALSE,TRUE
5621,ASV7047,TRUE,FALSE,TRUE
5622,ASV7048,TRUE,FALSE,TRUE
5623,ASV7049,FALSE,FALSE,TRUE
5624,ASV7050,TRUE,FALSE,TRUE
5625,ASV7052,TRUE,FALSE,FALSE
5626,ASV7053,TRUE,TRUE,FALSE
5627,ASV7054,TRUE,TRUE,FALSE
5628,ASV7055,TRUE,TRUE,FALSE
5629,ASV7056,TRUE,TRUE,FALSE
5630,ASV7057,FALSE,TRUE,FALSE
5631,ASV7060,TRUE,FALSE,TRUE
5632,ASV7061,TRUE,FALSE,TRUE
5633,ASV7062,TRUE,FALSE,TRUE
5634,ASV7063,TRUE,FALSE,TRUE
5635,ASV7064,TRUE,FALSE,TRUE
5636,ASV7065,TRUE,FALSE,TRUE
5637,ASV7066,TRUE,FALSE,TRUE
5638,ASV7068,TRUE,FALSE,TRUE
5639,ASV7069,TRUE,FALSE,TRUE
5640,ASV7070,TRUE,TRUE,FALSE
5641,ASV7071,TRUE,TRUE,FALSE
5642,ASV7074,TRUE,TRUE,FALSE
5643,ASV7075,TRUE,FALSE,TRUE
5644,ASV7076,TRUE,FALSE,TRUE
5645,ASV7078,TRUE,TRUE,FALSE
5646,ASV7079,TRUE,TRUE,FALSE
5647,ASV7080,TRUE,TRUE,FALSE
5648,ASV7082,FALSE,FALSE,FALSE
5649,ASV7083,TRUE,TRUE,FALSE
5650,ASV7084,TRUE,TRUE,FALSE
5651,ASV7086,TRUE,TRUE,FALSE
5652,ASV7088,TRUE,TRUE,FALSE
5653,ASV7092,FALSE,TRUE,FALSE
5654,ASV7093,TRUE,TRUE,FALSE
5655,ASV7094,TRUE,TRUE,FALSE
5656,ASV7095,TRUE,TRUE,FALSE
5657,ASV7096,TRUE,TRUE,FALSE
5658,ASV7097,TRUE,TRUE,FALSE
5659,ASV7098,TRUE,TRUE,FALSE
5660,ASV7100,TRUE,FALSE,FALSE
5661,ASV7101,TRUE,FALSE,FALSE
5662,ASV7102,TRUE,FALSE,TRUE
5663,ASV7103,TRUE,FALSE,FALSE
5664,ASV7105,TRUE,FALSE,TRUE
5665,ASV7107,TRUE,FALSE,TRUE
5666,ASV7108,TRUE,FALSE,TRUE
5667,ASV7111,TRUE,FALSE,TRUE
5668,ASV7112,TRUE,FALSE,TRUE
5669,ASV7113,TRUE,FALSE,TRUE
5670,ASV7114,TRUE,FALSE,TRUE
5671,ASV7115,TRUE,TRUE,FALSE
5672,ASV7116,TRUE,TRUE,FALSE
5673,ASV7117,TRUE,TRUE,FALSE
5674,ASV7119,TRUE,TRUE,FALSE
5675,ASV7120,TRUE,TRUE,FALSE
5676,ASV7121,TRUE,FALSE,FALSE
5677,ASV7122,TRUE,FALSE,TRUE
5678,ASV7123,TRUE,FALSE,TRUE
5679,ASV7124,TRUE,FALSE,TRUE
5680,ASV7125,TRUE,FALSE,TRUE
5681,ASV7126,TRUE,FALSE,FALSE
5682,ASV7127,TRUE,FALSE,FALSE
5683,ASV7128,TRUE,FALSE,TRUE
5684,ASV7129,TRUE,FALSE,TRUE
5685,ASV7130,TRUE,FALSE,TRUE
5686,ASV7131,TRUE,FALSE,TRUE
5687,ASV7133,TRUE,FALSE,TRUE
5688,ASV7134,FALSE,FALSE,TRUE
5689,ASV7135,TRUE,TRUE,FALSE
5690,ASV7136,TRUE,FALSE,TRUE
5691,ASV7137,TRUE,FALSE,TRUE
5692,ASV7138,TRUE,FALSE,TRUE
5693,ASV7139,TRUE,FALSE,TRUE
5694,ASV7140,TRUE,FALSE,TRUE
5695,ASV7141,TRUE,FALSE,TRUE
5696,ASV7142,FALSE,TRUE,TRUE
5697,ASV7143,FALSE,TRUE,TRUE
5698,ASV7144,FALSE,TRUE,TRUE
5699,ASV7148,TRUE,TRUE,FALSE
5700,ASV7149,TRUE,TRUE,FALSE
5701,ASV7152,TRUE,FALSE,FALSE
5702,ASV7156,TRUE,TRUE,FALSE
5703,ASV7158,TRUE,TRUE,FALSE
5704,ASV7159,TRUE,TRUE,FALSE
5705,ASV7161,TRUE,TRUE,FALSE
5706,ASV7164,FALSE,FALSE,FALSE
5707,ASV7165,TRUE,TRUE,FALSE
5708,ASV7166,TRUE,TRUE,FALSE
5709,ASV7167,TRUE,FALSE,FALSE
5710,ASV7168,TRUE,FALSE,FALSE
5711,ASV7169,TRUE,FALSE,FALSE
5712,ASV7170,FALSE,TRUE,TRUE
5713,ASV7171,FALSE,TRUE,TRUE
5714,ASV7172,FALSE,FALSE,TRUE
5715,ASV7173,FALSE,TRUE,FALSE
5716,ASV7175,FALSE,FALSE,TRUE
5717,ASV7176,FALSE,TRUE,TRUE
5718,ASV7177,TRUE,FALSE,TRUE
5719,ASV7180,TRUE,FALSE,TRUE
5720,ASV7181,TRUE,FALSE,TRUE
5721,ASV7182,TRUE,FALSE,TRUE
5722,ASV7183,TRUE,FALSE,TRUE
5723,ASV7184,TRUE,FALSE,TRUE
5724,ASV7185,TRUE,FALSE,TRUE
5725,ASV7186,TRUE,FALSE,TRUE
5726,ASV7187,TRUE,FALSE,FALSE
5727,ASV7188,TRUE,FALSE,TRUE
5728,ASV7189,TRUE,FALSE,TRUE
5729,ASV7190,TRUE,FALSE,TRUE
5730,ASV7191,TRUE,FALSE,TRUE
5731,ASV7192,TRUE,FALSE,TRUE
5732,ASV7193,TRUE,FALSE,TRUE
5733,ASV7194,TRUE,FALSE,TRUE
5734,ASV7195,FALSE,FALSE,FALSE
5735,ASV7196,TRUE,TRUE,FALSE
5736,ASV7197,TRUE,TRUE,FALSE
5737,ASV7198,TRUE,TRUE,FALSE
5738,ASV7199,TRUE,TRUE,FALSE
5739,ASV7200,TRUE,FALSE,FALSE
5740,ASV7201,TRUE,TRUE,FALSE
5741,ASV7202,TRUE,TRUE,FALSE
5742,ASV7203,TRUE,FALSE,FALSE
5743,ASV7204,TRUE,FALSE,TRUE
5744,ASV7206,TRUE,FALSE,TRUE
5745,ASV7208,TRUE,FALSE,TRUE
5746,ASV7209,TRUE,FALSE,TRUE
5747,ASV7210,TRUE,FALSE,FALSE
5748,ASV7211,TRUE,FALSE,TRUE
5749,ASV7212,TRUE,FALSE,TRUE
5750,ASV7213,TRUE,FALSE,TRUE
5751,ASV7214,TRUE,FALSE,TRUE
5752,ASV7215,TRUE,FALSE,TRUE
5753,ASV7216,TRUE,FALSE,TRUE
5754,ASV7217,TRUE,TRUE,FALSE
5755,ASV7218,TRUE,TRUE,FALSE
5756,ASV7219,FALSE,TRUE,FALSE
5757,ASV7220,TRUE,FALSE,TRUE
5758,ASV7221,TRUE,FALSE,TRUE
5759,ASV7223,TRUE,TRUE,FALSE
5760,ASV7224,TRUE,TRUE,FALSE
5761,ASV7225,TRUE,TRUE,FALSE
5762,ASV7226,FALSE,TRUE,TRUE
5763,ASV7228,FALSE,TRUE,FALSE
5764,ASV7229,TRUE,TRUE,FALSE
5765,ASV7230,TRUE,TRUE,FALSE
5766,ASV7232,TRUE,TRUE,FALSE
5767,ASV7234,TRUE,FALSE,FALSE
5768,ASV7235,TRUE,TRUE,FALSE
5769,ASV7236,TRUE,FALSE,FALSE
5770,ASV7238,TRUE,FALSE,FALSE
5771,ASV7239,TRUE,TRUE,FALSE
5772,ASV7241,TRUE,TRUE,FALSE
5773,ASV7243,TRUE,TRUE,FALSE
5774,ASV7244,TRUE,TRUE,FALSE
5775,ASV7245,FALSE,TRUE,TRUE
5776,ASV7246,FALSE,FALSE,TRUE
5777,ASV7248,TRUE,FALSE,TRUE
5778,ASV7250,TRUE,FALSE,TRUE
5779,ASV7251,TRUE,FALSE,TRUE
5780,ASV7253,TRUE,FALSE,TRUE
5781,ASV7254,TRUE,FALSE,TRUE
5782,ASV7256,TRUE,FALSE,TRUE
5783,ASV7257,TRUE,FALSE,TRUE
5784,ASV7258,TRUE,FALSE,TRUE
5785,ASV7259,TRUE,FALSE,TRUE
5786,ASV7260,TRUE,TRUE,FALSE
5787,ASV7261,TRUE,TRUE,FALSE
5788,ASV7262,TRUE,TRUE,FALSE
5789,ASV7264,TRUE,TRUE,FALSE
5790,ASV7266,TRUE,FALSE,FALSE
5791,ASV7267,TRUE,TRUE,FALSE
5792,ASV7269,TRUE,FALSE,TRUE
5793,ASV7271,TRUE,FALSE,TRUE
5794,ASV7272,TRUE,FALSE,TRUE
5795,ASV7273,TRUE,FALSE,TRUE
5796,ASV7275,TRUE,FALSE,TRUE
5797,ASV7276,TRUE,FALSE,TRUE
5798,ASV7277,TRUE,FALSE,TRUE
5799,ASV7278,TRUE,FALSE,TRUE
5800,ASV7279,TRUE,FALSE,TRUE
5801,ASV7280,TRUE,FALSE,TRUE
5802,ASV7281,TRUE,FALSE,TRUE
5803,ASV7282,TRUE,FALSE,TRUE
5804,ASV7283,TRUE,TRUE,FALSE
5805,ASV7284,TRUE,TRUE,FALSE
5806,ASV7285,TRUE,TRUE,FALSE
5807,ASV7287,TRUE,FALSE,TRUE
5808,ASV7288,TRUE,TRUE,FALSE
5809,ASV7289,TRUE,FALSE,TRUE
5810,ASV7291,FALSE,TRUE,TRUE
5811,ASV7294,TRUE,TRUE,FALSE
5812,ASV7296,TRUE,TRUE,FALSE
5813,ASV7297,TRUE,TRUE,FALSE
5814,ASV7298,TRUE,TRUE,FALSE
5815,ASV7300,TRUE,FALSE,FALSE
5816,ASV7302,TRUE,TRUE,FALSE
5817,ASV7305,TRUE,TRUE,FALSE
5818,ASV7306,TRUE,FALSE,FALSE
5819,ASV7308,TRUE,FALSE,FALSE
5820,ASV7309,TRUE,FALSE,FALSE
5821,ASV7310,TRUE,TRUE,FALSE
5822,ASV7311,TRUE,TRUE,FALSE
5823,ASV7312,TRUE,TRUE,FALSE
5824,ASV7313,TRUE,TRUE,FALSE
5825,ASV7314,TRUE,TRUE,FALSE
5826,ASV7315,TRUE,TRUE,FALSE
5827,ASV7317,FALSE,FALSE,TRUE
5828,ASV7318,FALSE,FALSE,TRUE
5829,ASV7319,FALSE,TRUE,TRUE
5830,ASV7320,FALSE,FALSE,FALSE
5831,ASV7321,FALSE,TRUE,TRUE
5832,ASV7322,FALSE,TRUE,FALSE
5833,ASV7324,TRUE,FALSE,TRUE
5834,ASV7329,TRUE,FALSE,TRUE
5835,ASV7331,TRUE,FALSE,TRUE
5836,ASV7332,TRUE,FALSE,TRUE
5837,ASV7333,TRUE,FALSE,TRUE
5838,ASV7334,TRUE,FALSE,TRUE
5839,ASV7335,FALSE,TRUE,FALSE
5840,ASV7337,TRUE,TRUE,FALSE
5841,ASV7338,TRUE,TRUE,FALSE
5842,ASV7339,TRUE,TRUE,FALSE
5843,ASV7340,TRUE,TRUE,FALSE
5844,ASV7341,TRUE,FALSE,TRUE
5845,ASV7342,TRUE,FALSE,TRUE
5846,ASV7343,TRUE,FALSE,TRUE
5847,ASV7345,TRUE,FALSE,TRUE
5848,ASV7346,TRUE,FALSE,TRUE
5849,ASV7347,TRUE,FALSE,TRUE
5850,ASV7348,TRUE,FALSE,TRUE
5851,ASV7349,TRUE,FALSE,TRUE
5852,ASV7350,TRUE,FALSE,TRUE
5853,ASV7351,TRUE,FALSE,TRUE
5854,ASV7352,TRUE,FALSE,TRUE
5855,ASV7353,TRUE,FALSE,TRUE
5856,ASV7354,TRUE,FALSE,TRUE
5857,ASV7355,TRUE,FALSE,FALSE
5858,ASV7356,TRUE,FALSE,TRUE
5859,ASV7358,TRUE,TRUE,FALSE
5860,ASV7359,TRUE,FALSE,TRUE
5861,ASV7360,FALSE,TRUE,FALSE
5862,ASV7361,TRUE,FALSE,TRUE
5863,ASV7362,TRUE,FALSE,TRUE
5864,ASV7363,TRUE,FALSE,TRUE
5865,ASV7364,FALSE,TRUE,TRUE
5866,ASV7369,TRUE,TRUE,FALSE
5867,ASV7370,FALSE,TRUE,FALSE
5868,ASV7371,TRUE,TRUE,FALSE
5869,ASV7374,TRUE,FALSE,FALSE
5870,ASV7375,TRUE,TRUE,FALSE
5871,ASV7377,TRUE,TRUE,FALSE
5872,ASV7378,TRUE,TRUE,FALSE
5873,ASV7379,TRUE,TRUE,FALSE
5874,ASV7381,TRUE,FALSE,FALSE
5875,ASV7382,FALSE,TRUE,TRUE
5876,ASV7383,FALSE,TRUE,TRUE
5877,ASV7384,FALSE,TRUE,TRUE
5878,ASV7385,FALSE,TRUE,TRUE
5879,ASV7386,TRUE,FALSE,TRUE
5880,ASV7387,TRUE,FALSE,TRUE
5881,ASV7388,TRUE,FALSE,TRUE
5882,ASV7389,TRUE,FALSE,TRUE
5883,ASV7390,TRUE,FALSE,TRUE
5884,ASV7391,TRUE,FALSE,TRUE
5885,ASV7392,TRUE,FALSE,TRUE
5886,ASV7393,TRUE,FALSE,TRUE
5887,ASV7394,TRUE,FALSE,TRUE
5888,ASV7395,TRUE,FALSE,TRUE
5889,ASV7396,TRUE,FALSE,TRUE
5890,ASV7397,TRUE,FALSE,TRUE
5891,ASV7401,TRUE,FALSE,TRUE
5892,ASV7402,TRUE,FALSE,TRUE
5893,ASV7404,TRUE,FALSE,TRUE
5894,ASV7406,TRUE,TRUE,FALSE
5895,ASV7407,TRUE,TRUE,FALSE
5896,ASV7408,TRUE,TRUE,FALSE
5897,ASV7411,FALSE,TRUE,FALSE
5898,ASV7412,TRUE,FALSE,TRUE
5899,ASV7413,TRUE,FALSE,TRUE
5900,ASV7414,TRUE,FALSE,TRUE
5901,ASV7415,TRUE,FALSE,TRUE
5902,ASV7416,TRUE,FALSE,TRUE
5903,ASV7417,TRUE,FALSE,TRUE
5904,ASV7418,TRUE,FALSE,FALSE
5905,ASV7419,TRUE,FALSE,TRUE
5906,ASV7420,TRUE,FALSE,TRUE
5907,ASV7421,TRUE,FALSE,TRUE
5908,ASV7422,TRUE,FALSE,TRUE
5909,ASV7423,TRUE,FALSE,TRUE
5910,ASV7425,TRUE,FALSE,TRUE
5911,ASV7426,TRUE,FALSE,TRUE
5912,ASV7427,FALSE,FALSE,FALSE
5913,ASV7428,TRUE,FALSE,TRUE
5914,ASV7430,TRUE,FALSE,TRUE
5915,ASV7431,TRUE,FALSE,TRUE
5916,ASV7433,TRUE,FALSE,TRUE
5917,ASV7434,TRUE,FALSE,TRUE
5918,ASV7437,TRUE,FALSE,TRUE
5919,ASV7438,TRUE,FALSE,TRUE
5920,ASV7439,TRUE,FALSE,TRUE
5921,ASV7442,TRUE,TRUE,FALSE
5922,ASV7443,TRUE,TRUE,FALSE
5923,ASV7444,TRUE,TRUE,FALSE
5924,ASV7446,TRUE,TRUE,FALSE
5925,ASV7447,FALSE,TRUE,TRUE
5926,ASV7448,FALSE,TRUE,TRUE
5927,ASV7449,FALSE,TRUE,TRUE
5928,ASV7454,FALSE,TRUE,FALSE
5929,ASV7457,TRUE,TRUE,FALSE
5930,ASV7458,TRUE,FALSE,FALSE
5931,ASV7460,TRUE,TRUE,FALSE
5932,ASV7461,TRUE,TRUE,FALSE
5933,ASV7462,TRUE,TRUE,FALSE
5934,ASV7464,TRUE,TRUE,FALSE
5935,ASV7466,TRUE,TRUE,FALSE
5936,ASV7467,TRUE,TRUE,FALSE
5937,ASV7468,FALSE,TRUE,FALSE
5938,ASV7469,TRUE,TRUE,FALSE
5939,ASV7470,TRUE,TRUE,FALSE
5940,ASV7471,FALSE,TRUE,TRUE
5941,ASV7472,FALSE,TRUE,FALSE
5942,ASV7473,FALSE,FALSE,FALSE
5943,ASV7474,TRUE,FALSE,TRUE
5944,ASV7476,TRUE,FALSE,TRUE
5945,ASV7478,TRUE,FALSE,TRUE
5946,ASV7479,TRUE,FALSE,TRUE
5947,ASV7481,TRUE,FALSE,TRUE
5948,ASV7484,TRUE,FALSE,TRUE
5949,ASV7485,TRUE,FALSE,FALSE
5950,ASV7487,TRUE,FALSE,TRUE
5951,ASV7488,TRUE,FALSE,FALSE
5952,ASV7490,TRUE,FALSE,TRUE
5953,ASV7491,TRUE,FALSE,TRUE
5954,ASV7492,TRUE,FALSE,TRUE
5955,ASV7495,TRUE,TRUE,FALSE
5956,ASV7497,TRUE,FALSE,FALSE
5957,ASV7499,TRUE,FALSE,TRUE
5958,ASV7500,TRUE,FALSE,TRUE
5959,ASV7501,TRUE,FALSE,TRUE
5960,ASV7502,TRUE,FALSE,TRUE
5961,ASV7504,TRUE,FALSE,TRUE
5962,ASV7505,TRUE,FALSE,FALSE
5963,ASV7506,TRUE,FALSE,TRUE
5964,ASV7507,TRUE,FALSE,TRUE
5965,ASV7508,TRUE,FALSE,TRUE
5966,ASV7509,TRUE,FALSE,TRUE
5967,ASV7510,TRUE,FALSE,TRUE
5968,ASV7511,TRUE,FALSE,TRUE
5969,ASV7512,TRUE,FALSE,TRUE
5970,ASV7513,TRUE,FALSE,TRUE
5971,ASV7514,TRUE,FALSE,TRUE
5972,ASV7515,TRUE,FALSE,FALSE
5973,ASV7519,TRUE,FALSE,TRUE
5974,ASV7520,TRUE,FALSE,FALSE
5975,ASV7522,TRUE,FALSE,FALSE
5976,ASV7523,TRUE,FALSE,TRUE
5977,ASV7524,TRUE,FALSE,TRUE
5978,ASV7525,TRUE,FALSE,TRUE
5979,ASV7526,TRUE,FALSE,FALSE
5980,ASV7527,TRUE,TRUE,FALSE
5981,ASV7528,TRUE,TRUE,FALSE
5982,ASV7530,TRUE,TRUE,FALSE
5983,ASV7531,TRUE,FALSE,TRUE
5984,ASV7532,TRUE,FALSE,TRUE
5985,ASV7534,FALSE,TRUE,FALSE
5986,ASV7535,TRUE,FALSE,TRUE
5987,ASV7536,TRUE,FALSE,TRUE
5988,ASV7538,TRUE,TRUE,FALSE
5989,ASV7542,TRUE,TRUE,FALSE
5990,ASV7544,TRUE,TRUE,FALSE
5991,ASV7546,TRUE,TRUE,FALSE
5992,ASV7547,TRUE,FALSE,FALSE
5993,ASV7549,TRUE,TRUE,FALSE
5994,ASV7550,TRUE,TRUE,FALSE
5995,ASV7551,TRUE,TRUE,FALSE
5996,ASV7552,TRUE,TRUE,FALSE
5997,ASV7553,FALSE,TRUE,FALSE
5998,ASV7554,TRUE,FALSE,FALSE
5999,ASV7556,TRUE,TRUE,FALSE
6000,ASV7558,TRUE,FALSE,FALSE
6001,ASV7559,FALSE,TRUE,TRUE
6002,ASV7560,FALSE,FALSE,TRUE
6003,ASV7561,FALSE,TRUE,TRUE
6004,ASV7565,TRUE,FALSE,TRUE
6005,ASV7566,TRUE,FALSE,TRUE
6006,ASV7568,TRUE,FALSE,TRUE
6007,ASV7569,TRUE,FALSE,TRUE
6008,ASV7570,TRUE,FALSE,TRUE
6009,ASV7571,TRUE,FALSE,TRUE
6010,ASV7572,TRUE,FALSE,TRUE
6011,ASV7573,TRUE,FALSE,FALSE
6012,ASV7575,TRUE,FALSE,TRUE
6013,ASV7577,TRUE,FALSE,TRUE
6014,ASV7578,TRUE,FALSE,TRUE
6015,ASV7579,TRUE,FALSE,FALSE
6016,ASV7582,TRUE,TRUE,FALSE
6017,ASV7583,TRUE,TRUE,FALSE
6018,ASV7584,TRUE,TRUE,FALSE
6019,ASV7585,TRUE,TRUE,FALSE
6020,ASV7588,TRUE,TRUE,FALSE
6021,ASV7589,TRUE,TRUE,FALSE
6022,ASV7590,TRUE,FALSE,TRUE
6023,ASV7591,TRUE,FALSE,TRUE
6024,ASV7592,TRUE,FALSE,TRUE
6025,ASV7593,TRUE,FALSE,TRUE
6026,ASV7595,TRUE,FALSE,TRUE
6027,ASV7596,TRUE,FALSE,TRUE
6028,ASV7597,TRUE,FALSE,TRUE
6029,ASV7598,TRUE,FALSE,TRUE
6030,ASV7599,TRUE,FALSE,TRUE
6031,ASV7600,TRUE,FALSE,TRUE
6032,ASV7601,TRUE,FALSE,TRUE
6033,ASV7602,TRUE,FALSE,TRUE
6034,ASV7603,TRUE,FALSE,TRUE
6035,ASV7604,TRUE,FALSE,TRUE
6036,ASV7605,TRUE,FALSE,TRUE
6037,ASV7608,TRUE,FALSE,TRUE
6038,ASV7610,TRUE,FALSE,TRUE
6039,ASV7611,TRUE,FALSE,TRUE
6040,ASV7613,TRUE,FALSE,TRUE
6041,ASV7614,TRUE,FALSE,TRUE
6042,ASV7615,TRUE,FALSE,TRUE
6043,ASV7616,TRUE,TRUE,FALSE
6044,ASV7617,TRUE,TRUE,FALSE
6045,ASV7618,TRUE,TRUE,FALSE
6046,ASV7619,TRUE,TRUE,FALSE
6047,ASV7620,TRUE,TRUE,FALSE
6048,ASV7621,TRUE,FALSE,TRUE
6049,ASV7622,TRUE,FALSE,TRUE
6050,ASV7623,TRUE,FALSE,TRUE
6051,ASV7624,TRUE,FALSE,TRUE
6052,ASV7625,TRUE,FALSE,TRUE
6053,ASV7626,TRUE,FALSE,TRUE
6054,ASV7627,FALSE,TRUE,TRUE
6055,ASV7630,TRUE,TRUE,FALSE
6056,ASV7631,TRUE,TRUE,FALSE
6057,ASV7632,FALSE,TRUE,FALSE
6058,ASV7633,TRUE,TRUE,FALSE
6059,ASV7635,TRUE,TRUE,FALSE
6060,ASV7636,TRUE,TRUE,FALSE
6061,ASV7638,TRUE,FALSE,FALSE
6062,ASV7641,TRUE,TRUE,FALSE
6063,ASV7642,TRUE,TRUE,FALSE
6064,ASV7643,TRUE,FALSE,FALSE
6065,ASV7644,FALSE,TRUE,TRUE
6066,ASV7645,FALSE,TRUE,TRUE
6067,ASV7646,FALSE,FALSE,TRUE
6068,ASV7647,TRUE,FALSE,TRUE
6069,ASV7648,TRUE,FALSE,TRUE
6070,ASV7650,TRUE,FALSE,TRUE
6071,ASV7651,TRUE,FALSE,TRUE
6072,ASV7652,TRUE,FALSE,TRUE
6073,ASV7653,TRUE,FALSE,TRUE
6074,ASV7654,TRUE,FALSE,TRUE
6075,ASV7656,TRUE,FALSE,TRUE
6076,ASV7660,TRUE,FALSE,TRUE
6077,ASV7661,TRUE,FALSE,TRUE
6078,ASV7662,TRUE,FALSE,TRUE
6079,ASV7663,TRUE,FALSE,TRUE
6080,ASV7665,TRUE,FALSE,TRUE
6081,ASV7666,TRUE,TRUE,FALSE
6082,ASV7667,TRUE,TRUE,FALSE
6083,ASV7668,FALSE,FALSE,FALSE
6084,ASV7669,TRUE,TRUE,FALSE
6085,ASV7670,TRUE,TRUE,FALSE
6086,ASV7671,TRUE,TRUE,FALSE
6087,ASV7672,TRUE,TRUE,FALSE
6088,ASV7673,TRUE,FALSE,TRUE
6089,ASV7674,TRUE,FALSE,TRUE
6090,ASV7675,TRUE,FALSE,TRUE
6091,ASV7677,TRUE,FALSE,TRUE
6092,ASV7678,TRUE,FALSE,TRUE
6093,ASV7679,TRUE,FALSE,TRUE
6094,ASV7680,TRUE,FALSE,TRUE
6095,ASV7682,TRUE,FALSE,TRUE
6096,ASV7683,TRUE,FALSE,TRUE
6097,ASV7684,TRUE,FALSE,TRUE
6098,ASV7685,TRUE,FALSE,TRUE
6099,ASV7686,TRUE,FALSE,TRUE
6100,ASV7687,TRUE,FALSE,TRUE
6101,ASV7688,TRUE,FALSE,TRUE
6102,ASV7689,TRUE,FALSE,TRUE
6103,ASV7690,TRUE,FALSE,TRUE
6104,ASV7691,TRUE,FALSE,TRUE
6105,ASV7693,TRUE,FALSE,TRUE
6106,ASV7694,TRUE,FALSE,FALSE
6107,ASV7695,TRUE,FALSE,TRUE
6108,ASV7696,TRUE,TRUE,FALSE
6109,ASV7697,TRUE,TRUE,FALSE
6110,ASV7698,TRUE,FALSE,FALSE
6111,ASV7699,TRUE,TRUE,FALSE
6112,ASV7700,TRUE,FALSE,TRUE
6113,ASV7701,TRUE,FALSE,TRUE
6114,ASV7702,TRUE,FALSE,TRUE
6115,ASV7703,FALSE,TRUE,TRUE
6116,ASV7704,FALSE,TRUE,TRUE
6117,ASV7715,TRUE,FALSE,FALSE
6118,ASV7716,TRUE,TRUE,FALSE
6119,ASV7718,TRUE,TRUE,FALSE
6120,ASV7719,TRUE,TRUE,FALSE
6121,ASV7721,TRUE,TRUE,FALSE
6122,ASV7722,TRUE,FALSE,FALSE
6123,ASV7724,FALSE,TRUE,TRUE
6124,ASV7725,FALSE,TRUE,TRUE
6125,ASV7726,TRUE,FALSE,TRUE
6126,ASV7728,TRUE,FALSE,TRUE
6127,ASV7729,TRUE,FALSE,TRUE
6128,ASV7731,TRUE,FALSE,TRUE
6129,ASV7733,TRUE,FALSE,TRUE
6130,ASV7736,TRUE,FALSE,TRUE
6131,ASV7737,TRUE,FALSE,TRUE
6132,ASV7738,TRUE,FALSE,TRUE
6133,ASV7740,TRUE,TRUE,FALSE
6134,ASV7742,TRUE,TRUE,FALSE
6135,ASV7745,TRUE,FALSE,FALSE
6136,ASV7746,TRUE,TRUE,FALSE
6137,ASV7747,TRUE,FALSE,FALSE
6138,ASV7748,TRUE,FALSE,TRUE
6139,ASV7749,TRUE,FALSE,TRUE
6140,ASV7752,TRUE,FALSE,FALSE
6141,ASV7753,TRUE,FALSE,TRUE
6142,ASV7754,TRUE,FALSE,TRUE
6143,ASV7755,TRUE,FALSE,TRUE
6144,ASV7756,TRUE,FALSE,TRUE
6145,ASV7757,TRUE,FALSE,TRUE
6146,ASV7758,TRUE,FALSE,TRUE
6147,ASV7759,TRUE,FALSE,TRUE
6148,ASV7760,TRUE,FALSE,TRUE
6149,ASV7762,TRUE,FALSE,TRUE
6150,ASV7763,TRUE,FALSE,FALSE
6151,ASV7764,TRUE,FALSE,TRUE
6152,ASV7765,TRUE,FALSE,TRUE
6153,ASV7766,TRUE,FALSE,TRUE
6154,ASV7768,TRUE,FALSE,TRUE
6155,ASV7769,TRUE,FALSE,TRUE
6156,ASV7770,TRUE,FALSE,TRUE
6157,ASV7771,TRUE,TRUE,FALSE
6158,ASV7772,TRUE,TRUE,FALSE
6159,ASV7773,TRUE,FALSE,FALSE
6160,ASV7774,TRUE,TRUE,FALSE
6161,ASV7775,TRUE,FALSE,TRUE
6162,ASV7777,TRUE,FALSE,TRUE
6163,ASV7778,FALSE,TRUE,TRUE
6164,ASV7779,FALSE,TRUE,TRUE
6165,ASV7780,FALSE,TRUE,TRUE
6166,ASV7787,FALSE,TRUE,FALSE
6167,ASV7788,TRUE,TRUE,FALSE
6168,ASV7790,TRUE,TRUE,FALSE
6169,ASV7791,TRUE,TRUE,FALSE
6170,ASV7792,TRUE,TRUE,FALSE
6171,ASV7793,TRUE,TRUE,FALSE
6172,ASV7794,TRUE,TRUE,FALSE
6173,ASV7795,TRUE,TRUE,FALSE
6174,ASV7796,TRUE,TRUE,FALSE
6175,ASV7798,TRUE,FALSE,FALSE
6176,ASV7800,TRUE,TRUE,FALSE
6177,ASV7801,FALSE,TRUE,FALSE
6178,ASV7803,TRUE,FALSE,TRUE
6179,ASV7805,TRUE,FALSE,TRUE
6180,ASV7806,TRUE,FALSE,FALSE
6181,ASV7807,TRUE,FALSE,TRUE
6182,ASV7808,TRUE,FALSE,FALSE
6183,ASV7809,TRUE,FALSE,TRUE
6184,ASV7810,TRUE,FALSE,TRUE
6185,ASV7814,TRUE,FALSE,TRUE
6186,ASV7815,TRUE,FALSE,TRUE
6187,ASV7816,TRUE,FALSE,TRUE
6188,ASV7818,TRUE,TRUE,FALSE
6189,ASV7819,TRUE,TRUE,FALSE
6190,ASV7821,TRUE,TRUE,FALSE
6191,ASV7822,TRUE,TRUE,FALSE
6192,ASV7823,TRUE,FALSE,TRUE
6193,ASV7824,TRUE,FALSE,TRUE
6194,ASV7825,TRUE,FALSE,TRUE
6195,ASV7826,TRUE,FALSE,TRUE
6196,ASV7827,TRUE,FALSE,TRUE
6197,ASV7828,TRUE,FALSE,TRUE
6198,ASV7830,TRUE,FALSE,TRUE
6199,ASV7832,TRUE,FALSE,TRUE
6200,ASV7833,TRUE,FALSE,TRUE
6201,ASV7834,TRUE,FALSE,TRUE
6202,ASV7836,TRUE,FALSE,FALSE
6203,ASV7837,TRUE,FALSE,TRUE
6204,ASV7838,TRUE,TRUE,FALSE
6205,ASV7839,TRUE,TRUE,FALSE
6206,ASV7840,TRUE,FALSE,TRUE
6207,ASV7841,TRUE,FALSE,TRUE
6208,ASV7842,TRUE,FALSE,TRUE
6209,ASV7847,FALSE,TRUE,FALSE
6210,ASV7850,TRUE,TRUE,FALSE
6211,ASV7851,FALSE,TRUE,FALSE
6212,ASV7852,FALSE,FALSE,FALSE
6213,ASV7853,TRUE,TRUE,FALSE
6214,ASV7854,FALSE,TRUE,FALSE
6215,ASV7855,TRUE,TRUE,FALSE
6216,ASV7856,TRUE,FALSE,FALSE
6217,ASV7858,TRUE,TRUE,FALSE
6218,ASV7860,TRUE,TRUE,FALSE
6219,ASV7861,TRUE,TRUE,FALSE
6220,ASV7864,TRUE,TRUE,FALSE
6221,ASV7865,TRUE,FALSE,FALSE
6222,ASV7866,FALSE,TRUE,FALSE
6223,ASV7867,FALSE,TRUE,TRUE
6224,ASV7868,FALSE,FALSE,TRUE
6225,ASV7869,TRUE,FALSE,TRUE
6226,ASV7870,TRUE,FALSE,TRUE
6227,ASV7871,TRUE,FALSE,TRUE
6228,ASV7872,TRUE,FALSE,TRUE
6229,ASV7873,TRUE,FALSE,TRUE
6230,ASV7874,TRUE,FALSE,TRUE
6231,ASV7876,TRUE,FALSE,TRUE
6232,ASV7877,TRUE,FALSE,TRUE
6233,ASV7880,TRUE,FALSE,TRUE
6234,ASV7881,TRUE,FALSE,TRUE
6235,ASV7882,TRUE,FALSE,TRUE
6236,ASV7883,TRUE,FALSE,TRUE
6237,ASV7884,TRUE,FALSE,TRUE
6238,ASV7886,TRUE,FALSE,TRUE
6239,ASV7887,TRUE,FALSE,FALSE
6240,ASV7888,TRUE,FALSE,TRUE
6241,ASV7889,TRUE,FALSE,TRUE
6242,ASV7890,TRUE,FALSE,TRUE
6243,ASV7891,TRUE,TRUE,FALSE
6244,ASV7892,TRUE,TRUE,FALSE
6245,ASV7893,FALSE,TRUE,FALSE
6246,ASV7894,TRUE,TRUE,FALSE
6247,ASV7895,TRUE,TRUE,FALSE
6248,ASV7896,TRUE,TRUE,FALSE
6249,ASV7897,TRUE,FALSE,FALSE
6250,ASV7898,FALSE,TRUE,FALSE
6251,ASV7899,TRUE,TRUE,FALSE
6252,ASV7900,TRUE,FALSE,TRUE
6253,ASV7901,TRUE,FALSE,TRUE
6254,ASV7902,TRUE,FALSE,TRUE
6255,ASV7903,TRUE,FALSE,TRUE
6256,ASV7904,TRUE,FALSE,TRUE
6257,ASV7906,TRUE,FALSE,TRUE
6258,ASV7907,TRUE,FALSE,TRUE
6259,ASV7909,TRUE,FALSE,TRUE
6260,ASV7910,TRUE,FALSE,TRUE
6261,ASV7911,TRUE,FALSE,TRUE
6262,ASV7912,TRUE,FALSE,TRUE
6263,ASV7914,TRUE,FALSE,TRUE
6264,ASV7915,TRUE,FALSE,TRUE
6265,ASV7917,TRUE,FALSE,TRUE
6266,ASV7918,TRUE,TRUE,FALSE
6267,ASV7919,TRUE,TRUE,FALSE
6268,ASV7921,TRUE,FALSE,TRUE
6269,ASV7922,TRUE,FALSE,TRUE
6270,ASV7923,TRUE,FALSE,TRUE
6271,ASV7924,TRUE,FALSE,TRUE
6272,ASV7928,TRUE,TRUE,FALSE
6273,ASV7929,TRUE,TRUE,FALSE
6274,ASV7930,TRUE,TRUE,FALSE
6275,ASV7932,TRUE,TRUE,FALSE
6276,ASV7934,FALSE,TRUE,FALSE
6277,ASV7936,TRUE,FALSE,FALSE
6278,ASV7939,TRUE,TRUE,FALSE
6279,ASV7940,TRUE,TRUE,FALSE
6280,ASV7941,TRUE,TRUE,FALSE
6281,ASV7942,TRUE,TRUE,FALSE
6282,ASV7943,TRUE,TRUE,FALSE
6283,ASV7946,TRUE,TRUE,FALSE
6284,ASV7948,TRUE,TRUE,FALSE
6285,ASV7951,FALSE,TRUE,FALSE
6286,ASV7952,FALSE,TRUE,TRUE
6287,ASV7953,FALSE,TRUE,TRUE
6288,ASV7955,TRUE,FALSE,TRUE
6289,ASV7957,TRUE,FALSE,TRUE
6290,ASV7959,TRUE,FALSE,TRUE
6291,ASV7960,TRUE,FALSE,TRUE
6292,ASV7962,TRUE,FALSE,TRUE
6293,ASV7963,TRUE,FALSE,TRUE
6294,ASV7964,TRUE,FALSE,FALSE
6295,ASV7965,TRUE,FALSE,TRUE
6296,ASV7967,TRUE,FALSE,TRUE
6297,ASV7970,TRUE,FALSE,TRUE
6298,ASV7971,TRUE,FALSE,TRUE
6299,ASV7974,TRUE,TRUE,FALSE
6300,ASV7975,TRUE,TRUE,FALSE
6301,ASV7976,TRUE,TRUE,FALSE
6302,ASV7977,TRUE,TRUE,FALSE
6303,ASV7978,TRUE,TRUE,FALSE
6304,ASV7979,TRUE,TRUE,FALSE
6305,ASV7980,TRUE,TRUE,FALSE
6306,ASV7981,TRUE,TRUE,FALSE
6307,ASV7983,TRUE,TRUE,FALSE
6308,ASV7984,TRUE,TRUE,FALSE
6309,ASV7986,TRUE,FALSE,TRUE
6310,ASV7987,TRUE,FALSE,TRUE
6311,ASV7988,TRUE,FALSE,TRUE
6312,ASV7989,TRUE,FALSE,TRUE
6313,ASV7990,TRUE,FALSE,TRUE
6314,ASV7991,TRUE,FALSE,TRUE
6315,ASV7992,TRUE,FALSE,TRUE
6316,ASV7993,TRUE,FALSE,TRUE
6317,ASV7996,TRUE,FALSE,TRUE
6318,ASV7997,TRUE,FALSE,TRUE
6319,ASV7998,TRUE,FALSE,TRUE
6320,ASV7999,TRUE,FALSE,FALSE
6321,ASV8001,TRUE,FALSE,FALSE
6322,ASV8002,TRUE,TRUE,FALSE
6323,ASV8003,TRUE,TRUE,FALSE
6324,ASV8004,TRUE,FALSE,TRUE
6325,ASV8005,TRUE,FALSE,TRUE
6326,ASV8006,TRUE,TRUE,FALSE
6327,ASV8007,TRUE,TRUE,FALSE
6328,ASV8008,TRUE,TRUE,FALSE
6329,ASV8009,TRUE,FALSE,TRUE
6330,ASV8010,TRUE,FALSE,TRUE
6331,ASV8011,TRUE,FALSE,TRUE
6332,ASV8012,TRUE,FALSE,TRUE
6333,ASV8013,TRUE,FALSE,TRUE
6334,ASV8014,FALSE,TRUE,TRUE
6335,ASV8015,FALSE,TRUE,TRUE
6336,ASV8016,FALSE,TRUE,TRUE
6337,ASV8021,TRUE,TRUE,FALSE
6338,ASV8022,FALSE,TRUE,FALSE
6339,ASV8024,TRUE,TRUE,FALSE
6340,ASV8025,TRUE,FALSE,FALSE
6341,ASV8026,TRUE,TRUE,FALSE
6342,ASV8027,TRUE,TRUE,FALSE
6343,ASV8028,TRUE,TRUE,FALSE
6344,ASV8029,TRUE,TRUE,FALSE
6345,ASV8030,TRUE,TRUE,FALSE
6346,ASV8031,TRUE,TRUE,FALSE
6347,ASV8032,TRUE,TRUE,FALSE
6348,ASV8033,TRUE,TRUE,FALSE
6349,ASV8034,TRUE,TRUE,FALSE
6350,ASV8035,TRUE,TRUE,FALSE
6351,ASV8037,TRUE,TRUE,FALSE
6352,ASV8038,TRUE,TRUE,FALSE
6353,ASV8039,TRUE,TRUE,FALSE
6354,ASV8040,TRUE,TRUE,FALSE
6355,ASV8041,TRUE,TRUE,FALSE
6356,ASV8042,TRUE,FALSE,FALSE
6357,ASV8044,FALSE,TRUE,TRUE
6358,ASV8046,FALSE,TRUE,TRUE
6359,ASV8047,TRUE,FALSE,TRUE
6360,ASV8048,TRUE,FALSE,TRUE
6361,ASV8050,TRUE,FALSE,TRUE
6362,ASV8051,TRUE,FALSE,TRUE
6363,ASV8052,TRUE,FALSE,TRUE
6364,ASV8053,TRUE,FALSE,FALSE
6365,ASV8054,TRUE,FALSE,FALSE
6366,ASV8055,TRUE,FALSE,TRUE
6367,ASV8056,TRUE,FALSE,TRUE
6368,ASV8057,TRUE,FALSE,TRUE
6369,ASV8058,TRUE,FALSE,TRUE
6370,ASV8059,TRUE,FALSE,FALSE
6371,ASV8060,TRUE,FALSE,TRUE
6372,ASV8064,TRUE,FALSE,TRUE
6373,ASV8066,TRUE,FALSE,TRUE
6374,ASV8067,TRUE,TRUE,FALSE
6375,ASV8068,TRUE,TRUE,FALSE
6376,ASV8070,TRUE,TRUE,FALSE
6377,ASV8071,TRUE,TRUE,FALSE
6378,ASV8072,TRUE,FALSE,FALSE
6379,ASV8074,TRUE,FALSE,TRUE
6380,ASV8075,TRUE,FALSE,TRUE
6381,ASV8076,TRUE,FALSE,TRUE
6382,ASV8077,TRUE,FALSE,TRUE
6383,ASV8078,TRUE,FALSE,TRUE
6384,ASV8079,TRUE,FALSE,FALSE
6385,ASV8080,FALSE,FALSE,FALSE
6386,ASV8081,TRUE,FALSE,TRUE
6387,ASV8082,TRUE,FALSE,TRUE
6388,ASV8083,TRUE,FALSE,TRUE
6389,ASV8085,TRUE,FALSE,TRUE
6390,ASV8086,TRUE,FALSE,TRUE
6391,ASV8087,TRUE,FALSE,TRUE
6392,ASV8089,TRUE,FALSE,TRUE
6393,ASV8090,TRUE,FALSE,TRUE
6394,ASV8091,TRUE,FALSE,TRUE
6395,ASV8092,TRUE,FALSE,TRUE
6396,ASV8093,TRUE,FALSE,TRUE
6397,ASV8094,TRUE,FALSE,TRUE
6398,ASV8095,TRUE,TRUE,FALSE
6399,ASV8096,TRUE,TRUE,FALSE
6400,ASV8097,TRUE,FALSE,FALSE
6401,ASV8098,TRUE,TRUE,FALSE
6402,ASV8099,TRUE,TRUE,FALSE
6403,ASV8100,TRUE,FALSE,TRUE
6404,ASV8101,TRUE,FALSE,TRUE
6405,ASV8102,TRUE,TRUE,FALSE
6406,ASV8103,TRUE,TRUE,FALSE
6407,ASV8104,TRUE,FALSE,TRUE
6408,ASV8107,TRUE,TRUE,FALSE
6409,ASV8108,TRUE,TRUE,FALSE
6410,ASV8109,TRUE,FALSE,FALSE
6411,ASV8112,TRUE,TRUE,FALSE
6412,ASV8116,TRUE,TRUE,FALSE
6413,ASV8119,TRUE,FALSE,FALSE
6414,ASV8120,TRUE,TRUE,FALSE
6415,ASV8123,TRUE,TRUE,FALSE
6416,ASV8124,TRUE,TRUE,FALSE
6417,ASV8125,TRUE,FALSE,FALSE
6418,ASV8126,FALSE,TRUE,TRUE
6419,ASV8127,FALSE,FALSE,FALSE
6420,ASV8128,FALSE,TRUE,TRUE
6421,ASV8129,FALSE,TRUE,TRUE
6422,ASV8130,FALSE,TRUE,TRUE
6423,ASV8131,TRUE,FALSE,TRUE
6424,ASV8133,TRUE,FALSE,TRUE
6425,ASV8134,TRUE,FALSE,FALSE
6426,ASV8136,TRUE,FALSE,FALSE
6427,ASV8137,TRUE,FALSE,TRUE
6428,ASV8138,TRUE,FALSE,TRUE
6429,ASV8141,TRUE,FALSE,TRUE
6430,ASV8142,TRUE,FALSE,TRUE
6431,ASV8143,TRUE,FALSE,TRUE
6432,ASV8145,TRUE,FALSE,TRUE
6433,ASV8146,TRUE,FALSE,TRUE
6434,ASV8147,TRUE,FALSE,TRUE
6435,ASV8148,TRUE,FALSE,TRUE
6436,ASV8150,TRUE,FALSE,TRUE
6437,ASV8153,TRUE,TRUE,FALSE
6438,ASV8156,TRUE,TRUE,FALSE
6439,ASV8157,TRUE,TRUE,FALSE
6440,ASV8158,TRUE,TRUE,FALSE
6441,ASV8160,TRUE,FALSE,FALSE
6442,ASV8161,TRUE,TRUE,FALSE
6443,ASV8163,TRUE,FALSE,FALSE
6444,ASV8164,FALSE,FALSE,FALSE
6445,ASV8165,TRUE,FALSE,TRUE
6446,ASV8166,TRUE,FALSE,TRUE
6447,ASV8167,TRUE,FALSE,FALSE
6448,ASV8168,TRUE,FALSE,FALSE
6449,ASV8171,TRUE,FALSE,TRUE
6450,ASV8172,TRUE,FALSE,TRUE
6451,ASV8174,TRUE,FALSE,TRUE
6452,ASV8175,TRUE,FALSE,TRUE
6453,ASV8176,TRUE,FALSE,TRUE
6454,ASV8177,TRUE,FALSE,TRUE
6455,ASV8178,TRUE,FALSE,TRUE
6456,ASV8179,TRUE,FALSE,TRUE
6457,ASV8181,TRUE,FALSE,TRUE
6458,ASV8182,TRUE,FALSE,TRUE
6459,ASV8185,TRUE,FALSE,TRUE
6460,ASV8186,TRUE,FALSE,TRUE
6461,ASV8187,TRUE,FALSE,TRUE
6462,ASV8189,TRUE,FALSE,TRUE
6463,ASV8190,TRUE,FALSE,TRUE
6464,ASV8191,TRUE,FALSE,TRUE
6465,ASV8192,TRUE,FALSE,TRUE
6466,ASV8193,TRUE,FALSE,TRUE
6467,ASV8194,TRUE,FALSE,FALSE
6468,ASV8195,TRUE,FALSE,TRUE
6469,ASV8196,TRUE,FALSE,TRUE
6470,ASV8197,TRUE,FALSE,TRUE
6471,ASV8198,TRUE,FALSE,TRUE
6472,ASV8199,TRUE,FALSE,TRUE
6473,ASV8200,TRUE,FALSE,TRUE
6474,ASV8201,TRUE,FALSE,TRUE
6475,ASV8202,TRUE,FALSE,TRUE
6476,ASV8203,TRUE,TRUE,FALSE
6477,ASV8204,TRUE,FALSE,TRUE
6478,ASV8205,TRUE,FALSE,TRUE
6479,ASV8207,TRUE,FALSE,TRUE
6480,ASV8209,FALSE,TRUE,TRUE
6481,ASV8211,TRUE,TRUE,FALSE
6482,ASV8216,TRUE,FALSE,FALSE
6483,ASV8218,TRUE,FALSE,FALSE
6484,ASV8220,TRUE,TRUE,FALSE
6485,ASV8221,TRUE,TRUE,FALSE
6486,ASV8223,FALSE,TRUE,FALSE
6487,ASV8225,TRUE,FALSE,FALSE
6488,ASV8227,TRUE,TRUE,FALSE
6489,ASV8229,TRUE,FALSE,FALSE
6490,ASV8230,FALSE,FALSE,FALSE
6491,ASV8231,TRUE,TRUE,FALSE
6492,ASV8232,FALSE,FALSE,TRUE
6493,ASV8233,FALSE,TRUE,FALSE
6494,ASV8237,TRUE,FALSE,FALSE
6495,ASV8238,TRUE,FALSE,TRUE
6496,ASV8239,TRUE,FALSE,FALSE
6497,ASV8241,TRUE,FALSE,TRUE
6498,ASV8243,TRUE,FALSE,TRUE
6499,ASV8244,TRUE,FALSE,TRUE
6500,ASV8246,TRUE,FALSE,TRUE
6501,ASV8247,TRUE,FALSE,TRUE
6502,ASV8250,TRUE,FALSE,TRUE
6503,ASV8251,TRUE,FALSE,TRUE
6504,ASV8252,TRUE,FALSE,TRUE
6505,ASV8253,TRUE,FALSE,FALSE
6506,ASV8254,TRUE,FALSE,TRUE
6507,ASV8255,TRUE,TRUE,FALSE
6508,ASV8256,TRUE,TRUE,FALSE
6509,ASV8260,TRUE,TRUE,FALSE
6510,ASV8261,TRUE,TRUE,FALSE
6511,ASV8263,TRUE,TRUE,FALSE
6512,ASV8264,TRUE,TRUE,FALSE
6513,ASV8266,TRUE,FALSE,TRUE
6514,ASV8267,TRUE,FALSE,TRUE
6515,ASV8268,TRUE,FALSE,TRUE
6516,ASV8269,TRUE,FALSE,TRUE
6517,ASV8270,TRUE,FALSE,TRUE
6518,ASV8271,TRUE,FALSE,TRUE
6519,ASV8272,TRUE,FALSE,TRUE
6520,ASV8273,TRUE,FALSE,TRUE
6521,ASV8274,TRUE,FALSE,TRUE
6522,ASV8275,TRUE,FALSE,TRUE
6523,ASV8276,TRUE,FALSE,TRUE
6524,ASV8277,TRUE,FALSE,TRUE
6525,ASV8278,TRUE,FALSE,TRUE
6526,ASV8280,TRUE,FALSE,TRUE
6527,ASV8281,TRUE,FALSE,TRUE
6528,ASV8282,TRUE,FALSE,TRUE
6529,ASV8283,TRUE,FALSE,TRUE
6530,ASV8284,TRUE,FALSE,TRUE
6531,ASV8285,TRUE,FALSE,TRUE
6532,ASV8286,TRUE,FALSE,TRUE
6533,ASV8287,TRUE,FALSE,TRUE
6534,ASV8288,TRUE,FALSE,TRUE
6535,ASV8289,TRUE,FALSE,TRUE
6536,ASV8291,TRUE,FALSE,TRUE
6537,ASV8292,TRUE,FALSE,TRUE
6538,ASV8294,TRUE,FALSE,TRUE
6539,ASV8296,TRUE,TRUE,FALSE
6540,ASV8297,TRUE,TRUE,FALSE
6541,ASV8298,TRUE,FALSE,TRUE
6542,ASV8299,TRUE,FALSE,TRUE
6543,ASV8300,TRUE,FALSE,TRUE
6544,ASV8301,TRUE,FALSE,TRUE
6545,ASV8302,FALSE,TRUE,TRUE
6546,ASV8303,FALSE,TRUE,TRUE
6547,ASV8304,FALSE,TRUE,TRUE
6548,ASV8305,FALSE,TRUE,TRUE
6549,ASV8308,TRUE,TRUE,FALSE
6550,ASV8310,TRUE,TRUE,FALSE
6551,ASV8311,TRUE,TRUE,FALSE
6552,ASV8312,TRUE,TRUE,FALSE
6553,ASV8313,TRUE,TRUE,FALSE
6554,ASV8319,TRUE,TRUE,FALSE
6555,ASV8320,TRUE,TRUE,FALSE
6556,ASV8322,TRUE,TRUE,FALSE
6557,ASV8323,TRUE,TRUE,FALSE
6558,ASV8324,TRUE,TRUE,FALSE
6559,ASV8325,TRUE,TRUE,FALSE
6560,ASV8326,TRUE,TRUE,FALSE
6561,ASV8329,TRUE,FALSE,FALSE
6562,ASV8330,FALSE,TRUE,TRUE
6563,ASV8331,FALSE,TRUE,TRUE
6564,ASV8333,TRUE,FALSE,TRUE
6565,ASV8334,TRUE,FALSE,TRUE
6566,ASV8336,TRUE,FALSE,TRUE
6567,ASV8338,TRUE,FALSE,TRUE
6568,ASV8339,TRUE,FALSE,TRUE
6569,ASV8340,TRUE,FALSE,TRUE
6570,ASV8341,TRUE,FALSE,TRUE
6571,ASV8343,TRUE,FALSE,TRUE
6572,ASV8344,TRUE,FALSE,FALSE
6573,ASV8345,TRUE,FALSE,TRUE
6574,ASV8346,TRUE,FALSE,TRUE
6575,ASV8348,TRUE,FALSE,TRUE
6576,ASV8349,TRUE,FALSE,TRUE
6577,ASV8351,TRUE,FALSE,TRUE
6578,ASV8353,TRUE,FALSE,TRUE
6579,ASV8354,TRUE,FALSE,TRUE
6580,ASV8355,TRUE,FALSE,TRUE
6581,ASV8356,TRUE,FALSE,TRUE
6582,ASV8357,TRUE,FALSE,TRUE
6583,ASV8359,TRUE,FALSE,TRUE
6584,ASV8360,TRUE,FALSE,TRUE
6585,ASV8361,TRUE,FALSE,TRUE
6586,ASV8363,TRUE,FALSE,TRUE
6587,ASV8364,TRUE,FALSE,TRUE
6588,ASV8365,TRUE,FALSE,TRUE
6589,ASV8367,TRUE,TRUE,FALSE
6590,ASV8368,TRUE,TRUE,FALSE
6591,ASV8369,TRUE,TRUE,FALSE
6592,ASV8370,TRUE,TRUE,FALSE
6593,ASV8374,TRUE,TRUE,FALSE
6594,ASV8375,TRUE,TRUE,FALSE
6595,ASV8376,TRUE,TRUE,FALSE
6596,ASV8377,TRUE,FALSE,FALSE
6597,ASV8378,TRUE,TRUE,FALSE
6598,ASV8379,TRUE,TRUE,FALSE
6599,ASV8380,TRUE,TRUE,FALSE
6600,ASV8384,TRUE,FALSE,TRUE
6601,ASV8385,TRUE,FALSE,TRUE
6602,ASV8386,TRUE,FALSE,TRUE
6603,ASV8387,TRUE,FALSE,TRUE
6604,ASV8388,TRUE,FALSE,TRUE
6605,ASV8389,TRUE,FALSE,TRUE
6606,ASV8390,TRUE,FALSE,TRUE
6607,ASV8392,TRUE,FALSE,TRUE
6608,ASV8394,TRUE,FALSE,TRUE
6609,ASV8395,TRUE,FALSE,TRUE
6610,ASV8396,TRUE,FALSE,TRUE
6611,ASV8397,TRUE,FALSE,TRUE
6612,ASV8399,TRUE,FALSE,TRUE
6613,ASV8400,TRUE,TRUE,FALSE
6614,ASV8401,TRUE,TRUE,FALSE
6615,ASV8402,TRUE,TRUE,FALSE
6616,ASV8403,TRUE,FALSE,TRUE
6617,ASV8404,TRUE,TRUE,FALSE
6618,ASV8405,TRUE,TRUE,FALSE
6619,ASV8406,TRUE,FALSE,FALSE
6620,ASV8407,TRUE,FALSE,TRUE
6621,ASV8408,TRUE,FALSE,TRUE
6622,ASV8409,TRUE,FALSE,TRUE
6623,ASV8410,TRUE,FALSE,TRUE
6624,ASV8411,TRUE,FALSE,TRUE
6625,ASV8413,FALSE,TRUE,TRUE
6626,ASV8414,FALSE,TRUE,TRUE
6627,ASV8415,FALSE,TRUE,TRUE
6628,ASV8416,FALSE,TRUE,TRUE
6629,ASV8422,FALSE,TRUE,FALSE
6630,ASV8423,TRUE,TRUE,FALSE
6631,ASV8424,TRUE,TRUE,FALSE
6632,ASV8427,TRUE,TRUE,FALSE
6633,ASV8428,TRUE,TRUE,FALSE
6634,ASV8429,TRUE,TRUE,FALSE
6635,ASV8430,TRUE,TRUE,FALSE
6636,ASV8432,FALSE,FALSE,FALSE
6637,ASV8433,TRUE,TRUE,FALSE
6638,ASV8436,TRUE,TRUE,FALSE
6639,ASV8437,TRUE,TRUE,FALSE
6640,ASV8438,TRUE,TRUE,FALSE
6641,ASV8440,FALSE,TRUE,FALSE
6642,ASV8441,FALSE,TRUE,FALSE
6643,ASV8444,TRUE,TRUE,FALSE
6644,ASV8446,TRUE,TRUE,FALSE
6645,ASV8448,TRUE,TRUE,FALSE
6646,ASV8449,TRUE,FALSE,FALSE
6647,ASV8450,FALSE,TRUE,TRUE
6648,ASV8451,FALSE,FALSE,TRUE
6649,ASV8452,FALSE,FALSE,FALSE
6650,ASV8453,FALSE,FALSE,FALSE
6651,ASV8454,FALSE,TRUE,TRUE
6652,ASV8455,FALSE,FALSE,TRUE
6653,ASV8456,FALSE,FALSE,TRUE
6654,ASV8458,FALSE,TRUE,TRUE
6655,ASV8459,TRUE,FALSE,TRUE
6656,ASV8460,TRUE,FALSE,TRUE
6657,ASV8461,TRUE,FALSE,TRUE
6658,ASV8462,TRUE,FALSE,FALSE
6659,ASV8463,TRUE,FALSE,TRUE
6660,ASV8464,TRUE,FALSE,TRUE
6661,ASV8465,TRUE,FALSE,TRUE
6662,ASV8466,TRUE,FALSE,TRUE
6663,ASV8467,TRUE,FALSE,TRUE
6664,ASV8469,TRUE,FALSE,TRUE
6665,ASV8470,TRUE,FALSE,TRUE
6666,ASV8471,TRUE,FALSE,TRUE
6667,ASV8472,TRUE,FALSE,TRUE
6668,ASV8473,TRUE,FALSE,TRUE
6669,ASV8475,TRUE,FALSE,TRUE
6670,ASV8477,TRUE,FALSE,TRUE
6671,ASV8478,TRUE,TRUE,FALSE
6672,ASV8481,TRUE,TRUE,FALSE
6673,ASV8482,TRUE,TRUE,FALSE
6674,ASV8485,TRUE,TRUE,FALSE
6675,ASV8487,TRUE,TRUE,FALSE
6676,ASV8488,TRUE,TRUE,FALSE
6677,ASV8489,TRUE,TRUE,FALSE
6678,ASV8490,TRUE,FALSE,FALSE
6679,ASV8491,TRUE,TRUE,FALSE
6680,ASV8494,TRUE,FALSE,TRUE
6681,ASV8496,TRUE,FALSE,TRUE
6682,ASV8497,TRUE,FALSE,TRUE
6683,ASV8498,TRUE,FALSE,TRUE
6684,ASV8500,TRUE,FALSE,TRUE
6685,ASV8501,TRUE,FALSE,TRUE
6686,ASV8502,TRUE,FALSE,TRUE
6687,ASV8503,TRUE,FALSE,TRUE
6688,ASV8506,FALSE,FALSE,TRUE
6689,ASV8508,TRUE,FALSE,TRUE
6690,ASV8509,TRUE,FALSE,TRUE
6691,ASV8511,TRUE,FALSE,TRUE
6692,ASV8512,TRUE,FALSE,TRUE
6693,ASV8513,TRUE,FALSE,TRUE
6694,ASV8515,TRUE,FALSE,TRUE
6695,ASV8516,TRUE,FALSE,TRUE
6696,ASV8517,TRUE,FALSE,TRUE
6697,ASV8519,FALSE,FALSE,TRUE
6698,ASV8520,TRUE,TRUE,FALSE
6699,ASV8521,TRUE,TRUE,FALSE
6700,ASV8522,TRUE,TRUE,FALSE
6701,ASV8523,FALSE,TRUE,FALSE
6702,ASV8524,FALSE,TRUE,TRUE
6703,ASV8525,FALSE,TRUE,TRUE
6704,ASV8529,TRUE,TRUE,FALSE
6705,ASV8531,FALSE,TRUE,FALSE
6706,ASV8532,TRUE,TRUE,FALSE
6707,ASV8533,TRUE,TRUE,FALSE
6708,ASV8534,FALSE,TRUE,FALSE
6709,ASV8535,FALSE,TRUE,FALSE
6710,ASV8536,TRUE,TRUE,FALSE
6711,ASV8539,TRUE,TRUE,FALSE
6712,ASV8540,FALSE,TRUE,FALSE
6713,ASV8542,TRUE,TRUE,FALSE
6714,ASV8545,TRUE,TRUE,FALSE
6715,ASV8547,TRUE,TRUE,FALSE
6716,ASV8549,FALSE,TRUE,TRUE
6717,ASV8550,FALSE,TRUE,FALSE
6718,ASV8551,FALSE,TRUE,TRUE
6719,ASV8552,FALSE,TRUE,TRUE
6720,ASV8553,FALSE,FALSE,TRUE
6721,ASV8554,TRUE,FALSE,TRUE
6722,ASV8555,TRUE,FALSE,TRUE
6723,ASV8556,TRUE,FALSE,TRUE
6724,ASV8558,TRUE,FALSE,FALSE
6725,ASV8560,TRUE,FALSE,TRUE
6726,ASV8561,TRUE,FALSE,TRUE
6727,ASV8562,TRUE,FALSE,TRUE
6728,ASV8563,TRUE,FALSE,TRUE
6729,ASV8565,TRUE,FALSE,TRUE
6730,ASV8568,TRUE,FALSE,TRUE
6731,ASV8571,TRUE,FALSE,TRUE
6732,ASV8573,TRUE,FALSE,TRUE
6733,ASV8576,TRUE,TRUE,FALSE
6734,ASV8577,TRUE,TRUE,FALSE
6735,ASV8578,TRUE,TRUE,FALSE
6736,ASV8579,TRUE,TRUE,FALSE
6737,ASV8580,TRUE,TRUE,FALSE
6738,ASV8581,FALSE,TRUE,FALSE
6739,ASV8582,TRUE,TRUE,FALSE
6740,ASV8583,TRUE,TRUE,FALSE
6741,ASV8584,FALSE,TRUE,FALSE
6742,ASV8585,FALSE,TRUE,FALSE
6743,ASV8586,TRUE,FALSE,FALSE
6744,ASV8588,TRUE,TRUE,FALSE
6745,ASV8589,TRUE,TRUE,FALSE
6746,ASV8590,TRUE,TRUE,FALSE
6747,ASV8591,TRUE,TRUE,FALSE
6748,ASV8592,TRUE,TRUE,FALSE
6749,ASV8593,TRUE,FALSE,FALSE
6750,ASV8594,TRUE,FALSE,TRUE
6751,ASV8595,TRUE,FALSE,TRUE
6752,ASV8596,TRUE,FALSE,FALSE
6753,ASV8597,TRUE,FALSE,TRUE
6754,ASV8598,TRUE,FALSE,TRUE
6755,ASV8599,TRUE,FALSE,TRUE
6756,ASV8600,TRUE,FALSE,TRUE
6757,ASV8601,TRUE,FALSE,TRUE
6758,ASV8602,TRUE,FALSE,TRUE
6759,ASV8603,TRUE,FALSE,TRUE
6760,ASV8605,TRUE,FALSE,TRUE
6761,ASV8606,TRUE,FALSE,TRUE
6762,ASV8607,TRUE,FALSE,TRUE
6763,ASV8611,TRUE,FALSE,TRUE
6764,ASV8612,TRUE,FALSE,TRUE
6765,ASV8613,TRUE,FALSE,FALSE
6766,ASV8614,TRUE,FALSE,TRUE
6767,ASV8615,TRUE,FALSE,TRUE
6768,ASV8616,TRUE,FALSE,TRUE
6769,ASV8617,TRUE,FALSE,TRUE
6770,ASV8620,TRUE,FALSE,TRUE
6771,ASV8621,TRUE,FALSE,TRUE
6772,ASV8623,TRUE,TRUE,FALSE
6773,ASV8624,TRUE,TRUE,FALSE
6774,ASV8625,TRUE,TRUE,FALSE
6775,ASV8626,TRUE,TRUE,FALSE
6776,ASV8627,TRUE,FALSE,TRUE
6777,ASV8628,TRUE,FALSE,TRUE
6778,ASV8629,TRUE,FALSE,TRUE
6779,ASV8630,TRUE,FALSE,TRUE
6780,ASV8631,TRUE,FALSE,TRUE
6781,ASV8632,FALSE,TRUE,TRUE
6782,ASV8633,FALSE,TRUE,TRUE
6783,ASV8639,FALSE,TRUE,FALSE
6784,ASV8641,TRUE,TRUE,FALSE
6785,ASV8642,FALSE,TRUE,FALSE
6786,ASV8643,TRUE,TRUE,FALSE
6787,ASV8644,TRUE,TRUE,FALSE
6788,ASV8645,TRUE,TRUE,FALSE
6789,ASV8646,FALSE,TRUE,FALSE
6790,ASV8647,TRUE,TRUE,FALSE
6791,ASV8649,TRUE,TRUE,FALSE
6792,ASV8651,TRUE,TRUE,FALSE
6793,ASV8652,TRUE,TRUE,FALSE
6794,ASV8653,TRUE,TRUE,FALSE
6795,ASV8654,TRUE,TRUE,FALSE
6796,ASV8656,FALSE,TRUE,FALSE
6797,ASV8657,FALSE,TRUE,TRUE
6798,ASV8658,FALSE,TRUE,TRUE
6799,ASV8660,FALSE,FALSE,TRUE
6800,ASV8661,TRUE,FALSE,TRUE
6801,ASV8663,TRUE,FALSE,TRUE
6802,ASV8664,FALSE,FALSE,TRUE
6803,ASV8665,TRUE,FALSE,TRUE
6804,ASV8666,TRUE,FALSE,TRUE
6805,ASV8667,TRUE,FALSE,TRUE
6806,ASV8669,TRUE,FALSE,TRUE
6807,ASV8670,TRUE,FALSE,TRUE
6808,ASV8671,TRUE,FALSE,TRUE
6809,ASV8672,TRUE,FALSE,TRUE
6810,ASV8673,TRUE,FALSE,FALSE
6811,ASV8674,TRUE,FALSE,TRUE
6812,ASV8675,TRUE,FALSE,TRUE
6813,ASV8676,TRUE,FALSE,TRUE
6814,ASV8677,TRUE,FALSE,TRUE
6815,ASV8678,TRUE,FALSE,TRUE
6816,ASV8679,TRUE,FALSE,TRUE
6817,ASV8682,TRUE,TRUE,FALSE
6818,ASV8683,TRUE,TRUE,FALSE
6819,ASV8684,TRUE,TRUE,FALSE
6820,ASV8685,TRUE,TRUE,FALSE
6821,ASV8686,TRUE,TRUE,FALSE
6822,ASV8687,TRUE,TRUE,FALSE
6823,ASV8689,TRUE,TRUE,FALSE
6824,ASV8690,TRUE,TRUE,FALSE
6825,ASV8691,TRUE,TRUE,FALSE
6826,ASV8692,TRUE,TRUE,FALSE
6827,ASV8694,TRUE,TRUE,FALSE
6828,ASV8695,TRUE,TRUE,FALSE
6829,ASV8696,TRUE,TRUE,FALSE
6830,ASV8697,TRUE,TRUE,FALSE
6831,ASV8700,TRUE,FALSE,TRUE
6832,ASV8701,TRUE,FALSE,FALSE
6833,ASV8702,TRUE,FALSE,TRUE
6834,ASV8703,TRUE,FALSE,TRUE
6835,ASV8704,TRUE,FALSE,TRUE
6836,ASV8707,TRUE,FALSE,TRUE
6837,ASV8708,TRUE,FALSE,TRUE
6838,ASV8709,TRUE,FALSE,TRUE
6839,ASV8710,TRUE,FALSE,TRUE
6840,ASV8711,TRUE,FALSE,TRUE
6841,ASV8712,TRUE,FALSE,TRUE
6842,ASV8714,TRUE,FALSE,TRUE
6843,ASV8715,TRUE,FALSE,TRUE
6844,ASV8716,TRUE,FALSE,TRUE
6845,ASV8717,TRUE,FALSE,FALSE
6846,ASV8718,TRUE,FALSE,TRUE
6847,ASV8719,TRUE,FALSE,TRUE
6848,ASV8720,TRUE,FALSE,TRUE
6849,ASV8721,TRUE,FALSE,TRUE
6850,ASV8722,TRUE,FALSE,TRUE
6851,ASV8723,TRUE,FALSE,TRUE
6852,ASV8725,TRUE,FALSE,TRUE
6853,ASV8726,TRUE,FALSE,TRUE
6854,ASV8727,TRUE,FALSE,TRUE
6855,ASV8728,TRUE,FALSE,TRUE
6856,ASV8729,TRUE,FALSE,TRUE
6857,ASV8731,TRUE,FALSE,TRUE
6858,ASV8732,TRUE,FALSE,FALSE
6859,ASV8733,TRUE,TRUE,FALSE
6860,ASV8734,TRUE,TRUE,FALSE
6861,ASV8735,TRUE,TRUE,FALSE
6862,ASV8736,TRUE,FALSE,TRUE
6863,ASV8737,TRUE,TRUE,FALSE
6864,ASV8738,TRUE,TRUE,FALSE
6865,ASV8739,TRUE,FALSE,TRUE
6866,ASV8740,FALSE,FALSE,TRUE
6867,ASV8741,FALSE,TRUE,TRUE
6868,ASV8745,TRUE,TRUE,FALSE
6869,ASV8747,TRUE,TRUE,FALSE
6870,ASV8749,TRUE,FALSE,FALSE
6871,ASV8750,TRUE,TRUE,FALSE
6872,ASV8751,TRUE,TRUE,FALSE
6873,ASV8755,TRUE,TRUE,FALSE
6874,ASV8756,TRUE,TRUE,FALSE
6875,ASV8758,TRUE,TRUE,FALSE
6876,ASV8759,TRUE,TRUE,FALSE
6877,ASV8761,FALSE,TRUE,TRUE
6878,ASV8763,FALSE,TRUE,TRUE
6879,ASV8765,TRUE,FALSE,TRUE
6880,ASV8766,TRUE,FALSE,TRUE
6881,ASV8767,TRUE,FALSE,TRUE
6882,ASV8769,TRUE,FALSE,TRUE
6883,ASV8770,TRUE,FALSE,TRUE
6884,ASV8771,TRUE,FALSE,TRUE
6885,ASV8773,TRUE,FALSE,TRUE
6886,ASV8774,TRUE,FALSE,TRUE
6887,ASV8775,TRUE,FALSE,TRUE
6888,ASV8777,TRUE,FALSE,TRUE
6889,ASV8778,TRUE,FALSE,TRUE
6890,ASV8779,TRUE,FALSE,TRUE
6891,ASV8781,TRUE,TRUE,FALSE
6892,ASV8782,TRUE,TRUE,FALSE
6893,ASV8783,TRUE,TRUE,FALSE
6894,ASV8785,TRUE,TRUE,FALSE
6895,ASV8786,TRUE,TRUE,FALSE
6896,ASV8787,TRUE,TRUE,FALSE
6897,ASV8790,TRUE,TRUE,FALSE
6898,ASV8791,TRUE,TRUE,FALSE
6899,ASV8792,TRUE,TRUE,FALSE
6900,ASV8793,TRUE,FALSE,TRUE
6901,ASV8795,TRUE,FALSE,FALSE
6902,ASV8796,TRUE,FALSE,TRUE
6903,ASV8799,TRUE,FALSE,TRUE
6904,ASV8800,TRUE,FALSE,TRUE
6905,ASV8801,TRUE,FALSE,TRUE
6906,ASV8802,TRUE,FALSE,TRUE
6907,ASV8803,TRUE,FALSE,TRUE
6908,ASV8805,TRUE,FALSE,TRUE
6909,ASV8807,TRUE,FALSE,TRUE
6910,ASV8809,TRUE,FALSE,TRUE
6911,ASV8810,TRUE,FALSE,TRUE
6912,ASV8811,TRUE,FALSE,TRUE
6913,ASV8814,TRUE,FALSE,TRUE
6914,ASV8815,TRUE,FALSE,TRUE
6915,ASV8816,TRUE,FALSE,TRUE
6916,ASV8817,TRUE,FALSE,TRUE
6917,ASV8818,TRUE,FALSE,TRUE
6918,ASV8819,TRUE,FALSE,TRUE
6919,ASV8820,TRUE,FALSE,TRUE
6920,ASV8821,TRUE,FALSE,TRUE
6921,ASV8822,TRUE,FALSE,FALSE
6922,ASV8823,TRUE,FALSE,TRUE
6923,ASV8826,TRUE,FALSE,TRUE
6924,ASV8827,TRUE,FALSE,TRUE
6925,ASV8828,TRUE,FALSE,FALSE
6926,ASV8829,TRUE,TRUE,FALSE
6927,ASV8830,TRUE,TRUE,FALSE
6928,ASV8831,TRUE,TRUE,FALSE
6929,ASV8832,TRUE,FALSE,TRUE
6930,ASV8833,TRUE,FALSE,TRUE
6931,ASV8834,TRUE,FALSE,TRUE
6932,ASV8835,TRUE,FALSE,TRUE
6933,ASV8836,FALSE,TRUE,TRUE
6934,ASV8838,FALSE,TRUE,TRUE
6935,ASV8839,FALSE,TRUE,TRUE
6936,ASV8843,TRUE,FALSE,FALSE
6937,ASV8844,TRUE,FALSE,FALSE
6938,ASV8845,TRUE,TRUE,FALSE
6939,ASV8846,TRUE,TRUE,FALSE
6940,ASV8848,TRUE,TRUE,FALSE
6941,ASV8849,TRUE,TRUE,FALSE
6942,ASV8852,TRUE,TRUE,FALSE
6943,ASV8853,TRUE,TRUE,FALSE
6944,ASV8854,TRUE,TRUE,FALSE
6945,ASV8855,TRUE,TRUE,FALSE
6946,ASV8857,TRUE,TRUE,FALSE
6947,ASV8858,TRUE,TRUE,FALSE
6948,ASV8862,TRUE,TRUE,FALSE
6949,ASV8863,TRUE,TRUE,FALSE
6950,ASV8865,TRUE,TRUE,FALSE
6951,ASV8867,TRUE,TRUE,FALSE
6952,ASV8868,FALSE,TRUE,TRUE
6953,ASV8870,FALSE,TRUE,TRUE
6954,ASV8871,FALSE,FALSE,TRUE
6955,ASV8872,TRUE,FALSE,TRUE
6956,ASV8873,TRUE,FALSE,TRUE
6957,ASV8877,TRUE,FALSE,FALSE
6958,ASV8879,TRUE,FALSE,TRUE
6959,ASV8880,TRUE,FALSE,TRUE
6960,ASV8881,TRUE,FALSE,TRUE
6961,ASV8882,TRUE,FALSE,TRUE
6962,ASV8883,TRUE,FALSE,TRUE
6963,ASV8884,TRUE,FALSE,TRUE
6964,ASV8886,TRUE,FALSE,TRUE
6965,ASV8888,TRUE,FALSE,TRUE
6966,ASV8889,TRUE,FALSE,TRUE
6967,ASV8890,TRUE,FALSE,TRUE
6968,ASV8891,TRUE,TRUE,FALSE
6969,ASV8892,TRUE,TRUE,FALSE
6970,ASV8894,TRUE,TRUE,FALSE
6971,ASV8895,TRUE,TRUE,FALSE
6972,ASV8896,TRUE,TRUE,FALSE
6973,ASV8897,TRUE,TRUE,FALSE
6974,ASV8898,TRUE,TRUE,FALSE
6975,ASV8899,TRUE,TRUE,FALSE
6976,ASV8900,TRUE,TRUE,FALSE
6977,ASV8901,TRUE,FALSE,FALSE
6978,ASV8902,TRUE,TRUE,FALSE
6979,ASV8903,TRUE,TRUE,FALSE
6980,ASV8906,FALSE,TRUE,FALSE
6981,ASV8907,TRUE,FALSE,FALSE
6982,ASV8908,TRUE,FALSE,TRUE
6983,ASV8910,TRUE,FALSE,TRUE
6984,ASV8911,TRUE,FALSE,TRUE
6985,ASV8912,TRUE,FALSE,TRUE
6986,ASV8913,TRUE,FALSE,TRUE
6987,ASV8914,TRUE,FALSE,TRUE
6988,ASV8915,TRUE,FALSE,TRUE
6989,ASV8916,TRUE,FALSE,TRUE
6990,ASV8917,TRUE,FALSE,TRUE
6991,ASV8919,TRUE,FALSE,TRUE
6992,ASV8920,TRUE,FALSE,TRUE
6993,ASV8922,TRUE,FALSE,TRUE
6994,ASV8923,TRUE,FALSE,TRUE
6995,ASV8924,TRUE,FALSE,TRUE
6996,ASV8925,TRUE,FALSE,TRUE
6997,ASV8927,TRUE,FALSE,TRUE
6998,ASV8928,TRUE,FALSE,TRUE
6999,ASV8929,TRUE,FALSE,TRUE
7000,ASV8930,TRUE,FALSE,TRUE
7001,ASV8931,TRUE,TRUE,FALSE
7002,ASV8932,TRUE,TRUE,FALSE
7003,ASV8933,TRUE,FALSE,TRUE
7004,ASV8934,TRUE,FALSE,TRUE
7005,ASV8937,TRUE,FALSE,TRUE
7006,ASV8938,TRUE,FALSE,TRUE
7007,ASV8939,TRUE,FALSE,TRUE
7008,ASV8940,TRUE,FALSE,TRUE
7009,ASV8941,TRUE,FALSE,TRUE
7010,ASV8942,FALSE,TRUE,TRUE
7011,ASV8944,FALSE,TRUE,TRUE
7012,ASV8946,TRUE,TRUE,FALSE
7013,ASV8948,TRUE,TRUE,FALSE
7014,ASV8949,FALSE,TRUE,FALSE
7015,ASV8950,FALSE,TRUE,FALSE
7016,ASV8954,TRUE,TRUE,FALSE
7017,ASV8955,TRUE,TRUE,FALSE
7018,ASV8956,TRUE,FALSE,FALSE
7019,ASV8957,FALSE,TRUE,FALSE
7020,ASV8960,TRUE,TRUE,FALSE
7021,ASV8961,TRUE,TRUE,FALSE
7022,ASV8962,TRUE,TRUE,FALSE
7023,ASV8963,TRUE,TRUE,FALSE
7024,ASV8964,TRUE,TRUE,FALSE
7025,ASV8965,TRUE,TRUE,FALSE
7026,ASV8966,TRUE,FALSE,FALSE
7027,ASV8969,TRUE,TRUE,FALSE
7028,ASV8970,TRUE,FALSE,FALSE
7029,ASV8971,TRUE,TRUE,FALSE
7030,ASV8972,TRUE,TRUE,FALSE
7031,ASV8973,TRUE,TRUE,FALSE
7032,ASV8974,TRUE,TRUE,FALSE
7033,ASV8976,TRUE,TRUE,FALSE
7034,ASV8978,TRUE,TRUE,FALSE
7035,ASV8979,TRUE,TRUE,FALSE
7036,ASV8980,TRUE,FALSE,FALSE
7037,ASV8981,TRUE,TRUE,FALSE
7038,ASV8982,TRUE,FALSE,FALSE
7039,ASV8983,FALSE,TRUE,TRUE
7040,ASV8985,FALSE,TRUE,TRUE
7041,ASV8987,FALSE,TRUE,TRUE
7042,ASV8988,TRUE,FALSE,TRUE
7043,ASV8989,TRUE,FALSE,TRUE
7044,ASV8990,TRUE,FALSE,TRUE
7045,ASV8991,TRUE,FALSE,TRUE
7046,ASV8992,TRUE,FALSE,TRUE
7047,ASV8994,TRUE,FALSE,TRUE
7048,ASV8995,TRUE,FALSE,TRUE
7049,ASV8996,TRUE,FALSE,FALSE
7050,ASV8999,TRUE,FALSE,TRUE
7051,ASV9000,TRUE,FALSE,TRUE
7052,ASV9004,TRUE,FALSE,TRUE
7053,ASV9006,TRUE,FALSE,TRUE
7054,ASV9007,TRUE,FALSE,TRUE
7055,ASV9008,TRUE,FALSE,FALSE
7056,ASV9009,TRUE,TRUE,FALSE
7057,ASV9010,TRUE,TRUE,FALSE
7058,ASV9011,TRUE,TRUE,FALSE
7059,ASV9012,TRUE,TRUE,FALSE
7060,ASV9014,TRUE,TRUE,FALSE
7061,ASV9015,TRUE,TRUE,FALSE
7062,ASV9017,TRUE,TRUE,FALSE
7063,ASV9018,TRUE,TRUE,FALSE
7064,ASV9019,TRUE,TRUE,FALSE
7065,ASV9020,TRUE,FALSE,FALSE
7066,ASV9021,TRUE,FALSE,TRUE
7067,ASV9022,TRUE,FALSE,TRUE
7068,ASV9023,TRUE,FALSE,TRUE
7069,ASV9025,TRUE,FALSE,TRUE
7070,ASV9026,TRUE,FALSE,TRUE
7071,ASV9027,TRUE,FALSE,TRUE
7072,ASV9028,TRUE,FALSE,TRUE
7073,ASV9030,TRUE,FALSE,TRUE
7074,ASV9032,TRUE,FALSE,TRUE
7075,ASV9033,TRUE,FALSE,TRUE
7076,ASV9035,TRUE,FALSE,TRUE
7077,ASV9036,TRUE,FALSE,TRUE
7078,ASV9037,TRUE,FALSE,TRUE
7079,ASV9038,TRUE,FALSE,TRUE
7080,ASV9039,TRUE,FALSE,TRUE
7081,ASV9040,TRUE,FALSE,TRUE
7082,ASV9041,TRUE,FALSE,TRUE
7083,ASV9042,TRUE,FALSE,TRUE
7084,ASV9043,TRUE,FALSE,TRUE
7085,ASV9045,TRUE,FALSE,TRUE
7086,ASV9046,TRUE,FALSE,TRUE
7087,ASV9047,TRUE,FALSE,TRUE
7088,ASV9048,TRUE,FALSE,TRUE
7089,ASV9049,TRUE,FALSE,TRUE
7090,ASV9051,TRUE,FALSE,TRUE
7091,ASV9052,TRUE,FALSE,TRUE
7092,ASV9053,TRUE,FALSE,TRUE
7093,ASV9054,TRUE,FALSE,TRUE
7094,ASV9056,TRUE,TRUE,FALSE
7095,ASV9058,TRUE,TRUE,FALSE
7096,ASV9059,TRUE,TRUE,FALSE
7097,ASV9060,TRUE,FALSE,FALSE
7098,ASV9061,TRUE,TRUE,FALSE
7099,ASV9062,TRUE,FALSE,TRUE
7100,ASV9063,TRUE,FALSE,TRUE
7101,ASV9065,TRUE,FALSE,TRUE
7102,ASV9068,TRUE,FALSE,TRUE
7103,ASV9069,FALSE,TRUE,TRUE
7104,ASV9070,FALSE,TRUE,TRUE
7105,ASV9071,FALSE,TRUE,TRUE
7106,ASV9072,FALSE,TRUE,TRUE
7107,ASV9079,TRUE,TRUE,FALSE
7108,ASV9080,TRUE,TRUE,FALSE
7109,ASV9081,FALSE,TRUE,FALSE
7110,ASV9082,TRUE,FALSE,FALSE
7111,ASV9084,TRUE,TRUE,FALSE
7112,ASV9085,TRUE,TRUE,FALSE
7113,ASV9086,TRUE,FALSE,FALSE
7114,ASV9087,TRUE,TRUE,FALSE
7115,ASV9088,TRUE,TRUE,FALSE
7116,ASV9089,TRUE,TRUE,FALSE
7117,ASV9090,TRUE,TRUE,FALSE
7118,ASV9091,TRUE,FALSE,FALSE
7119,ASV9093,TRUE,TRUE,FALSE
7120,ASV9094,TRUE,TRUE,FALSE
7121,ASV9095,TRUE,TRUE,FALSE
7122,ASV9096,TRUE,TRUE,FALSE
7123,ASV9097,TRUE,TRUE,FALSE
7124,ASV9099,TRUE,TRUE,FALSE
7125,ASV9100,FALSE,TRUE,TRUE
7126,ASV9102,FALSE,TRUE,TRUE
7127,ASV9103,FALSE,TRUE,TRUE
7128,ASV9105,FALSE,TRUE,TRUE
7129,ASV9106,FALSE,TRUE,TRUE
7130,ASV9107,TRUE,FALSE,TRUE
7131,ASV9110,TRUE,FALSE,TRUE
7132,ASV9111,TRUE,FALSE,TRUE
7133,ASV9113,TRUE,FALSE,FALSE
7134,ASV9114,TRUE,FALSE,TRUE
7135,ASV9115,TRUE,FALSE,TRUE
7136,ASV9117,TRUE,FALSE,TRUE
7137,ASV9118,TRUE,FALSE,TRUE
7138,ASV9120,TRUE,FALSE,TRUE
7139,ASV9121,TRUE,FALSE,TRUE
7140,ASV9122,TRUE,FALSE,TRUE
7141,ASV9123,TRUE,FALSE,TRUE
7142,ASV9124,TRUE,FALSE,TRUE
7143,ASV9125,TRUE,FALSE,TRUE
7144,ASV9126,TRUE,FALSE,TRUE
7145,ASV9127,TRUE,FALSE,TRUE
7146,ASV9128,TRUE,FALSE,TRUE
7147,ASV9130,TRUE,FALSE,TRUE
7148,ASV9131,TRUE,FALSE,FALSE
7149,ASV9132,TRUE,TRUE,FALSE
7150,ASV9133,TRUE,TRUE,FALSE
7151,ASV9135,TRUE,TRUE,FALSE
7152,ASV9136,TRUE,TRUE,FALSE
7153,ASV9137,FALSE,TRUE,FALSE
7154,ASV9140,FALSE,TRUE,FALSE
7155,ASV9141,TRUE,TRUE,FALSE
7156,ASV9142,TRUE,TRUE,FALSE
7157,ASV9144,TRUE,TRUE,FALSE
7158,ASV9145,TRUE,TRUE,FALSE
7159,ASV9146,TRUE,TRUE,FALSE
7160,ASV9147,TRUE,TRUE,FALSE
7161,ASV9148,TRUE,TRUE,FALSE
7162,ASV9149,TRUE,TRUE,FALSE
7163,ASV9151,TRUE,FALSE,TRUE
7164,ASV9153,TRUE,FALSE,TRUE
7165,ASV9155,TRUE,FALSE,TRUE
7166,ASV9159,TRUE,FALSE,TRUE
7167,ASV9160,TRUE,FALSE,TRUE
7168,ASV9161,TRUE,FALSE,TRUE
7169,ASV9162,TRUE,FALSE,TRUE
7170,ASV9163,TRUE,FALSE,TRUE
7171,ASV9164,TRUE,FALSE,TRUE
7172,ASV9166,TRUE,FALSE,TRUE
7173,ASV9167,TRUE,FALSE,TRUE
7174,ASV9169,TRUE,FALSE,TRUE
7175,ASV9170,TRUE,FALSE,TRUE
7176,ASV9171,TRUE,FALSE,TRUE
7177,ASV9172,TRUE,FALSE,TRUE
7178,ASV9173,TRUE,FALSE,TRUE
7179,ASV9175,TRUE,FALSE,TRUE
7180,ASV9176,TRUE,FALSE,TRUE
7181,ASV9177,TRUE,FALSE,TRUE
7182,ASV9178,TRUE,FALSE,TRUE
7183,ASV9179,TRUE,FALSE,TRUE
7184,ASV9180,TRUE,FALSE,TRUE
7185,ASV9181,TRUE,FALSE,TRUE
7186,ASV9182,TRUE,TRUE,FALSE
7187,ASV9183,TRUE,FALSE,TRUE
7188,ASV9184,TRUE,FALSE,TRUE
7189,ASV9185,TRUE,FALSE,TRUE
7190,ASV9186,TRUE,TRUE,FALSE
7191,ASV9187,TRUE,TRUE,FALSE
7192,ASV9188,TRUE,FALSE,TRUE
7193,ASV9189,FALSE,TRUE,TRUE
7194,ASV9190,FALSE,TRUE,TRUE
7195,ASV9192,FALSE,TRUE,TRUE
7196,ASV9199,TRUE,TRUE,FALSE
7197,ASV9202,TRUE,TRUE,FALSE
7198,ASV9203,TRUE,TRUE,FALSE
7199,ASV9204,TRUE,TRUE,FALSE
7200,ASV9205,TRUE,TRUE,FALSE
7201,ASV9206,TRUE,TRUE,FALSE
7202,ASV9209,TRUE,TRUE,FALSE
7203,ASV9210,TRUE,TRUE,FALSE
7204,ASV9211,TRUE,TRUE,FALSE
7205,ASV9212,TRUE,TRUE,FALSE
7206,ASV9213,TRUE,TRUE,FALSE
7207,ASV9214,TRUE,TRUE,FALSE
7208,ASV9215,TRUE,TRUE,FALSE
7209,ASV9216,TRUE,TRUE,FALSE
7210,ASV9217,TRUE,TRUE,FALSE
7211,ASV9218,TRUE,TRUE,FALSE
7212,ASV9220,TRUE,FALSE,FALSE
7213,ASV9221,FALSE,TRUE,TRUE
7214,ASV9222,FALSE,FALSE,FALSE
7215,ASV9223,FALSE,FALSE,TRUE
7216,ASV9224,TRUE,FALSE,TRUE
7217,ASV9225,TRUE,FALSE,TRUE
7218,ASV9226,TRUE,FALSE,TRUE
7219,ASV9227,TRUE,FALSE,FALSE
7220,ASV9228,TRUE,FALSE,TRUE
7221,ASV9229,TRUE,FALSE,TRUE
7222,ASV9230,TRUE,FALSE,TRUE
7223,ASV9231,TRUE,FALSE,TRUE
7224,ASV9232,TRUE,FALSE,FALSE
7225,ASV9234,TRUE,FALSE,TRUE
7226,ASV9237,TRUE,FALSE,TRUE
7227,ASV9238,TRUE,FALSE,TRUE
7228,ASV9239,TRUE,FALSE,TRUE
7229,ASV9240,TRUE,FALSE,FALSE
7230,ASV9242,TRUE,FALSE,TRUE
7231,ASV9243,TRUE,FALSE,TRUE
7232,ASV9246,TRUE,FALSE,TRUE
7233,ASV9247,TRUE,FALSE,TRUE
7234,ASV9253,TRUE,TRUE,FALSE
7235,ASV9255,TRUE,TRUE,FALSE
7236,ASV9256,TRUE,TRUE,FALSE
7237,ASV9257,TRUE,TRUE,FALSE
7238,ASV9258,TRUE,TRUE,FALSE
7239,ASV9259,TRUE,TRUE,FALSE
7240,ASV9260,TRUE,TRUE,FALSE
7241,ASV9261,TRUE,TRUE,FALSE
7242,ASV9262,TRUE,TRUE,FALSE
7243,ASV9264,TRUE,TRUE,FALSE
7244,ASV9266,TRUE,TRUE,FALSE
7245,ASV9270,TRUE,FALSE,TRUE
7246,ASV9271,TRUE,FALSE,TRUE
7247,ASV9272,TRUE,FALSE,TRUE
7248,ASV9273,TRUE,FALSE,TRUE
7249,ASV9274,TRUE,FALSE,FALSE
7250,ASV9277,TRUE,FALSE,TRUE
7251,ASV9278,TRUE,FALSE,TRUE
7252,ASV9281,TRUE,FALSE,TRUE
7253,ASV9282,TRUE,FALSE,TRUE
7254,ASV9283,TRUE,FALSE,TRUE
7255,ASV9286,TRUE,FALSE,TRUE
7256,ASV9288,TRUE,FALSE,TRUE
7257,ASV9289,TRUE,FALSE,TRUE
7258,ASV9290,TRUE,FALSE,TRUE
7259,ASV9293,TRUE,FALSE,TRUE
7260,ASV9296,TRUE,FALSE,TRUE
7261,ASV9297,TRUE,FALSE,TRUE
7262,ASV9298,TRUE,FALSE,TRUE
7263,ASV9299,TRUE,FALSE,TRUE
7264,ASV9300,TRUE,FALSE,TRUE
7265,ASV9301,TRUE,TRUE,FALSE
7266,ASV9302,TRUE,TRUE,FALSE
7267,ASV9304,TRUE,FALSE,TRUE
7268,ASV9305,TRUE,FALSE,TRUE
7269,ASV9306,TRUE,FALSE,TRUE
7270,ASV9307,TRUE,TRUE,FALSE
7271,ASV9308,TRUE,TRUE,FALSE
7272,ASV9309,TRUE,TRUE,FALSE
7273,ASV9310,TRUE,FALSE,TRUE
7274,ASV9311,TRUE,FALSE,TRUE
7275,ASV9312,TRUE,FALSE,TRUE
7276,ASV9313,TRUE,FALSE,TRUE
7277,ASV9314,TRUE,FALSE,TRUE
7278,ASV9315,TRUE,FALSE,TRUE
7279,ASV9317,TRUE,FALSE,TRUE
7280,ASV9318,FALSE,TRUE,TRUE
7281,ASV9319,FALSE,TRUE,TRUE
7282,ASV9325,TRUE,TRUE,FALSE
7283,ASV9327,TRUE,TRUE,FALSE
7284,ASV9328,TRUE,TRUE,FALSE
7285,ASV9329,TRUE,TRUE,FALSE
7286,ASV9330,TRUE,TRUE,FALSE
7287,ASV9332,TRUE,TRUE,FALSE
7288,ASV9333,TRUE,TRUE,FALSE
7289,ASV9334,TRUE,TRUE,FALSE
7290,ASV9335,TRUE,FALSE,FALSE
7291,ASV9336,TRUE,TRUE,FALSE
7292,ASV9337,FALSE,TRUE,FALSE
7293,ASV9338,TRUE,TRUE,FALSE
7294,ASV9339,TRUE,TRUE,FALSE
7295,ASV9340,TRUE,TRUE,FALSE
7296,ASV9341,TRUE,TRUE,FALSE
7297,ASV9342,TRUE,TRUE,FALSE
7298,ASV9345,FALSE,TRUE,FALSE
7299,ASV9346,TRUE,TRUE,FALSE
7300,ASV9348,TRUE,TRUE,FALSE
7301,ASV9349,TRUE,TRUE,FALSE
7302,ASV9350,TRUE,TRUE,FALSE
7303,ASV9351,TRUE,TRUE,FALSE
7304,ASV9352,TRUE,TRUE,FALSE
7305,ASV9354,FALSE,TRUE,TRUE
7306,ASV9355,FALSE,FALSE,TRUE
7307,ASV9356,FALSE,TRUE,TRUE
7308,ASV9357,TRUE,FALSE,TRUE
7309,ASV9358,TRUE,FALSE,TRUE
7310,ASV9359,TRUE,FALSE,TRUE
7311,ASV9361,TRUE,FALSE,TRUE
7312,ASV9363,TRUE,FALSE,TRUE
7313,ASV9364,TRUE,FALSE,TRUE
7314,ASV9365,TRUE,FALSE,TRUE
7315,ASV9366,TRUE,FALSE,TRUE
7316,ASV9369,TRUE,FALSE,TRUE
7317,ASV9370,TRUE,FALSE,FALSE
7318,ASV9371,TRUE,FALSE,TRUE
7319,ASV9373,TRUE,FALSE,TRUE
7320,ASV9375,TRUE,FALSE,TRUE
7321,ASV9376,TRUE,FALSE,TRUE
7322,ASV9377,TRUE,FALSE,TRUE
7323,ASV9379,TRUE,FALSE,TRUE
7324,ASV9380,TRUE,FALSE,TRUE
7325,ASV9381,TRUE,FALSE,TRUE
7326,ASV9382,TRUE,FALSE,TRUE
7327,ASV9383,TRUE,FALSE,TRUE
7328,ASV9384,TRUE,FALSE,TRUE
7329,ASV9385,TRUE,FALSE,TRUE
7330,ASV9387,TRUE,FALSE,TRUE
7331,ASV9388,TRUE,FALSE,TRUE
7332,ASV9389,TRUE,FALSE,FALSE
7333,ASV9391,TRUE,FALSE,TRUE
7334,ASV9393,TRUE,FALSE,FALSE
7335,ASV9394,TRUE,FALSE,TRUE
7336,ASV9395,TRUE,FALSE,TRUE
7337,ASV9396,TRUE,FALSE,TRUE
7338,ASV9398,TRUE,TRUE,FALSE
7339,ASV9399,TRUE,TRUE,FALSE
7340,ASV9400,TRUE,TRUE,FALSE
7341,ASV9401,TRUE,TRUE,FALSE
7342,ASV9402,TRUE,TRUE,FALSE
7343,ASV9403,TRUE,TRUE,FALSE
7344,ASV9404,TRUE,TRUE,FALSE
7345,ASV9405,TRUE,TRUE,FALSE
7346,ASV9406,TRUE,TRUE,FALSE
7347,ASV9407,TRUE,TRUE,FALSE
7348,ASV9410,TRUE,TRUE,FALSE
7349,ASV9413,TRUE,FALSE,TRUE
7350,ASV9414,TRUE,FALSE,TRUE
7351,ASV9415,TRUE,FALSE,TRUE
7352,ASV9416,TRUE,FALSE,TRUE
7353,ASV9417,TRUE,FALSE,TRUE
7354,ASV9418,TRUE,FALSE,TRUE
7355,ASV9419,FALSE,FALSE,FALSE
7356,ASV9420,TRUE,FALSE,TRUE
7357,ASV9421,TRUE,FALSE,TRUE
7358,ASV9422,TRUE,FALSE,TRUE
7359,ASV9423,TRUE,FALSE,TRUE
7360,ASV9424,TRUE,FALSE,TRUE
7361,ASV9425,TRUE,FALSE,TRUE
7362,ASV9426,TRUE,FALSE,TRUE
7363,ASV9427,TRUE,FALSE,TRUE
7364,ASV9428,TRUE,FALSE,TRUE
7365,ASV9430,TRUE,FALSE,TRUE
7366,ASV9431,TRUE,FALSE,TRUE
7367,ASV9432,TRUE,FALSE,TRUE
7368,ASV9433,TRUE,FALSE,TRUE
7369,ASV9434,TRUE,FALSE,TRUE
7370,ASV9435,TRUE,FALSE,TRUE
7371,ASV9436,TRUE,FALSE,TRUE
7372,ASV9437,TRUE,FALSE,TRUE
7373,ASV9438,TRUE,FALSE,TRUE
7374,ASV9440,TRUE,FALSE,TRUE
7375,ASV9441,TRUE,FALSE,TRUE
7376,ASV9442,TRUE,FALSE,TRUE
7377,ASV9443,TRUE,FALSE,TRUE
7378,ASV9444,TRUE,TRUE,FALSE
7379,ASV9445,TRUE,TRUE,FALSE
7380,ASV9446,TRUE,TRUE,FALSE
7381,ASV9447,TRUE,TRUE,FALSE
7382,ASV9448,TRUE,TRUE,FALSE
7383,ASV9449,TRUE,TRUE,FALSE
7384,ASV9450,TRUE,FALSE,TRUE
7385,ASV9452,TRUE,FALSE,TRUE
7386,ASV9453,TRUE,FALSE,TRUE
7387,ASV9454,TRUE,FALSE,TRUE
7388,ASV9455,TRUE,TRUE,FALSE
7389,ASV9456,TRUE,TRUE,FALSE
7390,ASV9457,TRUE,FALSE,TRUE
7391,ASV9458,TRUE,FALSE,TRUE
7392,ASV9459,TRUE,FALSE,TRUE
7393,ASV9460,TRUE,FALSE,TRUE
7394,ASV9461,FALSE,TRUE,TRUE
7395,ASV9467,TRUE,TRUE,FALSE
7396,ASV9469,TRUE,FALSE,FALSE
7397,ASV9470,TRUE,TRUE,FALSE
7398,ASV9473,TRUE,TRUE,FALSE
7399,ASV9474,TRUE,TRUE,FALSE
7400,ASV9475,TRUE,TRUE,FALSE
7401,ASV9476,TRUE,FALSE,FALSE
7402,ASV9478,TRUE,FALSE,FALSE
7403,ASV9479,TRUE,TRUE,FALSE
7404,ASV9480,TRUE,TRUE,FALSE
7405,ASV9481,TRUE,TRUE,FALSE
7406,ASV9482,TRUE,FALSE,FALSE
7407,ASV9483,TRUE,TRUE,FALSE
7408,ASV9484,TRUE,TRUE,FALSE
7409,ASV9485,TRUE,TRUE,FALSE
7410,ASV9486,TRUE,TRUE,FALSE
7411,ASV9489,TRUE,TRUE,FALSE
7412,ASV9491,TRUE,TRUE,FALSE
7413,ASV9492,FALSE,TRUE,TRUE
7414,ASV9493,FALSE,TRUE,TRUE
7415,ASV9494,FALSE,TRUE,TRUE
7416,ASV9496,FALSE,FALSE,TRUE
7417,ASV9497,FALSE,TRUE,TRUE
7418,ASV9499,TRUE,FALSE,TRUE
7419,ASV9500,TRUE,FALSE,TRUE
7420,ASV9502,TRUE,FALSE,TRUE
7421,ASV9505,TRUE,FALSE,TRUE
7422,ASV9508,TRUE,FALSE,TRUE
7423,ASV9509,TRUE,FALSE,TRUE
7424,ASV9510,TRUE,FALSE,TRUE
7425,ASV9511,TRUE,FALSE,TRUE
7426,ASV9513,TRUE,FALSE,TRUE
7427,ASV9514,TRUE,FALSE,TRUE
7428,ASV9515,TRUE,FALSE,TRUE
7429,ASV9516,TRUE,FALSE,TRUE
7430,ASV9517,TRUE,FALSE,TRUE
7431,ASV9519,TRUE,FALSE,TRUE
7432,ASV9520,TRUE,FALSE,TRUE
7433,ASV9521,TRUE,FALSE,TRUE
7434,ASV9522,TRUE,FALSE,TRUE
7435,ASV9525,TRUE,TRUE,FALSE
7436,ASV9528,TRUE,TRUE,FALSE
7437,ASV9529,TRUE,TRUE,FALSE
7438,ASV9530,TRUE,TRUE,FALSE
7439,ASV9531,TRUE,TRUE,FALSE
7440,ASV9533,TRUE,TRUE,FALSE
7441,ASV9534,TRUE,TRUE,FALSE
7442,ASV9535,TRUE,FALSE,FALSE
7443,ASV9536,TRUE,TRUE,FALSE
7444,ASV9537,TRUE,TRUE,FALSE
7445,ASV9538,TRUE,FALSE,TRUE
7446,ASV9539,TRUE,FALSE,TRUE
7447,ASV9540,TRUE,FALSE,TRUE
7448,ASV9541,TRUE,FALSE,TRUE
7449,ASV9542,TRUE,FALSE,TRUE
7450,ASV9544,TRUE,FALSE,TRUE
7451,ASV9546,TRUE,FALSE,TRUE
7452,ASV9547,TRUE,FALSE,TRUE
7453,ASV9549,TRUE,FALSE,TRUE
7454,ASV9551,TRUE,FALSE,TRUE
7455,ASV9552,TRUE,FALSE,TRUE
7456,ASV9553,TRUE,FALSE,TRUE
7457,ASV9556,TRUE,FALSE,TRUE
7458,ASV9557,TRUE,FALSE,TRUE
7459,ASV9558,TRUE,FALSE,TRUE
7460,ASV9559,TRUE,FALSE,TRUE
7461,ASV9560,TRUE,FALSE,TRUE
7462,ASV9562,TRUE,FALSE,TRUE
7463,ASV9564,TRUE,FALSE,TRUE
7464,ASV9565,TRUE,FALSE,TRUE
7465,ASV9566,TRUE,FALSE,TRUE
7466,ASV9568,TRUE,FALSE,TRUE
7467,ASV9569,TRUE,FALSE,TRUE
7468,ASV9570,TRUE,FALSE,TRUE
7469,ASV9571,TRUE,FALSE,TRUE
7470,ASV9572,TRUE,FALSE,TRUE
7471,ASV9573,TRUE,FALSE,TRUE
7472,ASV9574,TRUE,FALSE,TRUE
7473,ASV9577,TRUE,FALSE,FALSE
7474,ASV9578,TRUE,TRUE,FALSE
7475,ASV9579,TRUE,TRUE,FALSE
7476,ASV9580,TRUE,TRUE,FALSE
7477,ASV9581,TRUE,FALSE,FALSE
7478,ASV9582,TRUE,FALSE,FALSE
7479,ASV9584,TRUE,FALSE,TRUE
7480,ASV9585,TRUE,FALSE,TRUE
7481,ASV9586,TRUE,TRUE,FALSE
7482,ASV9587,TRUE,FALSE,TRUE
7483,ASV9589,TRUE,FALSE,TRUE
7484,ASV9590,TRUE,FALSE,TRUE
7485,ASV9591,TRUE,FALSE,TRUE
7486,ASV9592,TRUE,FALSE,TRUE
7487,ASV9593,TRUE,FALSE,TRUE
7488,ASV9594,TRUE,FALSE,TRUE
7489,ASV9595,FALSE,TRUE,TRUE
7490,ASV9607,TRUE,FALSE,FALSE
7491,ASV9608,TRUE,TRUE,FALSE
7492,ASV9610,TRUE,TRUE,FALSE
7493,ASV9611,TRUE,TRUE,FALSE
7494,ASV9613,TRUE,TRUE,FALSE
7495,ASV9614,TRUE,TRUE,FALSE
7496,ASV9615,TRUE,TRUE,FALSE
7497,ASV9616,TRUE,TRUE,FALSE
7498,ASV9617,TRUE,TRUE,FALSE
7499,ASV9622,TRUE,TRUE,FALSE
7500,ASV9623,FALSE,TRUE,FALSE
7501,ASV9624,TRUE,TRUE,FALSE
7502,ASV9625,TRUE,TRUE,FALSE
7503,ASV9626,TRUE,TRUE,FALSE
7504,ASV9627,TRUE,TRUE,FALSE
7505,ASV9628,TRUE,TRUE,FALSE
7506,ASV9629,TRUE,TRUE,FALSE
7507,ASV9630,TRUE,TRUE,FALSE
7508,ASV9633,TRUE,TRUE,FALSE
7509,ASV9635,TRUE,TRUE,FALSE
7510,ASV9637,TRUE,TRUE,FALSE
7511,ASV9638,TRUE,TRUE,FALSE
7512,ASV9639,TRUE,TRUE,FALSE
7513,ASV9641,TRUE,TRUE,FALSE
7514,ASV9644,FALSE,TRUE,TRUE
7515,ASV9646,FALSE,TRUE,TRUE
7516,ASV9647,FALSE,TRUE,TRUE
7517,ASV9648,FALSE,TRUE,FALSE
7518,ASV9649,TRUE,FALSE,TRUE
7519,ASV9650,TRUE,FALSE,FALSE
7520,ASV9651,TRUE,FALSE,TRUE
7521,ASV9652,TRUE,FALSE,TRUE
7522,ASV9653,TRUE,FALSE,TRUE
7523,ASV9654,TRUE,FALSE,TRUE
7524,ASV9655,TRUE,FALSE,TRUE
7525,ASV9656,TRUE,FALSE,TRUE
7526,ASV9657,TRUE,FALSE,TRUE
7527,ASV9658,TRUE,FALSE,TRUE
7528,ASV9662,TRUE,FALSE,TRUE
7529,ASV9663,TRUE,FALSE,TRUE
7530,ASV9664,TRUE,FALSE,FALSE
7531,ASV9665,TRUE,FALSE,TRUE
7532,ASV9668,TRUE,FALSE,TRUE
7533,ASV9670,TRUE,FALSE,TRUE
7534,ASV9672,TRUE,FALSE,TRUE
7535,ASV9674,TRUE,FALSE,TRUE
7536,ASV9677,TRUE,FALSE,TRUE
7537,ASV9678,TRUE,FALSE,TRUE
7538,ASV9679,TRUE,FALSE,TRUE
7539,ASV9680,TRUE,FALSE,TRUE
7540,ASV9682,TRUE,TRUE,FALSE
7541,ASV9683,TRUE,FALSE,FALSE
7542,ASV9684,TRUE,TRUE,FALSE
7543,ASV9685,TRUE,TRUE,FALSE
7544,ASV9687,TRUE,TRUE,FALSE
7545,ASV9688,TRUE,TRUE,FALSE
7546,ASV9689,TRUE,TRUE,FALSE
7547,ASV9690,TRUE,TRUE,FALSE
7548,ASV9692,TRUE,TRUE,FALSE
7549,ASV9693,TRUE,TRUE,FALSE
7550,ASV9694,TRUE,FALSE,TRUE
7551,ASV9695,TRUE,FALSE,TRUE
7552,ASV9696,TRUE,FALSE,TRUE
7553,ASV9697,TRUE,FALSE,FALSE
7554,ASV9698,TRUE,FALSE,TRUE
7555,ASV9699,TRUE,FALSE,TRUE
7556,ASV9700,TRUE,FALSE,TRUE
7557,ASV9702,TRUE,FALSE,TRUE
7558,ASV9703,TRUE,FALSE,TRUE
7559,ASV9704,TRUE,FALSE,TRUE
7560,ASV9705,TRUE,FALSE,TRUE
7561,ASV9706,TRUE,FALSE,TRUE
7562,ASV9707,TRUE,FALSE,TRUE
7563,ASV9708,TRUE,FALSE,TRUE
7564,ASV9709,TRUE,FALSE,TRUE
7565,ASV9710,TRUE,FALSE,TRUE
7566,ASV9711,TRUE,FALSE,TRUE
7567,ASV9712,TRUE,FALSE,TRUE
7568,ASV9714,TRUE,FALSE,FALSE
7569,ASV9715,TRUE,FALSE,TRUE
7570,ASV9716,TRUE,FALSE,TRUE
7571,ASV9718,TRUE,FALSE,TRUE
7572,ASV9719,TRUE,FALSE,TRUE
7573,ASV9720,TRUE,FALSE,TRUE
7574,ASV9723,TRUE,FALSE,FALSE
7575,ASV9724,TRUE,FALSE,TRUE
7576,ASV9726,TRUE,FALSE,TRUE
7577,ASV9729,TRUE,FALSE,TRUE
7578,ASV9730,TRUE,FALSE,TRUE
7579,ASV9731,TRUE,FALSE,TRUE
7580,ASV9732,TRUE,FALSE,TRUE
7581,ASV9733,TRUE,FALSE,TRUE
7582,ASV9734,TRUE,FALSE,TRUE
7583,ASV9735,TRUE,TRUE,FALSE
7584,ASV9736,TRUE,TRUE,FALSE
7585,ASV9737,TRUE,TRUE,FALSE
7586,ASV9738,TRUE,TRUE,FALSE
7587,ASV9739,TRUE,TRUE,FALSE
7588,ASV9740,TRUE,TRUE,FALSE
7589,ASV9741,TRUE,TRUE,FALSE
7590,ASV9742,TRUE,FALSE,TRUE
7591,ASV9743,TRUE,FALSE,TRUE
7592,ASV9744,TRUE,FALSE,TRUE
7593,ASV9745,TRUE,FALSE,TRUE
7594,ASV9746,TRUE,TRUE,FALSE
7595,ASV9747,TRUE,FALSE,TRUE
7596,ASV9748,TRUE,FALSE,TRUE
7597,ASV9749,FALSE,TRUE,TRUE
7598,ASV9750,FALSE,TRUE,TRUE
7599,ASV9751,FALSE,TRUE,TRUE
7600,ASV9752,FALSE,TRUE,TRUE
7601,ASV9760,TRUE,TRUE,FALSE
7602,ASV9761,TRUE,TRUE,FALSE
7603,ASV9763,FALSE,TRUE,FALSE
7604,ASV9765,TRUE,TRUE,FALSE
7605,ASV9767,TRUE,TRUE,FALSE
7606,ASV9768,TRUE,TRUE,FALSE
7607,ASV9770,TRUE,TRUE,FALSE
7608,ASV9772,TRUE,TRUE,FALSE
7609,ASV9775,TRUE,TRUE,FALSE
7610,ASV9776,TRUE,TRUE,FALSE
7611,ASV9777,TRUE,TRUE,FALSE
7612,ASV9780,TRUE,TRUE,FALSE
7613,ASV9781,TRUE,TRUE,FALSE
7614,ASV9784,TRUE,TRUE,FALSE
7615,ASV9785,FALSE,TRUE,TRUE
7616,ASV9786,FALSE,TRUE,TRUE
7617,ASV9787,FALSE,FALSE,TRUE
7618,ASV9788,FALSE,TRUE,TRUE
7619,ASV9789,TRUE,FALSE,TRUE
7620,ASV9790,TRUE,FALSE,TRUE
7621,ASV9791,TRUE,FALSE,TRUE
7622,ASV9792,TRUE,FALSE,TRUE
7623,ASV9793,TRUE,FALSE,TRUE
7624,ASV9794,TRUE,FALSE,TRUE
7625,ASV9797,TRUE,FALSE,TRUE
7626,ASV9798,TRUE,FALSE,TRUE
7627,ASV9799,TRUE,FALSE,TRUE
7628,ASV9800,TRUE,FALSE,TRUE
7629,ASV9805,TRUE,FALSE,TRUE
7630,ASV9806,TRUE,FALSE,TRUE
7631,ASV9807,TRUE,FALSE,TRUE
7632,ASV9808,TRUE,FALSE,TRUE
7633,ASV9810,TRUE,FALSE,TRUE
7634,ASV9814,TRUE,FALSE,TRUE
7635,ASV9815,TRUE,FALSE,TRUE
7636,ASV9816,TRUE,FALSE,TRUE
7637,ASV9817,TRUE,FALSE,TRUE
7638,ASV9818,TRUE,FALSE,TRUE
7639,ASV9819,TRUE,FALSE,TRUE
7640,ASV9822,TRUE,TRUE,FALSE
7641,ASV9823,TRUE,TRUE,FALSE
7642,ASV9824,TRUE,TRUE,FALSE
7643,ASV9825,TRUE,TRUE,FALSE
7644,ASV9827,TRUE,TRUE,FALSE
7645,ASV9829,TRUE,TRUE,FALSE
7646,ASV9830,TRUE,TRUE,FALSE
7647,ASV9832,TRUE,TRUE,FALSE
7648,ASV9833,TRUE,TRUE,FALSE
7649,ASV9834,TRUE,TRUE,FALSE
7650,ASV9835,TRUE,TRUE,FALSE
7651,ASV9836,TRUE,FALSE,FALSE
7652,ASV9837,TRUE,TRUE,FALSE
7653,ASV9838,TRUE,TRUE,FALSE
7654,ASV9839,TRUE,TRUE,FALSE
7655,ASV9843,TRUE,FALSE,TRUE
7656,ASV9845,TRUE,FALSE,TRUE
7657,ASV9846,TRUE,FALSE,TRUE
7658,ASV9847,TRUE,FALSE,TRUE
7659,ASV9848,TRUE,FALSE,TRUE
7660,ASV9849,TRUE,FALSE,TRUE
7661,ASV9850,TRUE,FALSE,TRUE
7662,ASV9851,TRUE,FALSE,TRUE
7663,ASV9853,TRUE,FALSE,FALSE
7664,ASV9855,TRUE,FALSE,TRUE
7665,ASV9856,TRUE,FALSE,TRUE
7666,ASV9859,TRUE,FALSE,TRUE
7667,ASV9860,TRUE,FALSE,TRUE
7668,ASV9861,TRUE,FALSE,TRUE
7669,ASV9862,TRUE,FALSE,TRUE
7670,ASV9863,TRUE,FALSE,TRUE
7671,ASV9864,TRUE,FALSE,TRUE
7672,ASV9866,TRUE,FALSE,TRUE
7673,ASV9867,TRUE,FALSE,TRUE
7674,ASV9868,TRUE,FALSE,TRUE
7675,ASV9870,TRUE,FALSE,TRUE
7676,ASV9871,TRUE,FALSE,TRUE
7677,ASV9874,TRUE,FALSE,TRUE
7678,ASV9875,TRUE,FALSE,TRUE
7679,ASV9876,TRUE,FALSE,TRUE
7680,ASV9877,TRUE,FALSE,TRUE
7681,ASV9878,TRUE,TRUE,FALSE
7682,ASV9879,TRUE,TRUE,FALSE
7683,ASV9880,TRUE,TRUE,FALSE
7684,ASV9881,TRUE,TRUE,FALSE
7685,ASV9882,TRUE,TRUE,FALSE
7686,ASV9883,TRUE,TRUE,FALSE
7687,ASV9885,TRUE,FALSE,TRUE
7688,ASV9886,FALSE,TRUE,TRUE
7689,ASV9887,FALSE,TRUE,TRUE
7690,ASV9888,FALSE,TRUE,TRUE
7691,ASV9889,FALSE,TRUE,TRUE
7692,ASV9890,FALSE,TRUE,TRUE
7693,ASV9898,FALSE,TRUE,FALSE
7694,ASV9899,TRUE,TRUE,FALSE
7695,ASV9900,TRUE,TRUE,FALSE
7696,ASV9901,TRUE,TRUE,FALSE
7697,ASV9902,FALSE,FALSE,FALSE
7698,ASV9903,TRUE,TRUE,FALSE
7699,ASV9904,TRUE,TRUE,FALSE
7700,ASV9906,TRUE,TRUE,FALSE
7701,ASV9907,TRUE,TRUE,FALSE
7702,ASV9909,TRUE,TRUE,FALSE
7703,ASV9911,TRUE,FALSE,FALSE
7704,ASV9913,TRUE,TRUE,FALSE
7705,ASV9914,TRUE,TRUE,FALSE
7706,ASV9916,TRUE,TRUE,FALSE
7707,ASV9918,FALSE,TRUE,FALSE
7708,ASV9919,FALSE,TRUE,TRUE
7709,ASV9921,FALSE,TRUE,TRUE
7710,ASV9922,TRUE,FALSE,TRUE
7711,ASV9923,TRUE,FALSE,TRUE
7712,ASV9924,TRUE,FALSE,TRUE
7713,ASV9925,TRUE,FALSE,TRUE
7714,ASV9926,TRUE,FALSE,TRUE
7715,ASV9927,TRUE,FALSE,TRUE
7716,ASV9928,TRUE,FALSE,FALSE
7717,ASV9929,TRUE,FALSE,TRUE
7718,ASV9930,TRUE,FALSE,TRUE
7719,ASV9932,TRUE,FALSE,TRUE
7720,ASV9933,TRUE,FALSE,TRUE
7721,ASV9934,TRUE,FALSE,TRUE
7722,ASV9936,TRUE,FALSE,TRUE
7723,ASV9937,TRUE,FALSE,TRUE
7724,ASV9938,TRUE,FALSE,TRUE
7725,ASV9940,TRUE,FALSE,TRUE
7726,ASV9941,TRUE,FALSE,TRUE
7727,ASV9942,TRUE,FALSE,TRUE
7728,ASV9943,TRUE,FALSE,TRUE
7729,ASV9944,TRUE,FALSE,TRUE
7730,ASV9945,TRUE,FALSE,TRUE
7731,ASV9946,TRUE,FALSE,TRUE
7732,ASV9947,TRUE,FALSE,TRUE
7733,ASV9951,TRUE,FALSE,TRUE
7734,ASV9953,TRUE,TRUE,FALSE
7735,ASV9954,TRUE,TRUE,FALSE
7736,ASV9955,TRUE,TRUE,FALSE
7737,ASV9956,TRUE,TRUE,FALSE
7738,ASV9957,TRUE,TRUE,FALSE
7739,ASV9958,TRUE,TRUE,FALSE
7740,ASV9959,TRUE,TRUE,FALSE
7741,ASV9960,TRUE,TRUE,FALSE
7742,ASV9961,TRUE,TRUE,FALSE
7743,ASV9963,TRUE,TRUE,FALSE
7744,ASV9964,TRUE,TRUE,FALSE
7745,ASV9965,TRUE,TRUE,FALSE
7746,ASV9967,TRUE,TRUE,FALSE
7747,ASV9968,TRUE,FALSE,FALSE
7748,ASV9970,TRUE,FALSE,TRUE
7749,ASV9971,TRUE,FALSE,TRUE
7750,ASV9972,TRUE,FALSE,TRUE
7751,ASV9973,TRUE,FALSE,TRUE
7752,ASV9974,TRUE,FALSE,TRUE
7753,ASV9975,TRUE,FALSE,TRUE
7754,ASV9976,TRUE,FALSE,TRUE
7755,ASV9977,TRUE,FALSE,TRUE
7756,ASV9978,TRUE,FALSE,TRUE
7757,ASV9979,TRUE,FALSE,TRUE
7758,ASV9980,TRUE,FALSE,TRUE
7759,ASV9981,TRUE,FALSE,TRUE
7760,ASV9982,TRUE,FALSE,TRUE
7761,ASV9984,TRUE,FALSE,TRUE
7762,ASV9985,TRUE,FALSE,TRUE
7763,ASV9986,TRUE,FALSE,TRUE
7764,ASV9987,TRUE,FALSE,TRUE
7765,ASV9988,TRUE,FALSE,TRUE
7766,ASV9990,TRUE,FALSE,TRUE
7767,ASV9991,TRUE,FALSE,TRUE
7768,ASV9993,TRUE,FALSE,TRUE
7769,ASV9994,TRUE,FALSE,TRUE
7770,ASV9996,TRUE,FALSE,TRUE
7771,ASV9997,TRUE,FALSE,TRUE
7772,ASV9998,TRUE,FALSE,TRUE
7773,ASV9999,TRUE,FALSE,TRUE
7774,ASV10000,TRUE,FALSE,FALSE
7775,ASV10001,TRUE,FALSE,TRUE
7776,ASV10002,TRUE,FALSE,TRUE
7777,ASV10003,TRUE,FALSE,TRUE
7778,ASV10004,TRUE,FALSE,TRUE
7779,ASV10005,TRUE,FALSE,TRUE
7780,ASV10006,TRUE,FALSE,TRUE
7781,ASV10007,TRUE,FALSE,TRUE
7782,ASV10008,TRUE,FALSE,TRUE
7783,ASV10009,TRUE,FALSE,TRUE
7784,ASV10010,TRUE,FALSE,TRUE
7785,ASV10011,TRUE,FALSE,TRUE
7786,ASV10013,TRUE,TRUE,FALSE
7787,ASV10014,TRUE,TRUE,FALSE
7788,ASV10015,TRUE,TRUE,FALSE
7789,ASV10016,TRUE,TRUE,FALSE
7790,ASV10017,TRUE,TRUE,FALSE
7791,ASV10018,TRUE,TRUE,FALSE
7792,ASV10019,TRUE,TRUE,FALSE
7793,ASV10020,TRUE,TRUE,FALSE
7794,ASV10021,TRUE,FALSE,TRUE
7795,ASV10022,TRUE,FALSE,TRUE
7796,ASV10023,TRUE,FALSE,TRUE
7797,ASV10024,TRUE,FALSE,TRUE
7798,ASV10025,FALSE,TRUE,TRUE
7799,ASV10026,FALSE,TRUE,TRUE
7800,ASV10027,FALSE,TRUE,TRUE
7801,ASV10028,FALSE,TRUE,TRUE
7802,ASV10029,FALSE,TRUE,TRUE
7803,ASV10036,TRUE,TRUE,FALSE
7804,ASV10038,TRUE,TRUE,FALSE
7805,ASV10042,TRUE,TRUE,FALSE
7806,ASV10043,TRUE,TRUE,FALSE
7807,ASV10045,FALSE,TRUE,FALSE
7808,ASV10046,TRUE,TRUE,FALSE
7809,ASV10048,TRUE,TRUE,FALSE
7810,ASV10050,TRUE,TRUE,FALSE
7811,ASV10052,TRUE,TRUE,FALSE
7812,ASV10053,TRUE,FALSE,FALSE
7813,ASV10054,TRUE,TRUE,FALSE
7814,ASV10056,TRUE,TRUE,FALSE
7815,ASV10057,TRUE,TRUE,FALSE
7816,ASV10059,TRUE,TRUE,FALSE
7817,ASV10060,TRUE,TRUE,FALSE
7818,ASV10061,FALSE,TRUE,FALSE
7819,ASV10062,TRUE,TRUE,FALSE
7820,ASV10067,FALSE,TRUE,FALSE
7821,ASV10068,FALSE,TRUE,TRUE
7822,ASV10069,FALSE,TRUE,TRUE
7823,ASV10071,TRUE,FALSE,TRUE
7824,ASV10072,TRUE,FALSE,TRUE
7825,ASV10073,TRUE,FALSE,TRUE
7826,ASV10074,TRUE,FALSE,TRUE
7827,ASV10076,TRUE,FALSE,TRUE
7828,ASV10077,TRUE,FALSE,TRUE
7829,ASV10078,TRUE,FALSE,FALSE
7830,ASV10079,TRUE,FALSE,TRUE
7831,ASV10080,TRUE,FALSE,FALSE
7832,ASV10081,TRUE,FALSE,TRUE
7833,ASV10082,TRUE,FALSE,TRUE
7834,ASV10084,TRUE,FALSE,TRUE
7835,ASV10085,TRUE,FALSE,TRUE
7836,ASV10086,TRUE,FALSE,TRUE
7837,ASV10087,TRUE,FALSE,TRUE
7838,ASV10088,TRUE,FALSE,TRUE
7839,ASV10090,TRUE,FALSE,TRUE
7840,ASV10092,TRUE,FALSE,TRUE
7841,ASV10093,TRUE,FALSE,TRUE
7842,ASV10095,TRUE,FALSE,TRUE
7843,ASV10096,TRUE,FALSE,TRUE
7844,ASV10097,TRUE,TRUE,FALSE
7845,ASV10099,TRUE,TRUE,FALSE
7846,ASV10100,TRUE,TRUE,FALSE
7847,ASV10101,TRUE,TRUE,FALSE
7848,ASV10102,TRUE,TRUE,FALSE
7849,ASV10103,TRUE,TRUE,FALSE
7850,ASV10104,TRUE,TRUE,FALSE
7851,ASV10106,TRUE,TRUE,FALSE
7852,ASV10107,TRUE,TRUE,FALSE
7853,ASV10108,TRUE,TRUE,FALSE
7854,ASV10110,TRUE,TRUE,FALSE
7855,ASV10111,TRUE,TRUE,FALSE
7856,ASV10112,TRUE,TRUE,FALSE
7857,ASV10113,TRUE,TRUE,FALSE
7858,ASV10114,TRUE,FALSE,TRUE
7859,ASV10115,TRUE,FALSE,TRUE
7860,ASV10116,TRUE,FALSE,TRUE
7861,ASV10117,TRUE,FALSE,TRUE
7862,ASV10118,TRUE,FALSE,TRUE
7863,ASV10119,TRUE,FALSE,FALSE
7864,ASV10122,TRUE,FALSE,TRUE
7865,ASV10124,TRUE,FALSE,TRUE
7866,ASV10126,TRUE,FALSE,TRUE
7867,ASV10127,TRUE,FALSE,TRUE
7868,ASV10128,TRUE,FALSE,TRUE
7869,ASV10129,TRUE,FALSE,TRUE
7870,ASV10130,TRUE,FALSE,TRUE
7871,ASV10132,TRUE,FALSE,TRUE
7872,ASV10133,TRUE,FALSE,TRUE
7873,ASV10134,TRUE,FALSE,TRUE
7874,ASV10137,TRUE,FALSE,TRUE
7875,ASV10138,TRUE,FALSE,TRUE
7876,ASV10139,TRUE,FALSE,TRUE
7877,ASV10141,TRUE,FALSE,TRUE
7878,ASV10144,TRUE,FALSE,TRUE
7879,ASV10145,TRUE,FALSE,TRUE
7880,ASV10146,TRUE,FALSE,TRUE
7881,ASV10149,TRUE,FALSE,TRUE
7882,ASV10150,TRUE,FALSE,TRUE
7883,ASV10154,TRUE,TRUE,FALSE
7884,ASV10155,TRUE,TRUE,FALSE
7885,ASV10157,TRUE,TRUE,FALSE
7886,ASV10158,TRUE,TRUE,FALSE
7887,ASV10160,TRUE,FALSE,TRUE
7888,ASV10161,TRUE,FALSE,TRUE
7889,ASV10162,TRUE,FALSE,TRUE
7890,ASV10163,FALSE,TRUE,TRUE
7891,ASV10164,FALSE,TRUE,TRUE
7892,ASV10178,TRUE,TRUE,FALSE
7893,ASV10180,TRUE,TRUE,FALSE
7894,ASV10181,FALSE,TRUE,FALSE
7895,ASV10183,TRUE,TRUE,FALSE
7896,ASV10184,TRUE,TRUE,FALSE
7897,ASV10185,TRUE,TRUE,FALSE
7898,ASV10186,TRUE,TRUE,FALSE
7899,ASV10187,TRUE,TRUE,FALSE
7900,ASV10188,TRUE,TRUE,FALSE
7901,ASV10190,TRUE,TRUE,FALSE
7902,ASV10191,TRUE,TRUE,FALSE
7903,ASV10192,TRUE,TRUE,FALSE
7904,ASV10193,TRUE,TRUE,FALSE
7905,ASV10196,TRUE,TRUE,FALSE
7906,ASV10197,TRUE,FALSE,FALSE
7907,ASV10200,TRUE,TRUE,FALSE
7908,ASV10201,TRUE,TRUE,FALSE
7909,ASV10204,TRUE,TRUE,FALSE
7910,ASV10206,TRUE,TRUE,FALSE
7911,ASV10207,FALSE,TRUE,TRUE
7912,ASV10209,FALSE,TRUE,TRUE
7913,ASV10210,FALSE,TRUE,TRUE
7914,ASV10213,TRUE,FALSE,TRUE
7915,ASV10216,TRUE,FALSE,TRUE
7916,ASV10217,TRUE,FALSE,TRUE
7917,ASV10218,TRUE,FALSE,TRUE
7918,ASV10220,TRUE,FALSE,FALSE
7919,ASV10221,TRUE,FALSE,TRUE
7920,ASV10222,TRUE,FALSE,FALSE
7921,ASV10223,TRUE,FALSE,TRUE
7922,ASV10225,TRUE,FALSE,TRUE
7923,ASV10226,TRUE,FALSE,TRUE
7924,ASV10228,TRUE,FALSE,TRUE
7925,ASV10229,TRUE,FALSE,TRUE
7926,ASV10231,TRUE,FALSE,TRUE
7927,ASV10232,TRUE,FALSE,FALSE
7928,ASV10234,TRUE,FALSE,TRUE
7929,ASV10235,TRUE,FALSE,TRUE
7930,ASV10236,TRUE,FALSE,TRUE
7931,ASV10237,TRUE,FALSE,TRUE
7932,ASV10240,TRUE,FALSE,TRUE
7933,ASV10245,TRUE,TRUE,FALSE
7934,ASV10246,TRUE,TRUE,FALSE
7935,ASV10247,TRUE,TRUE,FALSE
7936,ASV10248,TRUE,TRUE,FALSE
7937,ASV10249,TRUE,TRUE,FALSE
7938,ASV10250,TRUE,TRUE,FALSE
7939,ASV10251,FALSE,TRUE,FALSE
7940,ASV10253,TRUE,TRUE,FALSE
7941,ASV10254,TRUE,TRUE,FALSE
7942,ASV10255,TRUE,TRUE,FALSE
7943,ASV10258,TRUE,TRUE,FALSE
7944,ASV10260,TRUE,TRUE,FALSE
7945,ASV10261,TRUE,TRUE,FALSE
7946,ASV10263,TRUE,TRUE,FALSE
7947,ASV10264,TRUE,FALSE,TRUE
7948,ASV10265,TRUE,FALSE,TRUE
7949,ASV10266,TRUE,FALSE,TRUE
7950,ASV10267,TRUE,FALSE,TRUE
7951,ASV10268,TRUE,FALSE,TRUE
7952,ASV10269,TRUE,FALSE,TRUE
7953,ASV10270,FALSE,FALSE,TRUE
7954,ASV10271,TRUE,FALSE,TRUE
7955,ASV10272,TRUE,FALSE,TRUE
7956,ASV10273,TRUE,FALSE,TRUE
7957,ASV10275,TRUE,FALSE,TRUE
7958,ASV10276,TRUE,FALSE,TRUE
7959,ASV10277,TRUE,FALSE,TRUE
7960,ASV10278,TRUE,FALSE,TRUE
7961,ASV10279,TRUE,FALSE,TRUE
7962,ASV10280,TRUE,FALSE,TRUE
7963,ASV10281,TRUE,FALSE,TRUE
7964,ASV10282,TRUE,FALSE,TRUE
7965,ASV10283,TRUE,FALSE,TRUE
7966,ASV10285,TRUE,FALSE,TRUE
7967,ASV10286,TRUE,FALSE,TRUE
7968,ASV10287,TRUE,FALSE,TRUE
7969,ASV10289,TRUE,FALSE,TRUE
7970,ASV10290,TRUE,FALSE,TRUE
7971,ASV10291,TRUE,FALSE,TRUE
7972,ASV10293,TRUE,FALSE,TRUE
7973,ASV10295,TRUE,FALSE,TRUE
7974,ASV10298,TRUE,FALSE,TRUE
7975,ASV10300,TRUE,FALSE,TRUE
7976,ASV10303,TRUE,FALSE,TRUE
7977,ASV10306,TRUE,TRUE,FALSE
7978,ASV10307,TRUE,TRUE,FALSE
7979,ASV10308,TRUE,TRUE,FALSE
7980,ASV10309,TRUE,TRUE,FALSE
7981,ASV10310,TRUE,TRUE,FALSE
7982,ASV10311,TRUE,TRUE,FALSE
7983,ASV10312,TRUE,TRUE,FALSE
7984,ASV10313,TRUE,FALSE,TRUE
7985,ASV10316,TRUE,FALSE,TRUE
7986,ASV10317,TRUE,TRUE,FALSE
7987,ASV10318,TRUE,FALSE,TRUE
7988,ASV10319,TRUE,FALSE,TRUE
7989,ASV10321,TRUE,FALSE,TRUE
7990,ASV10322,TRUE,FALSE,TRUE
7991,ASV10324,FALSE,TRUE,TRUE
7992,ASV10325,FALSE,TRUE,TRUE
7993,ASV10327,FALSE,TRUE,TRUE
7994,ASV10328,FALSE,TRUE,TRUE
7995,ASV10334,TRUE,TRUE,FALSE
7996,ASV10335,TRUE,TRUE,FALSE
7997,ASV10337,TRUE,TRUE,FALSE
7998,ASV10338,TRUE,TRUE,FALSE
7999,ASV10339,TRUE,TRUE,FALSE
8000,ASV10340,TRUE,TRUE,FALSE
8001,ASV10342,TRUE,TRUE,FALSE
8002,ASV10343,TRUE,TRUE,FALSE
8003,ASV10347,TRUE,FALSE,FALSE
8004,ASV10349,TRUE,TRUE,FALSE
8005,ASV10350,TRUE,TRUE,FALSE
8006,ASV10351,TRUE,TRUE,FALSE
8007,ASV10352,TRUE,TRUE,FALSE
8008,ASV10353,TRUE,TRUE,FALSE
8009,ASV10357,FALSE,TRUE,TRUE
8010,ASV10358,FALSE,TRUE,TRUE
8011,ASV10359,FALSE,TRUE,TRUE
8012,ASV10363,TRUE,FALSE,TRUE
8013,ASV10364,TRUE,FALSE,TRUE
8014,ASV10365,TRUE,FALSE,TRUE
8015,ASV10366,TRUE,FALSE,TRUE
8016,ASV10367,TRUE,FALSE,TRUE
8017,ASV10368,TRUE,FALSE,FALSE
8018,ASV10372,TRUE,FALSE,TRUE
8019,ASV10375,TRUE,FALSE,TRUE
8020,ASV10376,TRUE,FALSE,TRUE
8021,ASV10378,TRUE,FALSE,TRUE
8022,ASV10379,TRUE,FALSE,TRUE
8023,ASV10381,TRUE,FALSE,TRUE
8024,ASV10382,TRUE,FALSE,TRUE
8025,ASV10386,TRUE,FALSE,TRUE
8026,ASV10389,TRUE,FALSE,TRUE
8027,ASV10390,TRUE,FALSE,TRUE
8028,ASV10392,TRUE,FALSE,TRUE
8029,ASV10393,TRUE,FALSE,TRUE
8030,ASV10396,TRUE,FALSE,TRUE
8031,ASV10397,TRUE,FALSE,TRUE
8032,ASV10398,TRUE,FALSE,FALSE
8033,ASV10399,TRUE,FALSE,TRUE
8034,ASV10400,TRUE,FALSE,FALSE
8035,ASV10401,TRUE,TRUE,FALSE
8036,ASV10404,TRUE,TRUE,FALSE
8037,ASV10406,TRUE,TRUE,FALSE
8038,ASV10407,TRUE,TRUE,FALSE
8039,ASV10410,TRUE,TRUE,FALSE
8040,ASV10411,FALSE,TRUE,FALSE
8041,ASV10413,TRUE,TRUE,FALSE
8042,ASV10414,TRUE,TRUE,FALSE
8043,ASV10415,TRUE,TRUE,FALSE
8044,ASV10416,TRUE,TRUE,FALSE
8045,ASV10417,TRUE,TRUE,FALSE
8046,ASV10418,TRUE,TRUE,FALSE
8047,ASV10419,TRUE,TRUE,FALSE
8048,ASV10420,TRUE,TRUE,FALSE
8049,ASV10421,TRUE,TRUE,FALSE
8050,ASV10422,TRUE,TRUE,FALSE
8051,ASV10423,TRUE,FALSE,TRUE
8052,ASV10424,TRUE,FALSE,TRUE
8053,ASV10425,TRUE,FALSE,TRUE
8054,ASV10427,TRUE,FALSE,TRUE
8055,ASV10429,TRUE,FALSE,TRUE
8056,ASV10430,TRUE,FALSE,TRUE
8057,ASV10431,TRUE,FALSE,TRUE
8058,ASV10432,TRUE,FALSE,TRUE
8059,ASV10434,TRUE,FALSE,TRUE
8060,ASV10435,TRUE,FALSE,TRUE
8061,ASV10436,TRUE,FALSE,TRUE
8062,ASV10438,TRUE,FALSE,TRUE
8063,ASV10439,TRUE,FALSE,TRUE
8064,ASV10442,TRUE,FALSE,TRUE
8065,ASV10443,TRUE,FALSE,TRUE
8066,ASV10444,TRUE,FALSE,TRUE
8067,ASV10445,TRUE,FALSE,TRUE
8068,ASV10446,TRUE,FALSE,TRUE
8069,ASV10447,TRUE,FALSE,TRUE
8070,ASV10449,TRUE,FALSE,TRUE
8071,ASV10451,TRUE,FALSE,TRUE
8072,ASV10452,TRUE,FALSE,TRUE
8073,ASV10453,TRUE,FALSE,TRUE
8074,ASV10455,TRUE,FALSE,TRUE
8075,ASV10457,TRUE,FALSE,TRUE
8076,ASV10460,TRUE,FALSE,TRUE
8077,ASV10461,TRUE,FALSE,TRUE
8078,ASV10462,TRUE,FALSE,TRUE
8079,ASV10463,TRUE,FALSE,TRUE
8080,ASV10464,TRUE,FALSE,TRUE
8081,ASV10465,TRUE,FALSE,TRUE
8082,ASV10467,TRUE,FALSE,TRUE
8083,ASV10468,TRUE,FALSE,TRUE
8084,ASV10470,TRUE,FALSE,TRUE
8085,ASV10471,TRUE,FALSE,TRUE
8086,ASV10472,TRUE,FALSE,FALSE
8087,ASV10473,TRUE,FALSE,FALSE
8088,ASV10474,TRUE,TRUE,FALSE
8089,ASV10476,TRUE,TRUE,FALSE
8090,ASV10477,TRUE,TRUE,FALSE
8091,ASV10478,TRUE,TRUE,FALSE
8092,ASV10480,TRUE,FALSE,TRUE
8093,ASV10481,TRUE,FALSE,TRUE
8094,ASV10482,TRUE,FALSE,TRUE
8095,ASV10483,TRUE,FALSE,TRUE
8096,ASV10484,TRUE,FALSE,TRUE
8097,ASV10485,TRUE,FALSE,TRUE
8098,ASV10487,TRUE,TRUE,FALSE
8099,ASV10488,TRUE,TRUE,FALSE
8100,ASV10489,TRUE,FALSE,FALSE
8101,ASV10490,TRUE,FALSE,TRUE
8102,ASV10491,TRUE,FALSE,TRUE
8103,ASV10492,TRUE,FALSE,TRUE
8104,ASV10493,TRUE,FALSE,TRUE
8105,ASV10495,TRUE,FALSE,TRUE
8106,ASV10496,TRUE,FALSE,TRUE
8107,ASV10498,FALSE,TRUE,TRUE
8108,ASV10499,FALSE,TRUE,TRUE
8109,ASV10510,TRUE,TRUE,FALSE
8110,ASV10511,TRUE,TRUE,FALSE
8111,ASV10512,TRUE,TRUE,FALSE
8112,ASV10514,TRUE,TRUE,FALSE
8113,ASV10517,TRUE,TRUE,FALSE
8114,ASV10518,TRUE,TRUE,FALSE
8115,ASV10519,TRUE,TRUE,FALSE
8116,ASV10520,TRUE,TRUE,FALSE
8117,ASV10521,TRUE,TRUE,FALSE
8118,ASV10522,TRUE,TRUE,FALSE
8119,ASV10524,TRUE,TRUE,FALSE
8120,ASV10525,TRUE,FALSE,FALSE
8121,ASV10526,FALSE,FALSE,TRUE
8122,ASV10527,FALSE,TRUE,TRUE
8123,ASV10528,FALSE,FALSE,TRUE
8124,ASV10529,FALSE,TRUE,FALSE
8125,ASV10532,FALSE,TRUE,TRUE
8126,ASV10533,TRUE,FALSE,TRUE
8127,ASV10534,TRUE,FALSE,TRUE
8128,ASV10537,TRUE,FALSE,TRUE
8129,ASV10538,TRUE,FALSE,TRUE
8130,ASV10540,TRUE,FALSE,TRUE
8131,ASV10541,TRUE,FALSE,TRUE
8132,ASV10542,TRUE,FALSE,TRUE
8133,ASV10543,TRUE,FALSE,TRUE
8134,ASV10544,TRUE,FALSE,TRUE
8135,ASV10545,TRUE,FALSE,TRUE
8136,ASV10546,TRUE,FALSE,TRUE
8137,ASV10547,TRUE,FALSE,TRUE
8138,ASV10549,TRUE,FALSE,TRUE
8139,ASV10551,TRUE,FALSE,TRUE
8140,ASV10552,TRUE,FALSE,TRUE
8141,ASV10554,FALSE,FALSE,TRUE
8142,ASV10556,TRUE,FALSE,TRUE
8143,ASV10557,TRUE,FALSE,TRUE
8144,ASV10558,TRUE,FALSE,FALSE
8145,ASV10561,TRUE,FALSE,TRUE
8146,ASV10562,TRUE,FALSE,TRUE
8147,ASV10563,TRUE,FALSE,TRUE
8148,ASV10564,TRUE,FALSE,TRUE
8149,ASV10565,TRUE,FALSE,TRUE
8150,ASV10566,TRUE,FALSE,TRUE
8151,ASV10567,TRUE,FALSE,TRUE
8152,ASV10568,TRUE,FALSE,TRUE
8153,ASV10570,TRUE,FALSE,FALSE
8154,ASV10571,TRUE,TRUE,FALSE
8155,ASV10573,TRUE,TRUE,FALSE
8156,ASV10574,TRUE,TRUE,FALSE
8157,ASV10575,TRUE,TRUE,FALSE
8158,ASV10576,FALSE,TRUE,FALSE
8159,ASV10577,TRUE,TRUE,FALSE
8160,ASV10578,TRUE,TRUE,FALSE
8161,ASV10580,TRUE,TRUE,FALSE
8162,ASV10581,TRUE,TRUE,FALSE
8163,ASV10583,TRUE,TRUE,FALSE
8164,ASV10584,TRUE,TRUE,FALSE
8165,ASV10585,TRUE,TRUE,FALSE
8166,ASV10586,TRUE,TRUE,FALSE
8167,ASV10588,TRUE,TRUE,FALSE
8168,ASV10589,TRUE,TRUE,FALSE
8169,ASV10593,TRUE,TRUE,FALSE
8170,ASV10594,TRUE,TRUE,FALSE
8171,ASV10595,TRUE,TRUE,FALSE
8172,ASV10596,TRUE,TRUE,FALSE
8173,ASV10597,TRUE,TRUE,FALSE
8174,ASV10598,TRUE,FALSE,TRUE
8175,ASV10602,TRUE,FALSE,TRUE
8176,ASV10603,TRUE,FALSE,TRUE
8177,ASV10604,TRUE,FALSE,TRUE
8178,ASV10607,TRUE,FALSE,TRUE
8179,ASV10608,TRUE,FALSE,FALSE
8180,ASV10610,TRUE,FALSE,TRUE
8181,ASV10611,TRUE,FALSE,TRUE
8182,ASV10612,TRUE,FALSE,TRUE
8183,ASV10613,TRUE,FALSE,TRUE
8184,ASV10615,TRUE,FALSE,TRUE
8185,ASV10616,TRUE,FALSE,TRUE
8186,ASV10617,TRUE,FALSE,TRUE
8187,ASV10618,TRUE,FALSE,TRUE
8188,ASV10619,TRUE,FALSE,TRUE
8189,ASV10620,TRUE,FALSE,TRUE
8190,ASV10621,TRUE,FALSE,TRUE
8191,ASV10623,TRUE,FALSE,TRUE
8192,ASV10625,TRUE,FALSE,TRUE
8193,ASV10626,TRUE,FALSE,TRUE
8194,ASV10627,TRUE,FALSE,TRUE
8195,ASV10628,TRUE,FALSE,TRUE
8196,ASV10629,TRUE,FALSE,TRUE
8197,ASV10630,TRUE,FALSE,TRUE
8198,ASV10632,TRUE,FALSE,TRUE
8199,ASV10633,TRUE,FALSE,TRUE
8200,ASV10634,TRUE,FALSE,TRUE
8201,ASV10638,TRUE,FALSE,TRUE
8202,ASV10639,TRUE,FALSE,TRUE
8203,ASV10641,TRUE,FALSE,TRUE
8204,ASV10643,TRUE,FALSE,TRUE
8205,ASV10644,TRUE,FALSE,TRUE
8206,ASV10646,TRUE,TRUE,FALSE
8207,ASV10647,TRUE,TRUE,FALSE
8208,ASV10648,TRUE,TRUE,FALSE
8209,ASV10649,TRUE,TRUE,FALSE
8210,ASV10650,TRUE,TRUE,FALSE
8211,ASV10651,TRUE,FALSE,TRUE
8212,ASV10652,TRUE,FALSE,TRUE
8213,ASV10653,TRUE,FALSE,TRUE
8214,ASV10654,TRUE,TRUE,FALSE
8215,ASV10656,TRUE,FALSE,TRUE
8216,ASV10657,TRUE,FALSE,TRUE
8217,ASV10658,TRUE,FALSE,TRUE
8218,ASV10661,TRUE,FALSE,TRUE
8219,ASV10662,TRUE,FALSE,TRUE
8220,ASV10663,TRUE,FALSE,TRUE
8221,ASV10664,TRUE,FALSE,TRUE
8222,ASV10665,TRUE,FALSE,TRUE
8223,ASV10666,FALSE,TRUE,TRUE
8224,ASV10667,FALSE,TRUE,TRUE
8225,ASV10675,TRUE,TRUE,FALSE
8226,ASV10678,TRUE,TRUE,FALSE
8227,ASV10679,TRUE,TRUE,FALSE
8228,ASV10681,TRUE,TRUE,FALSE
8229,ASV10682,TRUE,TRUE,FALSE
8230,ASV10683,TRUE,TRUE,FALSE
8231,ASV10684,TRUE,TRUE,FALSE
8232,ASV10685,TRUE,TRUE,FALSE
8233,ASV10686,TRUE,TRUE,FALSE
8234,ASV10687,TRUE,TRUE,FALSE
8235,ASV10688,TRUE,TRUE,FALSE
8236,ASV10689,TRUE,TRUE,FALSE
8237,ASV10690,TRUE,TRUE,FALSE
8238,ASV10693,TRUE,TRUE,FALSE
8239,ASV10695,TRUE,TRUE,FALSE
8240,ASV10696,TRUE,FALSE,FALSE
8241,ASV10697,FALSE,TRUE,TRUE
8242,ASV10698,FALSE,TRUE,TRUE
8243,ASV10699,FALSE,TRUE,TRUE
8244,ASV10700,FALSE,TRUE,TRUE
8245,ASV10701,FALSE,TRUE,TRUE
8246,ASV10702,FALSE,TRUE,FALSE
8247,ASV10703,FALSE,TRUE,TRUE
8248,ASV10704,FALSE,TRUE,TRUE
8249,ASV10705,FALSE,TRUE,FALSE
8250,ASV10706,FALSE,TRUE,TRUE
8251,ASV10707,FALSE,TRUE,TRUE
8252,ASV10708,TRUE,FALSE,TRUE
8253,ASV10709,TRUE,FALSE,TRUE
8254,ASV10710,TRUE,FALSE,TRUE
8255,ASV10711,TRUE,FALSE,TRUE
8256,ASV10712,TRUE,FALSE,TRUE
8257,ASV10713,TRUE,FALSE,TRUE
8258,ASV10715,TRUE,FALSE,FALSE
8259,ASV10716,TRUE,FALSE,TRUE
8260,ASV10717,TRUE,FALSE,TRUE
8261,ASV10718,TRUE,FALSE,TRUE
8262,ASV10719,TRUE,FALSE,TRUE
8263,ASV10720,TRUE,FALSE,TRUE
8264,ASV10721,TRUE,FALSE,TRUE
8265,ASV10723,TRUE,FALSE,TRUE
8266,ASV10724,TRUE,FALSE,TRUE
8267,ASV10725,TRUE,FALSE,TRUE
8268,ASV10727,TRUE,FALSE,TRUE
8269,ASV10729,TRUE,FALSE,TRUE
8270,ASV10730,TRUE,FALSE,TRUE
8271,ASV10731,TRUE,FALSE,TRUE
8272,ASV10733,TRUE,FALSE,FALSE
8273,ASV10735,TRUE,FALSE,TRUE
8274,ASV10737,TRUE,FALSE,TRUE
8275,ASV10738,TRUE,TRUE,FALSE
8276,ASV10739,TRUE,TRUE,FALSE
8277,ASV10740,TRUE,TRUE,FALSE
8278,ASV10741,TRUE,TRUE,FALSE
8279,ASV10742,TRUE,TRUE,FALSE
8280,ASV10743,TRUE,TRUE,FALSE
8281,ASV10745,TRUE,TRUE,FALSE
8282,ASV10746,TRUE,TRUE,FALSE
8283,ASV10747,TRUE,TRUE,FALSE
8284,ASV10748,TRUE,TRUE,FALSE
8285,ASV10749,TRUE,TRUE,FALSE
8286,ASV10750,TRUE,TRUE,FALSE
8287,ASV10751,TRUE,TRUE,FALSE
8288,ASV10753,TRUE,FALSE,FALSE
8289,ASV10754,TRUE,TRUE,FALSE
8290,ASV10756,TRUE,TRUE,FALSE
8291,ASV10758,TRUE,TRUE,FALSE
8292,ASV10760,TRUE,TRUE,FALSE
8293,ASV10761,TRUE,FALSE,TRUE
8294,ASV10762,TRUE,FALSE,TRUE
8295,ASV10763,TRUE,FALSE,TRUE
8296,ASV10766,TRUE,FALSE,TRUE
8297,ASV10767,TRUE,FALSE,TRUE
8298,ASV10768,TRUE,FALSE,TRUE
8299,ASV10769,TRUE,FALSE,TRUE
8300,ASV10770,TRUE,FALSE,FALSE
8301,ASV10771,TRUE,FALSE,FALSE
8302,ASV10773,TRUE,FALSE,TRUE
8303,ASV10774,TRUE,FALSE,TRUE
8304,ASV10775,TRUE,FALSE,TRUE
8305,ASV10777,TRUE,FALSE,TRUE
8306,ASV10779,TRUE,FALSE,TRUE
8307,ASV10781,TRUE,FALSE,TRUE
8308,ASV10782,TRUE,FALSE,TRUE
8309,ASV10783,TRUE,FALSE,TRUE
8310,ASV10784,TRUE,FALSE,TRUE
8311,ASV10785,TRUE,FALSE,TRUE
8312,ASV10786,FALSE,FALSE,TRUE
8313,ASV10788,FALSE,FALSE,TRUE
8314,ASV10790,TRUE,FALSE,FALSE
8315,ASV10792,TRUE,FALSE,TRUE
8316,ASV10794,TRUE,FALSE,TRUE
8317,ASV10795,TRUE,FALSE,TRUE
8318,ASV10796,TRUE,FALSE,TRUE
8319,ASV10797,TRUE,FALSE,TRUE
8320,ASV10798,TRUE,FALSE,TRUE
8321,ASV10799,TRUE,FALSE,TRUE
8322,ASV10800,TRUE,FALSE,TRUE
8323,ASV10801,TRUE,FALSE,TRUE
8324,ASV10802,TRUE,FALSE,TRUE
8325,ASV10803,TRUE,FALSE,TRUE
8326,ASV10804,TRUE,FALSE,TRUE
8327,ASV10805,TRUE,FALSE,TRUE
8328,ASV10806,TRUE,FALSE,TRUE
8329,ASV10808,TRUE,FALSE,TRUE
8330,ASV10809,TRUE,FALSE,TRUE
8331,ASV10810,TRUE,FALSE,TRUE
8332,ASV10811,TRUE,FALSE,TRUE
8333,ASV10812,TRUE,FALSE,TRUE
8334,ASV10813,TRUE,FALSE,TRUE
8335,ASV10814,TRUE,FALSE,TRUE
8336,ASV10815,TRUE,TRUE,FALSE
8337,ASV10816,TRUE,TRUE,FALSE
8338,ASV10817,TRUE,TRUE,FALSE
8339,ASV10819,TRUE,FALSE,TRUE
8340,ASV10820,TRUE,FALSE,TRUE
8341,ASV10822,TRUE,FALSE,TRUE
8342,ASV10823,TRUE,TRUE,FALSE
8343,ASV10824,TRUE,FALSE,TRUE
8344,ASV10825,TRUE,FALSE,TRUE
8345,ASV10826,TRUE,FALSE,TRUE
8346,ASV10827,TRUE,FALSE,TRUE
8347,ASV10828,TRUE,FALSE,TRUE
8348,ASV10829,FALSE,TRUE,TRUE
8349,ASV10830,FALSE,TRUE,TRUE
8350,ASV10831,FALSE,TRUE,TRUE
8351,ASV10833,FALSE,TRUE,TRUE
8352,ASV10846,TRUE,TRUE,FALSE
8353,ASV10848,TRUE,TRUE,FALSE
8354,ASV10849,TRUE,TRUE,FALSE
8355,ASV10850,TRUE,TRUE,FALSE
8356,ASV10851,FALSE,TRUE,FALSE
8357,ASV10852,TRUE,TRUE,FALSE
8358,ASV10859,TRUE,TRUE,FALSE
8359,ASV10861,TRUE,FALSE,FALSE
8360,ASV10862,TRUE,TRUE,FALSE
8361,ASV10863,TRUE,TRUE,FALSE
8362,ASV10864,TRUE,TRUE,FALSE
8363,ASV10867,TRUE,TRUE,FALSE
8364,ASV10868,TRUE,TRUE,FALSE
8365,ASV10869,TRUE,TRUE,FALSE
8366,ASV10871,FALSE,TRUE,FALSE
8367,ASV10872,TRUE,TRUE,FALSE
8368,ASV10873,FALSE,TRUE,FALSE
8369,ASV10874,FALSE,FALSE,TRUE
8370,ASV10876,FALSE,TRUE,TRUE
8371,ASV10877,FALSE,TRUE,TRUE
8372,ASV10878,FALSE,FALSE,FALSE
8373,ASV10879,FALSE,TRUE,TRUE
8374,ASV10880,FALSE,TRUE,FALSE
8375,ASV10882,TRUE,FALSE,TRUE
8376,ASV10885,TRUE,FALSE,TRUE
8377,ASV10886,TRUE,FALSE,TRUE
8378,ASV10887,TRUE,FALSE,TRUE
8379,ASV10888,TRUE,FALSE,TRUE
8380,ASV10890,TRUE,FALSE,TRUE
8381,ASV10891,TRUE,FALSE,TRUE
8382,ASV10892,TRUE,FALSE,TRUE
8383,ASV10895,TRUE,FALSE,TRUE
8384,ASV10896,TRUE,FALSE,TRUE
8385,ASV10897,TRUE,FALSE,TRUE
8386,ASV10898,TRUE,FALSE,TRUE
8387,ASV10900,TRUE,FALSE,TRUE
8388,ASV10902,TRUE,FALSE,TRUE
8389,ASV10903,TRUE,FALSE,TRUE
8390,ASV10904,TRUE,FALSE,TRUE
8391,ASV10905,TRUE,FALSE,TRUE
8392,ASV10906,TRUE,FALSE,TRUE
8393,ASV10907,TRUE,FALSE,TRUE
8394,ASV10909,TRUE,FALSE,TRUE
8395,ASV10910,TRUE,FALSE,TRUE
8396,ASV10911,TRUE,FALSE,TRUE
8397,ASV10913,TRUE,FALSE,TRUE
8398,ASV10915,TRUE,FALSE,TRUE
8399,ASV10917,TRUE,FALSE,TRUE
8400,ASV10918,TRUE,FALSE,TRUE
8401,ASV10919,TRUE,FALSE,TRUE
8402,ASV10922,TRUE,FALSE,TRUE
8403,ASV10923,TRUE,FALSE,TRUE
8404,ASV10924,TRUE,TRUE,FALSE
8405,ASV10926,TRUE,TRUE,FALSE
8406,ASV10927,TRUE,TRUE,FALSE
8407,ASV10928,TRUE,TRUE,FALSE
8408,ASV10930,TRUE,TRUE,FALSE
8409,ASV10933,TRUE,TRUE,FALSE
8410,ASV10936,TRUE,TRUE,FALSE
8411,ASV10937,TRUE,TRUE,FALSE
8412,ASV10941,TRUE,TRUE,FALSE
8413,ASV10942,TRUE,FALSE,FALSE
8414,ASV10943,TRUE,TRUE,FALSE
8415,ASV10944,TRUE,TRUE,FALSE
8416,ASV10945,TRUE,TRUE,FALSE
8417,ASV10946,TRUE,FALSE,TRUE
8418,ASV10948,TRUE,FALSE,TRUE
8419,ASV10950,TRUE,FALSE,TRUE
8420,ASV10951,TRUE,FALSE,TRUE
8421,ASV10953,TRUE,FALSE,TRUE
8422,ASV10955,TRUE,FALSE,TRUE
8423,ASV10956,TRUE,FALSE,TRUE
8424,ASV10958,TRUE,FALSE,TRUE
8425,ASV10959,TRUE,FALSE,TRUE
8426,ASV10960,TRUE,FALSE,TRUE
8427,ASV10962,TRUE,FALSE,TRUE
8428,ASV10963,TRUE,FALSE,TRUE
8429,ASV10964,TRUE,FALSE,TRUE
8430,ASV10965,TRUE,FALSE,TRUE
8431,ASV10968,TRUE,FALSE,TRUE
8432,ASV10970,TRUE,FALSE,TRUE
8433,ASV10971,TRUE,FALSE,TRUE
8434,ASV10972,TRUE,FALSE,TRUE
8435,ASV10977,TRUE,FALSE,TRUE
8436,ASV10978,TRUE,FALSE,TRUE
8437,ASV10979,TRUE,FALSE,TRUE
8438,ASV10982,TRUE,FALSE,TRUE
8439,ASV10983,TRUE,FALSE,TRUE
8440,ASV10984,TRUE,FALSE,TRUE
8441,ASV10985,TRUE,FALSE,FALSE
8442,ASV10986,TRUE,FALSE,TRUE
8443,ASV10987,TRUE,FALSE,TRUE
8444,ASV10988,TRUE,FALSE,TRUE
8445,ASV10989,TRUE,FALSE,TRUE
8446,ASV10990,TRUE,FALSE,TRUE
8447,ASV10992,TRUE,FALSE,TRUE
8448,ASV10993,TRUE,FALSE,TRUE
8449,ASV10994,TRUE,FALSE,TRUE
8450,ASV10998,TRUE,FALSE,FALSE
8451,ASV10999,TRUE,FALSE,FALSE
8452,ASV11000,TRUE,FALSE,FALSE
8453,ASV11001,TRUE,FALSE,TRUE
8454,ASV11004,TRUE,TRUE,FALSE
8455,ASV11005,TRUE,TRUE,FALSE
8456,ASV11006,TRUE,TRUE,FALSE
8457,ASV11009,TRUE,FALSE,TRUE
8458,ASV11010,TRUE,FALSE,TRUE
8459,ASV11011,TRUE,FALSE,TRUE
8460,ASV11012,TRUE,FALSE,TRUE
8461,ASV11014,TRUE,FALSE,TRUE
8462,ASV11016,TRUE,TRUE,FALSE
8463,ASV11017,TRUE,TRUE,FALSE
8464,ASV11018,TRUE,TRUE,FALSE
8465,ASV11019,TRUE,FALSE,TRUE
8466,ASV11020,TRUE,FALSE,TRUE
8467,ASV11021,TRUE,FALSE,TRUE
8468,ASV11022,TRUE,FALSE,TRUE
8469,ASV11024,FALSE,TRUE,TRUE
8470,ASV11025,FALSE,TRUE,TRUE
8471,ASV11026,FALSE,TRUE,TRUE
8472,ASV11027,FALSE,TRUE,TRUE
8473,ASV11036,TRUE,TRUE,FALSE
8474,ASV11037,TRUE,TRUE,FALSE
8475,ASV11038,TRUE,TRUE,FALSE
8476,ASV11039,TRUE,TRUE,FALSE
8477,ASV11041,TRUE,TRUE,FALSE
8478,ASV11042,TRUE,TRUE,FALSE
8479,ASV11043,TRUE,TRUE,FALSE
8480,ASV11044,TRUE,TRUE,FALSE
8481,ASV11046,TRUE,TRUE,FALSE
8482,ASV11049,TRUE,TRUE,FALSE
8483,ASV11051,TRUE,TRUE,FALSE
8484,ASV11052,TRUE,TRUE,FALSE
8485,ASV11053,TRUE,TRUE,FALSE
8486,ASV11055,TRUE,TRUE,FALSE
8487,ASV11058,TRUE,TRUE,FALSE
8488,ASV11059,TRUE,TRUE,FALSE
8489,ASV11060,TRUE,TRUE,FALSE
8490,ASV11061,TRUE,TRUE,FALSE
8491,ASV11063,TRUE,TRUE,FALSE
8492,ASV11064,TRUE,TRUE,FALSE
8493,ASV11065,TRUE,TRUE,FALSE
8494,ASV11066,TRUE,TRUE,FALSE
8495,ASV11067,TRUE,FALSE,FALSE
8496,ASV11068,TRUE,TRUE,FALSE
8497,ASV11070,FALSE,TRUE,TRUE
8498,ASV11072,FALSE,TRUE,TRUE
8499,ASV11073,FALSE,TRUE,TRUE
8500,ASV11074,FALSE,TRUE,TRUE
8501,ASV11075,FALSE,TRUE,TRUE
8502,ASV11076,FALSE,FALSE,FALSE
8503,ASV11077,TRUE,FALSE,TRUE
8504,ASV11078,TRUE,FALSE,TRUE
8505,ASV11079,TRUE,FALSE,TRUE
8506,ASV11080,TRUE,FALSE,TRUE
8507,ASV11083,TRUE,FALSE,TRUE
8508,ASV11084,TRUE,FALSE,TRUE
8509,ASV11085,TRUE,FALSE,TRUE
8510,ASV11086,TRUE,FALSE,TRUE
8511,ASV11087,TRUE,FALSE,TRUE
8512,ASV11088,TRUE,FALSE,TRUE
8513,ASV11089,TRUE,FALSE,TRUE
8514,ASV11090,TRUE,FALSE,TRUE
8515,ASV11094,TRUE,FALSE,TRUE
8516,ASV11095,TRUE,FALSE,TRUE
8517,ASV11096,TRUE,FALSE,TRUE
8518,ASV11097,TRUE,FALSE,TRUE
8519,ASV11098,TRUE,FALSE,TRUE
8520,ASV11099,TRUE,FALSE,TRUE
8521,ASV11100,TRUE,FALSE,TRUE
8522,ASV11101,TRUE,FALSE,TRUE
8523,ASV11103,TRUE,FALSE,TRUE
8524,ASV11104,TRUE,FALSE,TRUE
8525,ASV11105,TRUE,FALSE,TRUE
8526,ASV11108,TRUE,FALSE,TRUE
8527,ASV11109,TRUE,FALSE,TRUE
8528,ASV11110,TRUE,FALSE,FALSE
8529,ASV11113,TRUE,TRUE,FALSE
8530,ASV11114,TRUE,TRUE,FALSE
8531,ASV11115,TRUE,TRUE,FALSE
8532,ASV11116,TRUE,TRUE,FALSE
8533,ASV11117,TRUE,TRUE,FALSE
8534,ASV11119,TRUE,TRUE,FALSE
8535,ASV11122,TRUE,TRUE,FALSE
8536,ASV11124,TRUE,TRUE,FALSE
8537,ASV11125,TRUE,TRUE,FALSE
8538,ASV11126,TRUE,TRUE,FALSE
8539,ASV11127,TRUE,TRUE,FALSE
8540,ASV11129,TRUE,TRUE,FALSE
8541,ASV11131,TRUE,TRUE,FALSE
8542,ASV11132,TRUE,TRUE,FALSE
8543,ASV11133,TRUE,TRUE,FALSE
8544,ASV11138,TRUE,FALSE,FALSE
8545,ASV11139,TRUE,FALSE,TRUE
8546,ASV11140,TRUE,FALSE,TRUE
8547,ASV11141,TRUE,FALSE,TRUE
8548,ASV11142,TRUE,FALSE,TRUE
8549,ASV11143,TRUE,FALSE,TRUE
8550,ASV11144,TRUE,FALSE,TRUE
8551,ASV11145,FALSE,FALSE,TRUE
8552,ASV11146,TRUE,FALSE,TRUE
8553,ASV11147,TRUE,FALSE,TRUE
8554,ASV11148,TRUE,FALSE,TRUE
8555,ASV11149,TRUE,FALSE,TRUE
8556,ASV11152,TRUE,FALSE,TRUE
8557,ASV11153,TRUE,FALSE,TRUE
8558,ASV11154,TRUE,FALSE,TRUE
8559,ASV11155,TRUE,FALSE,TRUE
8560,ASV11156,TRUE,FALSE,TRUE
8561,ASV11157,TRUE,FALSE,TRUE
8562,ASV11158,TRUE,FALSE,TRUE
8563,ASV11159,TRUE,FALSE,TRUE
8564,ASV11160,TRUE,FALSE,TRUE
8565,ASV11162,TRUE,FALSE,TRUE
8566,ASV11163,TRUE,FALSE,TRUE
8567,ASV11165,TRUE,FALSE,TRUE
8568,ASV11166,TRUE,FALSE,TRUE
8569,ASV11167,TRUE,FALSE,TRUE
8570,ASV11168,TRUE,FALSE,TRUE
8571,ASV11170,TRUE,FALSE,TRUE
8572,ASV11171,TRUE,FALSE,TRUE
8573,ASV11172,TRUE,FALSE,TRUE
8574,ASV11175,TRUE,FALSE,TRUE
8575,ASV11177,TRUE,FALSE,TRUE
8576,ASV11178,TRUE,FALSE,TRUE
8577,ASV11179,TRUE,FALSE,TRUE
8578,ASV11182,TRUE,TRUE,FALSE
8579,ASV11183,TRUE,TRUE,FALSE
8580,ASV11184,TRUE,TRUE,FALSE
8581,ASV11185,TRUE,TRUE,FALSE
8582,ASV11187,TRUE,TRUE,FALSE
8583,ASV11188,TRUE,TRUE,FALSE
8584,ASV11189,TRUE,TRUE,FALSE
8585,ASV11191,TRUE,FALSE,TRUE
8586,ASV11192,TRUE,FALSE,TRUE
8587,ASV11193,TRUE,FALSE,TRUE
8588,ASV11194,TRUE,FALSE,TRUE
8589,ASV11195,TRUE,TRUE,FALSE
8590,ASV11196,TRUE,FALSE,TRUE
8591,ASV11197,TRUE,FALSE,TRUE
8592,ASV11199,FALSE,FALSE,TRUE
8593,ASV11201,FALSE,TRUE,TRUE
8594,ASV11202,FALSE,TRUE,TRUE
8595,ASV11203,FALSE,TRUE,TRUE
8596,ASV11204,FALSE,TRUE,TRUE
8597,ASV11205,FALSE,TRUE,TRUE
8598,ASV11206,FALSE,TRUE,TRUE
8599,ASV11215,TRUE,FALSE,FALSE
8600,ASV11216,TRUE,TRUE,FALSE
8601,ASV11217,TRUE,TRUE,FALSE
8602,ASV11218,TRUE,TRUE,FALSE
8603,ASV11219,TRUE,TRUE,FALSE
8604,ASV11220,TRUE,TRUE,FALSE
8605,ASV11222,TRUE,TRUE,FALSE
8606,ASV11224,TRUE,TRUE,FALSE
8607,ASV11225,TRUE,TRUE,FALSE
8608,ASV11226,TRUE,TRUE,FALSE
8609,ASV11228,TRUE,TRUE,FALSE
8610,ASV11230,TRUE,TRUE,FALSE
8611,ASV11231,TRUE,TRUE,FALSE
8612,ASV11232,TRUE,TRUE,FALSE
8613,ASV11233,TRUE,TRUE,FALSE
8614,ASV11235,TRUE,TRUE,FALSE
8615,ASV11236,TRUE,TRUE,FALSE
8616,ASV11237,TRUE,TRUE,FALSE
8617,ASV11239,TRUE,TRUE,FALSE
8618,ASV11240,TRUE,TRUE,FALSE
8619,ASV11241,FALSE,TRUE,TRUE
8620,ASV11242,FALSE,FALSE,TRUE
8621,ASV11243,FALSE,TRUE,TRUE
8622,ASV11244,FALSE,TRUE,TRUE
8623,ASV11245,FALSE,TRUE,TRUE
8624,ASV11246,FALSE,TRUE,TRUE
8625,ASV11248,FALSE,TRUE,TRUE
8626,ASV11249,FALSE,TRUE,TRUE
8627,ASV11250,TRUE,FALSE,TRUE
8628,ASV11251,TRUE,FALSE,TRUE
8629,ASV11254,TRUE,FALSE,TRUE
8630,ASV11255,TRUE,FALSE,TRUE
8631,ASV11256,TRUE,FALSE,TRUE
8632,ASV11257,TRUE,FALSE,TRUE
8633,ASV11258,TRUE,FALSE,FALSE
8634,ASV11259,TRUE,FALSE,TRUE
8635,ASV11260,TRUE,FALSE,TRUE
8636,ASV11261,TRUE,FALSE,TRUE
8637,ASV11262,TRUE,FALSE,TRUE
8638,ASV11264,TRUE,FALSE,TRUE
8639,ASV11265,TRUE,FALSE,TRUE
8640,ASV11269,TRUE,FALSE,TRUE
8641,ASV11270,TRUE,FALSE,TRUE
8642,ASV11271,TRUE,FALSE,TRUE
8643,ASV11274,TRUE,FALSE,TRUE
8644,ASV11276,TRUE,FALSE,TRUE
8645,ASV11278,TRUE,FALSE,TRUE
8646,ASV11279,TRUE,FALSE,TRUE
8647,ASV11285,TRUE,FALSE,TRUE
8648,ASV11289,TRUE,TRUE,FALSE
8649,ASV11290,TRUE,TRUE,FALSE
8650,ASV11291,TRUE,TRUE,FALSE
8651,ASV11292,TRUE,TRUE,FALSE
8652,ASV11293,TRUE,TRUE,FALSE
8653,ASV11294,TRUE,TRUE,FALSE
8654,ASV11295,TRUE,FALSE,FALSE
8655,ASV11296,TRUE,FALSE,FALSE
8656,ASV11298,TRUE,TRUE,FALSE
8657,ASV11299,TRUE,TRUE,FALSE
8658,ASV11300,TRUE,TRUE,FALSE
8659,ASV11302,TRUE,TRUE,FALSE
8660,ASV11303,TRUE,TRUE,FALSE
8661,ASV11304,TRUE,TRUE,FALSE
8662,ASV11306,TRUE,TRUE,FALSE
8663,ASV11307,TRUE,TRUE,FALSE
8664,ASV11310,TRUE,TRUE,FALSE
8665,ASV11311,TRUE,FALSE,FALSE
8666,ASV11313,TRUE,TRUE,FALSE
8667,ASV11314,TRUE,FALSE,TRUE
8668,ASV11315,TRUE,FALSE,TRUE
8669,ASV11316,TRUE,FALSE,TRUE
8670,ASV11318,TRUE,FALSE,TRUE
8671,ASV11320,TRUE,FALSE,TRUE
8672,ASV11322,TRUE,FALSE,TRUE
8673,ASV11323,TRUE,FALSE,TRUE
8674,ASV11324,TRUE,FALSE,TRUE
8675,ASV11326,TRUE,FALSE,TRUE
8676,ASV11327,TRUE,FALSE,TRUE
8677,ASV11328,TRUE,FALSE,TRUE
8678,ASV11329,TRUE,FALSE,TRUE
8679,ASV11330,TRUE,FALSE,TRUE
8680,ASV11332,TRUE,FALSE,TRUE
8681,ASV11333,TRUE,FALSE,TRUE
8682,ASV11335,TRUE,FALSE,TRUE
8683,ASV11336,TRUE,FALSE,TRUE
8684,ASV11337,TRUE,FALSE,TRUE
8685,ASV11338,TRUE,FALSE,TRUE
8686,ASV11339,TRUE,FALSE,TRUE
8687,ASV11341,TRUE,FALSE,TRUE
8688,ASV11344,TRUE,FALSE,TRUE
8689,ASV11346,TRUE,FALSE,TRUE
8690,ASV11347,TRUE,FALSE,TRUE
8691,ASV11348,TRUE,FALSE,TRUE
8692,ASV11349,TRUE,FALSE,TRUE
8693,ASV11350,TRUE,FALSE,TRUE
8694,ASV11351,TRUE,FALSE,TRUE
8695,ASV11355,TRUE,FALSE,TRUE
8696,ASV11356,TRUE,FALSE,TRUE
8697,ASV11358,TRUE,FALSE,TRUE
8698,ASV11359,TRUE,FALSE,TRUE
8699,ASV11360,TRUE,FALSE,TRUE
8700,ASV11364,TRUE,FALSE,TRUE
8701,ASV11366,TRUE,FALSE,TRUE
8702,ASV11367,TRUE,FALSE,TRUE
8703,ASV11368,TRUE,FALSE,TRUE
8704,ASV11370,TRUE,FALSE,TRUE
8705,ASV11371,TRUE,FALSE,TRUE
8706,ASV11372,TRUE,FALSE,TRUE
8707,ASV11375,TRUE,FALSE,TRUE
8708,ASV11377,TRUE,FALSE,TRUE
8709,ASV11378,TRUE,FALSE,FALSE
8710,ASV11380,TRUE,TRUE,FALSE
8711,ASV11381,TRUE,TRUE,FALSE
8712,ASV11382,TRUE,TRUE,FALSE
8713,ASV11383,TRUE,TRUE,FALSE
8714,ASV11384,TRUE,TRUE,FALSE
8715,ASV11386,TRUE,TRUE,FALSE
8716,ASV11387,TRUE,FALSE,TRUE
8717,ASV11389,TRUE,FALSE,TRUE
8718,ASV11390,TRUE,FALSE,TRUE
8719,ASV11391,TRUE,TRUE,FALSE
8720,ASV11395,TRUE,FALSE,TRUE
8721,ASV11396,TRUE,FALSE,TRUE
8722,ASV11397,TRUE,FALSE,TRUE
8723,ASV11398,TRUE,FALSE,TRUE
8724,ASV11400,TRUE,FALSE,TRUE
8725,ASV11401,TRUE,FALSE,TRUE
8726,ASV11402,TRUE,FALSE,TRUE
8727,ASV11403,TRUE,FALSE,TRUE
8728,ASV11404,FALSE,TRUE,TRUE
8729,ASV11405,FALSE,TRUE,TRUE
8730,ASV11406,FALSE,TRUE,TRUE
8731,ASV11408,FALSE,TRUE,TRUE
8732,ASV11409,FALSE,TRUE,TRUE
8733,ASV11426,TRUE,TRUE,FALSE
8734,ASV11428,TRUE,TRUE,FALSE
8735,ASV11430,TRUE,TRUE,FALSE
8736,ASV11432,TRUE,TRUE,FALSE
8737,ASV11434,TRUE,TRUE,FALSE
8738,ASV11435,TRUE,TRUE,FALSE
8739,ASV11436,TRUE,TRUE,FALSE
8740,ASV11437,TRUE,TRUE,FALSE
8741,ASV11438,TRUE,TRUE,FALSE
8742,ASV11441,TRUE,TRUE,FALSE
8743,ASV11443,TRUE,TRUE,FALSE
8744,ASV11445,TRUE,TRUE,FALSE
8745,ASV11447,TRUE,TRUE,FALSE
8746,ASV11448,TRUE,TRUE,FALSE
8747,ASV11449,FALSE,FALSE,FALSE
8748,ASV11451,FALSE,TRUE,TRUE
8749,ASV11452,FALSE,TRUE,TRUE
8750,ASV11453,FALSE,TRUE,TRUE
8751,ASV11454,FALSE,TRUE,TRUE
8752,ASV11455,FALSE,TRUE,TRUE
8753,ASV11457,FALSE,TRUE,TRUE
8754,ASV11458,FALSE,TRUE,TRUE
8755,ASV11460,FALSE,TRUE,TRUE
8756,ASV11461,FALSE,TRUE,TRUE
8757,ASV11462,FALSE,TRUE,TRUE
8758,ASV11463,FALSE,TRUE,TRUE
8759,ASV11464,TRUE,FALSE,TRUE
8760,ASV11467,TRUE,FALSE,TRUE
8761,ASV11468,TRUE,FALSE,TRUE
8762,ASV11469,TRUE,FALSE,FALSE
8763,ASV11470,TRUE,FALSE,TRUE
8764,ASV11471,TRUE,FALSE,TRUE
8765,ASV11472,TRUE,FALSE,TRUE
8766,ASV11473,TRUE,FALSE,TRUE
8767,ASV11474,TRUE,FALSE,TRUE
8768,ASV11476,TRUE,FALSE,TRUE
8769,ASV11477,TRUE,FALSE,TRUE
8770,ASV11479,TRUE,FALSE,TRUE
8771,ASV11480,TRUE,FALSE,TRUE
8772,ASV11482,TRUE,FALSE,TRUE
8773,ASV11483,TRUE,FALSE,TRUE
8774,ASV11487,TRUE,FALSE,TRUE
8775,ASV11489,TRUE,FALSE,TRUE
8776,ASV11490,TRUE,FALSE,TRUE
8777,ASV11491,TRUE,FALSE,TRUE
8778,ASV11492,TRUE,FALSE,TRUE
8779,ASV11496,TRUE,FALSE,TRUE
8780,ASV11497,TRUE,FALSE,TRUE
8781,ASV11498,TRUE,FALSE,TRUE
8782,ASV11500,TRUE,FALSE,FALSE
8783,ASV11507,TRUE,TRUE,FALSE
8784,ASV11508,TRUE,TRUE,FALSE
8785,ASV11510,TRUE,TRUE,FALSE
8786,ASV11512,TRUE,TRUE,FALSE
8787,ASV11513,TRUE,TRUE,FALSE
8788,ASV11514,TRUE,TRUE,FALSE
8789,ASV11515,TRUE,TRUE,FALSE
8790,ASV11517,TRUE,TRUE,FALSE
8791,ASV11518,TRUE,TRUE,FALSE
8792,ASV11519,TRUE,TRUE,FALSE
8793,ASV11520,TRUE,TRUE,FALSE
8794,ASV11521,TRUE,TRUE,FALSE
8795,ASV11523,TRUE,TRUE,FALSE
8796,ASV11524,TRUE,TRUE,FALSE
8797,ASV11529,TRUE,TRUE,FALSE
8798,ASV11530,TRUE,TRUE,FALSE
8799,ASV11531,TRUE,TRUE,FALSE
8800,ASV11532,TRUE,TRUE,FALSE
8801,ASV11533,TRUE,TRUE,FALSE
8802,ASV11535,TRUE,TRUE,FALSE
8803,ASV11536,TRUE,TRUE,FALSE
8804,ASV11537,TRUE,TRUE,FALSE
8805,ASV11539,TRUE,TRUE,FALSE
8806,ASV11540,TRUE,FALSE,FALSE
8807,ASV11542,TRUE,FALSE,TRUE
8808,ASV11544,TRUE,FALSE,TRUE
8809,ASV11545,TRUE,FALSE,TRUE
8810,ASV11547,TRUE,FALSE,TRUE
8811,ASV11548,TRUE,FALSE,TRUE
8812,ASV11549,TRUE,FALSE,TRUE
8813,ASV11550,TRUE,FALSE,TRUE
8814,ASV11553,TRUE,FALSE,FALSE
8815,ASV11555,TRUE,FALSE,TRUE
8816,ASV11557,TRUE,FALSE,TRUE
8817,ASV11558,TRUE,FALSE,TRUE
8818,ASV11559,TRUE,FALSE,TRUE
8819,ASV11560,TRUE,FALSE,TRUE
8820,ASV11561,TRUE,FALSE,TRUE
8821,ASV11562,TRUE,FALSE,TRUE
8822,ASV11563,TRUE,FALSE,TRUE
8823,ASV11564,TRUE,FALSE,TRUE
8824,ASV11565,TRUE,FALSE,TRUE
8825,ASV11568,TRUE,FALSE,TRUE
8826,ASV11569,TRUE,FALSE,TRUE
8827,ASV11570,TRUE,FALSE,TRUE
8828,ASV11571,TRUE,FALSE,TRUE
8829,ASV11572,TRUE,FALSE,TRUE
8830,ASV11573,TRUE,FALSE,TRUE
8831,ASV11574,TRUE,FALSE,TRUE
8832,ASV11575,TRUE,FALSE,TRUE
8833,ASV11577,TRUE,FALSE,TRUE
8834,ASV11578,TRUE,FALSE,TRUE
8835,ASV11579,TRUE,FALSE,TRUE
8836,ASV11580,TRUE,FALSE,TRUE
8837,ASV11581,TRUE,FALSE,TRUE
8838,ASV11584,TRUE,FALSE,TRUE
8839,ASV11585,TRUE,FALSE,TRUE
8840,ASV11586,TRUE,FALSE,FALSE
8841,ASV11587,TRUE,FALSE,TRUE
8842,ASV11588,TRUE,FALSE,TRUE
8843,ASV11589,TRUE,FALSE,TRUE
8844,ASV11590,TRUE,FALSE,TRUE
8845,ASV11591,TRUE,FALSE,TRUE
8846,ASV11592,TRUE,FALSE,TRUE
8847,ASV11593,TRUE,FALSE,TRUE
8848,ASV11594,TRUE,FALSE,TRUE
8849,ASV11595,TRUE,FALSE,TRUE
8850,ASV11596,TRUE,TRUE,FALSE
8851,ASV11597,TRUE,TRUE,FALSE
8852,ASV11598,TRUE,TRUE,FALSE
8853,ASV11599,TRUE,FALSE,TRUE
8854,ASV11601,TRUE,TRUE,FALSE
8855,ASV11602,TRUE,FALSE,TRUE
8856,ASV11603,TRUE,FALSE,TRUE
8857,ASV11604,TRUE,FALSE,TRUE
8858,ASV11605,TRUE,FALSE,TRUE
8859,ASV11606,TRUE,FALSE,TRUE
8860,ASV11607,TRUE,FALSE,TRUE
8861,ASV11608,TRUE,FALSE,TRUE
8862,ASV11609,FALSE,TRUE,TRUE
8863,ASV11610,FALSE,TRUE,TRUE
8864,ASV11613,FALSE,TRUE,TRUE
8865,ASV11625,TRUE,FALSE,FALSE
8866,ASV11626,TRUE,TRUE,FALSE
8867,ASV11629,TRUE,TRUE,FALSE
8868,ASV11630,TRUE,TRUE,FALSE
8869,ASV11631,TRUE,TRUE,FALSE
8870,ASV11632,TRUE,TRUE,FALSE
8871,ASV11634,TRUE,TRUE,FALSE
8872,ASV11635,TRUE,TRUE,FALSE
8873,ASV11637,TRUE,TRUE,FALSE
8874,ASV11642,TRUE,TRUE,FALSE
8875,ASV11643,TRUE,TRUE,FALSE
8876,ASV11644,TRUE,TRUE,FALSE
8877,ASV11646,TRUE,TRUE,FALSE
8878,ASV11647,TRUE,TRUE,FALSE
8879,ASV11648,TRUE,TRUE,FALSE
8880,ASV11649,TRUE,TRUE,FALSE
8881,ASV11650,TRUE,TRUE,FALSE
8882,ASV11653,TRUE,TRUE,FALSE
8883,ASV11654,TRUE,TRUE,FALSE
8884,ASV11655,TRUE,TRUE,FALSE
8885,ASV11656,TRUE,TRUE,FALSE
8886,ASV11657,FALSE,TRUE,TRUE
8887,ASV11658,FALSE,TRUE,TRUE
8888,ASV11659,FALSE,TRUE,TRUE
8889,ASV11660,FALSE,TRUE,TRUE
8890,ASV11661,FALSE,FALSE,TRUE
8891,ASV11662,FALSE,TRUE,FALSE
8892,ASV11663,FALSE,TRUE,TRUE
8893,ASV11664,FALSE,TRUE,TRUE
8894,ASV11667,FALSE,TRUE,TRUE
8895,ASV11670,TRUE,FALSE,TRUE
8896,ASV11673,TRUE,FALSE,TRUE
8897,ASV11675,TRUE,FALSE,TRUE
8898,ASV11676,TRUE,FALSE,TRUE
8899,ASV11677,TRUE,FALSE,TRUE
8900,ASV11678,TRUE,FALSE,TRUE
8901,ASV11679,TRUE,FALSE,TRUE
8902,ASV11681,TRUE,FALSE,TRUE
8903,ASV11682,TRUE,FALSE,TRUE
8904,ASV11683,TRUE,FALSE,TRUE
8905,ASV11687,TRUE,FALSE,TRUE
8906,ASV11689,TRUE,FALSE,TRUE
8907,ASV11691,TRUE,FALSE,TRUE
8908,ASV11693,TRUE,FALSE,TRUE
8909,ASV11695,TRUE,FALSE,TRUE
8910,ASV11697,TRUE,FALSE,TRUE
8911,ASV11698,TRUE,FALSE,TRUE
8912,ASV11701,TRUE,FALSE,FALSE
8913,ASV11703,TRUE,FALSE,TRUE
8914,ASV11705,TRUE,TRUE,FALSE
8915,ASV11706,FALSE,TRUE,FALSE
8916,ASV11707,TRUE,TRUE,FALSE
8917,ASV11708,TRUE,TRUE,FALSE
8918,ASV11709,TRUE,TRUE,FALSE
8919,ASV11710,TRUE,TRUE,FALSE
8920,ASV11711,TRUE,TRUE,FALSE
8921,ASV11712,TRUE,TRUE,FALSE
8922,ASV11714,TRUE,TRUE,FALSE
8923,ASV11715,FALSE,TRUE,FALSE
8924,ASV11717,TRUE,TRUE,FALSE
8925,ASV11718,TRUE,TRUE,FALSE
8926,ASV11719,TRUE,TRUE,FALSE
8927,ASV11720,TRUE,TRUE,FALSE
8928,ASV11721,TRUE,TRUE,FALSE
8929,ASV11722,TRUE,TRUE,FALSE
8930,ASV11724,TRUE,TRUE,FALSE
8931,ASV11725,TRUE,TRUE,FALSE
8932,ASV11726,TRUE,TRUE,FALSE
8933,ASV11727,TRUE,TRUE,FALSE
8934,ASV11728,TRUE,TRUE,FALSE
8935,ASV11729,TRUE,FALSE,TRUE
8936,ASV11730,TRUE,FALSE,TRUE
8937,ASV11733,TRUE,FALSE,TRUE
8938,ASV11734,TRUE,FALSE,TRUE
8939,ASV11737,TRUE,FALSE,TRUE
8940,ASV11739,TRUE,FALSE,TRUE
8941,ASV11740,TRUE,FALSE,TRUE
8942,ASV11743,TRUE,FALSE,TRUE
8943,ASV11744,TRUE,FALSE,TRUE
8944,ASV11745,TRUE,FALSE,TRUE
8945,ASV11746,TRUE,FALSE,TRUE
8946,ASV11748,TRUE,FALSE,FALSE
8947,ASV11749,TRUE,FALSE,TRUE
8948,ASV11750,TRUE,FALSE,TRUE
8949,ASV11751,TRUE,FALSE,TRUE
8950,ASV11753,TRUE,FALSE,TRUE
8951,ASV11754,TRUE,FALSE,TRUE
8952,ASV11755,TRUE,FALSE,TRUE
8953,ASV11757,TRUE,FALSE,TRUE
8954,ASV11759,TRUE,FALSE,TRUE
8955,ASV11761,TRUE,FALSE,TRUE
8956,ASV11762,TRUE,FALSE,TRUE
8957,ASV11763,TRUE,FALSE,TRUE
8958,ASV11765,TRUE,FALSE,TRUE
8959,ASV11766,TRUE,FALSE,TRUE
8960,ASV11767,TRUE,FALSE,TRUE
8961,ASV11768,TRUE,FALSE,TRUE
8962,ASV11769,TRUE,FALSE,TRUE
8963,ASV11770,TRUE,FALSE,TRUE
8964,ASV11772,TRUE,TRUE,FALSE
8965,ASV11773,TRUE,FALSE,FALSE
8966,ASV11774,TRUE,TRUE,FALSE
8967,ASV11775,TRUE,TRUE,FALSE
8968,ASV11778,TRUE,FALSE,FALSE
8969,ASV11779,TRUE,FALSE,FALSE
8970,ASV11780,TRUE,FALSE,TRUE
8971,ASV11781,TRUE,FALSE,TRUE
8972,ASV11783,TRUE,FALSE,TRUE
8973,ASV11784,TRUE,FALSE,TRUE
8974,ASV11786,TRUE,TRUE,FALSE
8975,ASV11787,TRUE,TRUE,FALSE
8976,ASV11789,TRUE,FALSE,TRUE
8977,ASV11790,TRUE,FALSE,TRUE
8978,ASV11792,TRUE,FALSE,TRUE
8979,ASV11794,TRUE,FALSE,TRUE
8980,ASV11795,TRUE,FALSE,TRUE
8981,ASV11796,TRUE,FALSE,TRUE
8982,ASV11799,FALSE,TRUE,TRUE
8983,ASV11800,FALSE,TRUE,TRUE
8984,ASV11801,FALSE,TRUE,TRUE
8985,ASV11802,FALSE,TRUE,TRUE
8986,ASV11803,FALSE,TRUE,TRUE
8987,ASV11804,FALSE,TRUE,TRUE
8988,ASV11807,FALSE,TRUE,TRUE
8989,ASV11808,FALSE,TRUE,TRUE
8990,ASV11809,FALSE,TRUE,TRUE
8991,ASV11827,TRUE,TRUE,FALSE
8992,ASV11828,TRUE,TRUE,FALSE
8993,ASV11831,TRUE,TRUE,FALSE
8994,ASV11832,TRUE,TRUE,FALSE
8995,ASV11834,TRUE,TRUE,FALSE
8996,ASV11835,TRUE,TRUE,FALSE
8997,ASV11840,TRUE,TRUE,FALSE
8998,ASV11841,TRUE,TRUE,FALSE
8999,ASV11842,TRUE,TRUE,FALSE
9000,ASV11843,TRUE,TRUE,FALSE
9001,ASV11844,TRUE,TRUE,FALSE
9002,ASV11847,TRUE,TRUE,FALSE
9003,ASV11851,TRUE,TRUE,FALSE
9004,ASV11852,TRUE,TRUE,FALSE
9005,ASV11853,TRUE,TRUE,FALSE
9006,ASV11855,TRUE,TRUE,FALSE
9007,ASV11856,TRUE,TRUE,FALSE
9008,ASV11858,TRUE,TRUE,FALSE
9009,ASV11861,TRUE,TRUE,FALSE
9010,ASV11862,TRUE,TRUE,FALSE
9011,ASV11863,TRUE,TRUE,FALSE
9012,ASV11864,TRUE,TRUE,FALSE
9013,ASV11865,FALSE,TRUE,TRUE
9014,ASV11866,FALSE,TRUE,TRUE
9015,ASV11867,FALSE,TRUE,TRUE
9016,ASV11868,FALSE,TRUE,TRUE
9017,ASV11869,FALSE,TRUE,TRUE
9018,ASV11871,FALSE,TRUE,TRUE
9019,ASV11873,TRUE,FALSE,TRUE
9020,ASV11874,TRUE,FALSE,TRUE
9021,ASV11876,TRUE,FALSE,TRUE
9022,ASV11877,TRUE,FALSE,TRUE
9023,ASV11879,TRUE,FALSE,TRUE
9024,ASV11880,TRUE,FALSE,TRUE
9025,ASV11881,TRUE,FALSE,TRUE
9026,ASV11883,TRUE,FALSE,TRUE
9027,ASV11885,TRUE,FALSE,TRUE
9028,ASV11886,TRUE,FALSE,TRUE
9029,ASV11888,TRUE,FALSE,TRUE
9030,ASV11889,TRUE,FALSE,TRUE
9031,ASV11890,TRUE,FALSE,TRUE
9032,ASV11891,TRUE,FALSE,TRUE
9033,ASV11892,TRUE,FALSE,TRUE
9034,ASV11893,TRUE,FALSE,TRUE
9035,ASV11894,TRUE,FALSE,TRUE
9036,ASV11895,TRUE,FALSE,TRUE
9037,ASV11898,TRUE,FALSE,TRUE
9038,ASV11900,TRUE,FALSE,TRUE
9039,ASV11904,TRUE,FALSE,TRUE
9040,ASV11907,TRUE,FALSE,TRUE
9041,ASV11910,TRUE,FALSE,TRUE
9042,ASV11913,TRUE,FALSE,TRUE
9043,ASV11915,TRUE,TRUE,FALSE
9044,ASV11917,TRUE,TRUE,FALSE
9045,ASV11918,TRUE,TRUE,FALSE
9046,ASV11919,TRUE,TRUE,FALSE
9047,ASV11920,TRUE,TRUE,FALSE
9048,ASV11921,TRUE,TRUE,FALSE
9049,ASV11922,TRUE,TRUE,FALSE
9050,ASV11923,TRUE,FALSE,FALSE
9051,ASV11925,TRUE,TRUE,FALSE
9052,ASV11926,TRUE,TRUE,FALSE
9053,ASV11927,TRUE,TRUE,FALSE
9054,ASV11929,TRUE,TRUE,FALSE
9055,ASV11930,TRUE,TRUE,FALSE
9056,ASV11932,TRUE,TRUE,FALSE
9057,ASV11933,TRUE,TRUE,FALSE
9058,ASV11934,TRUE,TRUE,FALSE
9059,ASV11935,TRUE,FALSE,FALSE
9060,ASV11937,TRUE,TRUE,FALSE
9061,ASV11938,TRUE,TRUE,FALSE
9062,ASV11939,TRUE,TRUE,FALSE
9063,ASV11940,TRUE,TRUE,FALSE
9064,ASV11942,TRUE,FALSE,TRUE
9065,ASV11944,TRUE,FALSE,TRUE
9066,ASV11949,TRUE,FALSE,TRUE
9067,ASV11951,TRUE,FALSE,TRUE
9068,ASV11952,TRUE,FALSE,TRUE
9069,ASV11954,TRUE,FALSE,TRUE
9070,ASV11957,TRUE,FALSE,TRUE
9071,ASV11958,TRUE,FALSE,TRUE
9072,ASV11960,TRUE,FALSE,TRUE
9073,ASV11961,TRUE,FALSE,TRUE
9074,ASV11964,TRUE,FALSE,TRUE
9075,ASV11965,TRUE,FALSE,TRUE
9076,ASV11967,TRUE,FALSE,TRUE
9077,ASV11968,TRUE,FALSE,TRUE
9078,ASV11969,TRUE,FALSE,TRUE
9079,ASV11970,TRUE,FALSE,TRUE
9080,ASV11971,TRUE,FALSE,TRUE
9081,ASV11973,TRUE,FALSE,TRUE
9082,ASV11974,TRUE,FALSE,TRUE
9083,ASV11978,TRUE,FALSE,TRUE
9084,ASV11979,TRUE,FALSE,TRUE
9085,ASV11982,TRUE,FALSE,TRUE
9086,ASV11984,TRUE,FALSE,TRUE
9087,ASV11985,TRUE,FALSE,TRUE
9088,ASV11986,TRUE,FALSE,TRUE
9089,ASV11987,TRUE,FALSE,TRUE
9090,ASV11988,TRUE,FALSE,TRUE
9091,ASV11989,TRUE,FALSE,TRUE
9092,ASV11990,TRUE,FALSE,TRUE
9093,ASV11991,TRUE,FALSE,TRUE
9094,ASV11992,TRUE,FALSE,TRUE
9095,ASV11993,TRUE,FALSE,TRUE
9096,ASV11994,TRUE,FALSE,TRUE
9097,ASV11995,TRUE,FALSE,TRUE
9098,ASV11996,TRUE,FALSE,TRUE
9099,ASV11997,TRUE,FALSE,FALSE
9100,ASV11998,TRUE,TRUE,FALSE
9101,ASV11999,TRUE,TRUE,FALSE
9102,ASV12000,TRUE,TRUE,FALSE
9103,ASV12002,TRUE,TRUE,FALSE
9104,ASV12003,TRUE,TRUE,FALSE
9105,ASV12004,TRUE,FALSE,TRUE
9106,ASV12005,TRUE,FALSE,TRUE
9107,ASV12006,TRUE,FALSE,TRUE
9108,ASV12007,TRUE,TRUE,FALSE
9109,ASV12009,TRUE,TRUE,FALSE
9110,ASV12010,TRUE,FALSE,TRUE
9111,ASV12011,FALSE,TRUE,TRUE
9112,ASV12012,FALSE,TRUE,TRUE
9113,ASV12013,FALSE,TRUE,TRUE
9114,ASV12014,FALSE,TRUE,TRUE
9115,ASV12015,FALSE,TRUE,TRUE
9116,ASV12031,TRUE,TRUE,FALSE
9117,ASV12035,TRUE,TRUE,FALSE
9118,ASV12036,TRUE,TRUE,FALSE
9119,ASV12037,TRUE,TRUE,FALSE
9120,ASV12039,TRUE,TRUE,FALSE
9121,ASV12044,TRUE,TRUE,FALSE
9122,ASV12048,TRUE,TRUE,FALSE
9123,ASV12049,TRUE,TRUE,FALSE
9124,ASV12052,TRUE,TRUE,FALSE
9125,ASV12053,TRUE,TRUE,FALSE
9126,ASV12054,FALSE,TRUE,FALSE
9127,ASV12055,TRUE,TRUE,FALSE
9128,ASV12056,TRUE,TRUE,FALSE
9129,ASV12057,TRUE,TRUE,FALSE
9130,ASV12058,FALSE,TRUE,TRUE
9131,ASV12059,FALSE,TRUE,TRUE
9132,ASV12060,FALSE,TRUE,TRUE
9133,ASV12061,FALSE,TRUE,TRUE
9134,ASV12062,FALSE,TRUE,TRUE
9135,ASV12063,FALSE,TRUE,TRUE
9136,ASV12065,FALSE,TRUE,TRUE
9137,ASV12067,FALSE,TRUE,TRUE
9138,ASV12069,TRUE,FALSE,TRUE
9139,ASV12070,TRUE,FALSE,TRUE
9140,ASV12071,TRUE,FALSE,TRUE
9141,ASV12072,TRUE,FALSE,TRUE
9142,ASV12073,TRUE,FALSE,TRUE
9143,ASV12074,TRUE,FALSE,TRUE
9144,ASV12075,TRUE,FALSE,TRUE
9145,ASV12077,TRUE,FALSE,TRUE
9146,ASV12078,TRUE,FALSE,FALSE
9147,ASV12079,TRUE,FALSE,TRUE
9148,ASV12080,FALSE,FALSE,TRUE
9149,ASV12081,TRUE,FALSE,TRUE
9150,ASV12085,TRUE,FALSE,TRUE
9151,ASV12086,TRUE,FALSE,TRUE
9152,ASV12087,TRUE,FALSE,TRUE
9153,ASV12088,TRUE,FALSE,TRUE
9154,ASV12091,TRUE,FALSE,TRUE
9155,ASV12092,TRUE,FALSE,TRUE
9156,ASV12093,TRUE,FALSE,TRUE
9157,ASV12095,TRUE,FALSE,TRUE
9158,ASV12096,TRUE,FALSE,TRUE
9159,ASV12099,TRUE,FALSE,TRUE
9160,ASV12100,TRUE,FALSE,TRUE
9161,ASV12101,TRUE,FALSE,TRUE
9162,ASV12102,TRUE,FALSE,TRUE
9163,ASV12103,TRUE,FALSE,TRUE
9164,ASV12105,TRUE,FALSE,TRUE
9165,ASV12107,TRUE,FALSE,TRUE
9166,ASV12108,TRUE,FALSE,TRUE
9167,ASV12109,TRUE,FALSE,TRUE
9168,ASV12110,TRUE,FALSE,TRUE
9169,ASV12113,TRUE,FALSE,TRUE
9170,ASV12114,TRUE,TRUE,FALSE
9171,ASV12115,TRUE,TRUE,FALSE
9172,ASV12116,TRUE,TRUE,FALSE
9173,ASV12118,TRUE,TRUE,FALSE
9174,ASV12119,TRUE,TRUE,FALSE
9175,ASV12122,TRUE,TRUE,FALSE
9176,ASV12125,TRUE,TRUE,FALSE
9177,ASV12126,TRUE,TRUE,FALSE
9178,ASV12127,TRUE,TRUE,FALSE
9179,ASV12128,TRUE,TRUE,FALSE
9180,ASV12129,TRUE,TRUE,FALSE
9181,ASV12130,TRUE,TRUE,FALSE
9182,ASV12131,TRUE,TRUE,FALSE
9183,ASV12133,TRUE,TRUE,FALSE
9184,ASV12134,TRUE,TRUE,FALSE
9185,ASV12136,TRUE,TRUE,FALSE
9186,ASV12137,TRUE,TRUE,FALSE
9187,ASV12139,TRUE,TRUE,FALSE
9188,ASV12140,TRUE,TRUE,FALSE
9189,ASV12141,TRUE,TRUE,FALSE
9190,ASV12142,TRUE,TRUE,FALSE
9191,ASV12143,TRUE,TRUE,FALSE
9192,ASV12144,TRUE,TRUE,FALSE
9193,ASV12145,TRUE,TRUE,FALSE
9194,ASV12146,TRUE,FALSE,FALSE
9195,ASV12147,TRUE,FALSE,TRUE
9196,ASV12148,TRUE,FALSE,TRUE
9197,ASV12149,TRUE,FALSE,TRUE
9198,ASV12150,TRUE,FALSE,TRUE
9199,ASV12151,TRUE,FALSE,TRUE
9200,ASV12152,TRUE,FALSE,TRUE
9201,ASV12153,TRUE,FALSE,TRUE
9202,ASV12155,TRUE,FALSE,TRUE
9203,ASV12157,TRUE,FALSE,TRUE
9204,ASV12158,TRUE,FALSE,TRUE
9205,ASV12159,TRUE,FALSE,TRUE
9206,ASV12161,TRUE,FALSE,TRUE
9207,ASV12162,TRUE,FALSE,TRUE
9208,ASV12163,TRUE,FALSE,TRUE
9209,ASV12164,TRUE,FALSE,TRUE
9210,ASV12165,TRUE,FALSE,TRUE
9211,ASV12166,TRUE,FALSE,TRUE
9212,ASV12168,TRUE,FALSE,TRUE
9213,ASV12169,TRUE,FALSE,TRUE
9214,ASV12171,TRUE,FALSE,TRUE
9215,ASV12172,TRUE,FALSE,TRUE
9216,ASV12175,TRUE,FALSE,TRUE
9217,ASV12176,TRUE,FALSE,TRUE
9218,ASV12177,TRUE,FALSE,TRUE
9219,ASV12179,TRUE,FALSE,TRUE
9220,ASV12180,TRUE,FALSE,TRUE
9221,ASV12181,TRUE,FALSE,TRUE
9222,ASV12183,TRUE,FALSE,TRUE
9223,ASV12187,FALSE,FALSE,TRUE
9224,ASV12188,TRUE,FALSE,FALSE
9225,ASV12189,TRUE,FALSE,TRUE
9226,ASV12190,TRUE,FALSE,TRUE
9227,ASV12191,TRUE,FALSE,TRUE
9228,ASV12192,TRUE,FALSE,TRUE
9229,ASV12193,TRUE,FALSE,TRUE
9230,ASV12195,TRUE,FALSE,TRUE
9231,ASV12196,TRUE,FALSE,TRUE
9232,ASV12197,TRUE,FALSE,TRUE
9233,ASV12198,TRUE,FALSE,TRUE
9234,ASV12199,TRUE,FALSE,TRUE
9235,ASV12200,TRUE,FALSE,TRUE
9236,ASV12202,TRUE,FALSE,TRUE
9237,ASV12204,TRUE,TRUE,FALSE
9238,ASV12205,TRUE,TRUE,FALSE
9239,ASV12207,TRUE,TRUE,FALSE
9240,ASV12209,TRUE,FALSE,TRUE
9241,ASV12211,TRUE,FALSE,TRUE
9242,ASV12213,TRUE,TRUE,FALSE
9243,ASV12215,TRUE,TRUE,FALSE
9244,ASV12216,TRUE,FALSE,TRUE
9245,ASV12218,TRUE,FALSE,TRUE
9246,ASV12219,TRUE,FALSE,TRUE
9247,ASV12220,TRUE,FALSE,TRUE
9248,ASV12221,TRUE,FALSE,TRUE
9249,ASV12222,TRUE,FALSE,TRUE
9250,ASV12223,TRUE,FALSE,TRUE
9251,ASV12224,TRUE,FALSE,TRUE
9252,ASV12225,FALSE,TRUE,TRUE
9253,ASV12226,FALSE,TRUE,TRUE
9254,ASV12227,FALSE,TRUE,TRUE
9255,ASV12228,FALSE,TRUE,TRUE
9256,ASV12230,FALSE,TRUE,TRUE
9257,ASV12231,FALSE,TRUE,TRUE
9258,ASV12242,TRUE,TRUE,FALSE
9259,ASV12243,TRUE,TRUE,FALSE
9260,ASV12244,TRUE,TRUE,FALSE
9261,ASV12246,TRUE,TRUE,FALSE
9262,ASV12249,TRUE,TRUE,FALSE
9263,ASV12250,TRUE,TRUE,FALSE
9264,ASV12252,FALSE,TRUE,FALSE
9265,ASV12253,TRUE,TRUE,FALSE
9266,ASV12257,TRUE,TRUE,FALSE
9267,ASV12258,TRUE,TRUE,FALSE
9268,ASV12259,TRUE,TRUE,FALSE
9269,ASV12260,TRUE,TRUE,FALSE
9270,ASV12261,TRUE,FALSE,FALSE
9271,ASV12263,TRUE,TRUE,FALSE
9272,ASV12265,TRUE,FALSE,FALSE
9273,ASV12266,TRUE,TRUE,FALSE
9274,ASV12268,TRUE,TRUE,FALSE
9275,ASV12269,TRUE,TRUE,FALSE
9276,ASV12270,TRUE,TRUE,FALSE
9277,ASV12272,TRUE,TRUE,FALSE
9278,ASV12273,TRUE,TRUE,FALSE
9279,ASV12274,TRUE,TRUE,FALSE
9280,ASV12275,TRUE,TRUE,FALSE
9281,ASV12276,TRUE,TRUE,FALSE
9282,ASV12277,TRUE,TRUE,FALSE
9283,ASV12281,FALSE,TRUE,TRUE
9284,ASV12282,FALSE,TRUE,TRUE
9285,ASV12283,FALSE,TRUE,TRUE
9286,ASV12284,FALSE,TRUE,TRUE
9287,ASV12287,FALSE,TRUE,TRUE
9288,ASV12289,FALSE,TRUE,TRUE
9289,ASV12290,FALSE,TRUE,TRUE
9290,ASV12291,FALSE,TRUE,TRUE
9291,ASV12292,FALSE,TRUE,FALSE
9292,ASV12293,TRUE,FALSE,TRUE
9293,ASV12294,TRUE,FALSE,TRUE
9294,ASV12296,TRUE,FALSE,TRUE
9295,ASV12298,TRUE,FALSE,TRUE
9296,ASV12300,TRUE,FALSE,TRUE
9297,ASV12301,TRUE,FALSE,TRUE
9298,ASV12302,TRUE,FALSE,TRUE
9299,ASV12304,TRUE,FALSE,TRUE
9300,ASV12305,TRUE,FALSE,TRUE
9301,ASV12306,TRUE,FALSE,TRUE
9302,ASV12307,TRUE,FALSE,TRUE
9303,ASV12308,TRUE,FALSE,TRUE
9304,ASV12309,TRUE,FALSE,FALSE
9305,ASV12310,TRUE,FALSE,TRUE
9306,ASV12311,TRUE,FALSE,TRUE
9307,ASV12312,TRUE,FALSE,TRUE
9308,ASV12313,TRUE,FALSE,TRUE
9309,ASV12314,TRUE,FALSE,TRUE
9310,ASV12317,TRUE,FALSE,TRUE
9311,ASV12318,TRUE,FALSE,TRUE
9312,ASV12320,TRUE,FALSE,TRUE
9313,ASV12321,TRUE,FALSE,TRUE
9314,ASV12322,TRUE,FALSE,TRUE
9315,ASV12324,TRUE,FALSE,TRUE
9316,ASV12325,TRUE,FALSE,TRUE
9317,ASV12326,TRUE,FALSE,TRUE
9318,ASV12327,TRUE,FALSE,TRUE
9319,ASV12329,TRUE,FALSE,TRUE
9320,ASV12330,TRUE,FALSE,TRUE
9321,ASV12331,TRUE,FALSE,TRUE
9322,ASV12332,TRUE,FALSE,TRUE
9323,ASV12333,TRUE,FALSE,TRUE
9324,ASV12334,TRUE,FALSE,TRUE
9325,ASV12336,TRUE,FALSE,TRUE
9326,ASV12337,TRUE,FALSE,TRUE
9327,ASV12338,TRUE,FALSE,TRUE
9328,ASV12339,TRUE,FALSE,TRUE
9329,ASV12340,TRUE,FALSE,TRUE
9330,ASV12341,TRUE,FALSE,TRUE
9331,ASV12343,TRUE,FALSE,TRUE
9332,ASV12344,TRUE,FALSE,FALSE
9333,ASV12346,TRUE,FALSE,TRUE
9334,ASV12347,TRUE,TRUE,FALSE
9335,ASV12349,TRUE,TRUE,FALSE
9336,ASV12350,TRUE,TRUE,FALSE
9337,ASV12351,TRUE,TRUE,FALSE
9338,ASV12352,TRUE,TRUE,FALSE
9339,ASV12354,TRUE,TRUE,FALSE
9340,ASV12355,TRUE,TRUE,FALSE
9341,ASV12356,FALSE,FALSE,FALSE
9342,ASV12357,TRUE,TRUE,FALSE
9343,ASV12358,TRUE,TRUE,FALSE
9344,ASV12359,TRUE,TRUE,FALSE
9345,ASV12362,TRUE,TRUE,FALSE
9346,ASV12365,TRUE,TRUE,FALSE
9347,ASV12366,TRUE,TRUE,FALSE
9348,ASV12367,TRUE,TRUE,FALSE
9349,ASV12368,TRUE,TRUE,FALSE
9350,ASV12371,TRUE,TRUE,FALSE
9351,ASV12374,TRUE,FALSE,TRUE
9352,ASV12375,TRUE,FALSE,TRUE
9353,ASV12377,TRUE,FALSE,TRUE
9354,ASV12378,TRUE,FALSE,TRUE
9355,ASV12380,TRUE,FALSE,TRUE
9356,ASV12382,TRUE,FALSE,TRUE
9357,ASV12383,TRUE,FALSE,TRUE
9358,ASV12388,TRUE,FALSE,TRUE
9359,ASV12389,TRUE,FALSE,TRUE
9360,ASV12392,TRUE,FALSE,TRUE
9361,ASV12393,TRUE,FALSE,TRUE
9362,ASV12395,TRUE,FALSE,TRUE
9363,ASV12398,TRUE,FALSE,TRUE
9364,ASV12399,TRUE,FALSE,TRUE
9365,ASV12404,TRUE,FALSE,TRUE
9366,ASV12405,TRUE,FALSE,TRUE
9367,ASV12406,TRUE,FALSE,TRUE
9368,ASV12407,TRUE,FALSE,TRUE
9369,ASV12410,TRUE,FALSE,TRUE
9370,ASV12411,TRUE,FALSE,TRUE
9371,ASV12412,TRUE,FALSE,TRUE
9372,ASV12413,TRUE,FALSE,TRUE
9373,ASV12415,TRUE,FALSE,TRUE
9374,ASV12417,TRUE,FALSE,TRUE
9375,ASV12419,TRUE,FALSE,TRUE
9376,ASV12420,TRUE,FALSE,TRUE
9377,ASV12422,TRUE,FALSE,TRUE
9378,ASV12425,TRUE,FALSE,TRUE
9379,ASV12426,TRUE,FALSE,TRUE
9380,ASV12428,TRUE,FALSE,TRUE
9381,ASV12429,TRUE,FALSE,TRUE
9382,ASV12431,TRUE,FALSE,TRUE
9383,ASV12432,TRUE,FALSE,TRUE
9384,ASV12433,TRUE,FALSE,TRUE
9385,ASV12434,TRUE,FALSE,TRUE
9386,ASV12436,TRUE,FALSE,TRUE
9387,ASV12437,TRUE,FALSE,TRUE
9388,ASV12438,TRUE,FALSE,TRUE
9389,ASV12440,TRUE,FALSE,TRUE
9390,ASV12441,TRUE,FALSE,TRUE
9391,ASV12443,TRUE,FALSE,TRUE
9392,ASV12445,TRUE,FALSE,FALSE
9393,ASV12447,TRUE,TRUE,FALSE
9394,ASV12448,TRUE,TRUE,FALSE
9395,ASV12449,TRUE,TRUE,FALSE
9396,ASV12450,TRUE,TRUE,FALSE
9397,ASV12452,TRUE,TRUE,FALSE
9398,ASV12454,TRUE,TRUE,FALSE
9399,ASV12455,TRUE,TRUE,FALSE
9400,ASV12456,TRUE,TRUE,FALSE
9401,ASV12458,TRUE,TRUE,FALSE
9402,ASV12459,TRUE,TRUE,FALSE
9403,ASV12460,TRUE,TRUE,FALSE
9404,ASV12461,TRUE,TRUE,FALSE
9405,ASV12462,TRUE,FALSE,TRUE
9406,ASV12463,TRUE,FALSE,TRUE
9407,ASV12464,TRUE,FALSE,TRUE
9408,ASV12465,FALSE,FALSE,TRUE
9409,ASV12467,TRUE,TRUE,FALSE
9410,ASV12468,TRUE,TRUE,FALSE
9411,ASV12469,TRUE,TRUE,FALSE
9412,ASV12470,FALSE,FALSE,TRUE
9413,ASV12473,TRUE,FALSE,TRUE
9414,ASV12474,TRUE,FALSE,TRUE
9415,ASV12476,TRUE,FALSE,TRUE
9416,ASV12477,TRUE,FALSE,TRUE
9417,ASV12478,TRUE,FALSE,TRUE
9418,ASV12480,FALSE,TRUE,TRUE
9419,ASV12482,FALSE,TRUE,TRUE
9420,ASV12483,FALSE,TRUE,TRUE
9421,ASV12484,FALSE,TRUE,TRUE
9422,ASV12501,TRUE,TRUE,FALSE
9423,ASV12502,TRUE,TRUE,FALSE
9424,ASV12503,TRUE,TRUE,FALSE
9425,ASV12504,TRUE,TRUE,FALSE
9426,ASV12506,TRUE,TRUE,FALSE
9427,ASV12507,TRUE,TRUE,FALSE
9428,ASV12508,FALSE,TRUE,FALSE
9429,ASV12511,TRUE,TRUE,FALSE
9430,ASV12512,TRUE,TRUE,FALSE
9431,ASV12513,TRUE,TRUE,FALSE
9432,ASV12515,TRUE,TRUE,FALSE
9433,ASV12516,TRUE,TRUE,FALSE
9434,ASV12518,TRUE,TRUE,FALSE
9435,ASV12519,TRUE,TRUE,FALSE
9436,ASV12522,TRUE,TRUE,FALSE
9437,ASV12523,TRUE,TRUE,FALSE
9438,ASV12525,TRUE,TRUE,FALSE
9439,ASV12527,TRUE,TRUE,FALSE
9440,ASV12529,TRUE,TRUE,FALSE
9441,ASV12530,TRUE,TRUE,FALSE
9442,ASV12533,TRUE,TRUE,FALSE
9443,ASV12534,TRUE,TRUE,FALSE
9444,ASV12536,TRUE,TRUE,FALSE
9445,ASV12537,FALSE,TRUE,TRUE
9446,ASV12538,FALSE,TRUE,TRUE
9447,ASV12540,FALSE,TRUE,TRUE
9448,ASV12541,FALSE,TRUE,TRUE
9449,ASV12542,FALSE,TRUE,TRUE
9450,ASV12544,TRUE,FALSE,TRUE
9451,ASV12545,TRUE,FALSE,TRUE
9452,ASV12547,TRUE,FALSE,TRUE
9453,ASV12551,TRUE,FALSE,TRUE
9454,ASV12552,TRUE,FALSE,TRUE
9455,ASV12553,TRUE,FALSE,TRUE
9456,ASV12555,TRUE,FALSE,TRUE
9457,ASV12557,TRUE,FALSE,TRUE
9458,ASV12560,TRUE,FALSE,TRUE
9459,ASV12561,TRUE,FALSE,TRUE
9460,ASV12563,TRUE,FALSE,TRUE
9461,ASV12567,TRUE,FALSE,TRUE
9462,ASV12568,TRUE,FALSE,TRUE
9463,ASV12570,TRUE,FALSE,TRUE
9464,ASV12572,TRUE,FALSE,TRUE
9465,ASV12574,TRUE,FALSE,TRUE
9466,ASV12579,TRUE,FALSE,TRUE
9467,ASV12581,TRUE,FALSE,TRUE
9468,ASV12582,TRUE,FALSE,TRUE
9469,ASV12583,TRUE,FALSE,TRUE
9470,ASV12585,TRUE,FALSE,TRUE
9471,ASV12586,TRUE,FALSE,TRUE
9472,ASV12590,TRUE,TRUE,FALSE
9473,ASV12592,TRUE,TRUE,FALSE
9474,ASV12593,TRUE,TRUE,FALSE
9475,ASV12594,TRUE,TRUE,FALSE
9476,ASV12597,TRUE,TRUE,FALSE
9477,ASV12599,TRUE,TRUE,FALSE
9478,ASV12601,TRUE,TRUE,FALSE
9479,ASV12603,TRUE,TRUE,FALSE
9480,ASV12604,TRUE,TRUE,FALSE
9481,ASV12605,TRUE,TRUE,FALSE
9482,ASV12606,TRUE,TRUE,FALSE
9483,ASV12607,TRUE,TRUE,FALSE
9484,ASV12609,TRUE,TRUE,FALSE
9485,ASV12611,TRUE,TRUE,FALSE
9486,ASV12612,TRUE,TRUE,FALSE
9487,ASV12613,TRUE,TRUE,FALSE
9488,ASV12614,TRUE,TRUE,FALSE
9489,ASV12616,TRUE,TRUE,FALSE
9490,ASV12617,TRUE,TRUE,FALSE
9491,ASV12619,TRUE,TRUE,FALSE
9492,ASV12620,TRUE,FALSE,FALSE
9493,ASV12622,TRUE,FALSE,TRUE
9494,ASV12623,TRUE,FALSE,TRUE
9495,ASV12624,TRUE,FALSE,TRUE
9496,ASV12625,TRUE,FALSE,TRUE
9497,ASV12626,TRUE,FALSE,TRUE
9498,ASV12627,TRUE,FALSE,TRUE
9499,ASV12631,TRUE,FALSE,TRUE
9500,ASV12632,TRUE,FALSE,TRUE
9501,ASV12634,TRUE,FALSE,TRUE
9502,ASV12636,TRUE,FALSE,TRUE
9503,ASV12637,TRUE,FALSE,TRUE
9504,ASV12638,TRUE,FALSE,TRUE
9505,ASV12639,TRUE,FALSE,TRUE
9506,ASV12640,TRUE,FALSE,TRUE
9507,ASV12641,TRUE,FALSE,TRUE
9508,ASV12642,TRUE,FALSE,TRUE
9509,ASV12643,TRUE,FALSE,TRUE
9510,ASV12644,TRUE,FALSE,TRUE
9511,ASV12646,TRUE,FALSE,TRUE
9512,ASV12647,TRUE,FALSE,TRUE
9513,ASV12648,TRUE,FALSE,TRUE
9514,ASV12649,TRUE,FALSE,TRUE
9515,ASV12650,TRUE,FALSE,TRUE
9516,ASV12653,TRUE,FALSE,TRUE
9517,ASV12655,TRUE,FALSE,TRUE
9518,ASV12656,TRUE,FALSE,TRUE
9519,ASV12657,TRUE,FALSE,TRUE
9520,ASV12658,TRUE,FALSE,TRUE
9521,ASV12659,TRUE,FALSE,TRUE
9522,ASV12662,TRUE,FALSE,TRUE
9523,ASV12663,TRUE,FALSE,TRUE
9524,ASV12664,TRUE,FALSE,TRUE
9525,ASV12665,TRUE,FALSE,TRUE
9526,ASV12666,TRUE,FALSE,TRUE
9527,ASV12668,TRUE,FALSE,TRUE
9528,ASV12669,TRUE,FALSE,TRUE
9529,ASV12670,TRUE,FALSE,TRUE
9530,ASV12671,TRUE,TRUE,FALSE
9531,ASV12672,TRUE,TRUE,FALSE
9532,ASV12673,TRUE,TRUE,FALSE
9533,ASV12674,TRUE,TRUE,FALSE
9534,ASV12675,TRUE,TRUE,FALSE
9535,ASV12677,TRUE,TRUE,FALSE
9536,ASV12678,TRUE,TRUE,FALSE
9537,ASV12679,TRUE,TRUE,FALSE
9538,ASV12681,TRUE,TRUE,FALSE
9539,ASV12682,TRUE,TRUE,FALSE
9540,ASV12683,TRUE,TRUE,FALSE
9541,ASV12684,TRUE,TRUE,FALSE
9542,ASV12685,TRUE,FALSE,TRUE
9543,ASV12686,TRUE,FALSE,TRUE
9544,ASV12688,TRUE,FALSE,TRUE
9545,ASV12689,TRUE,FALSE,TRUE
9546,ASV12690,TRUE,FALSE,TRUE
9547,ASV12691,TRUE,FALSE,TRUE
9548,ASV12692,TRUE,FALSE,TRUE
9549,ASV12693,TRUE,FALSE,TRUE
9550,ASV12694,TRUE,TRUE,FALSE
9551,ASV12696,TRUE,TRUE,FALSE
9552,ASV12697,TRUE,TRUE,FALSE
9553,ASV12702,TRUE,FALSE,TRUE
9554,ASV12704,TRUE,FALSE,TRUE
9555,ASV12705,TRUE,FALSE,TRUE
9556,ASV12706,FALSE,TRUE,TRUE
9557,ASV12707,FALSE,TRUE,TRUE
9558,ASV12708,FALSE,TRUE,TRUE
9559,ASV12711,FALSE,TRUE,TRUE
9560,ASV12712,FALSE,TRUE,TRUE
9561,ASV12727,TRUE,TRUE,FALSE
9562,ASV12728,TRUE,TRUE,FALSE
9563,ASV12729,TRUE,TRUE,FALSE
9564,ASV12731,TRUE,TRUE,FALSE
9565,ASV12732,TRUE,TRUE,FALSE
9566,ASV12733,TRUE,TRUE,FALSE
9567,ASV12735,TRUE,FALSE,FALSE
9568,ASV12736,TRUE,TRUE,FALSE
9569,ASV12737,TRUE,TRUE,FALSE
9570,ASV12738,TRUE,TRUE,FALSE
9571,ASV12740,TRUE,TRUE,FALSE
9572,ASV12741,TRUE,TRUE,FALSE
9573,ASV12742,TRUE,TRUE,FALSE
9574,ASV12744,TRUE,TRUE,FALSE
9575,ASV12746,TRUE,TRUE,FALSE
9576,ASV12747,TRUE,TRUE,FALSE
9577,ASV12748,TRUE,TRUE,FALSE
9578,ASV12749,TRUE,TRUE,FALSE
9579,ASV12752,TRUE,TRUE,FALSE
9580,ASV12755,TRUE,TRUE,FALSE
9581,ASV12756,TRUE,TRUE,FALSE
9582,ASV12757,TRUE,TRUE,FALSE
9583,ASV12758,TRUE,TRUE,FALSE
9584,ASV12760,TRUE,TRUE,FALSE
9585,ASV12761,TRUE,TRUE,FALSE
9586,ASV12764,TRUE,TRUE,FALSE
9587,ASV12765,TRUE,TRUE,FALSE
9588,ASV12766,TRUE,TRUE,FALSE
9589,ASV12767,TRUE,TRUE,FALSE
9590,ASV12769,FALSE,TRUE,TRUE
9591,ASV12770,FALSE,TRUE,TRUE
9592,ASV12771,FALSE,TRUE,TRUE
9593,ASV12772,FALSE,TRUE,TRUE
9594,ASV12773,FALSE,TRUE,TRUE
9595,ASV12774,FALSE,TRUE,TRUE
9596,ASV12775,FALSE,TRUE,TRUE
9597,ASV12776,FALSE,TRUE,TRUE
9598,ASV12777,FALSE,TRUE,TRUE
9599,ASV12778,FALSE,TRUE,TRUE
9600,ASV12779,TRUE,FALSE,TRUE
9601,ASV12781,TRUE,FALSE,TRUE
9602,ASV12782,TRUE,FALSE,TRUE
9603,ASV12783,TRUE,FALSE,TRUE
9604,ASV12784,TRUE,FALSE,TRUE
9605,ASV12785,TRUE,FALSE,TRUE
9606,ASV12786,TRUE,FALSE,TRUE
9607,ASV12787,TRUE,FALSE,TRUE
9608,ASV12794,TRUE,FALSE,TRUE
9609,ASV12795,TRUE,FALSE,TRUE
9610,ASV12797,TRUE,FALSE,TRUE
9611,ASV12798,TRUE,FALSE,TRUE
9612,ASV12799,TRUE,FALSE,TRUE
9613,ASV12801,TRUE,FALSE,TRUE
9614,ASV12802,TRUE,FALSE,TRUE
9615,ASV12804,TRUE,FALSE,TRUE
9616,ASV12806,TRUE,FALSE,TRUE
9617,ASV12808,TRUE,FALSE,TRUE
9618,ASV12809,TRUE,FALSE,TRUE
9619,ASV12810,TRUE,FALSE,TRUE
9620,ASV12811,TRUE,FALSE,TRUE
9621,ASV12814,TRUE,FALSE,TRUE
9622,ASV12815,TRUE,FALSE,TRUE
9623,ASV12817,TRUE,FALSE,TRUE
9624,ASV12818,TRUE,FALSE,FALSE
9625,ASV12819,TRUE,FALSE,TRUE
9626,ASV12820,TRUE,FALSE,FALSE
9627,ASV12822,TRUE,FALSE,TRUE
9628,ASV12823,TRUE,FALSE,TRUE
9629,ASV12825,TRUE,FALSE,TRUE
9630,ASV12826,TRUE,FALSE,TRUE
9631,ASV12827,TRUE,FALSE,TRUE
9632,ASV12828,TRUE,FALSE,TRUE
9633,ASV12829,TRUE,FALSE,TRUE
9634,ASV12832,TRUE,FALSE,TRUE
9635,ASV12833,TRUE,FALSE,TRUE
9636,ASV12834,TRUE,FALSE,TRUE
9637,ASV12835,TRUE,FALSE,TRUE
9638,ASV12836,TRUE,TRUE,FALSE
9639,ASV12837,TRUE,TRUE,FALSE
9640,ASV12838,TRUE,TRUE,FALSE
9641,ASV12840,TRUE,TRUE,FALSE
9642,ASV12841,TRUE,TRUE,FALSE
9643,ASV12842,TRUE,TRUE,FALSE
9644,ASV12844,FALSE,TRUE,FALSE
9645,ASV12845,TRUE,FALSE,FALSE
9646,ASV12846,TRUE,TRUE,FALSE
9647,ASV12847,TRUE,TRUE,FALSE
9648,ASV12850,TRUE,TRUE,FALSE
9649,ASV12851,TRUE,TRUE,FALSE
9650,ASV12854,TRUE,TRUE,FALSE
9651,ASV12855,TRUE,TRUE,FALSE
9652,ASV12856,TRUE,TRUE,FALSE
9653,ASV12859,TRUE,TRUE,FALSE
9654,ASV12860,TRUE,TRUE,FALSE
9655,ASV12861,TRUE,TRUE,FALSE
9656,ASV12867,TRUE,TRUE,FALSE
9657,ASV12868,TRUE,TRUE,FALSE
9658,ASV12870,TRUE,TRUE,FALSE
9659,ASV12871,TRUE,TRUE,FALSE
9660,ASV12872,TRUE,TRUE,FALSE
9661,ASV12874,TRUE,TRUE,FALSE
9662,ASV12877,TRUE,TRUE,FALSE
9663,ASV12878,TRUE,TRUE,FALSE
9664,ASV12879,TRUE,TRUE,FALSE
9665,ASV12880,TRUE,TRUE,FALSE
9666,ASV12881,TRUE,TRUE,FALSE
9667,ASV12882,TRUE,FALSE,TRUE
9668,ASV12883,TRUE,FALSE,TRUE
9669,ASV12885,TRUE,FALSE,TRUE
9670,ASV12886,TRUE,FALSE,TRUE
9671,ASV12887,TRUE,FALSE,TRUE
9672,ASV12888,TRUE,FALSE,TRUE
9673,ASV12889,TRUE,FALSE,TRUE
9674,ASV12890,TRUE,FALSE,TRUE
9675,ASV12891,TRUE,FALSE,TRUE
9676,ASV12892,TRUE,FALSE,FALSE
9677,ASV12894,TRUE,FALSE,TRUE
9678,ASV12895,TRUE,FALSE,TRUE
9679,ASV12898,TRUE,FALSE,TRUE
9680,ASV12899,TRUE,FALSE,TRUE
9681,ASV12900,TRUE,FALSE,TRUE
9682,ASV12901,TRUE,FALSE,TRUE
9683,ASV12902,TRUE,FALSE,TRUE
9684,ASV12903,TRUE,FALSE,TRUE
9685,ASV12904,TRUE,FALSE,TRUE
9686,ASV12906,TRUE,FALSE,TRUE
9687,ASV12907,TRUE,FALSE,TRUE
9688,ASV12908,TRUE,FALSE,TRUE
9689,ASV12909,TRUE,FALSE,TRUE
9690,ASV12913,TRUE,FALSE,TRUE
9691,ASV12914,TRUE,FALSE,TRUE
9692,ASV12916,TRUE,FALSE,TRUE
9693,ASV12917,TRUE,FALSE,TRUE
9694,ASV12918,TRUE,FALSE,TRUE
9695,ASV12921,TRUE,FALSE,TRUE
9696,ASV12922,TRUE,FALSE,TRUE
9697,ASV12924,TRUE,FALSE,TRUE
9698,ASV12925,TRUE,FALSE,TRUE
9699,ASV12928,TRUE,FALSE,TRUE
9700,ASV12930,TRUE,FALSE,TRUE
9701,ASV12931,TRUE,FALSE,TRUE
9702,ASV12932,TRUE,FALSE,TRUE
9703,ASV12934,TRUE,FALSE,TRUE
9704,ASV12936,TRUE,FALSE,TRUE
9705,ASV12937,TRUE,FALSE,TRUE
9706,ASV12940,TRUE,FALSE,TRUE
9707,ASV12941,TRUE,FALSE,TRUE
9708,ASV12944,TRUE,FALSE,TRUE
9709,ASV12945,TRUE,FALSE,TRUE
9710,ASV12946,TRUE,FALSE,TRUE
9711,ASV12947,TRUE,FALSE,TRUE
9712,ASV12948,TRUE,FALSE,TRUE
9713,ASV12949,TRUE,FALSE,TRUE
9714,ASV12950,TRUE,FALSE,TRUE
9715,ASV12953,TRUE,FALSE,TRUE
9716,ASV12954,TRUE,FALSE,TRUE
9717,ASV12955,TRUE,FALSE,TRUE
9718,ASV12956,TRUE,FALSE,TRUE
9719,ASV12957,TRUE,FALSE,TRUE
9720,ASV12958,TRUE,TRUE,FALSE
9721,ASV12960,TRUE,TRUE,FALSE
9722,ASV12962,TRUE,TRUE,FALSE
9723,ASV12963,TRUE,TRUE,FALSE
9724,ASV12966,TRUE,FALSE,TRUE
9725,ASV12967,TRUE,FALSE,TRUE
9726,ASV12968,TRUE,FALSE,TRUE
9727,ASV12969,TRUE,FALSE,TRUE
9728,ASV12970,TRUE,FALSE,TRUE
9729,ASV12971,TRUE,FALSE,TRUE
9730,ASV12973,TRUE,FALSE,TRUE
9731,ASV12974,TRUE,FALSE,TRUE
9732,ASV12975,TRUE,FALSE,TRUE
9733,ASV12976,TRUE,TRUE,FALSE
9734,ASV12977,TRUE,FALSE,TRUE
9735,ASV12981,FALSE,TRUE,TRUE
9736,ASV12982,FALSE,TRUE,TRUE
9737,ASV12984,FALSE,TRUE,TRUE
9738,ASV12985,FALSE,TRUE,TRUE
9739,ASV12987,FALSE,TRUE,TRUE
9740,ASV12988,FALSE,TRUE,TRUE
9741,ASV12989,FALSE,TRUE,TRUE
9742,ASV12990,FALSE,TRUE,TRUE
9743,ASV13009,TRUE,TRUE,FALSE
9744,ASV13010,TRUE,TRUE,FALSE
9745,ASV13012,TRUE,TRUE,FALSE
9746,ASV13013,TRUE,TRUE,FALSE
9747,ASV13015,TRUE,TRUE,FALSE
9748,ASV13016,TRUE,TRUE,FALSE
9749,ASV13018,TRUE,TRUE,FALSE
9750,ASV13019,TRUE,TRUE,FALSE
9751,ASV13020,TRUE,TRUE,FALSE
9752,ASV13021,TRUE,TRUE,FALSE
9753,ASV13022,TRUE,TRUE,FALSE
9754,ASV13024,TRUE,TRUE,FALSE
9755,ASV13025,TRUE,TRUE,FALSE
9756,ASV13026,TRUE,TRUE,FALSE
9757,ASV13027,TRUE,TRUE,FALSE
9758,ASV13028,TRUE,TRUE,FALSE
9759,ASV13029,TRUE,TRUE,FALSE
9760,ASV13030,TRUE,TRUE,FALSE
9761,ASV13031,TRUE,TRUE,FALSE
9762,ASV13032,TRUE,TRUE,FALSE
9763,ASV13035,TRUE,TRUE,FALSE
9764,ASV13036,TRUE,TRUE,FALSE
9765,ASV13039,TRUE,TRUE,FALSE
9766,ASV13040,TRUE,TRUE,FALSE
9767,ASV13041,TRUE,FALSE,FALSE
9768,ASV13042,FALSE,TRUE,TRUE
9769,ASV13043,FALSE,TRUE,TRUE
9770,ASV13044,FALSE,TRUE,TRUE
9771,ASV13046,FALSE,TRUE,TRUE
9772,ASV13047,FALSE,TRUE,TRUE
9773,ASV13048,FALSE,TRUE,TRUE
9774,ASV13049,FALSE,TRUE,TRUE
9775,ASV13053,TRUE,FALSE,TRUE
9776,ASV13054,TRUE,FALSE,TRUE
9777,ASV13055,TRUE,FALSE,TRUE
9778,ASV13057,TRUE,FALSE,TRUE
9779,ASV13058,TRUE,FALSE,TRUE
9780,ASV13059,TRUE,FALSE,TRUE
9781,ASV13060,TRUE,FALSE,TRUE
9782,ASV13061,TRUE,FALSE,TRUE
9783,ASV13062,TRUE,FALSE,TRUE
9784,ASV13063,TRUE,FALSE,TRUE
9785,ASV13066,TRUE,FALSE,TRUE
9786,ASV13067,TRUE,FALSE,TRUE
9787,ASV13069,TRUE,FALSE,FALSE
9788,ASV13071,TRUE,FALSE,TRUE
9789,ASV13072,TRUE,FALSE,TRUE
9790,ASV13073,TRUE,FALSE,TRUE
9791,ASV13074,TRUE,FALSE,TRUE
9792,ASV13075,TRUE,FALSE,FALSE
9793,ASV13076,TRUE,FALSE,TRUE
9794,ASV13079,TRUE,FALSE,TRUE
9795,ASV13080,TRUE,FALSE,TRUE
9796,ASV13081,TRUE,FALSE,TRUE
9797,ASV13082,TRUE,FALSE,TRUE
9798,ASV13083,TRUE,FALSE,TRUE
9799,ASV13085,TRUE,FALSE,TRUE
9800,ASV13087,TRUE,FALSE,TRUE
9801,ASV13088,TRUE,FALSE,TRUE
9802,ASV13089,TRUE,FALSE,TRUE
9803,ASV13090,TRUE,FALSE,TRUE
9804,ASV13091,TRUE,FALSE,TRUE
9805,ASV13093,TRUE,FALSE,TRUE
9806,ASV13094,TRUE,FALSE,TRUE
9807,ASV13095,TRUE,FALSE,TRUE
9808,ASV13097,TRUE,FALSE,TRUE
9809,ASV13099,TRUE,FALSE,TRUE
9810,ASV13100,TRUE,TRUE,FALSE
9811,ASV13102,TRUE,TRUE,FALSE
9812,ASV13103,TRUE,TRUE,FALSE
9813,ASV13104,TRUE,TRUE,FALSE
9814,ASV13105,TRUE,TRUE,FALSE
9815,ASV13106,TRUE,TRUE,FALSE
9816,ASV13107,TRUE,TRUE,FALSE
9817,ASV13108,TRUE,TRUE,FALSE
9818,ASV13109,TRUE,TRUE,FALSE
9819,ASV13110,TRUE,TRUE,FALSE
9820,ASV13111,TRUE,TRUE,FALSE
9821,ASV13113,TRUE,TRUE,FALSE
9822,ASV13115,TRUE,TRUE,FALSE
9823,ASV13116,TRUE,TRUE,FALSE
9824,ASV13119,TRUE,TRUE,FALSE
9825,ASV13120,TRUE,TRUE,FALSE
9826,ASV13121,TRUE,TRUE,FALSE
9827,ASV13122,TRUE,TRUE,FALSE
9828,ASV13125,TRUE,TRUE,FALSE
9829,ASV13126,FALSE,TRUE,FALSE
9830,ASV13128,TRUE,TRUE,FALSE
9831,ASV13129,TRUE,TRUE,FALSE
9832,ASV13132,TRUE,TRUE,FALSE
9833,ASV13133,TRUE,TRUE,FALSE
9834,ASV13134,TRUE,FALSE,TRUE
9835,ASV13135,TRUE,FALSE,TRUE
9836,ASV13136,TRUE,FALSE,TRUE
9837,ASV13137,TRUE,FALSE,TRUE
9838,ASV13138,TRUE,FALSE,TRUE
9839,ASV13141,TRUE,FALSE,TRUE
9840,ASV13145,TRUE,FALSE,TRUE
9841,ASV13146,TRUE,FALSE,TRUE
9842,ASV13148,TRUE,FALSE,TRUE
9843,ASV13149,TRUE,FALSE,TRUE
9844,ASV13150,TRUE,FALSE,TRUE
9845,ASV13154,TRUE,FALSE,TRUE
9846,ASV13157,TRUE,FALSE,TRUE
9847,ASV13159,TRUE,FALSE,TRUE
9848,ASV13160,TRUE,FALSE,TRUE
9849,ASV13162,TRUE,FALSE,TRUE
9850,ASV13165,TRUE,FALSE,TRUE
9851,ASV13166,TRUE,FALSE,TRUE
9852,ASV13167,TRUE,FALSE,TRUE
9853,ASV13169,TRUE,FALSE,TRUE
9854,ASV13170,TRUE,FALSE,TRUE
9855,ASV13171,TRUE,FALSE,TRUE
9856,ASV13174,TRUE,FALSE,TRUE
9857,ASV13177,TRUE,FALSE,TRUE
9858,ASV13179,TRUE,FALSE,TRUE
9859,ASV13180,TRUE,FALSE,TRUE
9860,ASV13182,TRUE,FALSE,TRUE
9861,ASV13183,TRUE,FALSE,TRUE
9862,ASV13186,TRUE,FALSE,TRUE
9863,ASV13187,TRUE,FALSE,TRUE
9864,ASV13188,TRUE,FALSE,TRUE
9865,ASV13189,TRUE,FALSE,TRUE
9866,ASV13190,TRUE,FALSE,TRUE
9867,ASV13191,TRUE,FALSE,TRUE
9868,ASV13194,TRUE,FALSE,TRUE
9869,ASV13196,TRUE,FALSE,TRUE
9870,ASV13198,TRUE,FALSE,FALSE
9871,ASV13199,TRUE,TRUE,FALSE
9872,ASV13200,TRUE,TRUE,FALSE
9873,ASV13201,TRUE,TRUE,FALSE
9874,ASV13202,TRUE,TRUE,FALSE
9875,ASV13203,TRUE,TRUE,FALSE
9876,ASV13204,TRUE,TRUE,FALSE
9877,ASV13206,TRUE,TRUE,FALSE
9878,ASV13208,TRUE,TRUE,FALSE
9879,ASV13211,TRUE,FALSE,TRUE
9880,ASV13212,TRUE,FALSE,TRUE
9881,ASV13213,TRUE,FALSE,TRUE
9882,ASV13214,TRUE,FALSE,TRUE
9883,ASV13215,TRUE,FALSE,TRUE
9884,ASV13216,TRUE,TRUE,FALSE
9885,ASV13217,TRUE,TRUE,FALSE
9886,ASV13219,TRUE,TRUE,FALSE
9887,ASV13220,TRUE,TRUE,FALSE
9888,ASV13222,TRUE,FALSE,TRUE
9889,ASV13223,TRUE,FALSE,TRUE
9890,ASV13225,TRUE,FALSE,TRUE
9891,ASV13227,TRUE,FALSE,TRUE
9892,ASV13230,FALSE,TRUE,TRUE
9893,ASV13231,FALSE,TRUE,TRUE
9894,ASV13232,FALSE,TRUE,TRUE
9895,ASV13234,FALSE,TRUE,TRUE
9896,ASV13235,FALSE,TRUE,TRUE
9897,ASV13237,FALSE,TRUE,TRUE
9898,ASV13238,FALSE,TRUE,TRUE
9899,ASV13239,FALSE,TRUE,TRUE
9900,ASV13240,FALSE,TRUE,TRUE
9901,ASV13254,TRUE,TRUE,FALSE
9902,ASV13257,TRUE,TRUE,FALSE
9903,ASV13258,TRUE,TRUE,FALSE
9904,ASV13259,TRUE,TRUE,FALSE
9905,ASV13260,TRUE,TRUE,FALSE
9906,ASV13262,TRUE,TRUE,FALSE
9907,ASV13263,TRUE,TRUE,FALSE
9908,ASV13264,TRUE,TRUE,FALSE
9909,ASV13265,TRUE,TRUE,FALSE
9910,ASV13268,TRUE,TRUE,FALSE
9911,ASV13270,TRUE,TRUE,FALSE
9912,ASV13271,TRUE,TRUE,FALSE
9913,ASV13274,TRUE,TRUE,FALSE
9914,ASV13276,TRUE,TRUE,FALSE
9915,ASV13277,TRUE,TRUE,FALSE
9916,ASV13278,TRUE,TRUE,FALSE
9917,ASV13279,TRUE,TRUE,FALSE
9918,ASV13280,TRUE,TRUE,FALSE
9919,ASV13281,TRUE,TRUE,FALSE
9920,ASV13282,TRUE,TRUE,FALSE
9921,ASV13283,TRUE,TRUE,FALSE
9922,ASV13284,TRUE,TRUE,FALSE
9923,ASV13286,TRUE,TRUE,FALSE
9924,ASV13287,TRUE,FALSE,FALSE
9925,ASV13290,TRUE,FALSE,FALSE
9926,ASV13291,FALSE,TRUE,TRUE
9927,ASV13292,FALSE,TRUE,TRUE
9928,ASV13293,FALSE,TRUE,TRUE
9929,ASV13295,FALSE,TRUE,TRUE
9930,ASV13296,FALSE,TRUE,TRUE
9931,ASV13297,FALSE,TRUE,TRUE
9932,ASV13298,FALSE,TRUE,TRUE
9933,ASV13299,FALSE,TRUE,TRUE
9934,ASV13300,FALSE,TRUE,TRUE
9935,ASV13301,TRUE,FALSE,TRUE
9936,ASV13302,TRUE,FALSE,TRUE
9937,ASV13303,TRUE,FALSE,TRUE
9938,ASV13306,TRUE,FALSE,TRUE
9939,ASV13307,TRUE,FALSE,TRUE
9940,ASV13308,TRUE,FALSE,TRUE
9941,ASV13309,TRUE,FALSE,TRUE
9942,ASV13310,TRUE,FALSE,TRUE
9943,ASV13315,TRUE,FALSE,TRUE
9944,ASV13316,TRUE,FALSE,TRUE
9945,ASV13317,TRUE,FALSE,TRUE
9946,ASV13322,TRUE,FALSE,TRUE
9947,ASV13323,TRUE,FALSE,TRUE
9948,ASV13324,TRUE,FALSE,TRUE
9949,ASV13325,TRUE,FALSE,TRUE
9950,ASV13327,TRUE,FALSE,TRUE
9951,ASV13328,TRUE,FALSE,TRUE
9952,ASV13329,TRUE,FALSE,TRUE
9953,ASV13331,TRUE,FALSE,TRUE
9954,ASV13332,TRUE,FALSE,TRUE
9955,ASV13333,TRUE,FALSE,TRUE
9956,ASV13334,TRUE,FALSE,TRUE
9957,ASV13335,TRUE,FALSE,TRUE
9958,ASV13336,TRUE,FALSE,TRUE
9959,ASV13337,TRUE,FALSE,TRUE
9960,ASV13338,TRUE,FALSE,TRUE
9961,ASV13340,TRUE,FALSE,TRUE
9962,ASV13341,TRUE,FALSE,TRUE
9963,ASV13342,TRUE,FALSE,TRUE
9964,ASV13343,TRUE,FALSE,TRUE
9965,ASV13344,TRUE,FALSE,TRUE
9966,ASV13345,TRUE,FALSE,TRUE
9967,ASV13346,TRUE,FALSE,TRUE
9968,ASV13347,TRUE,FALSE,TRUE
9969,ASV13348,TRUE,FALSE,TRUE
9970,ASV13349,TRUE,FALSE,TRUE
9971,ASV13350,TRUE,FALSE,TRUE
9972,ASV13351,TRUE,FALSE,TRUE
9973,ASV13352,TRUE,FALSE,TRUE
9974,ASV13353,TRUE,FALSE,TRUE
9975,ASV13354,TRUE,FALSE,FALSE
9976,ASV13357,TRUE,TRUE,FALSE
9977,ASV13358,TRUE,TRUE,FALSE
9978,ASV13359,TRUE,TRUE,FALSE
9979,ASV13363,TRUE,TRUE,FALSE
9980,ASV13364,TRUE,TRUE,FALSE
9981,ASV13365,TRUE,TRUE,FALSE
9982,ASV13367,TRUE,TRUE,FALSE
9983,ASV13372,TRUE,TRUE,FALSE
9984,ASV13377,TRUE,TRUE,FALSE
9985,ASV13379,TRUE,TRUE,FALSE
9986,ASV13380,TRUE,TRUE,FALSE
9987,ASV13381,TRUE,TRUE,FALSE
9988,ASV13384,TRUE,TRUE,FALSE
9989,ASV13387,TRUE,TRUE,FALSE
9990,ASV13390,TRUE,TRUE,FALSE
9991,ASV13391,TRUE,TRUE,FALSE
9992,ASV13392,TRUE,FALSE,TRUE
9993,ASV13393,TRUE,FALSE,TRUE
9994,ASV13394,TRUE,FALSE,TRUE
9995,ASV13396,TRUE,FALSE,TRUE
9996,ASV13397,TRUE,FALSE,TRUE
9997,ASV13399,TRUE,FALSE,TRUE
9998,ASV13402,TRUE,FALSE,TRUE
9999,ASV13405,TRUE,FALSE,TRUE
10000,ASV13407,TRUE,FALSE,TRUE
10001,ASV13410,TRUE,FALSE,TRUE
10002,ASV13411,TRUE,FALSE,TRUE
10003,ASV13412,TRUE,FALSE,TRUE
10004,ASV13414,TRUE,FALSE,TRUE
10005,ASV13416,TRUE,FALSE,TRUE
10006,ASV13418,TRUE,FALSE,TRUE
10007,ASV13419,TRUE,FALSE,TRUE
10008,ASV13422,TRUE,FALSE,TRUE
10009,ASV13423,TRUE,FALSE,TRUE
10010,ASV13424,TRUE,FALSE,TRUE
10011,ASV13426,TRUE,FALSE,TRUE
10012,ASV13427,TRUE,FALSE,TRUE
10013,ASV13429,TRUE,FALSE,FALSE
10014,ASV13431,TRUE,FALSE,TRUE
10015,ASV13433,TRUE,FALSE,TRUE
10016,ASV13434,TRUE,FALSE,TRUE
10017,ASV13435,TRUE,FALSE,TRUE
10018,ASV13436,TRUE,FALSE,TRUE
10019,ASV13437,TRUE,FALSE,TRUE
10020,ASV13438,TRUE,FALSE,TRUE
10021,ASV13439,TRUE,FALSE,TRUE
10022,ASV13440,TRUE,FALSE,TRUE
10023,ASV13441,TRUE,FALSE,TRUE
10024,ASV13444,TRUE,FALSE,TRUE
10025,ASV13448,TRUE,FALSE,TRUE
10026,ASV13449,TRUE,FALSE,TRUE
10027,ASV13450,TRUE,FALSE,TRUE
10028,ASV13451,TRUE,FALSE,TRUE
10029,ASV13452,TRUE,FALSE,TRUE
10030,ASV13454,TRUE,FALSE,TRUE
10031,ASV13457,TRUE,FALSE,TRUE
10032,ASV13458,TRUE,TRUE,FALSE
10033,ASV13460,TRUE,TRUE,FALSE
10034,ASV13462,TRUE,TRUE,FALSE
10035,ASV13463,TRUE,TRUE,FALSE
10036,ASV13464,TRUE,TRUE,FALSE
10037,ASV13465,TRUE,TRUE,FALSE
10038,ASV13466,TRUE,TRUE,FALSE
10039,ASV13467,TRUE,TRUE,FALSE
10040,ASV13468,TRUE,TRUE,FALSE
10041,ASV13470,TRUE,TRUE,FALSE
10042,ASV13471,TRUE,TRUE,FALSE
10043,ASV13472,TRUE,FALSE,TRUE
10044,ASV13473,TRUE,FALSE,TRUE
10045,ASV13475,TRUE,FALSE,TRUE
10046,ASV13476,TRUE,FALSE,TRUE
10047,ASV13477,TRUE,FALSE,TRUE
10048,ASV13478,TRUE,TRUE,FALSE
10049,ASV13479,TRUE,TRUE,FALSE
10050,ASV13480,TRUE,FALSE,TRUE
10051,ASV13481,TRUE,FALSE,TRUE
10052,ASV13482,TRUE,FALSE,TRUE
10053,ASV13483,TRUE,FALSE,TRUE
10054,ASV13484,TRUE,FALSE,TRUE
10055,ASV13485,TRUE,FALSE,TRUE
10056,ASV13488,TRUE,FALSE,TRUE
10057,ASV13489,TRUE,FALSE,TRUE
10058,ASV13491,TRUE,FALSE,TRUE
10059,ASV13492,TRUE,FALSE,TRUE
10060,ASV13493,FALSE,TRUE,TRUE
10061,ASV13494,FALSE,TRUE,TRUE
10062,ASV13495,FALSE,TRUE,TRUE
10063,ASV13496,FALSE,TRUE,TRUE
10064,ASV13497,FALSE,TRUE,TRUE
10065,ASV13498,FALSE,TRUE,TRUE
10066,ASV13499,FALSE,TRUE,TRUE
10067,ASV13501,FALSE,TRUE,TRUE
10068,ASV13502,FALSE,TRUE,TRUE
10069,ASV13503,FALSE,TRUE,TRUE
10070,ASV13504,FALSE,TRUE,TRUE
10071,ASV13524,TRUE,TRUE,FALSE
10072,ASV13527,TRUE,TRUE,FALSE
10073,ASV13530,TRUE,TRUE,FALSE
10074,ASV13531,TRUE,TRUE,FALSE
10075,ASV13533,TRUE,TRUE,FALSE
10076,ASV13535,TRUE,TRUE,FALSE
10077,ASV13536,TRUE,TRUE,FALSE
10078,ASV13537,TRUE,TRUE,FALSE
10079,ASV13538,TRUE,TRUE,FALSE
10080,ASV13541,TRUE,TRUE,FALSE
10081,ASV13542,TRUE,TRUE,FALSE
10082,ASV13543,TRUE,TRUE,FALSE
10083,ASV13544,TRUE,TRUE,FALSE
10084,ASV13546,TRUE,TRUE,FALSE
10085,ASV13547,TRUE,TRUE,FALSE
10086,ASV13548,TRUE,TRUE,FALSE
10087,ASV13549,TRUE,TRUE,FALSE
10088,ASV13550,TRUE,TRUE,FALSE
10089,ASV13551,TRUE,TRUE,FALSE
10090,ASV13553,TRUE,TRUE,FALSE
10091,ASV13554,TRUE,TRUE,FALSE
10092,ASV13556,FALSE,TRUE,FALSE
10093,ASV13558,TRUE,FALSE,FALSE
10094,ASV13561,FALSE,TRUE,TRUE
10095,ASV13562,FALSE,TRUE,TRUE
10096,ASV13563,FALSE,TRUE,TRUE
10097,ASV13564,FALSE,TRUE,TRUE
10098,ASV13565,FALSE,TRUE,TRUE
10099,ASV13566,FALSE,TRUE,TRUE
10100,ASV13567,FALSE,TRUE,TRUE
10101,ASV13569,FALSE,TRUE,TRUE
10102,ASV13570,TRUE,FALSE,TRUE
10103,ASV13572,TRUE,FALSE,TRUE
10104,ASV13573,TRUE,FALSE,TRUE
10105,ASV13574,TRUE,FALSE,TRUE
10106,ASV13576,TRUE,FALSE,TRUE
10107,ASV13577,TRUE,FALSE,TRUE
10108,ASV13578,TRUE,FALSE,TRUE
10109,ASV13579,TRUE,FALSE,TRUE
10110,ASV13580,TRUE,FALSE,TRUE
10111,ASV13581,TRUE,FALSE,TRUE
10112,ASV13583,TRUE,FALSE,TRUE
10113,ASV13584,TRUE,FALSE,TRUE
10114,ASV13588,TRUE,FALSE,TRUE
10115,ASV13589,TRUE,FALSE,TRUE
10116,ASV13592,TRUE,FALSE,TRUE
10117,ASV13594,TRUE,FALSE,TRUE
10118,ASV13596,TRUE,FALSE,TRUE
10119,ASV13600,TRUE,FALSE,TRUE
10120,ASV13601,TRUE,FALSE,TRUE
10121,ASV13603,TRUE,FALSE,TRUE
10122,ASV13604,TRUE,FALSE,TRUE
10123,ASV13605,TRUE,FALSE,TRUE
10124,ASV13606,TRUE,FALSE,TRUE
10125,ASV13608,TRUE,FALSE,TRUE
10126,ASV13609,TRUE,FALSE,TRUE
10127,ASV13610,TRUE,FALSE,TRUE
10128,ASV13612,TRUE,FALSE,TRUE
10129,ASV13613,TRUE,FALSE,TRUE
10130,ASV13614,TRUE,FALSE,TRUE
10131,ASV13615,TRUE,FALSE,TRUE
10132,ASV13617,TRUE,FALSE,TRUE
10133,ASV13618,TRUE,FALSE,TRUE
10134,ASV13619,TRUE,FALSE,TRUE
10135,ASV13620,TRUE,FALSE,TRUE
10136,ASV13621,TRUE,TRUE,FALSE
10137,ASV13622,TRUE,TRUE,FALSE
10138,ASV13623,TRUE,TRUE,FALSE
10139,ASV13624,TRUE,TRUE,FALSE
10140,ASV13626,TRUE,TRUE,FALSE
10141,ASV13627,TRUE,TRUE,FALSE
10142,ASV13628,TRUE,TRUE,FALSE
10143,ASV13629,TRUE,TRUE,FALSE
10144,ASV13631,TRUE,TRUE,FALSE
10145,ASV13633,TRUE,TRUE,FALSE
10146,ASV13634,TRUE,TRUE,FALSE
10147,ASV13636,TRUE,TRUE,FALSE
10148,ASV13637,TRUE,TRUE,FALSE
10149,ASV13638,FALSE,TRUE,FALSE
10150,ASV13640,TRUE,TRUE,FALSE
10151,ASV13641,TRUE,TRUE,FALSE
10152,ASV13642,TRUE,TRUE,FALSE
10153,ASV13644,TRUE,TRUE,FALSE
10154,ASV13646,TRUE,TRUE,FALSE
10155,ASV13647,TRUE,TRUE,FALSE
10156,ASV13648,TRUE,TRUE,FALSE
10157,ASV13650,TRUE,TRUE,FALSE
10158,ASV13654,TRUE,TRUE,FALSE
10159,ASV13657,TRUE,TRUE,FALSE
10160,ASV13658,TRUE,FALSE,TRUE
10161,ASV13659,TRUE,FALSE,TRUE
10162,ASV13660,TRUE,FALSE,TRUE
10163,ASV13663,TRUE,FALSE,TRUE
10164,ASV13664,TRUE,FALSE,TRUE
10165,ASV13666,TRUE,FALSE,TRUE
10166,ASV13668,TRUE,FALSE,TRUE
10167,ASV13669,TRUE,FALSE,TRUE
10168,ASV13670,TRUE,FALSE,TRUE
10169,ASV13671,TRUE,FALSE,TRUE
10170,ASV13675,TRUE,FALSE,TRUE
10171,ASV13676,TRUE,FALSE,TRUE
10172,ASV13677,TRUE,FALSE,TRUE
10173,ASV13678,TRUE,FALSE,TRUE
10174,ASV13679,TRUE,FALSE,TRUE
10175,ASV13681,TRUE,FALSE,TRUE
10176,ASV13682,TRUE,FALSE,TRUE
10177,ASV13686,TRUE,FALSE,TRUE
10178,ASV13692,TRUE,FALSE,TRUE
10179,ASV13693,TRUE,FALSE,TRUE
10180,ASV13695,TRUE,FALSE,TRUE
10181,ASV13697,TRUE,FALSE,TRUE
10182,ASV13699,TRUE,FALSE,TRUE
10183,ASV13701,TRUE,FALSE,TRUE
10184,ASV13702,TRUE,FALSE,TRUE
10185,ASV13703,TRUE,FALSE,TRUE
10186,ASV13704,TRUE,FALSE,TRUE
10187,ASV13705,TRUE,FALSE,TRUE
10188,ASV13708,TRUE,FALSE,TRUE
10189,ASV13709,TRUE,FALSE,TRUE
10190,ASV13710,TRUE,FALSE,TRUE
10191,ASV13711,TRUE,FALSE,TRUE
10192,ASV13712,TRUE,FALSE,TRUE
10193,ASV13713,TRUE,FALSE,TRUE
10194,ASV13714,TRUE,FALSE,TRUE
10195,ASV13716,TRUE,FALSE,TRUE
10196,ASV13717,TRUE,FALSE,TRUE
10197,ASV13719,TRUE,FALSE,TRUE
10198,ASV13720,TRUE,FALSE,TRUE
10199,ASV13723,TRUE,FALSE,TRUE
10200,ASV13726,TRUE,FALSE,TRUE
10201,ASV13728,TRUE,TRUE,FALSE
10202,ASV13729,TRUE,TRUE,FALSE
10203,ASV13730,TRUE,TRUE,FALSE
10204,ASV13731,TRUE,TRUE,FALSE
10205,ASV13732,TRUE,TRUE,FALSE
10206,ASV13733,TRUE,TRUE,FALSE
10207,ASV13734,TRUE,TRUE,FALSE
10208,ASV13735,TRUE,TRUE,FALSE
10209,ASV13736,TRUE,TRUE,FALSE
10210,ASV13738,TRUE,TRUE,FALSE
10211,ASV13739,TRUE,TRUE,FALSE
10212,ASV13740,TRUE,FALSE,TRUE
10213,ASV13741,TRUE,FALSE,TRUE
10214,ASV13743,TRUE,FALSE,TRUE
10215,ASV13744,TRUE,TRUE,FALSE
10216,ASV13745,TRUE,TRUE,FALSE
10217,ASV13747,TRUE,FALSE,TRUE
10218,ASV13748,TRUE,FALSE,TRUE
10219,ASV13749,TRUE,FALSE,TRUE
10220,ASV13750,TRUE,FALSE,TRUE
10221,ASV13751,TRUE,FALSE,TRUE
10222,ASV13755,FALSE,TRUE,TRUE
10223,ASV13756,FALSE,TRUE,TRUE
10224,ASV13757,FALSE,TRUE,TRUE
10225,ASV13758,FALSE,TRUE,TRUE
10226,ASV13759,FALSE,TRUE,TRUE
10227,ASV13760,FALSE,TRUE,TRUE
10228,ASV13761,FALSE,TRUE,TRUE
10229,ASV13762,FALSE,TRUE,TRUE
10230,ASV13763,FALSE,TRUE,TRUE
10231,ASV13764,FALSE,TRUE,TRUE
10232,ASV13785,TRUE,TRUE,FALSE
10233,ASV13789,TRUE,TRUE,FALSE
10234,ASV13790,TRUE,TRUE,FALSE
10235,ASV13791,TRUE,TRUE,FALSE
10236,ASV13792,TRUE,TRUE,FALSE
10237,ASV13793,TRUE,TRUE,FALSE
10238,ASV13794,TRUE,TRUE,FALSE
10239,ASV13796,TRUE,TRUE,FALSE
10240,ASV13797,TRUE,TRUE,FALSE
10241,ASV13799,TRUE,TRUE,FALSE
10242,ASV13801,TRUE,TRUE,FALSE
10243,ASV13802,TRUE,TRUE,FALSE
10244,ASV13803,TRUE,TRUE,FALSE
10245,ASV13805,TRUE,TRUE,FALSE
10246,ASV13806,TRUE,TRUE,FALSE
10247,ASV13808,TRUE,TRUE,FALSE
10248,ASV13810,TRUE,TRUE,FALSE
10249,ASV13812,TRUE,TRUE,FALSE
10250,ASV13813,TRUE,TRUE,FALSE
10251,ASV13814,TRUE,TRUE,FALSE
10252,ASV13816,TRUE,TRUE,FALSE
10253,ASV13819,TRUE,TRUE,FALSE
10254,ASV13820,TRUE,TRUE,FALSE
10255,ASV13822,TRUE,TRUE,FALSE
10256,ASV13825,FALSE,TRUE,TRUE
10257,ASV13826,FALSE,TRUE,TRUE
10258,ASV13828,FALSE,TRUE,TRUE
10259,ASV13829,FALSE,TRUE,TRUE
10260,ASV13830,FALSE,FALSE,TRUE
10261,ASV13832,FALSE,TRUE,TRUE
10262,ASV13833,FALSE,TRUE,TRUE
10263,ASV13835,FALSE,TRUE,TRUE
10264,ASV13836,FALSE,TRUE,TRUE
10265,ASV13837,TRUE,FALSE,TRUE
10266,ASV13839,TRUE,FALSE,TRUE
10267,ASV13842,TRUE,FALSE,TRUE
10268,ASV13845,TRUE,FALSE,TRUE
10269,ASV13848,TRUE,FALSE,TRUE
10270,ASV13852,TRUE,FALSE,TRUE
10271,ASV13853,TRUE,FALSE,FALSE
10272,ASV13854,TRUE,FALSE,FALSE
10273,ASV13856,TRUE,FALSE,TRUE
10274,ASV13860,TRUE,FALSE,TRUE
10275,ASV13862,TRUE,FALSE,TRUE
10276,ASV13863,TRUE,FALSE,TRUE
10277,ASV13864,TRUE,FALSE,TRUE
10278,ASV13866,TRUE,FALSE,TRUE
10279,ASV13867,TRUE,FALSE,TRUE
10280,ASV13868,TRUE,FALSE,TRUE
10281,ASV13869,TRUE,FALSE,TRUE
10282,ASV13870,TRUE,FALSE,TRUE
10283,ASV13871,TRUE,FALSE,TRUE
10284,ASV13872,TRUE,FALSE,TRUE
10285,ASV13873,TRUE,FALSE,TRUE
10286,ASV13874,TRUE,FALSE,TRUE
10287,ASV13875,TRUE,FALSE,FALSE
10288,ASV13879,TRUE,FALSE,TRUE
10289,ASV13880,TRUE,FALSE,TRUE
10290,ASV13884,TRUE,FALSE,TRUE
10291,ASV13885,TRUE,FALSE,TRUE
10292,ASV13886,TRUE,FALSE,TRUE
10293,ASV13887,TRUE,FALSE,TRUE
10294,ASV13888,TRUE,FALSE,TRUE
10295,ASV13890,TRUE,TRUE,FALSE
10296,ASV13891,TRUE,TRUE,FALSE
10297,ASV13892,TRUE,TRUE,FALSE
10298,ASV13893,TRUE,TRUE,FALSE
10299,ASV13894,TRUE,TRUE,FALSE
10300,ASV13896,TRUE,TRUE,FALSE
10301,ASV13897,TRUE,TRUE,FALSE
10302,ASV13898,TRUE,TRUE,FALSE
10303,ASV13900,TRUE,TRUE,FALSE
10304,ASV13903,TRUE,TRUE,FALSE
10305,ASV13904,TRUE,TRUE,FALSE
10306,ASV13905,TRUE,TRUE,FALSE
10307,ASV13906,TRUE,TRUE,FALSE
10308,ASV13907,TRUE,TRUE,FALSE
10309,ASV13908,TRUE,TRUE,FALSE
10310,ASV13910,TRUE,TRUE,FALSE
10311,ASV13911,TRUE,TRUE,FALSE
10312,ASV13912,TRUE,TRUE,FALSE
10313,ASV13913,TRUE,TRUE,FALSE
10314,ASV13917,TRUE,TRUE,FALSE
10315,ASV13922,TRUE,TRUE,FALSE
10316,ASV13923,TRUE,TRUE,FALSE
10317,ASV13924,TRUE,TRUE,FALSE
10318,ASV13925,TRUE,TRUE,FALSE
10319,ASV13926,TRUE,TRUE,FALSE
10320,ASV13930,TRUE,TRUE,FALSE
10321,ASV13931,TRUE,TRUE,FALSE
10322,ASV13932,TRUE,TRUE,FALSE
10323,ASV13933,TRUE,TRUE,FALSE
10324,ASV13936,TRUE,TRUE,FALSE
10325,ASV13937,FALSE,TRUE,FALSE
10326,ASV13938,TRUE,FALSE,TRUE
10327,ASV13939,TRUE,FALSE,TRUE
10328,ASV13940,TRUE,FALSE,TRUE
10329,ASV13942,TRUE,FALSE,TRUE
10330,ASV13944,TRUE,FALSE,TRUE
10331,ASV13945,TRUE,FALSE,TRUE
10332,ASV13946,TRUE,FALSE,TRUE
10333,ASV13947,TRUE,FALSE,TRUE
10334,ASV13948,TRUE,FALSE,TRUE
10335,ASV13949,TRUE,FALSE,TRUE
10336,ASV13953,TRUE,FALSE,TRUE
10337,ASV13954,TRUE,FALSE,TRUE
10338,ASV13955,TRUE,FALSE,TRUE
10339,ASV13956,TRUE,FALSE,TRUE
10340,ASV13960,TRUE,FALSE,TRUE
10341,ASV13961,TRUE,FALSE,TRUE
10342,ASV13962,TRUE,FALSE,TRUE
10343,ASV13965,TRUE,FALSE,TRUE
10344,ASV13967,TRUE,FALSE,TRUE
10345,ASV13969,TRUE,FALSE,TRUE
10346,ASV13971,TRUE,FALSE,TRUE
10347,ASV13972,TRUE,FALSE,TRUE
10348,ASV13973,TRUE,FALSE,TRUE
10349,ASV13974,TRUE,FALSE,TRUE
10350,ASV13977,TRUE,FALSE,TRUE
10351,ASV13978,TRUE,FALSE,TRUE
10352,ASV13979,TRUE,FALSE,TRUE
10353,ASV13980,TRUE,FALSE,TRUE
10354,ASV13981,TRUE,FALSE,TRUE
10355,ASV13982,TRUE,FALSE,TRUE
10356,ASV13984,TRUE,FALSE,TRUE
10357,ASV13987,TRUE,FALSE,TRUE
10358,ASV13988,TRUE,FALSE,TRUE
10359,ASV13989,TRUE,FALSE,TRUE
10360,ASV13990,TRUE,FALSE,TRUE
10361,ASV13991,TRUE,FALSE,TRUE
10362,ASV13992,TRUE,FALSE,TRUE
10363,ASV13996,TRUE,FALSE,TRUE
10364,ASV14001,TRUE,FALSE,TRUE
10365,ASV14003,TRUE,FALSE,TRUE
10366,ASV14004,TRUE,FALSE,TRUE
10367,ASV14008,TRUE,FALSE,TRUE
10368,ASV14010,TRUE,FALSE,TRUE
10369,ASV14013,TRUE,FALSE,TRUE
10370,ASV14014,TRUE,FALSE,TRUE
10371,ASV14016,TRUE,FALSE,TRUE
10372,ASV14017,TRUE,FALSE,TRUE
10373,ASV14018,TRUE,FALSE,TRUE
10374,ASV14019,TRUE,FALSE,TRUE
10375,ASV14023,TRUE,FALSE,TRUE
10376,ASV14024,TRUE,FALSE,TRUE
10377,ASV14026,TRUE,FALSE,TRUE
10378,ASV14027,TRUE,FALSE,TRUE
10379,ASV14028,TRUE,FALSE,TRUE
10380,ASV14031,TRUE,TRUE,FALSE
10381,ASV14033,TRUE,TRUE,FALSE
10382,ASV14034,TRUE,TRUE,FALSE
10383,ASV14037,TRUE,TRUE,FALSE
10384,ASV14038,TRUE,TRUE,FALSE
10385,ASV14039,TRUE,TRUE,FALSE
10386,ASV14040,TRUE,TRUE,FALSE
10387,ASV14041,TRUE,TRUE,FALSE
10388,ASV14042,TRUE,TRUE,FALSE
10389,ASV14044,TRUE,TRUE,FALSE
10390,ASV14046,TRUE,TRUE,FALSE
10391,ASV14047,TRUE,TRUE,FALSE
10392,ASV14048,TRUE,TRUE,FALSE
10393,ASV14049,TRUE,TRUE,FALSE
10394,ASV14050,TRUE,TRUE,FALSE
10395,ASV14051,TRUE,FALSE,TRUE
10396,ASV14053,TRUE,FALSE,TRUE
10397,ASV14054,TRUE,FALSE,TRUE
10398,ASV14055,TRUE,FALSE,TRUE
10399,ASV14056,TRUE,FALSE,TRUE
10400,ASV14057,TRUE,TRUE,FALSE
10401,ASV14058,TRUE,TRUE,FALSE
10402,ASV14059,TRUE,TRUE,FALSE
10403,ASV14060,TRUE,FALSE,TRUE
10404,ASV14061,TRUE,FALSE,TRUE
10405,ASV14062,TRUE,FALSE,TRUE
10406,ASV14063,TRUE,FALSE,TRUE
10407,ASV14064,TRUE,FALSE,TRUE
10408,ASV14065,TRUE,FALSE,TRUE
10409,ASV14066,TRUE,FALSE,TRUE
10410,ASV14067,TRUE,FALSE,TRUE
10411,ASV14068,TRUE,FALSE,TRUE
10412,ASV14069,TRUE,FALSE,TRUE
10413,ASV14072,FALSE,TRUE,TRUE
10414,ASV14073,FALSE,TRUE,TRUE
10415,ASV14074,FALSE,TRUE,TRUE
10416,ASV14075,FALSE,TRUE,TRUE
10417,ASV14076,FALSE,TRUE,TRUE
10418,ASV14077,FALSE,TRUE,TRUE
10419,ASV14078,FALSE,TRUE,TRUE
10420,ASV14079,FALSE,TRUE,TRUE
10421,ASV14080,FALSE,TRUE,TRUE
10422,ASV14099,FALSE,TRUE,FALSE
10423,ASV14100,TRUE,TRUE,FALSE
10424,ASV14101,TRUE,TRUE,FALSE
10425,ASV14103,TRUE,TRUE,FALSE
10426,ASV14104,TRUE,TRUE,FALSE
10427,ASV14105,TRUE,TRUE,FALSE
10428,ASV14106,TRUE,TRUE,FALSE
10429,ASV14107,TRUE,TRUE,FALSE
10430,ASV14108,TRUE,TRUE,FALSE
10431,ASV14109,TRUE,TRUE,FALSE
10432,ASV14110,TRUE,TRUE,FALSE
10433,ASV14111,TRUE,TRUE,FALSE
10434,ASV14112,TRUE,TRUE,FALSE
10435,ASV14113,TRUE,TRUE,FALSE
10436,ASV14114,TRUE,TRUE,FALSE
10437,ASV14115,TRUE,TRUE,FALSE
10438,ASV14116,TRUE,TRUE,FALSE
10439,ASV14118,TRUE,TRUE,FALSE
10440,ASV14119,TRUE,TRUE,FALSE
10441,ASV14122,TRUE,TRUE,FALSE
10442,ASV14125,TRUE,TRUE,FALSE
10443,ASV14127,TRUE,TRUE,FALSE
10444,ASV14128,TRUE,TRUE,FALSE
10445,ASV14129,TRUE,FALSE,FALSE
10446,ASV14130,FALSE,TRUE,TRUE
10447,ASV14131,FALSE,TRUE,TRUE
10448,ASV14132,FALSE,TRUE,TRUE
10449,ASV14133,FALSE,TRUE,TRUE
10450,ASV14134,FALSE,TRUE,TRUE
10451,ASV14135,FALSE,TRUE,TRUE
10452,ASV14138,FALSE,TRUE,TRUE
10453,ASV14139,FALSE,TRUE,TRUE
10454,ASV14140,FALSE,TRUE,TRUE
10455,ASV14141,FALSE,TRUE,TRUE
10456,ASV14142,FALSE,TRUE,FALSE
10457,ASV14143,FALSE,TRUE,TRUE
10458,ASV14145,TRUE,FALSE,TRUE
10459,ASV14148,TRUE,FALSE,TRUE
10460,ASV14149,TRUE,FALSE,TRUE
10461,ASV14153,TRUE,FALSE,TRUE
10462,ASV14154,TRUE,FALSE,TRUE
10463,ASV14158,TRUE,FALSE,TRUE
10464,ASV14159,TRUE,FALSE,TRUE
10465,ASV14160,TRUE,FALSE,TRUE
10466,ASV14161,TRUE,FALSE,TRUE
10467,ASV14165,TRUE,FALSE,TRUE
10468,ASV14166,TRUE,FALSE,TRUE
10469,ASV14168,TRUE,FALSE,TRUE
10470,ASV14169,TRUE,FALSE,TRUE
10471,ASV14170,TRUE,FALSE,TRUE
10472,ASV14173,TRUE,FALSE,TRUE
10473,ASV14174,TRUE,FALSE,TRUE
10474,ASV14177,TRUE,FALSE,TRUE
10475,ASV14179,TRUE,FALSE,TRUE
10476,ASV14181,TRUE,FALSE,TRUE
10477,ASV14183,TRUE,FALSE,TRUE
10478,ASV14184,TRUE,FALSE,TRUE
10479,ASV14186,TRUE,FALSE,TRUE
10480,ASV14188,TRUE,FALSE,TRUE
10481,ASV14189,TRUE,FALSE,TRUE
10482,ASV14193,TRUE,FALSE,TRUE
10483,ASV14194,TRUE,FALSE,TRUE
10484,ASV14195,TRUE,FALSE,TRUE
10485,ASV14196,TRUE,FALSE,TRUE
10486,ASV14197,TRUE,FALSE,TRUE
10487,ASV14199,TRUE,FALSE,TRUE
10488,ASV14200,TRUE,FALSE,TRUE
10489,ASV14201,TRUE,FALSE,TRUE
10490,ASV14202,TRUE,FALSE,TRUE
10491,ASV14203,TRUE,FALSE,TRUE
10492,ASV14204,TRUE,FALSE,TRUE
10493,ASV14207,TRUE,TRUE,FALSE
10494,ASV14208,TRUE,TRUE,FALSE
10495,ASV14210,TRUE,TRUE,FALSE
10496,ASV14212,TRUE,TRUE,FALSE
10497,ASV14215,TRUE,TRUE,FALSE
10498,ASV14216,TRUE,TRUE,FALSE
10499,ASV14217,TRUE,TRUE,FALSE
10500,ASV14219,TRUE,TRUE,FALSE
10501,ASV14224,TRUE,TRUE,FALSE
10502,ASV14225,TRUE,TRUE,FALSE
10503,ASV14226,TRUE,TRUE,FALSE
10504,ASV14227,TRUE,TRUE,FALSE
10505,ASV14229,TRUE,TRUE,FALSE
10506,ASV14230,TRUE,TRUE,FALSE
10507,ASV14231,TRUE,TRUE,FALSE
10508,ASV14232,TRUE,TRUE,FALSE
10509,ASV14234,TRUE,TRUE,FALSE
10510,ASV14235,TRUE,TRUE,FALSE
10511,ASV14236,TRUE,TRUE,FALSE
10512,ASV14239,TRUE,TRUE,FALSE
10513,ASV14240,TRUE,TRUE,FALSE
10514,ASV14242,TRUE,TRUE,FALSE
10515,ASV14248,TRUE,TRUE,FALSE
10516,ASV14249,TRUE,TRUE,FALSE
10517,ASV14251,TRUE,FALSE,TRUE
10518,ASV14252,TRUE,FALSE,TRUE
10519,ASV14253,TRUE,FALSE,TRUE
10520,ASV14254,TRUE,FALSE,TRUE
10521,ASV14257,TRUE,FALSE,TRUE
10522,ASV14259,TRUE,FALSE,TRUE
10523,ASV14260,TRUE,FALSE,TRUE
10524,ASV14261,TRUE,FALSE,TRUE
10525,ASV14266,TRUE,FALSE,TRUE
10526,ASV14267,TRUE,FALSE,TRUE
10527,ASV14268,TRUE,FALSE,TRUE
10528,ASV14270,TRUE,FALSE,TRUE
10529,ASV14271,TRUE,FALSE,TRUE
10530,ASV14272,TRUE,FALSE,TRUE
10531,ASV14279,TRUE,FALSE,TRUE
10532,ASV14280,TRUE,FALSE,TRUE
10533,ASV14281,TRUE,FALSE,TRUE
10534,ASV14282,TRUE,FALSE,TRUE
10535,ASV14283,TRUE,FALSE,TRUE
10536,ASV14284,TRUE,FALSE,TRUE
10537,ASV14285,TRUE,FALSE,TRUE
10538,ASV14287,TRUE,FALSE,TRUE
10539,ASV14288,TRUE,FALSE,TRUE
10540,ASV14289,TRUE,FALSE,TRUE
10541,ASV14291,TRUE,FALSE,TRUE
10542,ASV14294,TRUE,FALSE,TRUE
10543,ASV14295,TRUE,FALSE,TRUE
10544,ASV14296,TRUE,FALSE,TRUE
10545,ASV14297,TRUE,FALSE,TRUE
10546,ASV14298,TRUE,FALSE,TRUE
10547,ASV14300,TRUE,FALSE,TRUE
10548,ASV14301,TRUE,FALSE,TRUE
10549,ASV14303,TRUE,FALSE,TRUE
10550,ASV14304,TRUE,FALSE,TRUE
10551,ASV14308,TRUE,FALSE,TRUE
10552,ASV14310,TRUE,FALSE,TRUE
10553,ASV14311,TRUE,FALSE,TRUE
10554,ASV14312,TRUE,FALSE,TRUE
10555,ASV14313,TRUE,FALSE,TRUE
10556,ASV14314,TRUE,FALSE,TRUE
10557,ASV14316,TRUE,FALSE,TRUE
10558,ASV14318,TRUE,FALSE,TRUE
10559,ASV14320,TRUE,FALSE,TRUE
10560,ASV14321,TRUE,FALSE,TRUE
10561,ASV14322,TRUE,FALSE,FALSE
10562,ASV14323,TRUE,TRUE,FALSE
10563,ASV14324,TRUE,TRUE,FALSE
10564,ASV14325,TRUE,TRUE,FALSE
10565,ASV14326,TRUE,TRUE,FALSE
10566,ASV14329,TRUE,TRUE,FALSE
10567,ASV14332,TRUE,TRUE,FALSE
10568,ASV14333,TRUE,TRUE,FALSE
10569,ASV14334,TRUE,TRUE,FALSE
10570,ASV14335,TRUE,TRUE,FALSE
10571,ASV14336,TRUE,TRUE,FALSE
10572,ASV14337,TRUE,TRUE,FALSE
10573,ASV14338,TRUE,FALSE,TRUE
10574,ASV14339,TRUE,FALSE,TRUE
10575,ASV14340,TRUE,FALSE,TRUE
10576,ASV14341,TRUE,FALSE,TRUE
10577,ASV14342,TRUE,FALSE,TRUE
10578,ASV14343,TRUE,FALSE,TRUE
10579,ASV14344,TRUE,TRUE,FALSE
10580,ASV14345,TRUE,TRUE,FALSE
10581,ASV14346,TRUE,TRUE,FALSE
10582,ASV14347,TRUE,TRUE,FALSE
10583,ASV14349,TRUE,FALSE,TRUE
10584,ASV14350,TRUE,FALSE,TRUE
10585,ASV14351,TRUE,FALSE,TRUE
10586,ASV14352,TRUE,FALSE,TRUE
10587,ASV14354,TRUE,FALSE,TRUE
10588,ASV14355,TRUE,FALSE,TRUE
10589,ASV14356,TRUE,FALSE,TRUE
10590,ASV14357,TRUE,FALSE,TRUE
10591,ASV14359,TRUE,FALSE,TRUE
10592,ASV14361,TRUE,FALSE,TRUE
10593,ASV14362,TRUE,FALSE,TRUE
10594,ASV14363,TRUE,FALSE,TRUE
10595,ASV14364,FALSE,FALSE,TRUE
10596,ASV14365,FALSE,TRUE,TRUE
10597,ASV14368,FALSE,TRUE,TRUE
10598,ASV14369,FALSE,TRUE,TRUE
10599,ASV14370,FALSE,TRUE,TRUE
10600,ASV14372,FALSE,TRUE,TRUE
10601,ASV14373,FALSE,TRUE,TRUE
10602,ASV14393,TRUE,TRUE,FALSE
10603,ASV14395,TRUE,TRUE,FALSE
10604,ASV14396,TRUE,TRUE,FALSE
10605,ASV14397,TRUE,TRUE,FALSE
10606,ASV14398,TRUE,TRUE,FALSE
10607,ASV14399,TRUE,TRUE,FALSE
10608,ASV14400,TRUE,TRUE,FALSE
10609,ASV14401,TRUE,TRUE,FALSE
10610,ASV14402,TRUE,TRUE,FALSE
10611,ASV14403,TRUE,TRUE,FALSE
10612,ASV14404,TRUE,TRUE,FALSE
10613,ASV14405,TRUE,TRUE,FALSE
10614,ASV14408,TRUE,TRUE,FALSE
10615,ASV14412,TRUE,TRUE,FALSE
10616,ASV14414,TRUE,TRUE,FALSE
10617,ASV14415,TRUE,TRUE,FALSE
10618,ASV14417,TRUE,TRUE,FALSE
10619,ASV14418,TRUE,TRUE,FALSE
10620,ASV14419,TRUE,TRUE,FALSE
10621,ASV14420,TRUE,TRUE,FALSE
10622,ASV14424,TRUE,TRUE,FALSE
10623,ASV14425,TRUE,TRUE,FALSE
10624,ASV14426,TRUE,TRUE,FALSE
10625,ASV14427,TRUE,TRUE,FALSE
10626,ASV14429,TRUE,TRUE,FALSE
10627,ASV14432,TRUE,TRUE,FALSE
10628,ASV14433,FALSE,TRUE,FALSE
10629,ASV14435,FALSE,TRUE,TRUE
10630,ASV14436,FALSE,TRUE,TRUE
10631,ASV14438,FALSE,TRUE,TRUE
10632,ASV14440,FALSE,TRUE,TRUE
10633,ASV14441,FALSE,TRUE,TRUE
10634,ASV14442,FALSE,TRUE,TRUE
10635,ASV14443,FALSE,TRUE,FALSE
10636,ASV14444,FALSE,TRUE,TRUE
10637,ASV14446,FALSE,TRUE,TRUE
10638,ASV14448,FALSE,TRUE,TRUE
10639,ASV14449,FALSE,TRUE,TRUE
10640,ASV14454,FALSE,TRUE,TRUE
10641,ASV14456,TRUE,FALSE,TRUE
10642,ASV14457,TRUE,FALSE,TRUE
10643,ASV14459,TRUE,FALSE,TRUE
10644,ASV14460,TRUE,FALSE,TRUE
10645,ASV14461,TRUE,FALSE,TRUE
10646,ASV14463,TRUE,FALSE,TRUE
10647,ASV14464,TRUE,FALSE,TRUE
10648,ASV14466,TRUE,FALSE,TRUE
10649,ASV14467,TRUE,FALSE,TRUE
10650,ASV14468,TRUE,FALSE,TRUE
10651,ASV14469,TRUE,FALSE,TRUE
10652,ASV14470,TRUE,FALSE,TRUE
10653,ASV14471,TRUE,FALSE,TRUE
10654,ASV14472,TRUE,FALSE,TRUE
10655,ASV14473,TRUE,FALSE,TRUE
10656,ASV14474,TRUE,FALSE,TRUE
10657,ASV14475,TRUE,FALSE,TRUE
10658,ASV14476,TRUE,FALSE,TRUE
10659,ASV14478,TRUE,FALSE,TRUE
10660,ASV14480,TRUE,FALSE,FALSE
10661,ASV14481,TRUE,FALSE,TRUE
10662,ASV14483,TRUE,FALSE,TRUE
10663,ASV14484,TRUE,FALSE,TRUE
10664,ASV14486,TRUE,FALSE,TRUE
10665,ASV14487,TRUE,FALSE,TRUE
10666,ASV14488,TRUE,FALSE,TRUE
10667,ASV14489,TRUE,FALSE,TRUE
10668,ASV14490,TRUE,FALSE,TRUE
10669,ASV14493,TRUE,FALSE,TRUE
10670,ASV14496,TRUE,FALSE,TRUE
10671,ASV14497,TRUE,FALSE,TRUE
10672,ASV14500,TRUE,FALSE,TRUE
10673,ASV14501,TRUE,FALSE,TRUE
10674,ASV14502,TRUE,FALSE,TRUE
10675,ASV14503,TRUE,FALSE,TRUE
10676,ASV14504,TRUE,FALSE,TRUE
10677,ASV14505,TRUE,FALSE,TRUE
10678,ASV14507,TRUE,FALSE,TRUE
10679,ASV14508,TRUE,FALSE,TRUE
10680,ASV14509,TRUE,FALSE,TRUE
10681,ASV14510,TRUE,FALSE,TRUE
10682,ASV14511,TRUE,FALSE,TRUE
10683,ASV14513,TRUE,FALSE,TRUE
10684,ASV14517,TRUE,FALSE,TRUE
10685,ASV14519,TRUE,FALSE,TRUE
10686,ASV14520,TRUE,FALSE,FALSE
10687,ASV14521,TRUE,TRUE,FALSE
10688,ASV14522,TRUE,TRUE,FALSE
10689,ASV14523,TRUE,TRUE,FALSE
10690,ASV14524,TRUE,TRUE,FALSE
10691,ASV14526,TRUE,TRUE,FALSE
10692,ASV14528,TRUE,TRUE,FALSE
10693,ASV14530,TRUE,TRUE,FALSE
10694,ASV14531,TRUE,TRUE,FALSE
10695,ASV14533,TRUE,TRUE,FALSE
10696,ASV14534,TRUE,TRUE,FALSE
10697,ASV14536,TRUE,TRUE,FALSE
10698,ASV14537,TRUE,TRUE,FALSE
10699,ASV14539,TRUE,TRUE,FALSE
10700,ASV14540,TRUE,TRUE,FALSE
10701,ASV14541,TRUE,TRUE,FALSE
10702,ASV14543,TRUE,TRUE,FALSE
10703,ASV14544,TRUE,TRUE,FALSE
10704,ASV14545,TRUE,TRUE,FALSE
10705,ASV14546,TRUE,TRUE,FALSE
10706,ASV14548,TRUE,TRUE,FALSE
10707,ASV14549,TRUE,TRUE,FALSE
10708,ASV14550,TRUE,TRUE,FALSE
10709,ASV14551,TRUE,TRUE,FALSE
10710,ASV14552,TRUE,TRUE,FALSE
10711,ASV14553,TRUE,TRUE,FALSE
10712,ASV14556,TRUE,TRUE,FALSE
10713,ASV14557,TRUE,TRUE,FALSE
10714,ASV14558,TRUE,TRUE,FALSE
10715,ASV14559,TRUE,TRUE,FALSE
10716,ASV14560,TRUE,TRUE,FALSE
10717,ASV14562,TRUE,TRUE,FALSE
10718,ASV14565,TRUE,FALSE,TRUE
10719,ASV14566,TRUE,FALSE,TRUE
10720,ASV14570,TRUE,FALSE,TRUE
10721,ASV14572,TRUE,FALSE,TRUE
10722,ASV14573,TRUE,FALSE,TRUE
10723,ASV14574,TRUE,FALSE,TRUE
10724,ASV14575,TRUE,FALSE,TRUE
10725,ASV14576,TRUE,FALSE,TRUE
10726,ASV14577,TRUE,FALSE,TRUE
10727,ASV14578,TRUE,FALSE,TRUE
10728,ASV14580,TRUE,FALSE,TRUE
10729,ASV14581,TRUE,FALSE,TRUE
10730,ASV14583,TRUE,FALSE,TRUE
10731,ASV14586,TRUE,FALSE,TRUE
10732,ASV14587,TRUE,FALSE,TRUE
10733,ASV14588,TRUE,FALSE,TRUE
10734,ASV14589,TRUE,FALSE,TRUE
10735,ASV14590,TRUE,FALSE,TRUE
10736,ASV14591,TRUE,FALSE,TRUE
10737,ASV14593,TRUE,FALSE,TRUE
10738,ASV14595,TRUE,FALSE,TRUE
10739,ASV14596,TRUE,FALSE,TRUE
10740,ASV14597,TRUE,FALSE,TRUE
10741,ASV14598,TRUE,FALSE,TRUE
10742,ASV14599,TRUE,FALSE,TRUE
10743,ASV14600,TRUE,FALSE,TRUE
10744,ASV14602,TRUE,FALSE,TRUE
10745,ASV14605,TRUE,FALSE,TRUE
10746,ASV14606,TRUE,FALSE,TRUE
10747,ASV14609,TRUE,FALSE,FALSE
10748,ASV14614,TRUE,FALSE,TRUE
10749,ASV14616,TRUE,FALSE,TRUE
10750,ASV14618,TRUE,FALSE,TRUE
10751,ASV14619,TRUE,FALSE,TRUE
10752,ASV14621,TRUE,FALSE,TRUE
10753,ASV14622,TRUE,FALSE,TRUE
10754,ASV14625,TRUE,FALSE,TRUE
10755,ASV14626,TRUE,FALSE,TRUE
10756,ASV14627,TRUE,FALSE,TRUE
10757,ASV14628,TRUE,FALSE,TRUE
10758,ASV14630,TRUE,FALSE,TRUE
10759,ASV14632,TRUE,FALSE,TRUE
10760,ASV14633,TRUE,FALSE,TRUE
10761,ASV14634,TRUE,FALSE,TRUE
10762,ASV14635,TRUE,FALSE,TRUE
10763,ASV14636,TRUE,FALSE,TRUE
10764,ASV14637,TRUE,FALSE,TRUE
10765,ASV14639,TRUE,FALSE,TRUE
10766,ASV14640,TRUE,FALSE,TRUE
10767,ASV14642,TRUE,FALSE,TRUE
10768,ASV14643,TRUE,FALSE,TRUE
10769,ASV14645,TRUE,FALSE,TRUE
10770,ASV14646,TRUE,FALSE,TRUE
10771,ASV14648,TRUE,FALSE,TRUE
10772,ASV14649,TRUE,FALSE,TRUE
10773,ASV14650,TRUE,FALSE,TRUE
10774,ASV14651,TRUE,FALSE,TRUE
10775,ASV14653,TRUE,FALSE,TRUE
10776,ASV14654,TRUE,FALSE,TRUE
10777,ASV14658,TRUE,TRUE,FALSE
10778,ASV14659,TRUE,TRUE,FALSE
10779,ASV14661,TRUE,TRUE,FALSE
10780,ASV14662,TRUE,TRUE,FALSE
10781,ASV14663,TRUE,TRUE,FALSE
10782,ASV14665,TRUE,TRUE,FALSE
10783,ASV14666,TRUE,TRUE,FALSE
10784,ASV14667,TRUE,TRUE,FALSE
10785,ASV14668,TRUE,TRUE,FALSE
10786,ASV14669,TRUE,TRUE,FALSE
10787,ASV14670,TRUE,TRUE,FALSE
10788,ASV14671,TRUE,TRUE,FALSE
10789,ASV14673,TRUE,FALSE,TRUE
10790,ASV14674,TRUE,FALSE,TRUE
10791,ASV14675,TRUE,FALSE,TRUE
10792,ASV14676,TRUE,FALSE,TRUE
10793,ASV14678,TRUE,FALSE,TRUE
10794,ASV14680,TRUE,FALSE,TRUE
10795,ASV14685,TRUE,TRUE,FALSE
10796,ASV14686,TRUE,TRUE,FALSE
10797,ASV14687,TRUE,FALSE,TRUE
10798,ASV14689,TRUE,FALSE,TRUE
10799,ASV14690,TRUE,FALSE,TRUE
10800,ASV14693,TRUE,FALSE,TRUE
10801,ASV14694,TRUE,FALSE,TRUE
10802,ASV14695,TRUE,FALSE,TRUE
10803,ASV14698,FALSE,TRUE,TRUE
10804,ASV14699,FALSE,TRUE,TRUE
10805,ASV14702,FALSE,TRUE,TRUE
10806,ASV14703,FALSE,TRUE,TRUE
10807,ASV14704,FALSE,TRUE,TRUE
10808,ASV14707,FALSE,TRUE,TRUE
10809,ASV14708,FALSE,TRUE,TRUE
10810,ASV14730,TRUE,TRUE,FALSE
10811,ASV14733,TRUE,TRUE,FALSE
10812,ASV14734,TRUE,TRUE,FALSE
10813,ASV14736,TRUE,TRUE,FALSE
10814,ASV14739,TRUE,TRUE,FALSE
10815,ASV14742,TRUE,TRUE,FALSE
10816,ASV14743,TRUE,TRUE,FALSE
10817,ASV14745,TRUE,TRUE,FALSE
10818,ASV14746,TRUE,TRUE,FALSE
10819,ASV14750,TRUE,TRUE,FALSE
10820,ASV14751,TRUE,TRUE,FALSE
10821,ASV14752,TRUE,TRUE,FALSE
10822,ASV14754,TRUE,TRUE,FALSE
10823,ASV14756,TRUE,TRUE,FALSE
10824,ASV14758,TRUE,TRUE,FALSE
10825,ASV14759,TRUE,TRUE,FALSE
10826,ASV14760,TRUE,TRUE,FALSE
10827,ASV14761,TRUE,TRUE,FALSE
10828,ASV14762,TRUE,TRUE,FALSE
10829,ASV14763,TRUE,TRUE,FALSE
10830,ASV14765,TRUE,TRUE,FALSE
10831,ASV14766,TRUE,TRUE,FALSE
10832,ASV14768,TRUE,TRUE,FALSE
10833,ASV14770,TRUE,TRUE,FALSE
10834,ASV14773,FALSE,TRUE,TRUE
10835,ASV14774,FALSE,TRUE,TRUE
10836,ASV14775,FALSE,TRUE,TRUE
10837,ASV14777,FALSE,TRUE,TRUE
10838,ASV14779,TRUE,FALSE,TRUE
10839,ASV14782,TRUE,FALSE,TRUE
10840,ASV14785,TRUE,FALSE,TRUE
10841,ASV14789,TRUE,FALSE,TRUE
10842,ASV14790,TRUE,FALSE,TRUE
10843,ASV14792,TRUE,FALSE,TRUE
10844,ASV14794,TRUE,FALSE,TRUE
10845,ASV14795,TRUE,FALSE,TRUE
10846,ASV14797,TRUE,FALSE,TRUE
10847,ASV14798,TRUE,FALSE,TRUE
10848,ASV14799,TRUE,FALSE,TRUE
10849,ASV14804,TRUE,FALSE,TRUE
10850,ASV14805,TRUE,FALSE,TRUE
10851,ASV14806,TRUE,FALSE,TRUE
10852,ASV14807,TRUE,FALSE,TRUE
10853,ASV14808,TRUE,FALSE,TRUE
10854,ASV14809,TRUE,FALSE,TRUE
10855,ASV14810,TRUE,FALSE,TRUE
10856,ASV14813,TRUE,FALSE,TRUE
10857,ASV14815,TRUE,FALSE,TRUE
10858,ASV14816,TRUE,FALSE,TRUE
10859,ASV14817,TRUE,FALSE,TRUE
10860,ASV14818,TRUE,FALSE,TRUE
10861,ASV14821,TRUE,FALSE,TRUE
10862,ASV14822,TRUE,FALSE,TRUE
10863,ASV14825,TRUE,FALSE,FALSE
10864,ASV14829,TRUE,TRUE,FALSE
10865,ASV14830,TRUE,TRUE,FALSE
10866,ASV14832,TRUE,TRUE,FALSE
10867,ASV14833,TRUE,TRUE,FALSE
10868,ASV14835,TRUE,TRUE,FALSE
10869,ASV14836,TRUE,TRUE,FALSE
10870,ASV14840,TRUE,TRUE,FALSE
10871,ASV14842,TRUE,TRUE,FALSE
10872,ASV14843,TRUE,TRUE,FALSE
10873,ASV14847,TRUE,TRUE,FALSE
10874,ASV14848,TRUE,TRUE,FALSE
10875,ASV14849,TRUE,TRUE,FALSE
10876,ASV14850,TRUE,TRUE,FALSE
10877,ASV14851,TRUE,TRUE,FALSE
10878,ASV14852,TRUE,TRUE,FALSE
10879,ASV14853,TRUE,TRUE,FALSE
10880,ASV14855,TRUE,TRUE,FALSE
10881,ASV14856,TRUE,TRUE,FALSE
10882,ASV14858,TRUE,TRUE,FALSE
10883,ASV14860,TRUE,TRUE,FALSE
10884,ASV14861,TRUE,TRUE,FALSE
10885,ASV14862,TRUE,TRUE,FALSE
10886,ASV14870,TRUE,TRUE,FALSE
10887,ASV14873,TRUE,TRUE,FALSE
10888,ASV14874,TRUE,TRUE,FALSE
10889,ASV14875,TRUE,TRUE,FALSE
10890,ASV14876,TRUE,TRUE,FALSE
10891,ASV14877,TRUE,FALSE,TRUE
10892,ASV14878,TRUE,FALSE,TRUE
10893,ASV14881,TRUE,FALSE,TRUE
10894,ASV14883,TRUE,FALSE,TRUE
10895,ASV14884,TRUE,FALSE,TRUE
10896,ASV14885,TRUE,FALSE,TRUE
10897,ASV14886,TRUE,FALSE,TRUE
10898,ASV14887,TRUE,FALSE,TRUE
10899,ASV14889,TRUE,FALSE,TRUE
10900,ASV14890,TRUE,FALSE,TRUE
10901,ASV14891,TRUE,FALSE,TRUE
10902,ASV14892,TRUE,FALSE,TRUE
10903,ASV14893,TRUE,FALSE,TRUE
10904,ASV14894,TRUE,FALSE,TRUE
10905,ASV14895,TRUE,FALSE,TRUE
10906,ASV14897,TRUE,FALSE,TRUE
10907,ASV14899,TRUE,FALSE,TRUE
10908,ASV14900,TRUE,FALSE,TRUE
10909,ASV14901,TRUE,FALSE,TRUE
10910,ASV14902,TRUE,FALSE,TRUE
10911,ASV14903,TRUE,FALSE,TRUE
10912,ASV14904,TRUE,FALSE,TRUE
10913,ASV14907,TRUE,FALSE,TRUE
10914,ASV14908,TRUE,FALSE,TRUE
10915,ASV14909,TRUE,FALSE,TRUE
10916,ASV14911,TRUE,FALSE,TRUE
10917,ASV14912,TRUE,FALSE,TRUE
10918,ASV14916,TRUE,FALSE,TRUE
10919,ASV14917,TRUE,FALSE,TRUE
10920,ASV14919,TRUE,FALSE,TRUE
10921,ASV14920,TRUE,FALSE,TRUE
10922,ASV14921,TRUE,FALSE,TRUE
10923,ASV14922,TRUE,FALSE,TRUE
10924,ASV14925,TRUE,FALSE,TRUE
10925,ASV14926,TRUE,FALSE,TRUE
10926,ASV14928,TRUE,FALSE,TRUE
10927,ASV14930,TRUE,FALSE,TRUE
10928,ASV14931,TRUE,FALSE,TRUE
10929,ASV14933,TRUE,FALSE,TRUE
10930,ASV14936,TRUE,FALSE,TRUE
10931,ASV14938,TRUE,FALSE,TRUE
10932,ASV14939,TRUE,FALSE,TRUE
10933,ASV14944,TRUE,FALSE,TRUE
10934,ASV14945,TRUE,FALSE,TRUE
10935,ASV14946,TRUE,FALSE,TRUE
10936,ASV14951,TRUE,TRUE,FALSE
10937,ASV14953,TRUE,TRUE,FALSE
10938,ASV14954,TRUE,TRUE,FALSE
10939,ASV14956,TRUE,TRUE,FALSE
10940,ASV14962,TRUE,FALSE,TRUE
10941,ASV14963,TRUE,FALSE,TRUE
10942,ASV14964,TRUE,FALSE,TRUE
10943,ASV14966,TRUE,FALSE,TRUE
10944,ASV14967,TRUE,FALSE,TRUE
10945,ASV14969,TRUE,FALSE,TRUE
10946,ASV14970,TRUE,FALSE,TRUE
10947,ASV14971,TRUE,FALSE,TRUE
10948,ASV14972,TRUE,FALSE,TRUE
10949,ASV14973,TRUE,TRUE,FALSE
10950,ASV14974,TRUE,TRUE,FALSE
10951,ASV14975,TRUE,TRUE,FALSE
10952,ASV14977,TRUE,TRUE,FALSE
10953,ASV14978,FALSE,TRUE,FALSE
10954,ASV14979,TRUE,FALSE,TRUE
10955,ASV14980,TRUE,FALSE,TRUE
10956,ASV14982,TRUE,FALSE,TRUE
10957,ASV14984,TRUE,FALSE,TRUE
10958,ASV14985,TRUE,FALSE,TRUE
10959,ASV14986,TRUE,FALSE,TRUE
10960,ASV14987,TRUE,FALSE,TRUE
10961,ASV14988,TRUE,FALSE,TRUE
10962,ASV14989,TRUE,FALSE,TRUE
10963,ASV14990,TRUE,FALSE,TRUE
10964,ASV14991,TRUE,FALSE,TRUE
10965,ASV14993,TRUE,FALSE,TRUE
10966,ASV14994,TRUE,FALSE,TRUE
10967,ASV14996,FALSE,TRUE,TRUE
10968,ASV14997,FALSE,TRUE,TRUE
10969,ASV14998,FALSE,TRUE,TRUE
10970,ASV15000,FALSE,TRUE,TRUE
10971,ASV15002,FALSE,TRUE,TRUE
10972,ASV15004,FALSE,TRUE,TRUE
10973,ASV15005,FALSE,TRUE,TRUE
10974,ASV15024,TRUE,TRUE,FALSE
10975,ASV15025,TRUE,TRUE,FALSE
10976,ASV15026,TRUE,TRUE,FALSE
10977,ASV15028,TRUE,TRUE,FALSE
10978,ASV15029,TRUE,TRUE,FALSE
10979,ASV15030,TRUE,TRUE,FALSE
10980,ASV15031,TRUE,TRUE,FALSE
10981,ASV15032,TRUE,TRUE,FALSE
10982,ASV15033,TRUE,TRUE,FALSE
10983,ASV15035,TRUE,TRUE,FALSE
10984,ASV15036,TRUE,TRUE,FALSE
10985,ASV15037,TRUE,TRUE,FALSE
10986,ASV15039,TRUE,TRUE,FALSE
10987,ASV15040,TRUE,TRUE,FALSE
10988,ASV15041,TRUE,TRUE,FALSE
10989,ASV15043,TRUE,TRUE,FALSE
10990,ASV15045,TRUE,TRUE,FALSE
10991,ASV15046,TRUE,TRUE,FALSE
10992,ASV15048,TRUE,TRUE,FALSE
10993,ASV15051,TRUE,TRUE,FALSE
10994,ASV15053,TRUE,TRUE,FALSE
10995,ASV15054,TRUE,TRUE,FALSE
10996,ASV15055,TRUE,TRUE,FALSE
10997,ASV15057,TRUE,TRUE,FALSE
10998,ASV15058,TRUE,TRUE,FALSE
10999,ASV15063,TRUE,TRUE,FALSE
11000,ASV15065,TRUE,TRUE,FALSE
11001,ASV15066,TRUE,TRUE,FALSE
11002,ASV15068,TRUE,TRUE,FALSE
11003,ASV15069,FALSE,TRUE,TRUE
11004,ASV15070,FALSE,TRUE,TRUE
11005,ASV15072,FALSE,TRUE,TRUE
11006,ASV15074,FALSE,TRUE,TRUE
11007,ASV15078,FALSE,TRUE,TRUE
11008,ASV15079,FALSE,TRUE,TRUE
11009,ASV15080,FALSE,TRUE,FALSE
11010,ASV15084,FALSE,TRUE,TRUE
11011,ASV15085,TRUE,FALSE,TRUE
11012,ASV15086,TRUE,FALSE,TRUE
11013,ASV15089,TRUE,FALSE,TRUE
11014,ASV15090,TRUE,FALSE,TRUE
11015,ASV15091,TRUE,FALSE,TRUE
11016,ASV15093,TRUE,FALSE,TRUE
11017,ASV15094,TRUE,FALSE,TRUE
11018,ASV15095,TRUE,FALSE,TRUE
11019,ASV15098,TRUE,FALSE,TRUE
11020,ASV15102,TRUE,FALSE,TRUE
11021,ASV15103,TRUE,FALSE,TRUE
11022,ASV15105,TRUE,FALSE,TRUE
11023,ASV15106,TRUE,FALSE,TRUE
11024,ASV15108,TRUE,FALSE,TRUE
11025,ASV15111,TRUE,FALSE,TRUE
11026,ASV15116,TRUE,FALSE,TRUE
11027,ASV15118,TRUE,FALSE,TRUE
11028,ASV15119,TRUE,FALSE,TRUE
11029,ASV15123,TRUE,FALSE,TRUE
11030,ASV15124,TRUE,FALSE,TRUE
11031,ASV15126,TRUE,FALSE,TRUE
11032,ASV15128,TRUE,FALSE,TRUE
11033,ASV15129,TRUE,FALSE,TRUE
11034,ASV15130,TRUE,FALSE,TRUE
11035,ASV15131,TRUE,FALSE,TRUE
11036,ASV15134,TRUE,FALSE,TRUE
11037,ASV15135,TRUE,FALSE,TRUE
11038,ASV15136,TRUE,FALSE,TRUE
11039,ASV15138,TRUE,TRUE,FALSE
11040,ASV15139,TRUE,TRUE,FALSE
11041,ASV15140,TRUE,TRUE,FALSE
11042,ASV15141,TRUE,TRUE,FALSE
11043,ASV15142,TRUE,TRUE,FALSE
11044,ASV15143,TRUE,TRUE,FALSE
11045,ASV15144,TRUE,TRUE,FALSE
11046,ASV15146,TRUE,TRUE,FALSE
11047,ASV15147,TRUE,TRUE,FALSE
11048,ASV15148,TRUE,TRUE,FALSE
11049,ASV15149,TRUE,TRUE,FALSE
11050,ASV15152,TRUE,TRUE,FALSE
11051,ASV15153,TRUE,TRUE,FALSE
11052,ASV15154,TRUE,TRUE,FALSE
11053,ASV15156,TRUE,TRUE,FALSE
11054,ASV15158,TRUE,TRUE,FALSE
11055,ASV15159,TRUE,TRUE,FALSE
11056,ASV15161,TRUE,TRUE,FALSE
11057,ASV15162,TRUE,TRUE,FALSE
11058,ASV15163,TRUE,TRUE,FALSE
11059,ASV15164,TRUE,TRUE,FALSE
11060,ASV15165,TRUE,TRUE,FALSE
11061,ASV15167,TRUE,TRUE,FALSE
11062,ASV15168,TRUE,TRUE,FALSE
11063,ASV15169,TRUE,TRUE,FALSE
11064,ASV15170,TRUE,TRUE,FALSE
11065,ASV15171,TRUE,TRUE,FALSE
11066,ASV15173,TRUE,TRUE,FALSE
11067,ASV15174,TRUE,TRUE,FALSE
11068,ASV15175,TRUE,TRUE,FALSE
11069,ASV15178,TRUE,TRUE,FALSE
11070,ASV15180,TRUE,TRUE,FALSE
11071,ASV15181,TRUE,TRUE,FALSE
11072,ASV15182,TRUE,TRUE,FALSE
11073,ASV15183,TRUE,TRUE,FALSE
11074,ASV15184,TRUE,TRUE,FALSE
11075,ASV15186,TRUE,TRUE,FALSE
11076,ASV15187,TRUE,TRUE,FALSE
11077,ASV15188,TRUE,TRUE,FALSE
11078,ASV15189,TRUE,TRUE,FALSE
11079,ASV15190,TRUE,TRUE,FALSE
11080,ASV15191,TRUE,TRUE,FALSE
11081,ASV15195,TRUE,TRUE,FALSE
11082,ASV15198,TRUE,TRUE,FALSE
11083,ASV15199,TRUE,TRUE,FALSE
11084,ASV15200,TRUE,TRUE,FALSE
11085,ASV15206,TRUE,FALSE,TRUE
11086,ASV15207,TRUE,FALSE,TRUE
11087,ASV15208,TRUE,FALSE,TRUE
11088,ASV15210,TRUE,FALSE,TRUE
11089,ASV15211,TRUE,FALSE,TRUE
11090,ASV15212,TRUE,FALSE,TRUE
11091,ASV15213,TRUE,FALSE,TRUE
11092,ASV15217,TRUE,FALSE,TRUE
11093,ASV15219,TRUE,FALSE,TRUE
11094,ASV15221,TRUE,FALSE,TRUE
11095,ASV15225,TRUE,FALSE,TRUE
11096,ASV15227,TRUE,FALSE,TRUE
11097,ASV15230,TRUE,FALSE,TRUE
11098,ASV15231,TRUE,FALSE,TRUE
11099,ASV15232,TRUE,FALSE,TRUE
11100,ASV15234,TRUE,FALSE,TRUE
11101,ASV15237,TRUE,FALSE,TRUE
11102,ASV15238,TRUE,FALSE,TRUE
11103,ASV15240,TRUE,FALSE,TRUE
11104,ASV15243,TRUE,FALSE,TRUE
11105,ASV15244,TRUE,FALSE,TRUE
11106,ASV15245,TRUE,FALSE,TRUE
11107,ASV15247,TRUE,FALSE,TRUE
11108,ASV15250,TRUE,FALSE,TRUE
11109,ASV15252,TRUE,FALSE,TRUE
11110,ASV15253,TRUE,FALSE,TRUE
11111,ASV15254,TRUE,FALSE,TRUE
11112,ASV15256,TRUE,FALSE,TRUE
11113,ASV15259,TRUE,FALSE,TRUE
11114,ASV15261,TRUE,FALSE,TRUE
11115,ASV15263,TRUE,FALSE,TRUE
11116,ASV15264,TRUE,FALSE,TRUE
11117,ASV15265,TRUE,FALSE,TRUE
11118,ASV15267,TRUE,FALSE,TRUE
11119,ASV15268,TRUE,FALSE,TRUE
11120,ASV15270,TRUE,FALSE,TRUE
11121,ASV15271,TRUE,FALSE,TRUE
11122,ASV15272,TRUE,FALSE,TRUE
11123,ASV15273,TRUE,FALSE,TRUE
11124,ASV15274,TRUE,FALSE,TRUE
11125,ASV15275,TRUE,FALSE,TRUE
11126,ASV15276,TRUE,FALSE,TRUE
11127,ASV15277,TRUE,FALSE,TRUE
11128,ASV15281,TRUE,FALSE,TRUE
11129,ASV15283,TRUE,FALSE,TRUE
11130,ASV15285,TRUE,FALSE,TRUE
11131,ASV15286,TRUE,FALSE,TRUE
11132,ASV15287,TRUE,TRUE,FALSE
11133,ASV15288,TRUE,TRUE,FALSE
11134,ASV15289,TRUE,TRUE,FALSE
11135,ASV15290,TRUE,TRUE,FALSE
11136,ASV15291,TRUE,TRUE,FALSE
11137,ASV15292,TRUE,TRUE,FALSE
11138,ASV15294,TRUE,TRUE,FALSE
11139,ASV15296,TRUE,TRUE,FALSE
11140,ASV15297,TRUE,TRUE,FALSE
11141,ASV15300,TRUE,TRUE,FALSE
11142,ASV15302,TRUE,FALSE,TRUE
11143,ASV15303,TRUE,FALSE,TRUE
11144,ASV15307,TRUE,FALSE,TRUE
11145,ASV15308,TRUE,TRUE,FALSE
11146,ASV15310,TRUE,TRUE,FALSE
11147,ASV15312,TRUE,TRUE,FALSE
11148,ASV15313,TRUE,TRUE,FALSE
11149,ASV15315,TRUE,FALSE,TRUE
11150,ASV15316,TRUE,FALSE,TRUE
11151,ASV15317,TRUE,FALSE,TRUE
11152,ASV15318,TRUE,FALSE,TRUE
11153,ASV15319,TRUE,FALSE,TRUE
11154,ASV15320,TRUE,FALSE,TRUE
11155,ASV15325,FALSE,TRUE,TRUE
11156,ASV15327,FALSE,TRUE,TRUE
11157,ASV15328,FALSE,TRUE,TRUE
11158,ASV15329,FALSE,TRUE,TRUE
11159,ASV15331,FALSE,TRUE,TRUE
11160,ASV15333,FALSE,TRUE,TRUE
11161,ASV15335,FALSE,TRUE,TRUE
11162,ASV15351,TRUE,TRUE,FALSE
11163,ASV15354,TRUE,TRUE,FALSE
11164,ASV15355,TRUE,TRUE,FALSE
11165,ASV15356,TRUE,TRUE,FALSE
11166,ASV15357,TRUE,TRUE,FALSE
11167,ASV15358,TRUE,TRUE,FALSE
11168,ASV15363,TRUE,TRUE,FALSE
11169,ASV15365,TRUE,TRUE,FALSE
11170,ASV15367,TRUE,TRUE,FALSE
11171,ASV15369,TRUE,TRUE,FALSE
11172,ASV15370,TRUE,TRUE,FALSE
11173,ASV15371,TRUE,TRUE,FALSE
11174,ASV15372,TRUE,TRUE,FALSE
11175,ASV15373,TRUE,TRUE,FALSE
11176,ASV15374,TRUE,TRUE,FALSE
11177,ASV15375,TRUE,TRUE,FALSE
11178,ASV15376,TRUE,TRUE,FALSE
11179,ASV15378,TRUE,TRUE,FALSE
11180,ASV15380,TRUE,TRUE,FALSE
11181,ASV15381,TRUE,TRUE,FALSE
11182,ASV15382,TRUE,TRUE,FALSE
11183,ASV15383,TRUE,TRUE,FALSE
11184,ASV15384,TRUE,TRUE,FALSE
11185,ASV15385,TRUE,TRUE,FALSE
11186,ASV15386,TRUE,TRUE,FALSE
11187,ASV15387,TRUE,TRUE,FALSE
11188,ASV15388,TRUE,TRUE,FALSE
11189,ASV15389,TRUE,TRUE,FALSE
11190,ASV15390,TRUE,TRUE,FALSE
11191,ASV15392,TRUE,TRUE,FALSE
11192,ASV15393,TRUE,TRUE,FALSE
11193,ASV15395,TRUE,TRUE,FALSE
11194,ASV15396,TRUE,TRUE,FALSE
11195,ASV15399,TRUE,TRUE,FALSE
11196,ASV15400,TRUE,TRUE,FALSE
11197,ASV15402,TRUE,TRUE,FALSE
11198,ASV15403,FALSE,TRUE,TRUE
11199,ASV15404,FALSE,TRUE,TRUE
11200,ASV15405,FALSE,TRUE,TRUE
11201,ASV15406,FALSE,TRUE,TRUE
11202,ASV15408,FALSE,TRUE,TRUE
11203,ASV15410,FALSE,TRUE,TRUE
11204,ASV15411,FALSE,TRUE,TRUE
11205,ASV15412,TRUE,FALSE,TRUE
11206,ASV15413,TRUE,FALSE,TRUE
11207,ASV15414,TRUE,FALSE,TRUE
11208,ASV15417,TRUE,FALSE,TRUE
11209,ASV15418,TRUE,FALSE,TRUE
11210,ASV15419,TRUE,FALSE,TRUE
11211,ASV15420,TRUE,FALSE,TRUE
11212,ASV15421,TRUE,FALSE,TRUE
11213,ASV15422,TRUE,FALSE,TRUE
11214,ASV15425,TRUE,FALSE,TRUE
11215,ASV15426,TRUE,FALSE,TRUE
11216,ASV15428,TRUE,FALSE,TRUE
11217,ASV15430,TRUE,FALSE,TRUE
11218,ASV15431,TRUE,FALSE,TRUE
11219,ASV15432,TRUE,FALSE,TRUE
11220,ASV15433,TRUE,FALSE,TRUE
11221,ASV15435,TRUE,FALSE,TRUE
11222,ASV15436,TRUE,FALSE,TRUE
11223,ASV15439,TRUE,FALSE,TRUE
11224,ASV15440,TRUE,FALSE,TRUE
11225,ASV15441,TRUE,FALSE,TRUE
11226,ASV15446,TRUE,FALSE,TRUE
11227,ASV15448,TRUE,FALSE,TRUE
11228,ASV15449,TRUE,FALSE,TRUE
11229,ASV15450,TRUE,FALSE,TRUE
11230,ASV15451,TRUE,FALSE,TRUE
11231,ASV15452,TRUE,FALSE,TRUE
11232,ASV15454,TRUE,FALSE,TRUE
11233,ASV15458,TRUE,FALSE,TRUE
11234,ASV15460,TRUE,FALSE,TRUE
11235,ASV15465,TRUE,FALSE,TRUE
11236,ASV15466,TRUE,FALSE,TRUE
11237,ASV15468,TRUE,FALSE,TRUE
11238,ASV15469,TRUE,FALSE,TRUE
11239,ASV15475,TRUE,FALSE,TRUE
11240,ASV15476,TRUE,FALSE,TRUE
11241,ASV15477,TRUE,TRUE,FALSE
11242,ASV15478,TRUE,TRUE,FALSE
11243,ASV15479,TRUE,TRUE,FALSE
11244,ASV15480,TRUE,TRUE,FALSE
11245,ASV15482,TRUE,TRUE,FALSE
11246,ASV15484,TRUE,TRUE,FALSE
11247,ASV15487,TRUE,TRUE,FALSE
11248,ASV15492,TRUE,TRUE,FALSE
11249,ASV15493,TRUE,TRUE,FALSE
11250,ASV15494,TRUE,TRUE,FALSE
11251,ASV15496,TRUE,TRUE,FALSE
11252,ASV15498,TRUE,TRUE,FALSE
11253,ASV15499,TRUE,TRUE,FALSE
11254,ASV15500,TRUE,TRUE,FALSE
11255,ASV15505,TRUE,TRUE,FALSE
11256,ASV15507,TRUE,TRUE,FALSE
11257,ASV15508,TRUE,TRUE,FALSE
11258,ASV15510,TRUE,TRUE,FALSE
11259,ASV15511,TRUE,TRUE,FALSE
11260,ASV15512,TRUE,TRUE,FALSE
11261,ASV15513,TRUE,TRUE,FALSE
11262,ASV15514,TRUE,TRUE,FALSE
11263,ASV15516,TRUE,TRUE,FALSE
11264,ASV15517,TRUE,TRUE,FALSE
11265,ASV15520,TRUE,TRUE,FALSE
11266,ASV15523,TRUE,TRUE,FALSE
11267,ASV15524,TRUE,TRUE,FALSE
11268,ASV15527,TRUE,TRUE,FALSE
11269,ASV15528,TRUE,TRUE,FALSE
11270,ASV15529,TRUE,TRUE,FALSE
11271,ASV15530,TRUE,TRUE,FALSE
11272,ASV15532,FALSE,TRUE,FALSE
11273,ASV15534,TRUE,FALSE,TRUE
11274,ASV15537,TRUE,FALSE,TRUE
11275,ASV15538,TRUE,FALSE,TRUE
11276,ASV15539,TRUE,FALSE,TRUE
11277,ASV15541,TRUE,FALSE,TRUE
11278,ASV15542,TRUE,FALSE,TRUE
11279,ASV15543,TRUE,FALSE,TRUE
11280,ASV15545,TRUE,FALSE,TRUE
11281,ASV15547,TRUE,FALSE,TRUE
11282,ASV15548,TRUE,FALSE,TRUE
11283,ASV15550,TRUE,FALSE,TRUE
11284,ASV15558,TRUE,FALSE,TRUE
11285,ASV15559,TRUE,FALSE,TRUE
11286,ASV15560,TRUE,FALSE,TRUE
11287,ASV15562,TRUE,FALSE,TRUE
11288,ASV15563,TRUE,FALSE,TRUE
11289,ASV15564,TRUE,FALSE,TRUE
11290,ASV15565,TRUE,FALSE,TRUE
11291,ASV15566,TRUE,FALSE,TRUE
11292,ASV15568,TRUE,FALSE,TRUE
11293,ASV15570,TRUE,FALSE,TRUE
11294,ASV15572,TRUE,FALSE,TRUE
11295,ASV15573,TRUE,FALSE,TRUE
11296,ASV15574,TRUE,FALSE,TRUE
11297,ASV15576,TRUE,FALSE,TRUE
11298,ASV15577,TRUE,FALSE,TRUE
11299,ASV15579,TRUE,FALSE,TRUE
11300,ASV15580,TRUE,FALSE,TRUE
11301,ASV15581,TRUE,FALSE,TRUE
11302,ASV15593,TRUE,FALSE,TRUE
11303,ASV15594,TRUE,FALSE,TRUE
11304,ASV15595,TRUE,FALSE,TRUE
11305,ASV15596,TRUE,FALSE,TRUE
11306,ASV15597,TRUE,FALSE,TRUE
11307,ASV15599,TRUE,FALSE,TRUE
11308,ASV15600,TRUE,FALSE,TRUE
11309,ASV15601,TRUE,FALSE,TRUE
11310,ASV15602,TRUE,FALSE,TRUE
11311,ASV15603,TRUE,FALSE,TRUE
11312,ASV15604,TRUE,FALSE,TRUE
11313,ASV15608,TRUE,FALSE,TRUE
11314,ASV15609,TRUE,FALSE,TRUE
11315,ASV15612,TRUE,FALSE,TRUE
11316,ASV15615,TRUE,FALSE,TRUE
11317,ASV15616,TRUE,FALSE,TRUE
11318,ASV15618,TRUE,TRUE,FALSE
11319,ASV15619,TRUE,TRUE,FALSE
11320,ASV15620,TRUE,TRUE,FALSE
11321,ASV15621,TRUE,TRUE,FALSE
11322,ASV15623,TRUE,TRUE,FALSE
11323,ASV15624,TRUE,TRUE,FALSE
11324,ASV15625,TRUE,TRUE,FALSE
11325,ASV15627,TRUE,TRUE,FALSE
11326,ASV15628,TRUE,TRUE,FALSE
11327,ASV15629,TRUE,TRUE,FALSE
11328,ASV15630,TRUE,TRUE,FALSE
11329,ASV15631,TRUE,TRUE,FALSE
11330,ASV15637,TRUE,TRUE,FALSE
11331,ASV15639,TRUE,TRUE,FALSE
11332,ASV15640,TRUE,TRUE,FALSE
11333,ASV15643,TRUE,TRUE,FALSE
11334,ASV15644,TRUE,FALSE,TRUE
11335,ASV15645,TRUE,FALSE,TRUE
11336,ASV15646,TRUE,FALSE,TRUE
11337,ASV15647,TRUE,FALSE,TRUE
11338,ASV15648,TRUE,FALSE,TRUE
11339,ASV15649,TRUE,TRUE,FALSE
11340,ASV15650,TRUE,TRUE,FALSE
11341,ASV15653,TRUE,FALSE,TRUE
11342,ASV15654,TRUE,FALSE,TRUE
11343,ASV15655,TRUE,FALSE,TRUE
11344,ASV15656,TRUE,FALSE,TRUE
11345,ASV15657,TRUE,FALSE,TRUE
11346,ASV15658,TRUE,FALSE,TRUE
11347,ASV15659,TRUE,FALSE,TRUE
11348,ASV15661,TRUE,FALSE,TRUE
11349,ASV15663,TRUE,FALSE,TRUE
11350,ASV15664,TRUE,FALSE,TRUE
11351,ASV15665,FALSE,TRUE,TRUE
11352,ASV15666,FALSE,TRUE,TRUE
11353,ASV15667,FALSE,TRUE,TRUE
11354,ASV15668,FALSE,TRUE,TRUE
11355,ASV15669,FALSE,TRUE,TRUE
11356,ASV15670,FALSE,TRUE,TRUE
11357,ASV15671,FALSE,TRUE,TRUE
11358,ASV15672,FALSE,TRUE,TRUE
11359,ASV15674,FALSE,TRUE,TRUE
11360,ASV15677,FALSE,TRUE,TRUE
11361,ASV15678,FALSE,TRUE,TRUE
11362,ASV15679,FALSE,TRUE,TRUE
11363,ASV15697,TRUE,TRUE,FALSE
11364,ASV15698,TRUE,TRUE,FALSE
11365,ASV15699,TRUE,TRUE,FALSE
11366,ASV15700,TRUE,TRUE,FALSE
11367,ASV15701,TRUE,TRUE,FALSE
11368,ASV15702,TRUE,TRUE,FALSE
11369,ASV15704,TRUE,TRUE,FALSE
11370,ASV15705,TRUE,TRUE,FALSE
11371,ASV15709,TRUE,TRUE,FALSE
11372,ASV15711,TRUE,TRUE,FALSE
11373,ASV15712,TRUE,TRUE,FALSE
11374,ASV15715,TRUE,TRUE,FALSE
11375,ASV15717,TRUE,TRUE,FALSE
11376,ASV15719,TRUE,TRUE,FALSE
11377,ASV15720,TRUE,TRUE,FALSE
11378,ASV15721,TRUE,TRUE,FALSE
11379,ASV15723,TRUE,TRUE,FALSE
11380,ASV15724,TRUE,TRUE,FALSE
11381,ASV15725,TRUE,TRUE,FALSE
11382,ASV15727,FALSE,TRUE,TRUE
11383,ASV15728,FALSE,TRUE,TRUE
11384,ASV15729,FALSE,TRUE,TRUE
11385,ASV15730,FALSE,TRUE,TRUE
11386,ASV15731,FALSE,TRUE,TRUE
11387,ASV15732,FALSE,TRUE,TRUE
11388,ASV15733,FALSE,TRUE,TRUE
11389,ASV15737,FALSE,TRUE,TRUE
11390,ASV15738,FALSE,TRUE,TRUE
11391,ASV15741,FALSE,TRUE,TRUE
11392,ASV15742,FALSE,TRUE,TRUE
11393,ASV15743,FALSE,TRUE,TRUE
11394,ASV15744,FALSE,TRUE,TRUE
11395,ASV15745,FALSE,TRUE,TRUE
11396,ASV15747,FALSE,TRUE,TRUE
11397,ASV15752,TRUE,FALSE,TRUE
11398,ASV15753,TRUE,FALSE,TRUE
11399,ASV15755,TRUE,FALSE,TRUE
11400,ASV15756,TRUE,FALSE,TRUE
11401,ASV15757,TRUE,FALSE,TRUE
11402,ASV15759,TRUE,FALSE,TRUE
11403,ASV15760,TRUE,FALSE,TRUE
11404,ASV15761,TRUE,FALSE,TRUE
11405,ASV15763,TRUE,FALSE,TRUE
11406,ASV15765,TRUE,FALSE,TRUE
11407,ASV15766,TRUE,FALSE,TRUE
11408,ASV15767,TRUE,FALSE,TRUE
11409,ASV15768,TRUE,FALSE,TRUE
11410,ASV15770,TRUE,FALSE,TRUE
11411,ASV15776,TRUE,FALSE,TRUE
11412,ASV15780,TRUE,FALSE,TRUE
11413,ASV15781,TRUE,FALSE,TRUE
11414,ASV15782,TRUE,FALSE,TRUE
11415,ASV15786,TRUE,FALSE,TRUE
11416,ASV15787,TRUE,FALSE,TRUE
11417,ASV15789,TRUE,FALSE,TRUE
11418,ASV15790,TRUE,FALSE,TRUE
11419,ASV15793,TRUE,FALSE,TRUE
11420,ASV15795,TRUE,FALSE,TRUE
11421,ASV15796,TRUE,FALSE,TRUE
11422,ASV15797,TRUE,FALSE,TRUE
11423,ASV15799,TRUE,FALSE,TRUE
11424,ASV15804,TRUE,FALSE,TRUE
11425,ASV15805,TRUE,FALSE,TRUE
11426,ASV15808,TRUE,FALSE,TRUE
11427,ASV15811,TRUE,FALSE,TRUE
11428,ASV15816,TRUE,TRUE,FALSE
11429,ASV15817,TRUE,TRUE,FALSE
11430,ASV15818,TRUE,TRUE,FALSE
11431,ASV15819,TRUE,TRUE,FALSE
11432,ASV15820,TRUE,TRUE,FALSE
11433,ASV15821,TRUE,TRUE,FALSE
11434,ASV15824,TRUE,TRUE,FALSE
11435,ASV15825,TRUE,TRUE,FALSE
11436,ASV15826,TRUE,TRUE,FALSE
11437,ASV15827,TRUE,TRUE,FALSE
11438,ASV15829,TRUE,TRUE,FALSE
11439,ASV15830,TRUE,TRUE,FALSE
11440,ASV15834,TRUE,TRUE,FALSE
11441,ASV15835,TRUE,TRUE,FALSE
11442,ASV15836,TRUE,TRUE,FALSE
11443,ASV15837,TRUE,TRUE,FALSE
11444,ASV15838,TRUE,TRUE,FALSE
11445,ASV15839,TRUE,TRUE,FALSE
11446,ASV15841,TRUE,TRUE,FALSE
11447,ASV15843,TRUE,TRUE,FALSE
11448,ASV15844,TRUE,TRUE,FALSE
11449,ASV15845,TRUE,TRUE,FALSE
11450,ASV15846,TRUE,TRUE,FALSE
11451,ASV15849,TRUE,TRUE,FALSE
11452,ASV15850,TRUE,TRUE,FALSE
11453,ASV15851,TRUE,FALSE,TRUE
11454,ASV15853,TRUE,FALSE,TRUE
11455,ASV15854,TRUE,FALSE,TRUE
11456,ASV15855,TRUE,FALSE,TRUE
11457,ASV15857,TRUE,FALSE,TRUE
11458,ASV15859,TRUE,FALSE,TRUE
11459,ASV15861,TRUE,FALSE,TRUE
11460,ASV15862,TRUE,FALSE,TRUE
11461,ASV15864,TRUE,FALSE,TRUE
11462,ASV15865,TRUE,FALSE,TRUE
11463,ASV15869,TRUE,FALSE,TRUE
11464,ASV15870,TRUE,FALSE,TRUE
11465,ASV15871,TRUE,FALSE,TRUE
11466,ASV15872,TRUE,FALSE,TRUE
11467,ASV15874,TRUE,FALSE,TRUE
11468,ASV15875,TRUE,FALSE,TRUE
11469,ASV15878,TRUE,FALSE,TRUE
11470,ASV15879,TRUE,FALSE,TRUE
11471,ASV15882,TRUE,FALSE,TRUE
11472,ASV15884,TRUE,FALSE,TRUE
11473,ASV15885,TRUE,FALSE,TRUE
11474,ASV15887,TRUE,FALSE,TRUE
11475,ASV15888,TRUE,FALSE,TRUE
11476,ASV15889,TRUE,FALSE,TRUE
11477,ASV15891,TRUE,FALSE,TRUE
11478,ASV15893,TRUE,FALSE,TRUE
11479,ASV15895,TRUE,FALSE,TRUE
11480,ASV15897,TRUE,FALSE,TRUE
11481,ASV15901,TRUE,FALSE,TRUE
11482,ASV15902,TRUE,FALSE,TRUE
11483,ASV15903,TRUE,FALSE,TRUE
11484,ASV15905,TRUE,FALSE,TRUE
11485,ASV15906,TRUE,FALSE,TRUE
11486,ASV15908,TRUE,FALSE,TRUE
11487,ASV15909,TRUE,FALSE,TRUE
11488,ASV15911,TRUE,FALSE,TRUE
11489,ASV15912,TRUE,FALSE,TRUE
11490,ASV15918,TRUE,FALSE,TRUE
11491,ASV15919,TRUE,FALSE,TRUE
11492,ASV15921,TRUE,FALSE,TRUE
11493,ASV15922,TRUE,FALSE,TRUE
11494,ASV15926,TRUE,FALSE,TRUE
11495,ASV15928,TRUE,FALSE,TRUE
11496,ASV15929,TRUE,FALSE,TRUE
11497,ASV15933,TRUE,FALSE,TRUE
11498,ASV15936,TRUE,FALSE,TRUE
11499,ASV15939,TRUE,FALSE,TRUE
11500,ASV15940,TRUE,FALSE,TRUE
11501,ASV15941,TRUE,FALSE,TRUE
11502,ASV15943,TRUE,TRUE,FALSE
11503,ASV15946,TRUE,TRUE,FALSE
11504,ASV15947,TRUE,TRUE,FALSE
11505,ASV15948,TRUE,TRUE,FALSE
11506,ASV15950,TRUE,TRUE,FALSE
11507,ASV15951,TRUE,TRUE,FALSE
11508,ASV15952,TRUE,TRUE,FALSE
11509,ASV15954,TRUE,TRUE,FALSE
11510,ASV15955,TRUE,TRUE,FALSE
11511,ASV15956,TRUE,TRUE,FALSE
11512,ASV15957,TRUE,TRUE,FALSE
11513,ASV15962,TRUE,TRUE,FALSE
11514,ASV15964,TRUE,TRUE,FALSE
11515,ASV15965,TRUE,TRUE,FALSE
11516,ASV15967,TRUE,FALSE,TRUE
11517,ASV15968,TRUE,FALSE,TRUE
11518,ASV15969,TRUE,FALSE,TRUE
11519,ASV15970,TRUE,FALSE,TRUE
11520,ASV15971,TRUE,FALSE,TRUE
11521,ASV15972,TRUE,FALSE,TRUE
11522,ASV15973,TRUE,FALSE,TRUE
11523,ASV15974,TRUE,TRUE,FALSE
11524,ASV15975,TRUE,TRUE,FALSE
11525,ASV15977,TRUE,TRUE,FALSE
11526,ASV15981,TRUE,FALSE,TRUE
11527,ASV15982,TRUE,FALSE,TRUE
11528,ASV15983,TRUE,FALSE,TRUE
11529,ASV15984,TRUE,FALSE,TRUE
11530,ASV15985,TRUE,FALSE,TRUE
11531,ASV15986,TRUE,FALSE,TRUE
11532,ASV15987,FALSE,TRUE,TRUE
11533,ASV15988,FALSE,TRUE,TRUE
11534,ASV15989,FALSE,TRUE,TRUE
11535,ASV15990,FALSE,TRUE,TRUE
11536,ASV15992,FALSE,TRUE,TRUE
11537,ASV15993,FALSE,TRUE,TRUE
11538,ASV15994,FALSE,TRUE,TRUE
11539,ASV15995,FALSE,TRUE,TRUE
11540,ASV15996,FALSE,TRUE,TRUE
11541,ASV15998,FALSE,TRUE,TRUE
11542,ASV16001,FALSE,TRUE,TRUE
11543,ASV16012,TRUE,TRUE,FALSE
11544,ASV16013,TRUE,TRUE,FALSE
11545,ASV16014,TRUE,TRUE,FALSE
11546,ASV16015,TRUE,TRUE,FALSE
11547,ASV16016,TRUE,TRUE,FALSE
11548,ASV16018,TRUE,TRUE,FALSE
11549,ASV16022,TRUE,TRUE,FALSE
11550,ASV16023,TRUE,TRUE,FALSE
11551,ASV16026,TRUE,TRUE,FALSE
11552,ASV16028,TRUE,TRUE,FALSE
11553,ASV16030,TRUE,TRUE,FALSE
11554,ASV16031,TRUE,TRUE,FALSE
11555,ASV16033,TRUE,TRUE,FALSE
11556,ASV16034,TRUE,TRUE,FALSE
11557,ASV16036,TRUE,TRUE,FALSE
11558,ASV16041,TRUE,TRUE,FALSE
11559,ASV16047,TRUE,TRUE,FALSE
11560,ASV16048,TRUE,TRUE,FALSE
11561,ASV16050,TRUE,TRUE,FALSE
11562,ASV16051,TRUE,TRUE,FALSE
11563,ASV16052,TRUE,TRUE,FALSE
11564,ASV16054,TRUE,TRUE,FALSE
11565,ASV16056,TRUE,TRUE,FALSE
11566,ASV16057,TRUE,TRUE,FALSE
11567,ASV16059,TRUE,TRUE,FALSE
11568,ASV16063,FALSE,TRUE,TRUE
11569,ASV16064,FALSE,TRUE,TRUE
11570,ASV16065,FALSE,TRUE,TRUE
11571,ASV16066,FALSE,TRUE,TRUE
11572,ASV16068,FALSE,TRUE,TRUE
11573,ASV16070,FALSE,TRUE,TRUE
11574,ASV16071,FALSE,TRUE,TRUE
11575,ASV16074,FALSE,TRUE,TRUE
11576,ASV16075,FALSE,TRUE,TRUE
11577,ASV16079,FALSE,TRUE,TRUE
11578,ASV16083,FALSE,TRUE,TRUE
11579,ASV16087,TRUE,FALSE,TRUE
11580,ASV16088,TRUE,FALSE,TRUE
11581,ASV16092,TRUE,FALSE,TRUE
11582,ASV16094,TRUE,FALSE,TRUE
11583,ASV16097,TRUE,FALSE,TRUE
11584,ASV16100,TRUE,FALSE,TRUE
11585,ASV16101,TRUE,FALSE,TRUE
11586,ASV16104,TRUE,FALSE,TRUE
11587,ASV16106,TRUE,FALSE,TRUE
11588,ASV16108,TRUE,FALSE,TRUE
11589,ASV16111,TRUE,FALSE,TRUE
11590,ASV16113,TRUE,FALSE,TRUE
11591,ASV16115,TRUE,FALSE,TRUE
11592,ASV16118,TRUE,FALSE,TRUE
11593,ASV16119,TRUE,FALSE,TRUE
11594,ASV16121,TRUE,FALSE,TRUE
11595,ASV16123,TRUE,FALSE,TRUE
11596,ASV16124,TRUE,FALSE,TRUE
11597,ASV16128,TRUE,FALSE,TRUE
11598,ASV16129,TRUE,FALSE,TRUE
11599,ASV16130,TRUE,FALSE,TRUE
11600,ASV16131,TRUE,FALSE,TRUE
11601,ASV16132,TRUE,FALSE,TRUE
11602,ASV16136,TRUE,FALSE,TRUE
11603,ASV16137,TRUE,FALSE,TRUE
11604,ASV16140,TRUE,TRUE,FALSE
11605,ASV16148,TRUE,TRUE,FALSE
11606,ASV16149,TRUE,TRUE,FALSE
11607,ASV16150,TRUE,TRUE,FALSE
11608,ASV16151,TRUE,TRUE,FALSE
11609,ASV16152,TRUE,TRUE,FALSE
11610,ASV16153,TRUE,TRUE,FALSE
11611,ASV16154,TRUE,TRUE,FALSE
11612,ASV16155,TRUE,TRUE,FALSE
11613,ASV16163,TRUE,TRUE,FALSE
11614,ASV16164,TRUE,TRUE,FALSE
11615,ASV16165,TRUE,TRUE,FALSE
11616,ASV16166,TRUE,TRUE,FALSE
11617,ASV16168,TRUE,TRUE,FALSE
11618,ASV16169,TRUE,TRUE,FALSE
11619,ASV16170,TRUE,TRUE,FALSE
11620,ASV16171,TRUE,TRUE,FALSE
11621,ASV16175,TRUE,TRUE,FALSE
11622,ASV16176,TRUE,TRUE,FALSE
11623,ASV16178,TRUE,TRUE,FALSE
11624,ASV16179,TRUE,TRUE,FALSE
11625,ASV16180,TRUE,TRUE,FALSE
11626,ASV16183,TRUE,FALSE,TRUE
11627,ASV16185,TRUE,FALSE,TRUE
11628,ASV16186,TRUE,FALSE,TRUE
11629,ASV16187,TRUE,FALSE,TRUE
11630,ASV16189,TRUE,FALSE,TRUE
11631,ASV16191,TRUE,FALSE,TRUE
11632,ASV16193,TRUE,FALSE,TRUE
11633,ASV16196,TRUE,FALSE,TRUE
11634,ASV16197,TRUE,FALSE,TRUE
11635,ASV16199,TRUE,FALSE,TRUE
11636,ASV16201,TRUE,FALSE,TRUE
11637,ASV16202,TRUE,FALSE,TRUE
11638,ASV16205,TRUE,FALSE,TRUE
11639,ASV16207,TRUE,FALSE,TRUE
11640,ASV16208,TRUE,FALSE,TRUE
11641,ASV16209,TRUE,FALSE,TRUE
11642,ASV16210,TRUE,FALSE,TRUE
11643,ASV16211,TRUE,FALSE,TRUE
11644,ASV16212,TRUE,FALSE,TRUE
11645,ASV16213,TRUE,FALSE,TRUE
11646,ASV16215,TRUE,FALSE,TRUE
11647,ASV16216,TRUE,FALSE,TRUE
11648,ASV16217,TRUE,FALSE,TRUE
11649,ASV16219,TRUE,FALSE,TRUE
11650,ASV16220,TRUE,FALSE,TRUE
11651,ASV16222,TRUE,FALSE,TRUE
11652,ASV16223,TRUE,FALSE,TRUE
11653,ASV16225,TRUE,FALSE,TRUE
11654,ASV16228,TRUE,FALSE,TRUE
11655,ASV16229,TRUE,FALSE,TRUE
11656,ASV16230,TRUE,FALSE,TRUE
11657,ASV16231,TRUE,FALSE,TRUE
11658,ASV16232,TRUE,FALSE,TRUE
11659,ASV16234,TRUE,FALSE,TRUE
11660,ASV16235,TRUE,FALSE,TRUE
11661,ASV16236,TRUE,FALSE,TRUE
11662,ASV16239,TRUE,FALSE,TRUE
11663,ASV16240,TRUE,FALSE,TRUE
11664,ASV16241,TRUE,FALSE,TRUE
11665,ASV16242,TRUE,FALSE,TRUE
11666,ASV16244,TRUE,FALSE,TRUE
11667,ASV16246,TRUE,FALSE,TRUE
11668,ASV16248,TRUE,FALSE,TRUE
11669,ASV16250,TRUE,FALSE,TRUE
11670,ASV16252,TRUE,FALSE,TRUE
11671,ASV16254,TRUE,TRUE,FALSE
11672,ASV16255,TRUE,TRUE,FALSE
11673,ASV16256,TRUE,TRUE,FALSE
11674,ASV16257,TRUE,TRUE,FALSE
11675,ASV16258,TRUE,TRUE,FALSE
11676,ASV16260,TRUE,TRUE,FALSE
11677,ASV16262,TRUE,TRUE,FALSE
11678,ASV16263,TRUE,TRUE,FALSE
11679,ASV16264,TRUE,TRUE,FALSE
11680,ASV16265,TRUE,TRUE,FALSE
11681,ASV16267,TRUE,TRUE,FALSE
11682,ASV16268,TRUE,TRUE,FALSE
11683,ASV16269,TRUE,TRUE,FALSE
11684,ASV16270,TRUE,TRUE,FALSE
11685,ASV16271,TRUE,TRUE,FALSE
11686,ASV16272,TRUE,TRUE,FALSE
11687,ASV16277,TRUE,TRUE,FALSE
11688,ASV16278,TRUE,TRUE,FALSE
11689,ASV16280,TRUE,TRUE,FALSE
11690,ASV16281,TRUE,TRUE,FALSE
11691,ASV16282,TRUE,TRUE,FALSE
11692,ASV16283,TRUE,TRUE,FALSE
11693,ASV16286,TRUE,TRUE,FALSE
11694,ASV16287,TRUE,FALSE,TRUE
11695,ASV16288,TRUE,FALSE,TRUE
11696,ASV16289,TRUE,FALSE,TRUE
11697,ASV16290,TRUE,FALSE,TRUE
11698,ASV16291,TRUE,FALSE,TRUE
11699,ASV16292,TRUE,FALSE,TRUE
11700,ASV16294,TRUE,FALSE,TRUE
11701,ASV16295,TRUE,FALSE,TRUE
11702,ASV16296,TRUE,FALSE,TRUE
11703,ASV16297,TRUE,FALSE,TRUE
11704,ASV16298,TRUE,TRUE,FALSE
11705,ASV16299,TRUE,TRUE,FALSE
11706,ASV16300,TRUE,TRUE,FALSE
11707,ASV16301,TRUE,TRUE,FALSE
11708,ASV16304,TRUE,TRUE,FALSE
11709,ASV16305,TRUE,FALSE,TRUE
11710,ASV16306,TRUE,FALSE,TRUE
11711,ASV16307,TRUE,FALSE,TRUE
11712,ASV16308,TRUE,FALSE,TRUE
11713,ASV16310,TRUE,FALSE,TRUE
11714,ASV16311,TRUE,FALSE,TRUE
11715,ASV16317,TRUE,FALSE,TRUE
11716,ASV16319,TRUE,FALSE,TRUE
11717,ASV16322,TRUE,FALSE,TRUE
11718,ASV16325,FALSE,TRUE,TRUE
11719,ASV16326,FALSE,TRUE,TRUE
11720,ASV16328,FALSE,TRUE,TRUE
11721,ASV16329,FALSE,TRUE,TRUE
11722,ASV16330,FALSE,TRUE,TRUE
11723,ASV16331,FALSE,TRUE,TRUE
11724,ASV16336,FALSE,TRUE,TRUE
11725,ASV16338,FALSE,TRUE,TRUE
11726,ASV16339,FALSE,TRUE,TRUE
11727,ASV16364,TRUE,TRUE,FALSE
11728,ASV16365,TRUE,TRUE,FALSE
11729,ASV16366,TRUE,TRUE,FALSE
11730,ASV16368,TRUE,TRUE,FALSE
11731,ASV16370,TRUE,TRUE,FALSE
11732,ASV16373,TRUE,TRUE,FALSE
11733,ASV16374,TRUE,TRUE,FALSE
11734,ASV16376,TRUE,TRUE,FALSE
11735,ASV16377,TRUE,TRUE,FALSE
11736,ASV16378,TRUE,TRUE,FALSE
11737,ASV16384,TRUE,TRUE,FALSE
11738,ASV16385,TRUE,TRUE,FALSE
11739,ASV16390,TRUE,TRUE,FALSE
11740,ASV16391,TRUE,TRUE,FALSE
11741,ASV16393,TRUE,TRUE,FALSE
11742,ASV16395,TRUE,TRUE,FALSE
11743,ASV16396,TRUE,TRUE,FALSE
11744,ASV16398,FALSE,TRUE,TRUE
11745,ASV16399,FALSE,TRUE,TRUE
11746,ASV16400,FALSE,TRUE,TRUE
11747,ASV16401,FALSE,TRUE,TRUE
11748,ASV16402,FALSE,TRUE,TRUE
11749,ASV16404,FALSE,TRUE,TRUE
11750,ASV16405,FALSE,TRUE,TRUE
11751,ASV16407,FALSE,TRUE,TRUE
11752,ASV16408,FALSE,TRUE,TRUE
11753,ASV16409,FALSE,TRUE,TRUE
11754,ASV16410,FALSE,TRUE,TRUE
11755,ASV16412,FALSE,TRUE,TRUE
11756,ASV16413,FALSE,TRUE,TRUE
11757,ASV16414,FALSE,TRUE,TRUE
11758,ASV16417,FALSE,TRUE,TRUE
11759,ASV16418,TRUE,FALSE,TRUE
11760,ASV16419,TRUE,FALSE,TRUE
11761,ASV16420,TRUE,FALSE,TRUE
11762,ASV16423,TRUE,FALSE,TRUE
11763,ASV16424,TRUE,FALSE,TRUE
11764,ASV16425,TRUE,FALSE,TRUE
11765,ASV16427,TRUE,FALSE,TRUE
11766,ASV16430,TRUE,FALSE,TRUE
11767,ASV16431,TRUE,FALSE,TRUE
11768,ASV16432,TRUE,FALSE,TRUE
11769,ASV16435,TRUE,FALSE,TRUE
11770,ASV16438,TRUE,FALSE,TRUE
11771,ASV16440,TRUE,FALSE,TRUE
11772,ASV16441,TRUE,FALSE,TRUE
11773,ASV16442,TRUE,FALSE,TRUE
11774,ASV16443,TRUE,FALSE,TRUE
11775,ASV16444,TRUE,FALSE,TRUE
11776,ASV16445,TRUE,FALSE,TRUE
11777,ASV16448,TRUE,FALSE,TRUE
11778,ASV16449,TRUE,FALSE,TRUE
11779,ASV16450,TRUE,FALSE,TRUE
11780,ASV16451,TRUE,FALSE,TRUE
11781,ASV16452,TRUE,FALSE,TRUE
11782,ASV16453,TRUE,FALSE,TRUE
11783,ASV16458,TRUE,FALSE,TRUE
11784,ASV16460,TRUE,FALSE,TRUE
11785,ASV16463,TRUE,FALSE,TRUE
11786,ASV16464,TRUE,FALSE,TRUE
11787,ASV16465,TRUE,FALSE,TRUE
11788,ASV16468,TRUE,FALSE,TRUE
11789,ASV16471,TRUE,FALSE,FALSE
11790,ASV16472,TRUE,FALSE,TRUE
11791,ASV16474,TRUE,FALSE,TRUE
11792,ASV16478,TRUE,FALSE,TRUE
11793,ASV16480,TRUE,FALSE,TRUE
11794,ASV16485,TRUE,FALSE,TRUE
11795,ASV16486,TRUE,FALSE,TRUE
11796,ASV16487,TRUE,FALSE,TRUE
11797,ASV16489,TRUE,FALSE,TRUE
11798,ASV16490,TRUE,FALSE,TRUE
11799,ASV16491,TRUE,FALSE,TRUE
11800,ASV16492,TRUE,TRUE,FALSE
11801,ASV16493,TRUE,TRUE,FALSE
11802,ASV16496,TRUE,TRUE,FALSE
11803,ASV16497,TRUE,TRUE,FALSE
11804,ASV16498,TRUE,TRUE,FALSE
11805,ASV16499,TRUE,TRUE,FALSE
11806,ASV16500,TRUE,TRUE,FALSE
11807,ASV16501,TRUE,TRUE,FALSE
11808,ASV16502,TRUE,TRUE,FALSE
11809,ASV16503,TRUE,TRUE,FALSE
11810,ASV16504,TRUE,TRUE,FALSE
11811,ASV16505,TRUE,TRUE,FALSE
11812,ASV16506,TRUE,TRUE,FALSE
11813,ASV16507,TRUE,TRUE,FALSE
11814,ASV16508,TRUE,TRUE,FALSE
11815,ASV16510,TRUE,TRUE,FALSE
11816,ASV16511,TRUE,TRUE,FALSE
11817,ASV16513,TRUE,TRUE,FALSE
11818,ASV16518,TRUE,TRUE,FALSE
11819,ASV16520,TRUE,TRUE,FALSE
11820,ASV16522,TRUE,TRUE,FALSE
11821,ASV16524,TRUE,TRUE,FALSE
11822,ASV16525,TRUE,TRUE,FALSE
11823,ASV16526,TRUE,TRUE,FALSE
11824,ASV16527,TRUE,TRUE,FALSE
11825,ASV16528,TRUE,TRUE,FALSE
11826,ASV16530,TRUE,FALSE,TRUE
11827,ASV16531,TRUE,FALSE,TRUE
11828,ASV16534,TRUE,FALSE,TRUE
11829,ASV16536,TRUE,FALSE,TRUE
11830,ASV16538,TRUE,FALSE,TRUE
11831,ASV16540,TRUE,FALSE,TRUE
11832,ASV16543,TRUE,FALSE,TRUE
11833,ASV16544,TRUE,FALSE,TRUE
11834,ASV16546,TRUE,FALSE,TRUE
11835,ASV16548,TRUE,FALSE,TRUE
11836,ASV16554,TRUE,FALSE,TRUE
11837,ASV16555,TRUE,FALSE,TRUE
11838,ASV16556,TRUE,FALSE,TRUE
11839,ASV16557,TRUE,FALSE,TRUE
11840,ASV16561,TRUE,FALSE,TRUE
11841,ASV16564,TRUE,FALSE,TRUE
11842,ASV16566,TRUE,FALSE,TRUE
11843,ASV16570,TRUE,FALSE,TRUE
11844,ASV16573,TRUE,FALSE,TRUE
11845,ASV16574,TRUE,FALSE,TRUE
11846,ASV16575,TRUE,FALSE,TRUE
11847,ASV16577,TRUE,FALSE,TRUE
11848,ASV16578,TRUE,FALSE,TRUE
11849,ASV16580,TRUE,FALSE,TRUE
11850,ASV16582,TRUE,FALSE,TRUE
11851,ASV16584,TRUE,FALSE,TRUE
11852,ASV16585,TRUE,FALSE,TRUE
11853,ASV16586,TRUE,FALSE,TRUE
11854,ASV16587,TRUE,FALSE,TRUE
11855,ASV16588,TRUE,FALSE,TRUE
11856,ASV16590,TRUE,FALSE,TRUE
11857,ASV16591,TRUE,FALSE,TRUE
11858,ASV16592,TRUE,FALSE,TRUE
11859,ASV16593,TRUE,FALSE,TRUE
11860,ASV16596,TRUE,FALSE,TRUE
11861,ASV16597,TRUE,FALSE,TRUE
11862,ASV16598,TRUE,FALSE,TRUE
11863,ASV16602,TRUE,FALSE,TRUE
11864,ASV16603,TRUE,FALSE,TRUE
11865,ASV16604,TRUE,FALSE,TRUE
11866,ASV16606,TRUE,FALSE,TRUE
11867,ASV16607,TRUE,FALSE,TRUE
11868,ASV16609,TRUE,FALSE,TRUE
11869,ASV16611,TRUE,FALSE,TRUE
11870,ASV16615,TRUE,FALSE,TRUE
11871,ASV16617,TRUE,FALSE,TRUE
11872,ASV16620,TRUE,FALSE,TRUE
11873,ASV16622,TRUE,FALSE,TRUE
11874,ASV16623,TRUE,FALSE,TRUE
11875,ASV16628,TRUE,FALSE,TRUE
11876,ASV16630,TRUE,TRUE,FALSE
11877,ASV16632,TRUE,TRUE,FALSE
11878,ASV16633,TRUE,TRUE,FALSE
11879,ASV16634,TRUE,TRUE,FALSE
11880,ASV16636,TRUE,TRUE,FALSE
11881,ASV16639,TRUE,TRUE,FALSE
11882,ASV16641,TRUE,TRUE,FALSE
11883,ASV16642,TRUE,TRUE,FALSE
11884,ASV16644,TRUE,TRUE,FALSE
11885,ASV16645,TRUE,TRUE,FALSE
11886,ASV16647,TRUE,TRUE,FALSE
11887,ASV16649,TRUE,TRUE,FALSE
11888,ASV16651,TRUE,TRUE,FALSE
11889,ASV16652,TRUE,TRUE,FALSE
11890,ASV16654,TRUE,FALSE,TRUE
11891,ASV16655,TRUE,FALSE,TRUE
11892,ASV16657,TRUE,FALSE,TRUE
11893,ASV16659,TRUE,FALSE,TRUE
11894,ASV16660,TRUE,FALSE,TRUE
11895,ASV16661,TRUE,FALSE,TRUE
11896,ASV16662,TRUE,FALSE,TRUE
11897,ASV16663,TRUE,FALSE,TRUE
11898,ASV16664,TRUE,TRUE,FALSE
11899,ASV16665,TRUE,TRUE,FALSE
11900,ASV16667,TRUE,TRUE,FALSE
11901,ASV16668,TRUE,TRUE,FALSE
11902,ASV16669,TRUE,TRUE,FALSE
11903,ASV16670,TRUE,TRUE,FALSE
11904,ASV16671,TRUE,TRUE,FALSE
11905,ASV16673,TRUE,TRUE,FALSE
11906,ASV16674,TRUE,TRUE,FALSE
11907,ASV16675,TRUE,TRUE,FALSE
11908,ASV16676,TRUE,TRUE,FALSE
11909,ASV16677,TRUE,FALSE,TRUE
11910,ASV16678,TRUE,FALSE,TRUE
11911,ASV16681,TRUE,FALSE,TRUE
11912,ASV16682,TRUE,FALSE,TRUE
11913,ASV16683,TRUE,FALSE,TRUE
11914,ASV16684,TRUE,FALSE,TRUE
11915,ASV16687,TRUE,FALSE,TRUE
11916,ASV16689,TRUE,FALSE,TRUE
11917,ASV16692,TRUE,FALSE,TRUE
11918,ASV16693,FALSE,TRUE,TRUE
11919,ASV16695,FALSE,TRUE,TRUE
11920,ASV16696,FALSE,TRUE,TRUE
11921,ASV16697,FALSE,TRUE,TRUE
11922,ASV16698,FALSE,TRUE,TRUE
11923,ASV16700,FALSE,TRUE,TRUE
11924,ASV16704,FALSE,TRUE,TRUE
11925,ASV16706,FALSE,TRUE,TRUE
11926,ASV16708,FALSE,TRUE,TRUE
11927,ASV16710,FALSE,TRUE,TRUE
11928,ASV16711,FALSE,TRUE,TRUE
11929,ASV16712,FALSE,TRUE,TRUE
11930,ASV16716,FALSE,TRUE,TRUE
11931,ASV16717,FALSE,TRUE,TRUE
11932,ASV16718,FALSE,TRUE,TRUE
