taxon,lfc_(Intercept),lfc_MicrocompartmentPhyllosphere,lfc_MicrocompartmentRhizosphere,lfc_SoilOriginSoilB,lfc_PlantConditionHealthy,se_(Intercept),se_MicrocompartmentPhyllosphere,se_MicrocompartmentRhizosphere,se_SoilOriginSoilB,se_PlantConditionHealthy,W_(Intercept),W_MicrocompartmentPhyllosphere,W_MicrocompartmentRhizosphere,W_SoilOriginSoilB,W_PlantConditionHealthy,p_(Intercept),p_MicrocompartmentPhyllosphere,p_MicrocompartmentRhizosphere,p_SoilOriginSoilB,p_PlantConditionHealthy,q_(Intercept),q_MicrocompartmentPhyllosphere,q_MicrocompartmentRhizosphere,q_SoilOriginSoilB,q_PlantConditionHealthy,diff_(Intercept),diff_MicrocompartmentPhyllosphere,diff_MicrocompartmentRhizosphere,diff_SoilOriginSoilB,diff_PlantConditionHealthy,passed_ss_(Intercept),passed_ss_MicrocompartmentPhyllosphere,passed_ss_MicrocompartmentRhizosphere,passed_ss_SoilOriginSoilB,passed_ss_PlantConditionHealthy,
1,ASV5,0.122217167,-0.413350883,416.959.056.142.328,-303.740.309.358.873,0.357270769,0.558235137,0.446697599,0.529687583,0.307462154,0.298192116,0.218934923,-0.925348343,787.179.215.258.445,-987.894.949.330.574,119.812.278.905.853,0.830709954,0.374639772,7.61E+08,8.35E+07,0.256046934,1,1,0.005604104,0.000600266,1,FALSE,FALSE,TRUE,TRUE,FALSE,TRUE,FALSE,FALSE,FALSE,TRUE
2,ASV6,-0.837890022,-0.222252169,-12.947.923.559.993,202.004.145.447.581,-0.086096433,0.294639746,0.367833287,0.356346691,0.23225642,0.222524396,-284.377.798.413.677,-0.604219838,-363.351.867.011.237,869.746.230.594.308,-0.38690784,0.008236064,0.55056237,0.001112061,1.91E+05,0.701749502,1,1,0.794011511,1.40E+08,1,FALSE,FALSE,FALSE,TRUE,FALSE,TRUE,TRUE,FALSE,TRUE,TRUE
3,ASV7,0.537453581,-0.772706315,378.091.739.541.604,-314.992.147.437.436,-3.45E+09,0.540111666,0.435996971,0.546019694,0.320600082,0.311394543,0.995078639,-177.227.450.268.849,692.450.736.691.107,-982.508.007.184.081,-0.000110702,0.34108369,0.104008314,2.51E+09,8.82E+07,0.999913654,1,1,0.01839001,0.000632118,1,FALSE,FALSE,TRUE,TRUE,FALSE,TRUE,FALSE,FALSE,FALSE,TRUE
4,ASV8,127.181.725.516.952,-102.626.863.980.565,319.471.600.531.635,-371.219.377.931.625,-107.478.644.771.671,0.521640862,0.42262125,0.527983264,0.299119456,0.289806255,243.810.895.033.295,-242.834.130.856.648,605.079.028.373.521,-124.104.056.362.427,-370.863.784.847.871,0.040684339,0.041308998,0.000305647,1.66E+08,0.005968019,1,1,0.222816534,0.001184198,1,FALSE,FALSE,FALSE,TRUE,FALSE,FALSE,TRUE,FALSE,FALSE,FALSE
5,ASV9,-143.742.608.977.622,-0.419923202,-152.566.390.885.296,207.351.268.427.821,0.260369449,0.312828954,0.415170425,0.379731545,0.262426987,0.252901179,-459.492.662.937.309,-101.144.777.509.275,-401.774.340.264.479,790.129.364.446.634,102.953.038.850.309,0.000127748,0.322325058,0.000538289,5.30E+06,0.313936249,0.093128617,1,0.388644635,3.85E+09,1,FALSE,FALSE,FALSE,TRUE,FALSE,FALSE,TRUE,TRUE,TRUE,TRUE
6,ASV10,-187.234.991.285.143,0.239514665,-110.307.408.003.574,240.514.052.251.003,-0.107747897,0.31063016,0.380386986,0.377348457,0.227012922,0.217241965,-602.758.570.242.225,0.629660514,-292.322.403.883.314,105.947.295.933.077,-0.495981047,8.47E+08,0.536415717,0.008721629,2.06E+05,0.625596347,0.0062162,1,1,1.51E+08,1,TRUE,FALSE,FALSE,TRUE,FALSE,FALSE,TRUE,TRUE,TRUE,TRUE
7,ASV11,0.251522486,-131.947.643.877.421,-0.048773966,0.029916857,-0.157801651,0.284291006,0.276596055,0.369924337,0.217895292,0.208054493,0.884735993,-477.040.945.832.087,-0.131848492,0.137299233,-0.758463075,0.38121964,2.14E+09,0.895719139,0.891435161,0.45231115,1,0.015423547,1,1,1,FALSE,TRUE,FALSE,FALSE,FALSE,TRUE,TRUE,TRUE,TRUE,TRUE
8,ASV14,0.208785866,-122.912.215.353.349,0.046692129,0.109016856,-0.246281663,0.304384825,0.29100749,0.368160087,0.215394857,0.205534445,0.685927314,-422.367.875.749.856,0.126825615,0.506125622,-119.825.007.026.828,0.496619619,0.000130345,0.899698376,0.615479232,0.237700476,1,0.092544982,1,1,1,FALSE,FALSE,FALSE,FALSE,FALSE,TRUE,FALSE,TRUE,TRUE,TRUE
9,ASV15,0.263441902,-135.792.179.846.203,0.061995967,0.090461367,-0.248814216,0.276028323,0.278924572,0.359190128,0.201204707,0.19122964,0.954401704,-486.841.939.692.489,0.172599307,0.449598659,-130.112.787.916.194,0.345912567,2.00E+09,0.863882424,0.65555401,0.201049015,1,0.014446336,1,1,1,FALSE,TRUE,FALSE,FALSE,FALSE,TRUE,FALSE,TRUE,TRUE,TRUE
10,ASV17,-0.378629016,0.194429664,0.202278745,0.004368344,-0.057197405,0.230941195,0.254138803,0.299555974,0.156973975,0.146640687,-163.950.401.263.809,0.765053043,0.675261931,0.027828461,-0.390051396,0.108950841,0.448730456,0.503394413,0.977937347,0.698567893,1,1,1,1,1,FALSE,FALSE,FALSE,FALSE,FALSE,FALSE,FALSE,FALSE,TRUE,TRUE
11,ASV20,100.027.768.325.472,-27.714.864.443.151,-157.241.835.705.015,-0.581852831,-0.002993753,0.423261824,0.399089548,0.440002791,0.252192179,0.242599782,236.325.986.813.747,-694.452.275.511.528,-357.365.541.345.019,-23.071.803.180.248,-0.012340296,0.02620037,2.80E+07,0.00146709,0.029609,0.99025207,1,0.000205553,1,1,1,FALSE,TRUE,FALSE,FALSE,FALSE,TRUE,TRUE,TRUE,TRUE,TRUE
12,ASV21,-0.413060133,0.140602734,0.141405252,0.074757223,-0.032482064,0.225660266,0.25022339,0.293687281,0.149885992,0.139509391,-18.304.513.223.037,0.561908836,0.481482383,0.498760573,-0.232830661,0.074832141,0.577393455,0.632864431,0.620749686,0.81711054,1,1,1,1,1,FALSE,FALSE,FALSE,FALSE,FALSE,FALSE,FALSE,FALSE,FALSE,TRUE
13,ASV23,0.044783403,-0.719388448,0.041564871,-0.076238641,-0.152136652,0.263717696,0.281903449,0.320673607,0.167915551,0.157663437,0.169815691,-255.189.658.442.331,0.129617373,-0.454029666,-0.96494568,0.866080195,0.014977309,0.897571249,0.652459688,0.340836907,1,1,1,1,1,FALSE,FALSE,FALSE,FALSE,FALSE,TRUE,FALSE,TRUE,TRUE,TRUE
14,ASV24,-0.351174793,0.110557837,0.124992562,0.07314779,-0.070771778,0.22881371,0.253900599,0.301490001,0.156346261,0.146008762,-153.476.289.903.864,0.435437479,0.414582779,0.467857621,-0.48470912,0.132915645,0.665645406,0.680719005,0.642490452,0.630594058,1,1,1,1,1,FALSE,FALSE,FALSE,FALSE,FALSE,FALSE,FALSE,FALSE,FALSE,TRUE
15,ASV25,0.61397813,-28.645.087.420.094,-133.357.523.553.958,-0.814853845,0.219271343,0.417886036,0.393021192,0.428629455,0.232363552,0.222632315,146.924.777.956.911,-728.843.330.285.549,-311.125.430.230.766,-350.680.576.470.809,0.984903486,0.157320693,4.77E+07,0.005502585,0.002219863,0.33643733,1,0.000349292,1,1,1,FALSE,TRUE,FALSE,FALSE,FALSE,FALSE,TRUE,TRUE,FALSE,TRUE
16,ASV26,0.415664308,-165.088.047.160.117,-108.765.699.368.561,-0.33759712,0.441549312,0.326254324,0.348571601,0.418117342,0.243358275,0.233705646,12.740.499.595.762,-473.613.016.055.924,-260.131.997.770.219,-138.724.323.162.703,188.933.951.167.956,0.212114787,4.57E+09,0.014108613,0.175261121,0.068231426,1,0.032809454,1,1,1,FALSE,TRUE,FALSE,FALSE,FALSE,FALSE,TRUE,FALSE,TRUE,TRUE
17,ASV28,0.302379144,-111.253.392.959.689,-0.818323772,-0.009549234,0.179072867,0.315348371,0.345059352,0.374353838,0.21947414,0.209645625,0.958873336,-322.418.135.763.163,-21.859.633.561.395,-0.04350961,0.854169349,0.344199954,0.002735671,0.035596142,0.965542589,0.398819948,1,1,1,1,1,FALSE,FALSE,FALSE,FALSE,FALSE,TRUE,FALSE,FALSE,TRUE,TRUE
18,ASV30,0.497293104,-170.658.820.076.715,-0.861800698,-0.108720189,0.278319761,0.311986901,0.340335079,0.383836131,0.216995497,0.207147662,159.395.507.534.833,-50.144.352.069.553,-224.523.078.431.291,-0.501025093,134.358.147.565.281,0.12077697,1.91E+08,0.031792658,0.619782614,0.188534362,1,0.013776885,1,1,1,FALSE,TRUE,FALSE,FALSE,FALSE,TRUE,FALSE,FALSE,FALSE,TRUE
19,ASV31,0.084296898,-0.642076954,-0.078649596,-0.070933208,-0.122899164,0.243192955,0.272811559,0.3112367,0.155588594,0.145246096,0.346625576,-235.355.479.696.176,-0.252700261,-0.455902363,-0.846144356,0.730948015,0.024340092,0.801978112,0.651276401,0.403220388,1,1,1,1,1,FALSE,FALSE,FALSE,FALSE,FALSE,TRUE,FALSE,TRUE,TRUE,TRUE
20,ASV32,0.073415169,-0.38579212,0.657798746,-0.887066752,-0.104013909,0.265028951,0.315244435,0.36941077,0.213214741,0.203337075,0.277008109,-12.237.872.485.212,178.067.018.986.162,-416.043.819.326.481,-0.511534401,0.783738852,0.230882817,0.085445801,0.00025836,0.612850104,1,1,1,0.172584472,1,FALSE,FALSE,FALSE,FALSE,FALSE,TRUE,TRUE,FALSE,TRUE,TRUE
21,ASV33,-328.863.324.937.565,-0.114756772,406.838.792.067.221,NA,406.851.583.594.168,0.291009261,0.339497453,0.371804493,NA,0.145751648,-113.007.855.322.538,-0.338019537,109.422.774.581.082,NA,279.140.296.384.868,2.87E+09,0.746861906,3.46E+09,1,1.40E+07,0.021027719,1,0.025350378,1,0.00010292,TRUE,FALSE,TRUE,FALSE,TRUE,FALSE,TRUE,FALSE,TRUE,FALSE
22,ASV34,410.241.939.122.582,-642.784.914.147.257,-336.136.392.325.408,NA,-336.083.258.512.132,0.288262156,0.338611549,0.370703876,NA,0.148680027,14.231.557.306.301,-189.829.589.822.584,-906.751.760.478.443,NA,-226.044.657.518.957,2.01E+08,2.80E+07,4.06E+09,1,8.40E+06,0.001476968,0.000205553,0.029742566,1,6.19E+09,TRUE,TRUE,TRUE,FALSE,TRUE,FALSE,FALSE,FALSE,TRUE,FALSE
23,ASV38,0.010359341,-0.678791134,-0.013151374,-0.107820273,0.045772631,0.249831731,0.282556153,0.320026332,0.166310011,0.15604527,0.041465272,-240.232.295.804.709,-0.041094662,-0.648308977,0.293329177,0.967160623,0.021731599,0.967453965,0.521016082,0.771002837,1,1,1,1,1,FALSE,FALSE,FALSE,FALSE,FALSE,TRUE,FALSE,TRUE,TRUE,TRUE
24,ASV39,-112.652.927.610.008,120.492.449.324.109,0.097447378,0.306214446,0.033087271,0.256453838,0.289918754,0.324750389,0.152102894,0.14173874,-439.271.756.150.619,415.607.641.247.407,0.300068549,201.320.591.582.231,0.233438443,0.000179829,0.000331529,0.766605816,0.054978804,0.817321841,0.130735734,0.231407082,1,1,1,FALSE,FALSE,FALSE,FALSE,FALSE,TRUE,TRUE,FALSE,TRUE,TRUE
25,ASV40,-0.781616236,-218.504.202.523.556,103.460.899.664.137,NA,107.611.569.921.176,0.403614623,0.374938464,0.461452064,NA,0.234138061,-193.654.092.717.797,-58.277.350.364.522,224.207.253.186.402,NA,459.607.333.406.719,0.088819398,0.000392573,0.055246501,1,0.001764489,1,0.27362357,1,1,1,FALSE,FALSE,FALSE,FALSE,FALSE,TRUE,TRUE,TRUE,TRUE,FALSE
26,ASV41,-0.381788013,0.612735118,102.387.972.425.535,-161.357.059.316.933,0.24892304,0.267277595,0.302842601,0.348603136,0.1720467,0.161827817,-142.843.253.666.716,202.327.914.460.486,29.370.926.927.843,-937.867.795.899.491,153.819.686.057.657,0.166053131,0.054318473,0.007202626,1.69E+05,0.137081673,1,1,1,1.25E+08,1,FALSE,FALSE,FALSE,TRUE,FALSE,TRUE,TRUE,TRUE,TRUE,TRUE
27,ASV42,-0.099563649,-140.663.437.347.513,0.555480032,0.518596659,-0.075752598,0.252352501,0.298225974,0.301147295,0.152466985,0.14210498,-0.394541954,-47.166.729.087.263,184.454.597.845.452,340.137.020.505.783,-0.533074897,0.695971934,5.18E+09,0.074998447,0.001916674,0.597908981,1,0.037136425,1,1,1,FALSE,TRUE,FALSE,FALSE,FALSE,TRUE,FALSE,TRUE,FALSE,TRUE
28,ASV43,0.039460191,-0.294990219,0.261518917,-0.17274711,-0.110170049,0.254683927,0.30400566,0.350303621,0.178345128,0.168178323,0.154937894,-0.970344499,0.746549283,-0.968611322,-0.655078771,0.878114415,0.341169879,0.462299092,0.342017255,0.518399749,1,1,1,1,1,FALSE,FALSE,FALSE,FALSE,FALSE,TRUE,TRUE,FALSE,FALSE,TRUE
29,ASV45,0.46804629,-180.802.012.381.491,-0.709526556,0.077373887,-0.027296594,0.309101688,0.34393716,0.395025285,0.219117721,0.20928644,15.142.146.062.713,-525.683.274.622.282,-179.615.478.657.154,0.353115608,-0.130426961,0.141179141,1.37E+09,0.083268496,0.726646442,0.897161183,1,0.009993569,1,1,1,FALSE,TRUE,FALSE,FALSE,FALSE,TRUE,TRUE,TRUE,TRUE,TRUE
30,ASV50,-0.152543095,-0.111951696,-0.198512466,-0.060965118,-0.082868838,0.227094178,0.269325204,0.284136244,0.133027503,0.12261403,-0.671717332,-0.415674783,-0.69865239,-0.458289574,-0.675851186,0.506302502,0.680259903,0.489520951,0.649660306,0.503706575,1,1,1,1,1,FALSE,FALSE,FALSE,FALSE,FALSE,TRUE,TRUE,TRUE,TRUE,TRUE
31,ASV51,0.090319416,-103.462.812.070.159,-0.700793152,0.191139604,0.122033409,0.319775506,0.359875962,0.393276387,0.211077251,0.201182533,0.282446324,-287.495.756.465.242,-178.193.549.098.157,0.905543366,0.606580541,0.780127478,0.008554692,0.087968934,0.374566461,0.550070381,1,1,1,1,1,FALSE,FALSE,FALSE,FALSE,FALSE,TRUE,FALSE,TRUE,TRUE,TRUE
32,ASV54,370.019.060.382.168,-426.466.964.752.151,-185.752.429.063.825,-0.206658693,-0.695446312,0.282441228,0.328858229,0.365109646,0.16853559,0.1582884,131.007.453.277.709,-129.681.098.721.802,-508.757.933.849.146,-12.262.020.956.818,-439.353.934.506.402,4.70E+06,5.22E+06,0.000350795,0.245724686,0.001074663,3.46E+09,3.85E+09,0.25467699,1,0.77160804,TRUE,TRUE,FALSE,FALSE,FALSE,FALSE,TRUE,FALSE,TRUE,FALSE
33,ASV55,-0.475557916,0.330111241,0.078837516,-0.042995522,-0.005558008,0.237933804,0.277679083,0.300506987,0.13948086,0.129065808,-199.869.841.201.359,118.882.285.661.254,0.262348362,-0.308253919,-0.043063365,0.054475169,0.243536647,0.794788458,0.759951,0.965927209,1,1,1,1,1,FALSE,FALSE,FALSE,FALSE,FALSE,FALSE,FALSE,TRUE,TRUE,TRUE
34,ASV56,0.081798059,-0.003861687,-0.39253921,-0.191063837,-0.245888426,0.249631592,0.293419424,0.313556345,0.157295622,0.146964515,0.327675109,-0.013160981,-125.189.369.369.769,-121.467.994.542.632,-16.731.142.619.683,0.745511229,0.989589486,0.220612134,0.234286408,0.105060164,1,1,1,1,1,FALSE,FALSE,FALSE,FALSE,FALSE,FALSE,FALSE,FALSE,TRUE,TRUE
35,ASV58,-0.181266994,-117.759.959.200.737,0.302424846,0.35039012,0.096381149,0.293107582,0.300561055,0.345844506,0.171275679,0.161050524,-0.618431613,-391.800.458.415.876,0.874453232,204.576.692.782.457,0.598452875,0.541473363,0.000549563,0.38958371,0.050633946,0.554525573,1,0.37864865,1,1,1,FALSE,FALSE,FALSE,FALSE,FALSE,FALSE,TRUE,FALSE,FALSE,TRUE
36,ASV60,-0.284152941,-0.502861773,-0.419433037,0.344662837,0.284509888,0.27462252,0.317836463,0.361545735,0.203548399,0.193592624,-103.470.371.016.075,-158.213.997.070.963,-116.011.059.346.493,169.327.215.914.701,146.963.185.553.211,0.309661634,0.124849123,0.255800511,0.101502416,0.152809159,1,1,1,1,1,FALSE,FALSE,FALSE,FALSE,FALSE,TRUE,TRUE,TRUE,TRUE,FALSE
37,ASV61,0.40554424,-437.576.562.803.998,0.303028533,NA,NA,0.292493082,0.341476123,0.374526714,NA,NA,138.650.882.741.142,-12.814.265.282.528,0.809097246,NA,NA,0.214913224,1.39E+09,0.449345098,1,1,1,0.010072719,1,1,1,FALSE,TRUE,FALSE,FALSE,FALSE,TRUE,FALSE,TRUE,TRUE,TRUE
38,ASV63,0.166001046,-0.268922587,0.408506286,-0.567228696,-0.246105611,0.280667465,0.319240084,0.372180845,0.200871857,0.190894041,0.591450976,-0.842383523,10.976.015.871.845,-282.383.358.492.564,-128.922.626.699.837,0.559748538,0.40788989,0.283269074,0.009393706,0.209607015,1,1,1,1,1,FALSE,FALSE,FALSE,FALSE,FALSE,TRUE,TRUE,FALSE,TRUE,TRUE
39,ASV65,0.515687274,-399.931.073.140.122,-0.038907018,NA,NA,0.292469354,0.34145609,0.375777751,NA,NA,176.321.815.462.253,-117.125.183.996.042,-0.103537312,NA,NA,0.128322587,2.34E+09,0.920910558,1,1,1,0.016823121,1,1,1,FALSE,TRUE,FALSE,FALSE,FALSE,TRUE,FALSE,TRUE,TRUE,TRUE
40,ASV66,0.014443491,-0.906849066,-0.654114964,0.262408599,0.105241373,0.328045642,0.366668584,0.403019767,0.224766888,0.214978975,0.044028907,-247.321.178.871.158,-162.303.444.343.132,11.674.700.022.477,0.489542631,0.965231155,0.02053943,0.117126314,0.254035311,0.628725658,1,1,1,1,1,FALSE,FALSE,FALSE,FALSE,FALSE,TRUE,FALSE,TRUE,TRUE,TRUE
41,ASV67,-0.274881179,0.147840561,0.649096308,-0.797878008,-0.131014154,0.272673002,0.316697621,0.335564298,0.136809808,0.12639232,-100.809.826.114.033,0.466819298,193.434.257.504.882,-583.202.345.452.983,-103.656.736.099.736,0.330514059,0.647810909,0.07354301,4.35E+09,0.317510837,1,1,1,0.030253926,1,FALSE,FALSE,FALSE,TRUE,FALSE,TRUE,FALSE,FALSE,TRUE,TRUE
42,ASV72,-0.411641063,0.329961856,-0.3186365,0.267857231,-0.085973842,0.236113612,0.279758941,0.310663158,0.150891358,0.14052026,-17.434.025.048.437,117.945.061.849.811,-102.566.555.370.769,177.516.615.723.047,-0.611825244,0.091505123,0.247487974,0.313248821,0.08601814,0.545262656,1,1,1,1,1,FALSE,FALSE,FALSE,FALSE,FALSE,FALSE,FALSE,FALSE,FALSE,TRUE
43,ASV77,0.609748991,-419.797.877.292.988,0.012549696,NA,NA,0.29319148,0.342066007,0.3736792,NA,NA,207.969.546.648.965,-122.724.231.373.907,0.033584144,NA,NA,0.082769654,1.78E+09,0.974298132,1,1,1,0.01290935,1,1,1,FALSE,TRUE,FALSE,FALSE,FALSE,TRUE,FALSE,TRUE,TRUE,TRUE
44,ASV79,0.255032489,-148.094.914.805.441,-0.776670423,-0.138935002,0.395424082,0.311182017,0.351831955,0.389516596,0.210750344,0.200853006,0.819560499,-420.925.140.197.433,-199.393.409.942.205,-0.659239739,196.872.374.613.851,0.420211773,0.000289017,0.057175664,0.515768892,0.060166158,1,0.202312095,1,1,1,FALSE,FALSE,FALSE,FALSE,FALSE,FALSE,TRUE,TRUE,TRUE,TRUE
45,ASV80,351.768.252.079.279,-465.423.789.215.828,-337.258.180.313.247,0.23555869,0.184583506,0.287936599,0.339081854,0.412489803,0.197625292,0.187620538,122.168.648.813.477,-13.726.001.093.725,-817.615.800.898.104,119.194.607.211.272,0.983812901,0.000257726,0.000163216,0.001218537,0.299164266,0.380906859,0.186851362,0.115393457,0.867598401,1,1,FALSE,FALSE,FALSE,FALSE,FALSE,FALSE,FALSE,FALSE,TRUE,TRUE
46,ASV82,-0.56558814,0.646462684,107.376.678.695.865,-151.329.966.993.352,-0.129409849,0.274102468,0.312428462,0.331909017,0.135785543,0.125368206,-206.341.863.418.329,206.915.426.051.626,323.512.387.917.333,-11.144.777.539.743,-103.223.818.798.648,0.055687664,0.055084289,0.005180643,5.96E+05,0.317312139,1,1,1,4.35E+08,1,FALSE,FALSE,FALSE,TRUE,FALSE,FALSE,FALSE,TRUE,TRUE,TRUE
47,ASV83,-0.753637346,0.985488091,0.909264811,-0.864302596,0.100063961,0.264904763,0.312400006,0.328741509,0.135912913,0.125495522,-284.493.693.705.731,315.457.129.465.751,276.589.595.460.046,-635.923.825.685.164,0.797350853,0.011702935,0.006136055,0.013776192,9.48E+08,0.436921014,1,1,1,0.006718648,1,FALSE,FALSE,FALSE,TRUE,FALSE,FALSE,TRUE,TRUE,TRUE,TRUE
48,ASV89,-0.286778739,-111.184.202.903.341,-126.022.487.833.176,0.314720549,0.144940222,0.327233939,0.376448345,0.391688501,0.192011276,0.181959525,-0.876372235,-295.350.489.186.362,-321.741.606.828.954,163.907.326.614.159,0.796551991,0.398031969,0.012065391,0.007389822,0.127131915,0.441186133,1,1,1,1,1,FALSE,FALSE,FALSE,FALSE,FALSE,FALSE,TRUE,TRUE,TRUE,TRUE
49,ASV91,-0.659877775,0.060749719,141.770.180.175.364,-238.459.299.641.078,0.028712816,0.273910695,0.320804878,0.341633376,0.134473052,0.124056891,-240.909.824.989.436,0.189366569,414.977.546.847.142,-17.732.868.850.679,0.231448782,0.034669757,0.853254413,0.001617067,1.93E+05,0.821215144,1,1,1,1.42E+08,1,FALSE,FALSE,FALSE,TRUE,FALSE,FALSE,TRUE,TRUE,TRUE,TRUE
50,ASV92,-0.319631421,-149.300.004.681.486,0.635092231,0.649949128,0.025978748,0.257755537,0.299418785,0.319811431,0.135039775,0.124622965,-124.005.646.656.518,-498.632.724.966.509,198.583.343.227.777,481.301.992.707.989,0.20845875,0.228018533,5.45E+09,0.059652935,8.29E+09,0.836788693,1,0.038991808,1,0.057059368,1,FALSE,TRUE,FALSE,FALSE,FALSE,FALSE,TRUE,TRUE,TRUE,TRUE
51,ASV93,-0.418741476,0.368974939,0.179368242,0.076085778,-0.297487841,0.262781592,0.309380956,0.318538584,0.162516556,0.152222817,-159.349.622.793.383,119.262.330.533.465,0.56309738,0.468172473,-195.429.204.730.733,0.122276494,0.243026045,0.577850281,0.643285283,0.060719997,1,1,1,1,1,FALSE,FALSE,FALSE,FALSE,FALSE,FALSE,FALSE,FALSE,TRUE,TRUE
52,ASV97,-0.21575254,-0.530255194,-0.375660096,0.286675666,0.05852282,0.286868542,0.334614314,0.366724622,0.202730694,0.192768202,-0.752095502,-158.467.576.347.498,-102.436.562.300.791,141.407.134.886.536,0.30359167,0.459965229,0.127310465,0.316795045,0.171337202,0.764291567,1,1,1,1,1,FALSE,FALSE,FALSE,FALSE,FALSE,TRUE,TRUE,TRUE,TRUE,TRUE
53,ASV99,0.292402738,-108.515.863.932.231,-0.570246341,0.384691808,0.135038633,0.285182119,0.320691425,0.36083362,0.18190696,0.171770039,102.531.932.652.622,-338.380.933.605.008,-158.035.811.773.214,211.477.234.450.035,0.786159409,0.315436529,0.002453253,0.127115564,0.045024512,0.43946774,1,1,1,1,1,FALSE,FALSE,FALSE,FALSE,FALSE,TRUE,FALSE,TRUE,TRUE,TRUE
54,ASV100,0.378757057,-110.194.988.719.441,-0.620245366,0.269446554,-0.058521696,0.274542475,0.322218625,0.359205634,0.184967109,0.174855979,137.959.365.660.696,-341.988.265.694.652,-172.671.391.416.496,1.456.726.845.687,-0.334685132,0.179462554,0.002077868,0.096084102,0.15716356,0.740547668,1,1,1,1,1,FALSE,FALSE,FALSE,FALSE,FALSE,TRUE,FALSE,TRUE,FALSE,TRUE
55,ASV103,-0.521474596,0.65701317,103.852.697.222.267,-150.910.725.952.744,5.83E+09,0.28979108,0.31805214,0.338205867,0.152438846,0.142076675,-179.948.463.371.335,20.657.404.480.854,307.069.472.412.366,-989.975.517.660.339,0.00041015,0.08784444,0.052765049,0.00629266,6.19E+05,0.999677024,1,1,1,4.51E+08,1,FALSE,FALSE,FALSE,TRUE,FALSE,FALSE,TRUE,TRUE,TRUE,TRUE
56,ASV108,330.384.802.087.117,-468.468.881.035.016,-305.540.342.982.777,0.068000713,0.075556042,0.289689178,0.340525762,0.413946866,0.196818443,0.186806964,114.048.030.649.656,-137.572.228.978.734,-738.114.883.582.979,0.345499701,0.404460523,0.001446492,0.000831149,0.00514187,0.75252612,0.712983186,1,0.56850563,1,1,1,FALSE,FALSE,FALSE,FALSE,FALSE,FALSE,FALSE,FALSE,TRUE,TRUE
57,ASV109,-0.942013541,111.545.481.459.416,0.986009427,-0.387408866,0.097963715,0.265020164,0.310873558,0.329499306,0.139384987,0.128969782,-355.449.761.531.565,358.813.023.737.782,299.244.766.070.676,-27.794.160.279.368,0.759586576,0.002438143,0.002266548,0.008185413,0.012849719,0.457906416,1,1,1,1,1,FALSE,FALSE,FALSE,FALSE,FALSE,FALSE,TRUE,TRUE,TRUE,FALSE
58,ASV110,0.251202702,-0.44785377,-0.603041076,-0.149259177,-0.07643122,0.269910957,0.312775308,0.347381352,0.173332725,0.163124362,0.930687309,-14.318.706.061.246,-173.596.271.472.098,-0.86111366,-0.468545709,0.360916104,0.164565601,0.094881466,0.397359465,0.643454183,1,1,1,1,1,FALSE,FALSE,FALSE,FALSE,FALSE,TRUE,TRUE,TRUE,TRUE,TRUE
59,ASV111,-0.263070923,-0.393938299,0.967557008,-0.81092338,-0.12292533,0.278072019,0.322068901,0.343547345,0.138683741,0.128267561,-0.946053199,-12.231.491.382.972,281.637.166.192.988,-584.728.517.548.397,-0.958350884,0.36278262,0.244750566,0.015564356,7.87E+09,0.356797018,1,1,1,0.054232087,1,FALSE,FALSE,FALSE,FALSE,FALSE,FALSE,TRUE,TRUE,TRUE,TRUE
60,ASV114,-0.50045906,0.669455014,0.294053774,-0.186766248,-0.215776194,0.256347736,0.305210433,0.313960517,0.151526283,0.141158783,-195.226.635.766.876,219.342.113.496.882,0.936594757,-123.256.668.199.604,-152.860.622.080.619,0.062191787,0.037793204,0.357927304,0.229203492,0.138917291,1,1,1,1,1,FALSE,FALSE,FALSE,FALSE,FALSE,FALSE,TRUE,FALSE,FALSE,TRUE
61,ASV115,NA,NA,NA,NA,NA,NA,NA,NA,NA,NA,NA,NA,NA,NA,NA,1,1,1,1,1,1,1,1,1,1,FALSE,FALSE,FALSE,FALSE,FALSE,FALSE,TRUE,FALSE,FALSE,TRUE
62,ASV117,-0.692692609,0.578922458,0.017616177,0.377417704,-0.184605224,0.252976494,0.294321812,0.31381975,0.138370053,0.12795352,-273.816.985.289.656,196.697.096.653.895,0.056134698,272.759.671.914.809,-14.427.522.078.804,0.011456155,0.060850937,0.955699225,0.011738509,0.162015542,1,1,1,1,1,FALSE,FALSE,FALSE,FALSE,FALSE,TRUE,FALSE,FALSE,FALSE,TRUE
63,ASV120,0.792046786,-374.521.361.206.183,-0.398525008,0.468033632,-121.917.462.370.226,0.340327305,0.355443147,0.394765012,0.188378633,0.178296285,232.730.895.805.203,-105.367.444.717.506,-100.952.464.397.223,248.453.673.038.494,-683.791.376.929.283,0.044944737,2.31E+08,0.339092392,0.034731949,7.58E+09,1,0.001689937,1,1,0.055375949,FALSE,TRUE,FALSE,FALSE,FALSE,FALSE,TRUE,TRUE,FALSE,FALSE
64,ASV121,0.105957967,-0.625155759,-0.515771348,0.313211469,0.10444649,0.281581646,0.335598658,0.344858102,0.183334502,0.173209604,0.376295714,-186.280.768.277.066,-149.560.455.186.785,170.841.531.076.303,0.603006345,0.71065931,0.077244217,0.150370044,0.10303431,0.553281714,1,1,1,1,1,FALSE,FALSE,FALSE,FALSE,FALSE,TRUE,TRUE,FALSE,TRUE,TRUE
65,ASV122,-0.978420933,-0.514301817,189.557.086.426.292,0.594754281,0.340050804,0.291248221,0.341935373,0.388437217,0.168792654,0.158547512,-335.940.569.412.725,-150.409.070.919.138,487.999.291.364.583,352.357.917.883.657,214.478.801.509.813,0.078337835,0.271461363,0.03951905,0.071958239,0.165149711,1,1,1,1,1,FALSE,FALSE,FALSE,FALSE,FALSE,TRUE,TRUE,FALSE,TRUE,TRUE
66,ASV123,0.381589634,-152.720.600.502.639,-0.634110818,-0.272264311,0.039390214,0.325629809,0.34925398,0.364085473,0.202330019,0.192364231,117.185.105.165.358,-437.276.621.739.308,-174.165.371.701.867,-134.564.466.720.035,0.204768913,0.25275907,0.000204708,0.094373795,0.190993075,0.839479372,1,0.144319285,1,1,1,FALSE,FALSE,FALSE,FALSE,FALSE,TRUE,TRUE,TRUE,TRUE,TRUE
67,ASV125,-128.429.312.029.544,133.459.796.833.711,114.188.381.862.391,-0.51176334,0.296464223,0.271843183,0.3279744,0.334670055,0.158724603,0.148403374,-472.438.965.427.918,406.921.384.213.536,341.196.890.072.051,-322.422.189.225.225,199.769.193.243.028,0.000229116,0.000892372,0.003568877,0.005300802,0.063044562,0.166338159,0.607705101,1,1,1,FALSE,FALSE,FALSE,FALSE,FALSE,FALSE,TRUE,TRUE,TRUE,TRUE
68,ASV126,NA,NA,NA,NA,NA,NA,NA,NA,NA,NA,NA,NA,NA,NA,NA,1,1,1,1,1,1,1,1,1,1,FALSE,FALSE,FALSE,FALSE,FALSE,FALSE,FALSE,FALSE,FALSE,TRUE
69,ASV129,-0.0825097,-0.123008955,0.677564186,-173.548.145.806.548,0.191589988,0.277826268,0.325380642,0.341518199,0.170421027,0.160188955,-0.296983078,-0.378046322,198.397.680.803.676,-101.834.937.120.881,119.602.495.921.546,0.769879306,0.709817489,0.062721437,6.75E+04,0.247204968,1,1,1,4.91E+08,1,FALSE,FALSE,FALSE,TRUE,FALSE,TRUE,FALSE,FALSE,TRUE,TRUE
70,ASV130,357.127.414.641.435,-869.081.076.041.159,-248.265.713.232.623,NA,-277.324.493.083.163,0.290964845,0.33945993,0.372295767,NA,0.146299565,122.739.025.140.151,-256.018.752.282.665,-666.850.755.417.981,NA,-189.559.342.848.951,1.78E+09,2.34E+07,0.000550316,1,1.39E+08,0.013060693,0.000172251,0.39677768,1,0.001023852,TRUE,TRUE,FALSE,FALSE,TRUE,FALSE,FALSE,FALSE,TRUE,FALSE
71,ASV131,0.423957173,-11.868.157.208.799,-0.638743231,0.406336342,0.004638923,0.282434043,0.315034249,0.354523519,0.182012279,0.171876245,150.108.382.089.741,-376.725.935.690.155,-180.169.494.316.914,223.246.664.498.168,0.026989903,0.145381617,0.00085529,0.083201658,0.034412126,0.978673884,1,0.584163188,1,1,1,FALSE,FALSE,FALSE,FALSE,FALSE,TRUE,FALSE,FALSE,TRUE,TRUE
72,ASV133,-0.566390316,-0.202164561,-0.359639202,0.67973111,0.311432572,0.303275267,0.335763294,0.393065885,0.201993418,0.192024857,-186.757.832.793.935,-0.602104413,-0.914959084,336.511.514.976.708,162.183.468.054.612,0.080249583,0.555541901,0.373796832,0.003939689,0.124375644,1,1,1,1,1,FALSE,FALSE,FALSE,FALSE,FALSE,TRUE,TRUE,TRUE,FALSE,TRUE
73,ASV135,0.248881546,-0.442263128,-0.38009303,-0.117784309,-0.004307935,0.261052257,0.30808232,0.324981632,0.142262766,0.131854018,0.953378259,-143.553.556.857.326,-116.958.311.369.804,-0.827934901,-0.032672006,0.352371086,0.167393652,0.256632264,0.417985994,0.974276932,1,1,1,1,1,FALSE,FALSE,FALSE,FALSE,FALSE,FALSE,FALSE,FALSE,FALSE,TRUE
74,ASV138,-101.911.524.156.099,0.874158051,0.956899034,0.146097372,0.082153414,0.261691113,0.30580659,0.328795342,0.143037007,0.132630609,-389.434.409.232.892,285.853.242.045.571,291.031.809.588.792,102.139.561.713.109,0.619415195,0.000900593,0.009711052,0.008652332,0.319263866,0.542635456,0.648426829,1,1,1,1,FALSE,FALSE,FALSE,FALSE,FALSE,FALSE,TRUE,TRUE,FALSE,TRUE
75,ASV139,0.396829298,-209.601.388.834.944,-0.329691383,0.675706882,-107.211.149.718.962,0.346090158,0.363696291,0.392094075,0.186728773,0.176632506,114.660.671.150.276,-576.308.843.050.473,-0.840847653,361.865.433.248.893,-606.972.929.687.118,0.284679249,0.000422612,0.424850569,0.006795839,0.000299306,1,0.293292804,1,1,0.217595703,FALSE,FALSE,FALSE,FALSE,FALSE,TRUE,TRUE,TRUE,FALSE,FALSE
76,ASV140,0.606744005,-156.579.712.417.784,-0.483162672,-0.078937802,-0.029126221,0.309913634,0.35694986,0.379292869,0.174895079,0.164699585,195.778.416.769.846,-438.660.243.449.535,-127.385.118.702.036,-0.451343758,-0.176844534,0.085951964,0.002328111,0.238476171,0.663725678,0.864025651,1,1,1,1,1,FALSE,FALSE,FALSE,FALSE,FALSE,TRUE,FALSE,TRUE,TRUE,TRUE
77,ASV141,-0.098990046,-0.396273519,-0.360436583,0.009124368,0.22444108,0.285412922,0.334731812,0.362465557,0.189177185,0.179101571,-0.34683099,-118.385.377.458.191,-0.994402298,0.04823186,125.314.969.599.732,0.732340967,0.25035104,0.331906601,0.962009861,0.224604501,1,1,1,1,1,FALSE,FALSE,FALSE,FALSE,FALSE,TRUE,TRUE,TRUE,TRUE,TRUE
78,ASV143,-0.579973947,0.403217985,-0.128232727,0.25371402,-0.267158842,0.256346797,0.305837229,0.326446328,0.144182655,0.13378016,-226.245.832.880.725,131.840.713.576.291,-0.39281412,175.967.088.752.203,-199.699.896.346.043,0.034956527,0.202267355,0.698612179,0.093752225,0.059615096,1,1,1,1,1,FALSE,FALSE,FALSE,FALSE,FALSE,TRUE,FALSE,TRUE,TRUE,TRUE
79,ASV144,0.156533985,-169.366.894.150.797,-0.522437872,0.524060704,0.002816983,0.2979803,0.344149411,0.362427497,0.180106223,0.169954169,0.525316555,-492.131.873.344.512,-144.149.623.387.624,29.097.312.494.202,0.016574955,0.605774359,0.00011011,0.166616614,0.009346801,0.986958046,1,0.078287959,1,1,1,FALSE,FALSE,FALSE,FALSE,FALSE,FALSE,TRUE,FALSE,TRUE,TRUE
80,ASV146,0.121188652,-0.069207137,-0.161378242,-0.816015991,0.189473895,0.271212983,0.320109309,0.336306858,0.137950515,0.127533591,0.446839419,-0.216198451,-0.479854151,-591.528.049.443.705,148.567.834.617.398,0.662344504,0.832188562,0.63930393,5.11E+08,0.161207549,1,1,1,0.035438389,1,FALSE,FALSE,FALSE,TRUE,FALSE,TRUE,FALSE,FALSE,TRUE,TRUE
81,ASV148,-0.667687392,-0.203319927,161.855.506.255.685,-157.776.504.514.739,0.031014385,0.281334524,0.329864864,0.349534835,0.146277138,0.135882991,-237.328.637.074.181,-0.616373398,463.059.730.222.975,-107.861.355.992.506,0.228243322,0.036936773,0.550190879,0.000727699,3.45E+07,0.823644486,1,1,0.522487861,0.000249673,1,FALSE,FALSE,FALSE,TRUE,FALSE,FALSE,TRUE,TRUE,TRUE,TRUE
82,ASV149,-0.416959597,-0.084500456,0.183545171,0.019073453,0.198892046,0.291830957,0.350424947,0.352554041,0.176610489,0.166429219,-142.877.096.165.871,-0.2411371,0.520615708,0.107997284,119.505.485.119.715,0.175000816,0.812944635,0.610769999,0.91553036,0.251917969,1,1,1,1,1,FALSE,FALSE,FALSE,FALSE,FALSE,TRUE,TRUE,TRUE,TRUE,TRUE
83,ASV150,-0.147564453,0.036502925,0.893428605,-174.222.461.729.481,-0.255775798,0.270843282,0.310906911,0.33221108,0.139150489,0.12873493,-0.544833353,0.117407891,268.934.018.036.592,-125.204.347.817.614,-198.684.069.603.812,0.592944368,0.907912823,0.015516341,5.24E+04,0.063300882,1,1,1,3.86E+07,1,FALSE,FALSE,FALSE,TRUE,FALSE,TRUE,FALSE,TRUE,TRUE,TRUE
84,ASV152,-0.178479928,-0.276689129,-0.235670728,0.379350911,-0.093472533,0.264633065,0.298573032,0.322371188,0.159574252,0.14925903,-0.674443039,-0.926705024,-0.731053943,237.726.892.085.705,-0.626243739,0.505560534,0.361999135,0.470820131,0.024510715,0.536227471,1,1,1,1,1,FALSE,FALSE,FALSE,FALSE,FALSE,TRUE,TRUE,TRUE,FALSE,TRUE
85,ASV153,-0.032420104,-110.468.463.486.997,0.722108191,-0.150339922,0.004583822,0.273482697,0.320614549,0.340634139,0.132966818,0.122553492,-0.118545356,-344.552.247.413.186,211.989.377.485.981,-113.065.744.243.012,0.03740262,0.90777267,0.005471097,0.057580623,0.282249076,0.970834141,1,1,1,1,1,FALSE,FALSE,FALSE,FALSE,FALSE,TRUE,FALSE,FALSE,FALSE,TRUE
86,ASV154,0.091063819,-140.862.602.255.565,107.694.954.856.292,0.589871858,NA,0.291398457,0.342157487,0.385676159,0.166062239,NA,0.312506179,-411.689.375.416.051,279.236.744.218.405,355.211.312.843.578,NA,0.775118954,0.025967591,0.068284338,0.038033323,1,1,1,1,1,1,FALSE,FALSE,FALSE,FALSE,FALSE,TRUE,FALSE,TRUE,FALSE,FALSE
87,ASV156,0.318613771,-0.936462494,-115.698.474.924.178,-0.301839566,0.160601388,0.292899031,0.332554734,0.379610938,0.188514264,0.17843306,10.877.938.718.253,-281.596.500.708.016,-304.781.720.495.584,-16.011.497.481.793,0.900065202,0.291868577,0.011898597,0.007273068,0.127761386,0.380659099,1,1,1,1,1,FALSE,FALSE,FALSE,FALSE,FALSE,TRUE,TRUE,FALSE,TRUE,TRUE
88,ASV157,0.532347561,-0.624023126,-0.239510816,-0.098280759,-0.420429156,0.301589907,0.343697033,0.38446375,0.186448921,0.176350293,176.513.718.816.237,-181.561.976.463.355,-0.62297373,-0.52711895,-238.405.703.116.452,0.102950644,0.094482051,0.544959701,0.607718476,0.034506889,1,1,1,1,1,FALSE,FALSE,FALSE,FALSE,FALSE,TRUE,TRUE,TRUE,TRUE,FALSE
89,ASV158,-0.025775681,-0.772322328,-0.115752993,0.312983899,0.007187445,0.263803391,0.306895173,0.324596824,0.141480537,0.131069667,-0.097707923,-251.656.720.623.549,-0.356605438,221.220.462.325.961,0.054836826,0.923136805,0.020494729,0.725121823,0.038751721,0.95681256,1,1,1,1,1,FALSE,FALSE,FALSE,FALSE,FALSE,TRUE,FALSE,TRUE,FALSE,TRUE
90,ASV159,0.615403884,-201.786.402.786.128,-0.697862083,-0.210471669,0.14315388,0.292535526,0.327820963,0.352678957,0.178379238,0.168212719,210.368.939.744.494,-615.538.435.049.587,-197.874.602.088.815,-117.991.124.225.031,0.851028871,0.04763233,4.16E+08,0.061108503,0.251229488,0.404353285,1,0.003039225,1,1,1,FALSE,TRUE,FALSE,FALSE,FALSE,FALSE,FALSE,TRUE,TRUE,TRUE
91,ASV161,0.279104456,-0.969989411,-0.48137148,-0.007671233,-0.206373944,0.310018784,0.321584889,0.373909314,0.189785648,0.179715163,0.900282406,-301.627.795.797.871,-128.740.168.082.396,-0.040420511,-114.833.907.409.787,0.377719699,0.0063503,0.211333949,0.968122462,0.263162061,1,1,1,1,1,FALSE,FALSE,FALSE,FALSE,FALSE,TRUE,FALSE,TRUE,FALSE,TRUE
92,ASV162,-0.230945992,-0.528040259,-0.452108721,0.437907633,0.247139788,0.287698176,0.321116074,0.364061356,0.169918265,0.159682142,-0.802737076,-164.439.061.859.796,-124.184.760.143.807,257.716.633.641.588,154.769.835.370.014,0.433206758,0.118459143,0.231153573,0.019582348,0.140108578,1,1,1,1,1,FALSE,FALSE,FALSE,FALSE,FALSE,TRUE,FALSE,TRUE,FALSE,TRUE
93,ASV164,-0.288910933,-138.839.533.342.512,-171.046.589.417.886,0.656735043,-0.235868412,0.315087934,0.374322278,0.392548479,0.180752878,0.170606254,-0.916921601,-370.909.084.138.773,-435.733.670.115.622,363.333.103.523.513,-13.825.308.625.096,0.394544918,0.009980334,0.0047843,0.010921573,0.21606714,1,1,1,1,1,FALSE,FALSE,FALSE,FALSE,FALSE,TRUE,TRUE,TRUE,FALSE,TRUE
94,ASV165,-0.357857948,0.719549644,0.225983509,-0.701244544,0.160549995,0.271654382,0.319007164,0.339539834,0.150031141,0.13965532,-131.732.808.858.188,225.559.086.152.564,0.665558165,-467.399.326.525.706,11.496.160.317.964,0.207497473,0.039461763,0.515798248,0.000299717,0.268302396,1,1,1,0.199012322,1,FALSE,FALSE,FALSE,FALSE,FALSE,TRUE,TRUE,FALSE,TRUE,TRUE
95,ASV166,0.419230301,-0.465520194,-0.732140422,-0.181281774,-0.035550978,0.267566147,0.313640791,0.334114626,0.14624532,0.135851035,156.682.863.366.954,-14.842.463.367.764,-219.128.516.211.501,-12.395.731.632.553,-0.26169089,0.135578928,0.156048678,0.042649119,0.231973204,0.796704051,1,1,1,1,1,FALSE,FALSE,FALSE,FALSE,FALSE,TRUE,FALSE,TRUE,TRUE,TRUE
96,ASV172,-0.190288632,-0.484588403,-0.087941764,0.466621643,-0.179141453,0.258069649,0.306856478,0.321815718,0.147761865,0.13737449,-0.737353783,-157.920.212.584.133,-0.273267461,315.793.010.547.868,-130.403.725.176.542,0.468363371,0.127945518,0.787086434,0.004398661,0.205121544,1,1,1,1,1,FALSE,FALSE,FALSE,FALSE,FALSE,TRUE,TRUE,TRUE,FALSE,TRUE
97,ASV173,0.015426954,-0.607102579,-0.291945621,0.058492276,0.042579039,0.262448532,0.308205244,0.323322195,0.137535474,0.127118259,0.058780874,-196.979.963.693.175,-0.902955707,0.425288648,0.334956123,0.953740477,0.063615428,0.377855102,0.675404251,0.741327883,1,1,1,1,1,FALSE,FALSE,FALSE,FALSE,FALSE,TRUE,TRUE,TRUE,TRUE,TRUE
98,ASV174,0.255969612,-176.577.380.718.277,-102.775.050.688.329,-0.182345069,0.47188981,0.287086395,0.342840903,0.362231643,0.177095745,0.166918514,0.891611783,-515.041.756.425.434,-283.727.423.337.493,-102.964.116.230.697,282.706.691.756.113,0.385047383,8.01E+09,0.011375797,0.317606147,0.011623394,1,0.05718346,1,1,1,FALSE,FALSE,FALSE,FALSE,FALSE,FALSE,TRUE,TRUE,TRUE,FALSE
99,ASV183,-0.316302411,0.031523147,-0.040141881,0.471006194,-0.227509295,0.299336458,0.343377644,0.360684474,0.178181771,0.168013601,-105.667.853.950.843,0.091803143,-0.111293621,264.340.280.595.147,-135.411.236.636.682,0.309900038,0.928254024,0.913083482,0.020264443,0.198772057,1,1,1,1,1,FALSE,FALSE,FALSE,FALSE,FALSE,FALSE,TRUE,FALSE,FALSE,TRUE
100,ASV185,0.13571722,-0.071623869,-0.316787821,-0.260425937,0.187417938,0.264366638,0.311320508,0.330788089,0.14210282,0.131693617,0.513367426,-0.23006473,-0.957676023,-183.265.847.239.417,142.313.607.793.903,0.61430153,0.82078704,0.351648721,0.084428001,0.172789785,1,1,1,1,1,FALSE,FALSE,FALSE,FALSE,FALSE,TRUE,FALSE,FALSE,FALSE,TRUE
101,ASV186,0.142146941,-204.450.229.347.967,-112.405.595.195.491,NA,-0.648343208,0.303757111,0.357011787,0.376574322,NA,0.151012766,0.467962513,-572.670.810.268.723,-298.495.114.264.936,NA,-429.330.065.532.827,0.656326572,0.001230058,0.024479417,1,0.005130276,1,0.826598642,1,1,1,FALSE,FALSE,FALSE,FALSE,FALSE,TRUE,TRUE,TRUE,FALSE,FALSE
102,ASV187,0.117901862,-0.818327656,-0.684221493,0.522202388,-0.158382667,0.293544119,0.350705243,0.357587443,0.176879244,0.16670021,0.401649547,-233.337.731.034.917,-191.343.825.554.188,295.231.015.705.296,-0.950104783,0.695635166,0.039632421,0.082061012,0.013154938,0.362467378,1,1,1,1,1,FALSE,FALSE,FALSE,FALSE,FALSE,FALSE,FALSE,TRUE,FALSE,FALSE
103,ASV188,-0.460537561,-0.368577453,-0.202785621,0.21992832,0.435367586,0.292276322,0.339434875,0.357907241,0.181224759,0.1710821,-157.569.233.994.262,-108.585.616.883.063,-0.566587086,121.356.662.997.041,254.478.747.547.277,0.134660759,0.293632302,0.578856726,0.242524573,0.021629954,1,1,1,1,1,FALSE,FALSE,FALSE,FALSE,FALSE,TRUE,TRUE,TRUE,TRUE,FALSE
104,ASV189,-0.016162381,-0.824076057,0.519599576,0.320569033,-0.550182153,0.27021253,0.317233682,0.333708241,0.146333502,0.1359396,-0.059813588,-259.769.407.489.755,155.704.748.163.824,21.906.742.393.861,-404.725.447.664.129,0.95300163,0.018769351,0.137879277,0.042700335,0.000837004,1,1,1,1,0.60347977,FALSE,FALSE,FALSE,FALSE,FALSE,TRUE,FALSE,TRUE,FALSE,FALSE
105,ASV193,-0.061077388,-0.428095075,-0.554294646,0.183563251,0.294332648,0.269285047,0.310342408,0.337791258,0.146363504,0.135969733,-0.226813143,-137.942.822.078.331,-164.093.840.041.366,125.415.999.529.083,216.469.240.612.141,0.823124976,0.184660982,0.118167283,0.225827033,0.044096157,1,1,1,1,1,FALSE,FALSE,FALSE,FALSE,FALSE,TRUE,TRUE,TRUE,FALSE,FALSE
106,ASV196,NA,NA,NA,NA,NA,NA,NA,NA,NA,NA,NA,NA,NA,NA,NA,1,1,1,1,1,1,1,1,1,1,FALSE,FALSE,FALSE,FALSE,FALSE,TRUE,TRUE,FALSE,FALSE,TRUE
107,ASV197,-0.748390025,0.759532558,1.334.443.341.611,-0.911368073,-0.205125919,0.271064429,0.316818791,0.33744182,0.139576541,0.129161646,-276.093.041.100.824,239.737.218.895.637,395.458.790.709.534,-652.952.185.458.012,-158.813.336.614.762,0.015312699,0.031024663,0.001438734,1.34E+09,0.134578017,1,1,1,0.009413507,1,FALSE,FALSE,FALSE,TRUE,FALSE,FALSE,FALSE,TRUE,TRUE,TRUE
108,ASV198,0.232338611,-0.504841623,0.522532659,-124.788.399.800.564,-0.336109391,0.270828227,0.318539497,0.337423024,0.137383351,0.126966054,0.857881816,-158.486.350.169.397,154.859.811.730.209,-908.322.580.608.912,-264.723.822.217.428,0.406496563,0.137012489,0.145471353,5.42E+07,0.020117161,1,1,1,0.00039114,1,FALSE,FALSE,FALSE,TRUE,FALSE,TRUE,FALSE,FALSE,TRUE,FALSE
109,ASV199,-0.860831539,0.586477619,0.293635419,0.122349868,0.3390041,0.266068865,0.296355857,0.327356726,0.155681874,0.145339986,-323.537.118.786.343,197.896.415.443.549,0.896989113,0.785896681,233.249.024.676.429,0.003299845,0.058502643,0.377955647,0.439032042,0.027687037,1,1,1,1,1,FALSE,FALSE,FALSE,FALSE,FALSE,FALSE,FALSE,TRUE,TRUE,FALSE
110,ASV200,143.192.295.407.104,-22.055.779.920.642,-304.567.776.429.616,0.729167831,0.176536175,0.292001751,0.348244399,0.355646411,0.157397986,0.147067577,490.381.633.064.242,-633.341.985.162.668,-85.637.803.969.921,463.263.762.328.172,120.037.454.111.837,0.002700472,0.0007249,0.000139179,0.003567838,0.275232155,1,0.498006472,0.101739648,1,1,FALSE,FALSE,FALSE,FALSE,FALSE,TRUE,FALSE,FALSE,FALSE,FALSE
111,ASV203,-0.270494043,-0.419756293,-0.54978784,-0.062113391,0.240092444,0.271785514,0.310778603,0.329606474,0.146586844,0.136194054,-0.995248195,-135.066.020.776.279,-166.801.286.889.841,-0.423731009,176.287.023.040.951,0.331505194,0.191889616,0.110895141,0.676284321,0.093197529,1,1,1,1,1,FALSE,FALSE,FALSE,FALSE,FALSE,TRUE,FALSE,FALSE,TRUE,TRUE
112,ASV205,NA,NA,NA,NA,NA,NA,NA,NA,NA,NA,NA,NA,NA,NA,NA,1,1,1,1,1,1,1,1,1,1,FALSE,FALSE,FALSE,FALSE,FALSE,TRUE,FALSE,FALSE,FALSE,TRUE
113,ASV207,0.24146085,-0.855604327,-0.489598889,0.113435605,-0.22548013,0.258418314,0.298614524,0.321642701,0.14156409,0.131153435,0.934379792,-28.652.468.583.847,-152.218.249.365.879,0.801302115,-171.920.873.041.744,0.359814939,0.008749273,0.141594576,0.431157572,0.099008433,1,1,1,1,1,FALSE,FALSE,FALSE,FALSE,FALSE,TRUE,FALSE,TRUE,TRUE,TRUE
114,ASV209,0.45848979,-18.126.504.761.594,-121.823.760.092.682,0.574462646,-0.314747656,0.323176694,0.371695367,0.41021536,0.217863583,0.208022536,141.869.694.706.883,-487.670.989.426.659,-296.975.130.901.219,26.367.997.745.382,-15.130.459.533.673,0.176430682,0.000201288,0.009542437,0.018677336,0.151050341,1,0.14210933,1,1,1,FALSE,FALSE,FALSE,FALSE,FALSE,TRUE,FALSE,FALSE,FALSE,TRUE
115,ASV211,NA,NA,NA,NA,NA,NA,NA,NA,NA,NA,NA,NA,NA,NA,NA,1,1,1,1,1,1,1,1,1,1,FALSE,FALSE,FALSE,FALSE,FALSE,TRUE,TRUE,FALSE,FALSE,TRUE
116,ASV215,-0.132561643,0.017922906,0.278950994,-0.199613746,0.037088275,0.277405815,0.325932817,0.346104221,0.140798474,0.13038597,-0.477861804,0.054989572,0.805973974,-141.772.663.099.732,0.284449892,0.643022501,0.957229903,0.439003486,0.186669177,0.781868923,1,1,1,1,1,FALSE,FALSE,FALSE,FALSE,FALSE,TRUE,TRUE,FALSE,FALSE,TRUE
117,ASV221,0.090417762,-0.654040601,-0.275059765,0.355384271,-0.176333781,0.261135562,0.308983641,0.325828033,0.137751325,0.12733425,0.346248367,-211.674.831.386.461,-0.844186922,257.989.729.558.462,-138.481.029.872.442,0.733170454,0.048471192,0.409644872,0.018879834,0.183036477,1,1,1,1,1,FALSE,FALSE,FALSE,FALSE,FALSE,TRUE,FALSE,TRUE,FALSE,TRUE
118,ASV224,153.369.152.061.455,-306.687.563.386.063,0.079418159,-164.756.271.697.786,-0.095694806,0.306333821,0.347263876,0.380321684,0.16374692,0.153462443,50.066.020.021.149,-883.154.235.586.066,0.208818382,-100.616.409.404.318,-0.623571503,0.007455547,0.000907333,0.844792859,0.000548788,0.566705142,1,0.616079137,1,0.355614578,1,FALSE,FALSE,FALSE,FALSE,FALSE,FALSE,FALSE,TRUE,FALSE,TRUE
119,ASV226,NA,NA,NA,NA,NA,NA,NA,NA,NA,NA,NA,NA,NA,NA,NA,1,1,1,1,1,1,1,1,1,1,FALSE,FALSE,FALSE,FALSE,FALSE,TRUE,FALSE,FALSE,FALSE,TRUE
120,ASV228,-0.622214727,-0.214508325,-0.124841367,0.99510471,-0.007612507,0.273355251,0.331154696,0.34113336,0.160558936,0.150250791,-227.621.282.257.867,-0.647758669,-0.365960594,619.775.350.364.346,-0.050665337,0.036930242,0.526327585,0.719188154,1.28E+09,0.960219323,1,1,1,0.00902256,1,FALSE,FALSE,FALSE,TRUE,FALSE,FALSE,FALSE,TRUE,FALSE,TRUE
121,ASV229,-0.420324859,0.553439896,0.580034163,0.016960809,-0.206029181,0.265435963,0.313095629,0.332194738,0.139356504,0.128941255,-158.352.641.303.355,176.763.852.772.793,17.460.666.819.362,0.121708053,-159.785.308.056.167,0.132865311,0.096183783,0.099967353,0.904645711,0.129634367,1,1,1,1,1,FALSE,FALSE,FALSE,FALSE,FALSE,TRUE,TRUE,FALSE,FALSE,TRUE
122,ASV230,0.516534164,-0.700682348,-0.594161832,0.15743703,0.072658434,0.263397215,0.309961159,0.328200483,0.132175385,0.121764241,196.104.641.376.463,-226.054.887.421.089,-181.036.245.652.478,119.112.216.307.545,0.59671406,0.067518455,0.03808033,0.089059321,0.250976502,0.559047782,1,1,1,1,1,FALSE,FALSE,FALSE,FALSE,FALSE,TRUE,FALSE,FALSE,FALSE,TRUE
123,ASV232,0.115643398,-0.660463728,-0.402932596,-0.346056234,-0.11374014,0.29779264,0.330798221,0.363488572,0.156416287,0.146079254,0.388335311,-199.657.581.847.953,-110.851.516.887.287,-221.240.537.125.842,-0.778619389,0.705907013,0.073807912,0.293587454,0.051351046,0.45423362,1,1,1,1,1,FALSE,FALSE,FALSE,FALSE,FALSE,FALSE,FALSE,TRUE,TRUE,TRUE
124,ASV233,0.001297562,-0.56251871,-0.659501641,0.095412641,0.406655848,0.290539254,0.340835272,0.363671055,0.173228198,0.163018977,0.004466049,-16.504.122.535.712,-181.345.650.926.813,0.550791628,249.453.072.650.457,0.996524459,0.129871108,0.099837716,0.593867034,0.031742882,1,1,1,1,1,FALSE,FALSE,FALSE,FALSE,FALSE,TRUE,TRUE,TRUE,TRUE,FALSE
125,ASV242,-203.862.345.534.269,218.853.769.207.247,253.550.686.016.792,NA,0.058330904,0.270511444,0.317419365,0.33443479,NA,0.1257906,-753.618.193.762.072,689.478.315.975.855,758.146.860.882.858,NA,0.463714335,1.78E+08,5.11E+08,1.66E+08,1,0.649510141,0.001311966,0.003722096,0.001222174,1,1,TRUE,TRUE,TRUE,FALSE,FALSE,FALSE,TRUE,TRUE,FALSE,TRUE
126,ASV244,0.102331337,-0.955715536,-0.540413985,0.187661855,-0.102415188,0.276189083,0.311106757,0.348237294,0.161353599,0.15105125,0.370511882,-307.198.578.967.901,-155.185.557.066.984,116.304.722.358.599,-0.678016152,0.714896212,0.006014733,0.136377819,0.258499854,0.50553078,1,1,1,1,1,FALSE,FALSE,FALSE,FALSE,FALSE,TRUE,FALSE,TRUE,TRUE,TRUE
127,ASV245,0.538842897,-0.883718173,-0.299569367,0.359417892,-0.632739183,0.283980515,0.338828664,0.382111845,0.183979619,0.17386016,189.746.432.832.706,-260.815.647.349.926,-0.783983463,195.357.450.131.842,-363.935.696.569.674,0.084311423,0.0243374,0.449602315,0.076649405,0.003892451,1,1,1,1,1,FALSE,FALSE,FALSE,FALSE,FALSE,TRUE,FALSE,TRUE,TRUE,FALSE
128,ASV246,0.472147444,-137.437.147.932.852,-0.518007984,0.018513111,-0.037273131,0.302128686,0.337391085,0.367004484,0.173104393,0.162894157,156.273.622.896.155,-407.352.636.081.484,-141.144.865.184.235,0.106947667,-0.228818099,0.140431033,0.001139585,0.179949196,0.916347951,0.822319032,1,0.76921955,1,1,1,FALSE,FALSE,FALSE,FALSE,FALSE,TRUE,FALSE,TRUE,FALSE,TRUE
129,ASV248,0.68406021,-0.866235206,-124.705.814.102,0.395999674,-0.095017483,0.269504991,0.315932562,0.337580933,0.142514074,0.132106062,253.820.980.697.226,-274.183.579.326.893,-369.410.123.422.667,277.867.064.426.253,-0.719251498,0.022722668,0.015132654,0.00216509,0.014051227,0.483041917,1,1,1,1,1,FALSE,FALSE,FALSE,FALSE,FALSE,FALSE,FALSE,FALSE,TRUE,TRUE
130,ASV249,0.134440378,-160.220.680.960.804,-0.367332684,0.128919509,0.035779552,0.276468951,0.320813605,0.340532023,0.145195516,0.134796872,0.486276585,-499.419.845.159.649,-107.870.232.298.085,0.887902829,0.265433104,0.633798828,0.00016016,0.297761799,0.388609011,0.7942891,1,0.113393434,1,1,1,FALSE,FALSE,FALSE,FALSE,FALSE,FALSE,TRUE,TRUE,TRUE,TRUE
131,ASV250,-102.417.524.277.804,0.985933398,107.970.433.243.909,-0.418971972,0.221012004,0.271339418,0.327921676,0.337768059,0.15291172,0.142552379,-377.451.698.447.155,300.661.245.971.366,31.965.850.639.254,-27.399.598.441.498,1.550.391.556.287,0.002051518,0.009427133,0.006464294,0.015956388,0.143353589,1,1,1,1,1,FALSE,FALSE,FALSE,FALSE,FALSE,FALSE,TRUE,TRUE,TRUE,TRUE
132,ASV253,-0.260616001,0.478488647,0.299743445,-165.588.964.736.848,0.120050786,0.270978542,0.321571254,0.338532076,0.142145358,0.131736275,-0.961758814,148.797.083.251.289,0.885421105,-116.492.699.541.335,0.911296342,0.353719505,0.160609863,0.392013135,2.98E+06,0.378727647,1,1,1,2.17E+09,1,FALSE,FALSE,FALSE,TRUE,FALSE,TRUE,FALSE,FALSE,TRUE,TRUE
133,ASV254,-0.052476916,-0.436077479,-0.17846685,0.026173865,0.152758449,0.267555766,0.312366615,0.32882802,0.143096398,0.13269019,-0.196134497,-139.604.380.884.088,-0.542736139,0.182910716,115.124.146.712.675,0.846702196,0.179682825,0.593968698,0.856912507,0.26469639,1,1,1,1,1,FALSE,FALSE,FALSE,FALSE,FALSE,TRUE,TRUE,TRUE,TRUE,TRUE
134,ASV255,-0.731870584,0.339075533,0.778916879,0.65158761,-0.171013766,0.2628505,0.306938693,0.328690257,0.140089228,0.12967525,-27.843.606.344.468,110.470.117.134.319,236.975.956.271.133,465.123.279.090.486,-131.878.493.307.673,0.01181927,0.283082893,0.028541297,0.000174077,0.202916555,1,1,1,0.116940137,1,FALSE,FALSE,FALSE,FALSE,FALSE,FALSE,TRUE,FALSE,TRUE,TRUE
135,ASV257,-0.518277064,0.130487706,0.402583816,0.633739506,-0.009028483,0.26683873,0.311305403,0.3388585,0.144341484,0.13393957,-194.228.575.658.404,0.419162998,118.805.877.961.571,439.055.694.474.734,-0.067407135,0.069917891,0.680670398,0.252147359,0.000456098,0.947092751,1,1,1,0.297832229,1,FALSE,FALSE,FALSE,FALSE,FALSE,TRUE,TRUE,TRUE,TRUE,TRUE
136,ASV259,-0.090846523,-210.303.845.625.471,-0.091040277,0.130893453,0.078505963,0.270718319,0.315627136,0.33591232,0.146877224,0.136485734,-0.335575822,-666.304.705.275.517,-0.271023929,0.89117597,0.575195377,0.740867847,2.26E+08,0.789295174,0.383981582,0.571908653,1,0.00165502,1,1,1,FALSE,TRUE,FALSE,FALSE,FALSE,FALSE,TRUE,FALSE,FALSE,TRUE
137,ASV260,-0.081068411,-0.147233047,0.219520351,-100.444.624.421.056,0.227338389,0.268113012,0.326276802,0.334222851,0.156561287,0.146225223,-0.302366567,-0.451251963,0.656808324,-641.567.440.751.153,15.547.139.129.444,0.766267896,0.657864022,0.520640267,8.54E+08,0.139570078,1,1,1,0.006065484,1,FALSE,FALSE,FALSE,TRUE,FALSE,TRUE,FALSE,FALSE,TRUE,TRUE
138,ASV261,-10.299.394.595.144,-134.717.580.747,-157.371.542.008.184,128.531.799.804.553,15.769.476.703.445,0.305323623,0.355167588,0.383837718,0.17889932,0.168737151,-337.327.144.576.172,-379.307.080.442.782,-409.994.992.206.799,718.458.848.963.126,934.558.666.999.629,0.014981766,0.009040815,0.006357725,0.000367584,8.51E+09,1,1,1,0.241870546,0.062112729,FALSE,FALSE,FALSE,FALSE,FALSE,TRUE,FALSE,FALSE,FALSE,FALSE
139,ASV262,0.510333641,-132.742.422.143.385,-0.617137241,-0.055530585,0.059151344,0.276122949,0.316773459,0.336917097,0.139655929,0.129241168,184.821.161.136.457,-419.045.277.770.159,-183.171.838.788.376,-0.397624255,0.457681904,0.084383566,0.000787955,0.086924272,0.696508344,0.653740557,1,0.539749281,1,1,1,FALSE,FALSE,FALSE,FALSE,FALSE,TRUE,FALSE,TRUE,FALSE,TRUE
140,ASV263,NA,NA,NA,NA,NA,NA,NA,NA,NA,NA,NA,NA,NA,NA,NA,1,1,1,1,1,1,1,1,1,1,FALSE,FALSE,FALSE,FALSE,FALSE,FALSE,FALSE,FALSE,FALSE,TRUE
141,ASV264,-0.502590533,-0.513529512,0.595932107,0.851791387,-0.434811815,0.263824335,0.31061892,0.330379702,0.135369983,0.124952894,-190.501.961.169.529,-16.532.460.804.221,180.377.942.180.339,629.232.101.715.324,-347.980.586.731.134,0.074912521,0.117764351,0.09012585,1.07E+09,0.003092674,1,1,1,0.007591113,1,FALSE,FALSE,FALSE,TRUE,FALSE,TRUE,TRUE,TRUE,FALSE,FALSE
142,ASV266,0.668505605,-0.447636781,-0.799037065,0.748080316,-0.134299135,0.269503666,0.316727472,0.33598312,0.133584225,0.123169535,248.050.653.125.201,-14.133.184.549.994,-237.820.597.813.354,560.006.479.787.127,-109.036.000.663.301,0.027583697,0.181057357,0.033419767,8.62E+09,0.295352918,1,1,1,0.059247891,1,FALSE,FALSE,FALSE,FALSE,FALSE,FALSE,FALSE,TRUE,TRUE,TRUE
143,ASV267,0.845371222,-268.128.429.371.397,-20.055.366.742.078,178.905.462.761.083,NA,0.284948668,0.336460109,0.362713404,0.152327344,NA,296.674.916.731.434,-796.910.012.017.846,-55.292.598.834.028,117.448.028.387.456,NA,0.020903907,9.34E+08,0.000878921,7.34E+08,1,1,0.066614768,0.62930764,0.005221659,1,FALSE,FALSE,FALSE,TRUE,FALSE,FALSE,FALSE,TRUE,FALSE,FALSE
144,ASV269,NA,NA,NA,NA,NA,NA,NA,NA,NA,NA,NA,NA,NA,NA,NA,1,1,1,1,1,1,1,1,1,1,FALSE,FALSE,FALSE,FALSE,FALSE,TRUE,FALSE,FALSE,FALSE,TRUE
145,ASV270,0.196523174,-169.483.344.890.583,-117.772.321.310.236,0.257764087,0.283490306,0.286461766,0.335158555,0.368677138,0.160122618,0.149811322,0.686036315,-505.681.093.733.013,-319.445.686.530.935,160.979.185.970.675,189.231.562.039.457,0.509975212,0.000683993,0.010928096,0.14190383,0.090998956,1,0.470586968,1,1,1,FALSE,FALSE,FALSE,FALSE,FALSE,TRUE,TRUE,FALSE,TRUE,TRUE
146,ASV271,-0.095045321,-0.045640604,-0.401769716,0.252279808,-0.098185461,0.298708667,0.330040166,0.359264806,0.166923743,0.156663807,-0.318187357,-0.138288029,-111.831.080.865.775,151.134.765.492.347,-0.62672715,0.754458237,0.891738264,0.279944293,0.150197603,0.539678285,1,1,1,1,1,FALSE,FALSE,FALSE,FALSE,FALSE,TRUE,TRUE,TRUE,TRUE,TRUE
147,ASV272,-0.462101295,0.607775718,0.719236808,-0.477463182,-0.082718271,0.272989044,0.316283431,0.3359018,0.135198697,0.124781744,-169.274.666.862.527,19.216.173.148.023,214.121.153.237.065,-35.315.664.576.282,-0.662903633,0.112628652,0.075248616,0.050333752,0.003320292,0.518158359,1,1,1,1,1,FALSE,FALSE,FALSE,FALSE,FALSE,TRUE,FALSE,FALSE,TRUE,TRUE
148,ASV275,0.384835298,-0.836402522,-0.598937885,-0.239836158,-0.135133117,0.279983706,0.314728871,0.344092886,0.147621889,0.137233847,137.449.176.502.715,-265.753.351.276.037,-174.062.850.157.136,-162.466.528.582.386,-0.984692337,0.188235926,0.017202701,0.100941462,0.123767131,0.33943242,1,1,1,1,1,FALSE,FALSE,FALSE,FALSE,FALSE,TRUE,FALSE,TRUE,TRUE,TRUE
149,ASV277,-0.412094563,0.112960898,-0.143712087,0.656564807,-0.137558947,0.308999316,0.348213814,0.37303053,0.176353575,0.166170169,-133.364.231.602.934,0.324400966,-0.385255564,372.300.254.352.644,-0.827819744,0.215086914,0.753047207,0.708995149,0.004748534,0.429176418,1,1,1,1,1,FALSE,FALSE,FALSE,FALSE,FALSE,TRUE,TRUE,FALSE,FALSE,TRUE
150,ASV280,0.488132124,-258.370.592.494.056,-160.315.679.589.539,0.841194912,0.410194645,0.307782296,0.354341496,0.377337876,0.156619496,0.146283822,158.596.556.713.633,-72.915.702.919.867,-424.859.760.611.421,537.094.636.364.433,280.410.123.433.431,0.253635311,0.018294117,0.051183753,0.032961216,0.107127329,1,1,1,1,1,FALSE,FALSE,FALSE,FALSE,FALSE,TRUE,FALSE,TRUE,FALSE,TRUE
151,ASV282,-0.658297786,-0.166312391,-0.071578964,0.743063442,-0.36461598,0.282241264,0.332596139,0.349121714,0.144081423,0.133678564,-233.239.384.064.263,-0.50004306,-0.205025816,515.724.670.226.043,-272.755.758.249.906,0.04457206,0.629042161,0.842113924,0.000597295,0.023317566,1,1,1,0.386449799,1,FALSE,FALSE,FALSE,FALSE,FALSE,FALSE,TRUE,TRUE,FALSE,TRUE
152,ASV285,NA,NA,NA,NA,NA,NA,NA,NA,NA,NA,NA,NA,NA,NA,NA,1,1,1,1,1,1,1,1,1,1,FALSE,FALSE,FALSE,FALSE,FALSE,TRUE,TRUE,FALSE,FALSE,FALSE
153,ASV286,-0.337564931,-106.693.696.891.211,-175.509.796.287.408,0.596113483,111.926.670.951.613,0.297671036,0.347278795,0.364511335,0.158495098,0.148172263,-113.402.007.484.905,-307.227.790.589.681,-481.493.384.383.193,376.108.466.411.555,755.382.071.050.389,0.308211727,0.027711887,0.004819858,0.013142847,0.000644458,1,1,1,1,0.467231975,FALSE,FALSE,FALSE,FALSE,FALSE,TRUE,FALSE,FALSE,FALSE,FALSE
154,ASV287,140.485.245.795.901,-150.473.672.817.929,-156.344.138.507.771,-0.39229992,-0.003845191,0.269981867,0.331636792,0.353639804,0.171865729,0.161645371,52.035.067.064.929,-453.730.335.360.429,-442.099.946.741.038,-22.825.953.897.208,-0.023787819,0.000133725,0.000464829,0.000580871,0.038602243,0.981357588,0.09735216,0.32166194,0.418227286,1,1,FALSE,FALSE,FALSE,FALSE,FALSE,FALSE,FALSE,TRUE,TRUE,TRUE
155,ASV288,-0.214877922,-0.290235127,0.247156415,0.37349816,-0.193721941,0.272207852,0.313662006,0.335498796,0.140050655,0.129636604,-0.789389141,-0.92531171,0.736683464,266.687.906.134.625,-149.434.600.475.327,0.441426335,0.368550402,0.471979416,0.016877532,0.154544836,1,1,1,1,1,FALSE,FALSE,FALSE,FALSE,FALSE,TRUE,TRUE,TRUE,TRUE,TRUE
156,ASV292,-0.36838733,-0.327215695,0.407836906,0.369430449,-0.151115852,0.273534658,0.318486966,0.336856496,0.145948961,0.13555341,-134.676.655.476.568,-102.740.686.455.576,121.071.409.171.971,253.123.040.514.647,-111.480.671.871.868,0.196823491,0.319511554,0.243586444,0.02223032,0.281398921,1,1,1,1,1,FALSE,FALSE,FALSE,FALSE,FALSE,TRUE,TRUE,TRUE,FALSE,TRUE
157,ASV293,0.664193362,-0.52162593,-0.684132776,0.561621084,-0.275687615,0.279836379,0.328906206,0.349211458,0.137807254,0.127390219,237.350.613.613.337,-158.594.128.178.729,-195.907.883.596.478,407.541.017.034.797,-216.411.917.343.954,0.044999478,0.15141334,0.08578012,0.00355667,0.06238767,1,1,1,1,1,FALSE,FALSE,FALSE,FALSE,FALSE,FALSE,FALSE,FALSE,TRUE,TRUE
158,ASV294,0.214713609,-0.833724673,0.331527757,-210.834.342.008.177,0.010679596,0.276264525,0.321876275,0.342352909,0.136765504,0.12634801,0.77720297,-25.902.023.146.231,0.968380139,-154.157.543.465.373,0.084525243,0.452088891,0.023649089,0.351967766,2.84E+05,0.934032621,1,1,1,2.08E+08,1,FALSE,FALSE,FALSE,TRUE,FALSE,TRUE,FALSE,FALSE,TRUE,FALSE
159,ASV295,NA,NA,NA,NA,NA,NA,NA,NA,NA,NA,NA,NA,NA,NA,NA,1,1,1,1,1,1,1,1,1,1,FALSE,FALSE,FALSE,FALSE,FALSE,TRUE,FALSE,FALSE,FALSE,TRUE
160,ASV297,0.118768359,-0.790081313,-0.401528473,0.321938697,0.198501019,0.288238881,0.326736697,0.363594958,0.162540407,0.152246847,0.412048361,-241.809.787.523.479,-110.432.904.538.731,198.066.869.828.373,130.381.037.915.002,0.687569195,0.032429877,0.291102205,0.071020335,0.21675562,1,1,1,1,1,FALSE,FALSE,FALSE,FALSE,FALSE,TRUE,FALSE,TRUE,TRUE,TRUE
161,ASV302,-0.495178652,-0.492929292,0.154498276,0.945860666,-0.220295884,0.276121867,0.32593394,0.342057563,0.139933888,0.129519619,-179.333.370.921.264,-151.235.950.499.502,0.451673322,675.933.954.370.786,-170.086.883.472.888,0.100426243,0.158628353,0.660280071,3.12E+09,0.117029353,1,1,1,0.021765398,1,FALSE,FALSE,FALSE,TRUE,FALSE,TRUE,TRUE,TRUE,FALSE,TRUE
162,ASV303,104.049.313.521.759,-18.348.658.855.622,0.572743079,-164.580.105.623.067,-0.448472409,0.292699251,0.340888991,0.370335582,0.154454433,0.144104636,35.548.199.500.475,-538.259.062.567.054,154.655.157.817.321,-106.555.767.030.196,-311.213.032.972.139,0.016303892,0.00298406,0.182640561,0.000125976,0.026486875,1,1,1,0.086167268,1,FALSE,FALSE,FALSE,FALSE,FALSE,FALSE,FALSE,TRUE,FALSE,FALSE
163,ASV306,0.876283128,-129.245.310.742.173,-0.984102827,0.026758738,-0.436177772,0.281336046,0.332165025,0.354756915,0.146768152,0.136376171,311.472.042.897.403,-389.099.697.708.634,-277.402.013.498.176,0.182319787,-319.834.299.869.632,0.010972143,0.003004677,0.019651267,0.858974769,0.009518419,1,1,1,1,1,FALSE,FALSE,FALSE,FALSE,FALSE,FALSE,FALSE,FALSE,FALSE,FALSE
164,ASV307,-0.489205717,-1.018.002.824.255,-1.520.207.956.843,0.030577342,106.961.861.625.329,0.30304736,0.35679278,0.361125846,0.173294813,0.163086139,-161.428.799.991.807,-285.320.466.812.523,-420.963.488.417.069,0.176446952,655.861.142.324.489,0.145128765,0.021373491,0.002957345,0.8643278,0.000176872,1,1,1,1,0.128762492,FALSE,FALSE,FALSE,FALSE,FALSE,TRUE,FALSE,FALSE,TRUE,FALSE
165,ASV308,0.277109822,-0.463780932,-0.461322528,-0.576580979,0.307676743,0.278693127,0.32485651,0.347329614,0.141353381,0.130942191,0.994318822,-14.276.485.706.641,-132.819.808.637.462,-407.900.381.253.036,234.971.434.160.471,0.341437164,0.181161226,0.211011791,0.001823288,0.038506692,1,1,1,1,1,FALSE,FALSE,FALSE,FALSE,FALSE,TRUE,TRUE,TRUE,TRUE,FALSE
166,ASV309,-0.291018991,-0.410855456,-0.442570988,0.22687544,0.310716022,0.267941929,0.318466807,0.334263864,0.140804092,0.130391601,-108.612.710.447.942,-129.010.448.575.946,-132.401.685.115.017,16.112.844.266.064,238.294.507.226.316,0.29456958,0.216549152,0.205320398,0.127955318,0.030834948,1,1,1,1,1,FALSE,FALSE,FALSE,FALSE,FALSE,TRUE,TRUE,TRUE,TRUE,FALSE
167,ASV311,0.669402554,-117.399.752.904.432,-0.707358114,-0.342222644,-0.2396221,0.270465507,0.324257723,0.338066858,0.141459695,0.131048772,247.500.157.092.079,-362.056.920.998.285,-209.236.160.585.349,-241.922.368.289.628,-182.849.557.206.354,0.027871092,0.003107224,0.056591381,0.030950149,0.090504003,1,1,1,1,1,FALSE,FALSE,FALSE,FALSE,FALSE,FALSE,FALSE,TRUE,FALSE,TRUE
168,ASV314,-0.374037734,0.411569761,0.787368424,-123.438.254.495.036,-0.199768849,0.271937331,0.321364639,0.338131178,0.141349837,0.130938638,-137.545.563.271.932,128.069.398.642.571,23.285.886.521.515,-873.281.902.315.825,-152.566.768.709.089,0.192228742,0.222678884,0.036658996,8.46E+07,0.151047531,1,1,1,0.0006073,1,FALSE,FALSE,FALSE,TRUE,FALSE,TRUE,FALSE,TRUE,TRUE,TRUE
169,ASV316,-155.219.715.046.063,178.262.005.616.241,141.522.450.364.669,-0.193003012,-0.164636583,0.277994168,0.32397648,0.334859237,0.147328762,0.136939344,-558.356.012.893.705,55.023.131.743.329,422.632.661.510.062,-131.001.583.413.742,-12.022.591.777.564,5.22E+09,6.08E+09,0.000732898,0.20989856,0.247899433,0.038126684,0.043464636,0.525487975,1,1,TRUE,TRUE,FALSE,FALSE,FALSE,TRUE,TRUE,TRUE,TRUE,TRUE
170,ASV317,0.664080801,-211.354.145.673.905,-0.236965662,NA,-0.744117336,0.307821283,0.343427307,0.380247316,NA,0.153202339,215.735.830.466.022,-615.426.151.453.328,-0.623188255,NA,-485.708.859.874.827,0.083465109,0.0016474,0.56048171,1,0.004644954,1,1,1,1,1,FALSE,FALSE,FALSE,FALSE,FALSE,TRUE,FALSE,TRUE,TRUE,FALSE
171,ASV318,12.893.804.709.966,-218.426.427.386.767,-155.412.520.757.341,-0.523321299,-0.12007669,0.290412896,0.326495635,0.361747072,0.159121577,0.148803142,443.981.823.931.386,-669.002.596.789.907,-429.616.526.883.255,-328.881.417.870.733,-0.806949964,0.000995314,3.42E+09,0.001264044,0.007219907,0.436795724,0.71563069,0.024601799,0.898735351,1,1,FALSE,TRUE,FALSE,FALSE,FALSE,TRUE,FALSE,FALSE,TRUE,TRUE
172,ASV322,302.747.768.657.614,0.64661465,119.809.884.001.643,-396.221.000.963.659,-100.012.875.797.809,0.295705849,0.344385839,0.371165493,0.15680645,0.146472031,102.381.393.500.409,187.758.779.991.829,322.793.703.286.774,-252.681.571.182.755,-682.812.102.683.546,0.001986504,0.157069364,0.048291554,0.000135927,0.006427024,1,1,1,0.092566499,1,FALSE,FALSE,FALSE,FALSE,FALSE,FALSE,TRUE,FALSE,FALSE,FALSE
173,ASV324,-0.381286365,0.017298237,-0.172322476,-0.757037794,0.605672779,0.294629093,0.360837877,0.36878678,0.174459842,0.164260754,-12.941.232.703.763,0.047939084,-0.467268583,-433.932.409.169.904,368.726.408.995.156,0.227842401,0.96281175,0.651414079,0.001879319,0.005018622,1,1,1,1,1,FALSE,FALSE,FALSE,FALSE,FALSE,TRUE,TRUE,TRUE,FALSE,FALSE
174,ASV325,0.53510028,-118.385.928.736.945,-0.356393115,-0.49102779,-0.093680728,0.288725089,0.325907597,0.345415537,0.153202957,0.142845382,185.332.103.171.301,-3.632.499.824.007,-103.178.078.815.762,-320.508.036.346.533,-0.655819089,0.083610019,0.002456399,0.318524915,0.005902135,0.521873459,1,1,1,1,1,FALSE,FALSE,FALSE,FALSE,FALSE,FALSE,FALSE,TRUE,TRUE,TRUE
175,ASV326,0.393502436,-15.380.026.409.937,-0.806465911,-0.354567305,0.118242954,0.274229784,0.318283563,0.34697223,0.146188134,0.135793602,143.493.689.905.269,-483.217.740.705.164,-232.429.526.731.843,-242.541.782.317.148,0.870754969,0.173266824,0.000266001,0.035666571,0.029400487,0.398573373,1,0.186466437,1,1,1,FALSE,FALSE,FALSE,FALSE,FALSE,TRUE,TRUE,FALSE,FALSE,TRUE
176,ASV327,-0.536478398,0.092913638,123.035.253.340.335,-0.423982877,0.215253757,0.306524701,0.342720319,0.379801835,0.167405367,0.15714922,-17.501.963.018.543,0.271106301,323.945.916.114.768,-253.267.195.600.803,136.974.117.230.374,0.130655104,0.795394984,0.017698904,0.044518866,0.21981537,1,1,1,1,1,FALSE,FALSE,FALSE,FALSE,FALSE,TRUE,TRUE,FALSE,FALSE,TRUE
177,ASV328,0.033426432,0.012345692,-0.081267034,-0.475952992,-0.027580677,0.268757745,0.314342114,0.335877507,0.135422202,0.125005076,0.124373839,0.0392747,-0.241954381,-351.458.612.826.212,-0.220636458,0.90278742,0.969225952,0.812323743,0.003434213,0.828560719,1,1,1,1,1,FALSE,FALSE,FALSE,FALSE,FALSE,TRUE,TRUE,TRUE,TRUE,TRUE
178,ASV330,0.060117599,-0.347952235,-0.319433447,-0.019212758,0.204881457,0.272332868,0.321574144,0.354431518,0.163048476,0.152758723,0.220750434,-108.202.802.330.104,-0.901255759,-0.117834636,13.412.095.431.539,0.82826336,0.296328805,0.381695527,0.907762093,0.199808416,1,1,1,1,1,FALSE,FALSE,FALSE,FALSE,FALSE,TRUE,TRUE,FALSE,FALSE,TRUE
179,ASV332,0.491571385,-0.759432357,-0.696079128,-0.830547205,0.071265166,0.275149642,0.324412909,0.343774641,0.139004233,0.128588468,178.656.014.394.749,-234.094.370.573.549,-202.481.231.842.772,-597.497.776.936.388,0.554211174,0.101565996,0.039107148,0.067853082,9.25E+09,0.590523367,1,1,1,0.063476399,1,FALSE,FALSE,FALSE,FALSE,FALSE,TRUE,FALSE,TRUE,TRUE,TRUE
180,ASV333,0.241138799,-0.845769858,-0.858743281,0.643410935,0.29457899,0.284205977,0.326626391,0.347451425,0.143662379,0.133258051,0.848464909,-258.941.065.903.856,-247.154.917.224.382,447.863.204.099.813,221.059.057.069.808,0.414261452,0.025164642,0.03103597,0.000933505,0.049167783,1,1,1,0.595576189,1,FALSE,FALSE,FALSE,FALSE,FALSE,TRUE,FALSE,FALSE,TRUE,FALSE
181,ASV334,-0.07924757,0.139223556,0.149428554,0.442531836,-0.023557046,0.273142471,0.320845425,0.338604434,0.13630902,0.125891525,-0.290132727,0.433927198,0.441307139,324.653.377.547.641,-0.187121774,0.776667306,0.672040283,0.666837217,0.007001287,0.854691624,1,1,1,1,1,FALSE,FALSE,FALSE,FALSE,FALSE,TRUE,FALSE,FALSE,TRUE,TRUE
182,ASV335,0.060479755,-0.364630076,-0.388322154,-0.031820563,0.215865378,0.283489124,0.326999728,0.353425826,0.155578463,0.145235899,0.213340652,-111.507.761.471.358,-109.873.734.551.595,-0.204530645,148.630.868.658.292,0.833933806,0.282364226,0.289205992,0.840688184,0.15791237,1,1,1,1,1,FALSE,FALSE,FALSE,FALSE,FALSE,TRUE,TRUE,TRUE,TRUE,TRUE
183,ASV338,0.330598254,-0.628428319,-0.414166907,0.100717109,-0.052531407,0.274657082,0.322217786,0.342884207,0.14189478,0.131485002,120.367.642.644.658,-195.032.163.017.177,-120.789.146.273.998,0.709801366,-0.399523949,0.251922319,0.074885772,0.250356052,0.491390392,0.696526663,1,1,1,1,1,FALSE,FALSE,FALSE,FALSE,FALSE,TRUE,TRUE,TRUE,FALSE,TRUE
184,ASV341,-0.00782389,0.27402729,-0.032494991,-0.502686725,-0.119805966,0.277526424,0.325123792,0.350017104,0.144388534,0.133986793,-0.028191513,0.842839856,-0.092838294,-348.148.644.353.979,-0.894162501,0.978064088,0.419020612,0.927865654,0.005906497,0.392247135,1,1,1,1,1,FALSE,FALSE,FALSE,FALSE,FALSE,TRUE,FALSE,FALSE,TRUE,TRUE
185,ASV342,0.363629285,-127.260.366.028.225,-104.437.120.162.478,0.070823563,-0.606503145,0.311986032,0.376664667,0.411497042,0.203629575,0.193674466,116.553.065.857.757,-337.861.172.603.777,-253.797.985.347.696,0.347805877,-313.155.965.545.955,0.273763371,0.008144896,0.031816063,0.735981965,0.012091282,1,1,1,1,1,FALSE,FALSE,FALSE,FALSE,FALSE,TRUE,FALSE,FALSE,TRUE,FALSE
186,ASV345,-0.483451839,0.410127641,0.350278809,-0.073961044,0.272506359,0.271082655,0.327487363,0.342553781,0.161446744,0.15114508,-178.341.118.385.571,125.234.646.272.524,102.255.128.476.525,-0.458114186,180.294.561.676.754,0.094761061,0.22961839,0.322729452,0.653436996,0.091519721,1,1,1,1,1,FALSE,FALSE,FALSE,FALSE,FALSE,TRUE,FALSE,FALSE,FALSE,TRUE
187,ASV348,-101.273.003.355.049,0.43413271,0.204969554,-0.017298441,0.8096673,0.286432796,0.339296822,0.367159832,0.16433394,0.154053933,-353.566.367.891.978,127.950.715.214.132,0.55825702,-0.105263956,525.573.923.044.064,0.009525121,0.241493197,0.594066443,0.919119214,0.001178811,1,1,1,1,0.845207307,FALSE,FALSE,FALSE,FALSE,FALSE,FALSE,FALSE,FALSE,TRUE,FALSE
188,ASV351,-0.227348659,0.205671871,0.985620546,-0.789783559,-0.108722402,0.284904012,0.335695266,0.355594276,0.152679856,0.142319121,-0.797983354,0.612674326,277.175.593.614.807,-517.280.785.796.771,-0.763933903,0.447917389,0.557102194,0.024230912,0.000850207,0.466837454,1,1,1,0.54498297,1,FALSE,FALSE,FALSE,FALSE,FALSE,TRUE,FALSE,FALSE,TRUE,TRUE
189,ASV355,-0.404770139,0.305704885,0.285790438,0.014332963,0.057057325,0.279599854,0.328817226,0.349188964,0.146218793,0.135824394,-1.447.676.503.818,0.929710675,0.818440638,0.098024085,0.420081573,0.178321555,0.374419152,0.432176057,0.923850144,0.683309189,1,1,1,1,1,FALSE,FALSE,FALSE,FALSE,FALSE,TRUE,FALSE,TRUE,FALSE,TRUE
190,ASV357,0.050370402,-0.29981467,0.044777457,-0.164179491,-0.186409089,0.283066862,0.327072937,0.355066847,0.153363144,0.143006548,0.177945246,-0.916659976,0.126109936,-107.052.768.030.469,-130.350.037.320.633,0.861734538,0.377375211,0.901733203,0.305441783,0.216858036,1,1,1,1,1,FALSE,FALSE,FALSE,FALSE,FALSE,TRUE,TRUE,TRUE,FALSE,TRUE
191,ASV359,-0.734398972,0.891697371,0.733681028,-0.565391807,0.39000845,0.325904821,0.359934051,0.376240555,0.186628017,0.176530901,-225.341.549.485.934,247.739.097.641.049,195.003.174.890.447,-302.951.193.631.637,220.929.281.091.762,0.043727114,0.029096856,0.074923613,0.010476086,0.047340508,1,1,1,1,1,FALSE,FALSE,FALSE,FALSE,FALSE,FALSE,FALSE,FALSE,TRUE,FALSE
192,ASV361,0.73080326,-118.677.286.299.809,-0.683800394,-0.434499252,-0.086670055,0.281729613,0.330660105,0.35580464,0.143926314,0.133522903,259.398.808.691.863,-358.910.206.117.095,-192.184.226.104.684,-301.890.071.673.896,-0.649102533,0.031914638,0.007093742,0.090857014,0.016587214,0.534459016,1,1,1,1,1,FALSE,FALSE,FALSE,FALSE,FALSE,FALSE,FALSE,FALSE,TRUE,TRUE
193,ASV364,0.416941606,-0.731997152,-0.744232389,0.143606745,-0.049260932,0.273735648,0.316821085,0.345223814,0.144541709,0.134140539,1.523.154.213.468,-231.044.329.873.705,-215.579.679.070.139,0.993531525,-0.367233742,0.149985319,0.036617542,0.048985051,0.337313543,0.71893634,1,1,1,1,1,FALSE,FALSE,FALSE,FALSE,FALSE,TRUE,FALSE,FALSE,TRUE,TRUE
194,ASV370,-0.502787609,0.568233349,0.848463943,-0.549106038,-0.18622173,0.27400323,0.321197561,0.343393832,0.137203533,0.126786156,-183.496.964.439.821,176.910.853.872.484,247.081.881.674.762,-400.212.754.046.699,-14.687.859.977.513,0.0936722,0.104556726,0.031076239,0.00207862,0.169899266,1,1,1,1,1,FALSE,FALSE,FALSE,FALSE,FALSE,TRUE,FALSE,TRUE,TRUE,TRUE
195,ASV371,0.760824092,-195.403.478.428.371,-128.001.270.562.689,NA,0.090216915,0.320533682,0.35414252,0.389021208,NA,0.159826499,237.361.667.429.371,-551.765.087.370.371,-329.034.171.057.788,NA,0.564467818,0.098182367,0.011724578,0.046066174,1,0.611886096,1,1,1,1,1,FALSE,FALSE,FALSE,FALSE,FALSE,TRUE,FALSE,FALSE,TRUE,TRUE
196,ASV373,0.017413973,-0.074157017,0.03005098,-0.663807592,0.112635013,0.29178521,0.329198717,0.360912486,0.174615719,0.164417917,0.059680795,-0.225265206,0.083263898,-380.153.399.732.433,0.685053155,0.95310584,0.824458644,0.934614301,0.001426089,0.502544979,1,1,1,0.898436047,1,FALSE,FALSE,FALSE,FALSE,FALSE,TRUE,TRUE,FALSE,TRUE,TRUE
197,ASV377,0.160952083,-0.935758906,-0.466300241,0.1049436,0.190386864,0.279159338,0.324080896,0.347437979,0.138300731,0.127884127,0.576559912,-288.742.384.384.698,-134.211.073.341.664,0.758807268,148.874.507.059.519,0.576983419,0.016178419,0.209236008,0.465476931,0.167397911,1,1,1,1,1,FALSE,FALSE,FALSE,FALSE,FALSE,TRUE,FALSE,TRUE,FALSE,TRUE
198,ASV379,0.891560754,-109.617.867.222.891,-130.766.794.150.195,-0.359076512,0.339650681,0.271133275,0.316225987,0.343688953,0.149483413,0.139104679,328.827.494.063.489,-346.644.082.305.564,-380.480.061.796.196,-240.211.609.316.831,24.416.912.753.812,0.004977128,0.003453343,0.001726204,0.029701817,0.02748618,1,1,1,1,1,FALSE,FALSE,FALSE,FALSE,FALSE,FALSE,FALSE,FALSE,FALSE,FALSE
199,ASV380,-0.012451859,-0.618119747,-0.196015461,0.307164082,-0.099547564,0.28638937,0.333380731,0.35378717,0.158483649,0.148160734,-0.043478776,-185.409.559.980.835,-0.554049095,193.814.367.252.003,-0.671888976,0.965893392,0.083493306,0.587710639,0.071662405,0.511870895,1,1,1,1,1,FALSE,FALSE,FALSE,FALSE,FALSE,TRUE,TRUE,TRUE,TRUE,TRUE
200,ASV381,-131.177.619.027.603,-0.47919798,-131.048.100.394.195,120.108.511.246.748,-0.091535696,0.2808672,0.335033696,0.352124394,0.144777925,0.13437765,-467.044.991.107.211,-143.029.786.450.543,-372.164.219.908.774,829.605.141.657.132,-0.681182445,0.001167848,0.186417528,0.004758529,1.65E+09,0.512899807,0.838514846,1,1,0.011609918,1,FALSE,FALSE,FALSE,TRUE,FALSE,FALSE,FALSE,TRUE,TRUE,TRUE
201,ASV382,0.155450772,-0.672556669,-0.301875317,0.283310675,0.079582112,0.278736484,0.32971685,0.34451686,0.143311338,0.132905829,0.557697973,-203.980.072.119.583,-0.876227994,197.688.946.239.716,0.598785712,0.589316343,0.068670237,0.40146426,0.076266116,0.562633419,1,1,1,1,1,FALSE,FALSE,FALSE,FALSE,FALSE,FALSE,FALSE,TRUE,TRUE,TRUE
202,ASV385,0.037390693,-0.072127219,0.2200993,-0.485005642,-0.164544921,0.2783321,0.326845903,0.354474262,0.146557303,0.136164382,0.134338415,-0.220676528,0.620917576,-330.932.428.868.651,-120.842.850.241.575,0.896091181,0.830269155,0.550053322,0.009093701,0.257673954,1,1,1,1,1,FALSE,FALSE,FALSE,FALSE,FALSE,TRUE,FALSE,FALSE,TRUE,TRUE
203,ASV388,0.938365705,-119.346.524.987.558,-114.301.079.739.705,-109.188.383.799.645,0.169834646,0.274669251,0.321873669,0.34389209,0.13620864,0.125791162,341.634.785.273.453,-370.786.853.466.537,-33.237.484.354.374,-801.625.973.802.158,135.013.178.343.542,0.005760275,0.003453948,0.006786043,6.41E+08,0.204099043,1,1,1,0.004561987,1,FALSE,FALSE,FALSE,TRUE,FALSE,FALSE,FALSE,FALSE,FALSE,TRUE
204,ASV389,-0.295233357,-0.760488129,0.543059221,0.753399354,-0.091087635,0.288659276,0.326986389,0.351869569,0.147976333,0.137589989,-102.277.453.759.974,-232.574.857.585.508,154.335.375.735.053,509.135.035.722.136,-0.662022256,0.328381497,0.040168917,0.151009092,0.000348731,0.521584605,1,1,1,0.229814055,1,FALSE,FALSE,FALSE,FALSE,FALSE,TRUE,FALSE,FALSE,TRUE,TRUE
205,ASV390,-0.637729962,0.242107107,0.418716952,0.122867258,0.139378883,0.271006513,0.320641943,0.335927127,0.143148351,0.13274231,-235.319.053.580.584,0.755069983,124.645.173.979.019,0.858321153,104.999.591.484.228,0.033757488,0.462721235,0.233051872,0.405170942,0.311508094,1,1,1,1,1,FALSE,FALSE,FALSE,FALSE,FALSE,TRUE,FALSE,FALSE,TRUE,TRUE
206,ASV391,NA,NA,NA,NA,NA,NA,NA,NA,NA,NA,NA,NA,NA,NA,NA,1,1,1,1,1,1,1,1,1,1,FALSE,FALSE,FALSE,FALSE,FALSE,TRUE,FALSE,FALSE,FALSE,TRUE
207,ASV392,0.699605024,-109.592.750.572.108,-0.876281431,NA,0.000305796,0.293562192,0.338936439,0.360619757,NA,0.139375266,238.315.778.726.542,-323.343.075.726.702,-242.993.184.069.046,NA,0.002194046,0.041014847,0.010266081,0.037986802,1,0.998297269,1,1,1,1,1,FALSE,FALSE,FALSE,FALSE,FALSE,FALSE,FALSE,TRUE,FALSE,TRUE
208,ASV393,0.659415737,-0.88714176,-0.5064059,-0.000684041,-0.176351473,0.274737161,0.321263161,0.342057187,0.139329477,0.128914186,240.016.943.624.539,-276.141.763.660.945,-148.047.145.023.972,-0.00490952,-13.679.756.960.137,0.033508295,0.017233832,0.164518692,0.99616346,0.196390684,1,1,1,1,1,FALSE,FALSE,FALSE,FALSE,FALSE,FALSE,FALSE,FALSE,FALSE,TRUE
209,ASV394,-0.798028356,0.563956227,0.217093349,0.063213958,-0.005882354,0.267711175,0.315744452,0.333587687,0.134585161,0.124168854,-298.093.030.998.555,178.611.603.091.463,0.650783459,0.469694857,-0.047373826,0.009919353,0.095748962,0.525723827,0.645805074,0.962884458,1,1,1,1,1,FALSE,FALSE,FALSE,FALSE,FALSE,TRUE,FALSE,TRUE,TRUE,TRUE
210,ASV395,-0.420293107,0.347370583,0.149521898,0.404911635,-0.071941635,0.275244478,0.32282513,0.346552076,0.137679015,0.12726189,-152.698.106.805.777,107.603.327.614.683,0.431455786,294.098.294.914.554,-0.565303842,0.157754056,0.307187173,0.675290431,0.014760665,0.584326321,1,1,1,1,1,FALSE,FALSE,FALSE,FALSE,FALSE,TRUE,TRUE,TRUE,TRUE,TRUE
211,ASV398,-0.736988481,-0.002531285,12.165.972.653.944,0.719184383,-0.474501205,0.280403987,0.332779576,0.3409407,0.152001996,0.141637251,-262.830.956.621.623,-0.007606491,356.835.445.663.052,473.141.407.680.318,-335.011.588.636.121,0.020854291,0.994046447,0.003433598,0.000392345,0.005219544,1,1,1,0.256985779,1,FALSE,FALSE,FALSE,FALSE,FALSE,FALSE,TRUE,FALSE,FALSE,FALSE
212,ASV399,0.50393917,-123.161.588.675.703,-0.610874529,-0.163743617,-0.15419181,0.274671972,0.321505023,0.339463141,0.13992928,0.129515002,183.469.454.984.508,-383.078.271.587.581,-179.953.124.640.803,-117.018.837.732.996,-119.053.243.011.175,0.089531221,0.002082042,0.095176236,0.262931162,0.255123354,1,1,1,1,1,FALSE,FALSE,FALSE,FALSE,FALSE,TRUE,FALSE,TRUE,FALSE,TRUE
213,ASV401,-0.271312475,0.275525823,0.516883471,0.17843074,-0.17169837,0.273534598,0.319577864,0.337342741,0.137416763,0.126999483,-0.991876267,0.862155531,153.222.052.272.533,129.846.414.399.344,-135.196.117.326.893,0.3393616,0.404225759,0.149435718,0.21669018,0.19944155,1,1,1,1,1,FALSE,FALSE,FALSE,FALSE,FALSE,TRUE,FALSE,FALSE,FALSE,TRUE
214,ASV402,-0.290662106,-0.58112551,-0.733041494,0.20966227,0.532219156,0.290505174,0.33663896,0.368325295,0.159747366,0.149433379,-100.054.020.309.378,-172.625.743.968.136,-199.020.133.737.697,131.246.151.409.185,356.158.147.824.275,0.343188909,0.118378209,0.077771361,0.221846598,0.006104146,1,1,1,1,1,FALSE,FALSE,FALSE,FALSE,FALSE,TRUE,FALSE,TRUE,TRUE,FALSE
215,ASV404,-0.599177592,0.739069916,0.742526521,-0.534149097,-0.00034322,0.27791289,0.323952027,0.34143936,0.140221715,0.129807994,-215.599.064.904.686,228.141.778.631.877,21.746.951.499.695,-380.931.796.484.379,-0.002644055,0.052083076,0.041571616,0.050369928,0.002487307,0.997933799,1,1,1,1,1,FALSE,FALSE,FALSE,FALSE,FALSE,TRUE,TRUE,FALSE,TRUE,TRUE
216,ASV406,0.59340071,-224.072.465.416.125,-0.352454623,-248.519.236.216.665,-0.024804095,0.281744705,0.329919533,0.350412033,0.135177662,0.124760727,210.616.455.148.512,-679.173.080.692.902,-100.582.911.130.454,-18.384.637.791.463,-0.198813326,0.073201832,0.000255117,0.347993359,3.49E+07,0.848060001,1,0.179347522,1,0.000252014,1,FALSE,FALSE,FALSE,TRUE,FALSE,TRUE,FALSE,FALSE,TRUE,TRUE
217,ASV408,-0.734264233,0.489638487,0.35468055,0.001458291,0.441281274,0.27615973,0.320952371,0.346004972,0.140004527,0.129590389,-2.658.838.905.152,152.557.990.389.831,102.507.356.374.507,0.010416026,340.520.064.285.813,0.022232746,0.155338668,0.327343006,0.991875873,0.005874857,1,1,1,1,1,FALSE,FALSE,FALSE,FALSE,FALSE,FALSE,FALSE,FALSE,FALSE,FALSE
218,ASV416,-0.583300965,-132.368.510.540.211,0.64695132,0.654708274,0.078913012,0.283818429,0.33764929,0.349906953,0.155712384,0.145370696,-205.519.059.423.334,-392.029.583.054.352,184.892.387.409.899,420.459.988.495.272,0.542839885,0.064397121,0.002391621,0.091503068,0.001474114,0.598066883,1,1,1,0.92721762,1,FALSE,FALSE,FALSE,FALSE,FALSE,TRUE,FALSE,TRUE,TRUE,TRUE
219,ASV417,0.393109912,-146.453.943.044.079,-0.82062311,0.159754373,-0.397741845,0.302062943,0.35886746,0.355289844,0.185149995,0.175040408,130.141.720.543.869,-408.100.369.307.199,-230.972.859.052.444,0.862837573,-227.228.587.333.712,0.212750349,0.000983424,0.035549144,0.401812101,0.038214152,1,0.665777857,1,1,1,FALSE,FALSE,FALSE,FALSE,FALSE,TRUE,FALSE,FALSE,TRUE,FALSE
220,ASV420,-0.042222347,-0.991477466,-0.470771418,0.329607178,0.262305096,0.274080138,0.322046292,0.353573656,0.157122192,0.146789908,-0.154051103,-307.867.996.032.707,-133.146.632.728.374,209.777.608.591.332,178.694.230.583.914,0.879622965,0.007642836,0.202917302,0.053277683,0.094167741,1,1,1,1,1,FALSE,FALSE,FALSE,FALSE,FALSE,TRUE,FALSE,TRUE,TRUE,TRUE
221,ASV421,0.02056596,0.12207707,0.325245168,-0.619461572,-0.430038842,0.2757813,0.32018245,0.340830386,0.136536245,0.126118735,0.074573437,0.38127346,0.954272803,-453.697.529.911.591,-34.097.935.028.287,0.941782847,0.709665111,0.358774102,0.000681407,0.005175219,1,1,1,0.440189129,1,FALSE,FALSE,FALSE,FALSE,FALSE,TRUE,TRUE,FALSE,TRUE,FALSE
222,ASV423,-0.028606621,-0.529629657,0.481962926,-160.153.060.357.623,0.030719511,0.283507031,0.332274524,0.352538306,0.135567151,0.125149931,-0.100902685,-159.395.204.792.327,136.712.214.701.073,-11.813.559.469.615,0.245461672,0.922915029,0.162056077,0.220590153,2.22E+09,0.814279358,1,1,1,0.015585618,1,FALSE,FALSE,FALSE,TRUE,FALSE,TRUE,TRUE,FALSE,TRUE,TRUE
223,ASV428,-0.077082981,-0.918654547,-0.441646245,0.259897149,0.054631994,0.291645176,0.334966436,0.35619055,0.147167453,0.136777287,-0.264303979,-274.252.715.448.987,-123.991.567.285.277,176.599.610.571.936,0.399422996,0.797498554,0.022753295,0.246360303,0.111206423,0.698894172,1,1,1,1,1,FALSE,FALSE,FALSE,FALSE,FALSE,TRUE,FALSE,TRUE,TRUE,TRUE
224,ASV429,-0.070649853,0.295344995,0.677543362,-183.614.085.751.188,-0.294581624,0.286649507,0.331977944,0.363057853,0.15015297,0.139777807,-0.246467728,0.88965246,186.621.321.253.131,-122.284.684.205.991,-210.749.924.632.037,0.812391677,0.40318974,0.104256017,5.60E+08,0.073057706,1,1,1,0.003994094,1,FALSE,FALSE,FALSE,TRUE,FALSE,TRUE,TRUE,FALSE,TRUE,TRUE
225,ASV431,-0.255348569,0.54410098,0.693756795,-0.554564225,-0.269471391,0.273878551,0.321542509,0.341485243,0.144206504,0.133804096,-0.932342341,169.215.878.257.345,203.158.645.985.166,-384.562.561.622.356,-201.392.483.056.342,0.368152765,0.114430281,0.063156698,0.002024248,0.065192686,1,1,1,1,1,FALSE,FALSE,FALSE,FALSE,FALSE,TRUE,TRUE,FALSE,TRUE,TRUE
226,ASV436,26.221.968.468.522,-341.384.592.131.217,-316.775.084.876.098,0.780167404,0.009824871,0.293429815,0.336756115,0.367590868,0.153565997,0.143210647,893.636.813.596.293,-101.374.430.100.376,-861.759.942.452.775,508.033.953.317.469,0.068604331,0.000292367,0.000160109,0.000347273,0.00383334,0.947963647,0.211381115,0.113393434,0.252814605,1,1,FALSE,FALSE,FALSE,FALSE,FALSE,FALSE,FALSE,TRUE,FALSE,TRUE
227,ASV437,0.042638894,-0.199104603,-0.097980529,0.497478603,0.224811791,0.274806705,0.321668932,0.343450787,0.137822687,0.127405663,0.155159584,-0.618973683,-0.285282587,360.955.525.454.313,176.453.530.802.051,0.879506011,0.548537933,0.780727635,0.004100741,0.105353524,1,1,1,1,1,FALSE,FALSE,FALSE,FALSE,FALSE,TRUE,FALSE,FALSE,TRUE,TRUE
228,ASV439,-0.170543573,-0.861250874,-0.586594793,0.727620649,0.283787017,0.294682931,0.366133382,0.363399639,0.183950185,0.173830477,-0.578735838,-23.522.872.182.278,-16.141.865.041.711,395.553.095.284.566,163.255.040.905.282,0.578692618,0.046514884,0.145150836,0.004203285,0.14120714,1,1,1,1,1,FALSE,FALSE,FALSE,FALSE,FALSE,TRUE,FALSE,TRUE,FALSE,TRUE
229,ASV442,-108.519.863.066.132,156.946.077.834.035,138.963.205.292.541,-198.169.397.283.508,0.091612484,0.269738678,0.315859428,0.337196629,0.133950414,0.123535049,-402.314.802.439.264,496.885.842.673.322,412.113.270.220.324,-147.942.354.947.746,0.741591026,0.001447624,0.000256713,0.001204523,1.64E+05,0.47152088,1,0.180212376,0.858824858,1.20E+08,1,FALSE,FALSE,FALSE,TRUE,FALSE,FALSE,TRUE,TRUE,TRUE,TRUE
230,ASV444,0.22173923,-0.066867839,-0.149241883,0.470605962,-0.257417573,0.275183488,0.323706957,0.343893129,0.140694766,0.130282033,0.805786829,-0.20656905,-0.433977507,334.487.183.841.016,-197.584.860.884.308,0.437438504,0.840120282,0.672693907,0.006536699,0.07379096,1,1,1,1,1,FALSE,FALSE,FALSE,FALSE,FALSE,TRUE,FALSE,FALSE,TRUE,TRUE
231,ASV445,0.403285604,-0.82653848,-0.327995598,-0.372266402,-0.114623762,0.280177614,0.327425108,0.347254073,0.141419369,0.131008344,14.393.926.710.519,-252.435.888.459.341,-0.944540679,-263.235.796.307.834,-0.874934819,0.180597782,0.030161151,0.367155127,0.025060528,0.402134633,1,1,1,1,1,FALSE,FALSE,FALSE,FALSE,FALSE,TRUE,FALSE,TRUE,FALSE,FALSE
232,ASV446,-0.010826524,-28.446.962.194.861,-0.3019246,0.029758262,0.201596391,0.298266491,0.338627051,0.377125085,0.170659187,0.160429038,-0.036298156,-840.067.623.887.311,-0.80059538,0.174372461,125.660.786.378.755,0.971758988,7.66E+08,0.441971106,0.865052409,0.237455617,1,0.005573098,1,1,1,FALSE,TRUE,FALSE,FALSE,FALSE,TRUE,TRUE,TRUE,TRUE,TRUE
233,ASV448,-0.366714563,-0.203736313,0.719463994,-0.820888727,0.19324551,0.280113681,0.329023785,0.348896991,0.137567728,0.127150532,-130.916.334.421.901,-0.619214543,206.211.005.650.444,-596.716.062.392.191,151.981.676.041.356,0.226828529,0.552995952,0.07311994,0.00033547,0.167044063,1,1,1,0.221745782,1,FALSE,FALSE,FALSE,FALSE,FALSE,TRUE,TRUE,FALSE,TRUE,TRUE
234,ASV456,-0.964011791,12.007.216.675.806,135.044.857.732.296,-0.774459028,-0.11039183,0.278858222,0.326080867,0.345281972,0.138433941,0.128017475,-345.699.611.339.962,368.228.188.213.105,391.114.708.504.401,-559.443.026.791.454,-0.862318447,0.006153634,0.004230407,0.002907859,0.000229457,0.408715542,1,1,1,0.153506543,1,FALSE,FALSE,FALSE,FALSE,FALSE,FALSE,TRUE,TRUE,TRUE,TRUE
235,ASV458,0.065781407,-0.624353409,-0.71211501,0.395674523,0.349679463,0.281584287,0.327652724,0.346030521,0.138832818,0.128416825,0.233611781,-190.553.400.908.481,-205.795.433.133.546,285.000.713.943.711,272.300.349.964.591,0.819999197,0.085835274,0.066615084,0.017249879,0.02144946,1,1,1,1,1,FALSE,FALSE,FALSE,FALSE,FALSE,TRUE,TRUE,TRUE,TRUE,FALSE
236,ASV459,0.480970447,-0.573021618,-0.749938254,0.826924036,-0.080628293,0.277978885,0.327002254,0.346808281,0.139021238,0.128605496,173.024.093.815.535,-175.234.760.814.773,-216.240.007.535.198,594.818.495.892.493,-0.626942822,0.114270559,0.110261349,0.055882637,0.000141586,0.544743544,1,1,1,0.096136617,1,FALSE,FALSE,FALSE,FALSE,FALSE,TRUE,TRUE,FALSE,TRUE,TRUE
237,ASV461,0.127059714,-0.678032023,-0.072071224,0.170566026,-0.252840381,0.275038527,0.320578315,0.341656639,0.136272542,0.125855052,0.461970602,-211.502.772.101.329,-0.21094636,125.165.366.203.112,-20.089.807.798.882,0.65236555,0.056028431,0.83646888,0.234545256,0.067581155,1,1,1,1,1,FALSE,FALSE,FALSE,FALSE,FALSE,TRUE,TRUE,TRUE,FALSE,TRUE
238,ASV467,-0.674697565,0.009242007,-0.202736162,0.237688726,0.740920221,0.296239502,0.340346976,0.375938898,0.178219695,0.168051842,-227.754.084.320.482,0.027154663,-0.539279555,13.336.838.366.744,440.887.891.492.842,0.041863888,0.978782743,0.599557238,0.207069444,0.000852027,1,1,1,1,0.613459202,FALSE,FALSE,FALSE,FALSE,FALSE,FALSE,TRUE,TRUE,TRUE,FALSE
239,ASV472,116.313.603.663.591,-164.360.410.262.139,-208.214.959.676.225,170.751.086.173.263,-0.219642542,0.311551849,0.344080845,0.379572776,0.168115309,0.157864779,373.336.264.614.773,-477.679.628.500.887,-548.550.826.119.623,101.567.838.730.721,-139.133.341.789.876,0.009698103,0.003072919,0.001535491,5.30E+07,0.213521248,1,1,1,0.036728622,1,FALSE,FALSE,FALSE,TRUE,FALSE,FALSE,FALSE,FALSE,FALSE,TRUE
240,ASV473,-12.310.632.507.158,164.502.316.246.354,169.016.322.066.701,-158.665.101.262.884,-0.227872198,0.278559041,0.327542402,0.342905132,0.14569372,0.1352971,-441.939.794.047.861,502.232.123.924.803,492.895.283.083.811,-10.890.318.510.297,-168.423.564.665.446,0.00083647,0.000297974,0.000348508,1.41E+07,0.117945514,0.603094697,0.208283847,0.253365101,0.00010255,1,FALSE,FALSE,FALSE,TRUE,FALSE,FALSE,TRUE,TRUE,TRUE,TRUE
241,ASV474,-0.209998356,-0.050380499,0.450732731,-150.883.201.102.763,0.145286533,0.27470546,0.321732783,0.342633032,0.141560084,0.131149418,-0.764449152,-0.156591127,131.549.701.636.344,-106.585.979.133.286,11.077.939.619.618,0.459368657,0.878170745,0.212923317,1.79E+07,0.289661586,1,1,1,0.000129617,1,FALSE,FALSE,FALSE,TRUE,FALSE,TRUE,TRUE,FALSE,TRUE,TRUE
242,ASV475,0.008007072,-0.253493643,0.448015192,-0.699067588,-0.045754746,0.296452147,0.334465649,0.355994672,0.158121416,0.147795981,0.027009663,-0.757906363,125.848.847.485.325,-442.108.101.095.128,-0.309580449,0.97893581,0.464434844,0.234270202,0.001026674,0.762665528,1,1,1,0.651937988,1,FALSE,FALSE,FALSE,FALSE,FALSE,TRUE,TRUE,FALSE,TRUE,TRUE
243,ASV477,-0.271810593,-0.942185798,-0.041311969,0.346259457,-0.158625825,0.292516869,0.337317997,0.366041242,0.154094759,0.143742697,-0.929213396,-279.316.789.390.026,-0.112861514,22.470.553.711.411,-11.035.400.646.329,0.388633413,0.031445875,0.913821761,0.065706608,0.312074241,1,1,1,1,1,FALSE,FALSE,FALSE,FALSE,FALSE,TRUE,FALSE,TRUE,TRUE,TRUE
244,ASV480,-0.166567806,-0.280506162,0.870421266,0.331564852,-0.54248786,0.275143395,0.330003744,0.340154605,0.148263567,0.137878626,-0.605385445,-0.850009029,255.889.896.281.867,223.632.048.805.567,-393.453.194.934.451,0.555344679,0.410701956,0.023788611,0.043491386,0.00171078,1,1,1,1,1,FALSE,FALSE,FALSE,FALSE,FALSE,TRUE,FALSE,FALSE,TRUE,FALSE
245,ASV483,0.439623484,-0.17768975,-0.047926734,-103.618.082.511.382,-0.335619839,0.272431448,0.330591751,0.341144674,0.147777363,0.137390062,161.370.314.698.715,-0.53748997,-0.140488002,-701.176.960.867.884,-244.282.471.494.598,0.132563334,0.600754746,0.89060507,1.41E+09,0.030997325,1,1,1,0.009932846,1,FALSE,FALSE,FALSE,TRUE,FALSE,TRUE,TRUE,TRUE,FALSE,FALSE
246,ASV484,NA,NA,NA,NA,NA,NA,NA,NA,NA,NA,NA,NA,NA,NA,NA,1,1,1,1,1,1,1,1,1,1,FALSE,FALSE,FALSE,FALSE,FALSE,FALSE,TRUE,TRUE,FALSE,TRUE
247,ASV486,0.3147275,-0.204320043,-0.65394201,-0.286098867,-0.296822258,0.277872476,0.325957548,0.346448717,0.136004394,0.12558697,113.263.286.908.489,-0.626830224,-188.755.789.312.854,-210.360.017.079.622,-236.347.972.525.168,0.286640229,0.546340128,0.091693205,0.064738907,0.042359157,1,1,1,1,1,FALSE,FALSE,FALSE,FALSE,FALSE,FALSE,TRUE,TRUE,TRUE,FALSE
248,ASV487,-129.505.058.461.059,0.10509586,115.112.234.122.413,0.960591015,0.009640757,0.279567555,0.330105044,0.348132392,0.137876448,0.127459465,-463.233.505.064.756,0.31837096,330.656.488.342.395,696.704.209.714.399,0.075637829,0.001682923,0.758356134,0.010753109,0.000116412,0.941564528,1,1,1,0.079742429,1,FALSE,FALSE,FALSE,FALSE,FALSE,FALSE,TRUE,FALSE,FALSE,TRUE
249,ASV488,0.108229358,-0.218109047,-0.265237962,-0.353273397,0.163770808,0.300648726,0.337312867,0.361098466,0.155885868,0.145545319,0.359986085,-0.64660755,-0.734530846,-226.623.107.444.015,11.252.220.861.974,0.727160443,0.534026432,0.481324011,0.04966815,0.289606284,1,1,1,1,1,FALSE,FALSE,FALSE,FALSE,FALSE,TRUE,TRUE,TRUE,TRUE,TRUE
250,ASV490,-0.045581995,-0.307758188,-0.2953679,0.375604716,-0.266697463,0.280923249,0.331776642,0.34950418,0.14641021,0.136016642,-0.162257825,-0.927606554,-0.845105488,256.542.707.667.909,-196.077.081.819.183,0.874687319,0.377817114,0.419950365,0.030415117,0.081543314,1,1,1,1,1,FALSE,FALSE,FALSE,FALSE,FALSE,FALSE,FALSE,FALSE,FALSE,TRUE
251,ASV491,-0.519129691,0.173990623,0.798276865,0.624714462,-0.014256528,0.275189187,0.324226129,0.342229768,0.139364994,0.128949759,-188.644.654.497.323,0.536633565,233.257.577.461.141,448.257.802.744.001,-0.110558777,0.085896619,0.602205028,0.039688462,0.000927451,0.913957619,1,1,1,0.592641031,1,FALSE,FALSE,FALSE,FALSE,FALSE,TRUE,FALSE,TRUE,TRUE,TRUE
252,ASV492,-0.628115786,0.6946249,0.312232826,0.276650925,0.122443569,0.283319409,0.332981415,0.353212524,0.137270235,0.126852885,-221.698.820.143.798,208.607.708.945.229,0.883980056,201.537.445.533.913,0.965240712,0.068481241,0.082042212,0.410725881,0.090478321,0.371700662,1,1,1,1,1,FALSE,FALSE,FALSE,FALSE,FALSE,TRUE,FALSE,TRUE,FALSE,TRUE
253,ASV494,0.390496776,-16.145.520.124.699,-0.012783532,-0.198124145,-0.196777505,0.297906605,0.359316008,0.38423271,0.205730338,0.195792408,13.108.026.790.104,-449.340.407.462.362,-0.033270287,-0.963028334,-100.503.133.440.348,0.209639128,0.0004289,0.973897732,0.350802548,0.330820141,1,0.297227772,1,1,1,FALSE,FALSE,FALSE,FALSE,FALSE,TRUE,FALSE,TRUE,TRUE,TRUE
254,ASV500,-0.146422423,0.243818356,-0.438321214,16.211.553.069.409,-0.09611863,0.284350329,0.334629081,0.352762846,0.138718578,0.128302441,-0.51493671,0.728622733,-124.253.792.542.173,116.866.488.257.071,-0.749156679,0.62501043,0.493678001,0.260395665,2.37E+09,0.482089717,1,1,1,0.016566163,1,FALSE,FALSE,FALSE,TRUE,FALSE,TRUE,FALSE,TRUE,TRUE,TRUE
255,ASV501,0.799961865,-142.257.680.034.609,-0.932453187,-0.217523848,-0.091940972,0.277452726,0.323371836,0.34843435,0.141705516,0.13129523,288.323.663.628.627,-439.919.820.495.963,-267.612.302.218.855,-153.504.150.327.789,-0.70026133,0.014884851,0.001064614,0.021556964,0.153020689,0.49830755,1,0.71967939,1,1,1,FALSE,FALSE,FALSE,FALSE,FALSE,FALSE,FALSE,FALSE,TRUE,TRUE
256,ASV503,0.13878987,-0.079561056,-0.19400094,-0.216371249,0.009328506,0.283968426,0.333347399,0.354225909,0.138794081,0.128378038,0.488751063,-0.238673096,-0.54767575,-155.893.715.338.621,0.072664343,0.642367651,0.819301982,0.603675262,0.170025457,0.944434988,1,1,1,1,1,FALSE,FALSE,FALSE,FALSE,FALSE,TRUE,TRUE,TRUE,FALSE,TRUE
257,ASV504,-0.422033683,-0.133514595,0.539097503,0.070721287,0.098192171,0.282205776,0.331727162,0.351456003,0.138759929,0.128343843,-149.548.208.562.833,-0.402483156,153.389.755.106.618,0.5096665,0.765071145,0.178442727,0.69933591,0.168924652,0.625956152,0.469232525,1,1,1,1,1,FALSE,FALSE,FALSE,FALSE,FALSE,TRUE,TRUE,FALSE,TRUE,TRUE
258,ASV505,-0.186831996,0.068850553,0.433550717,-142.786.105.402.937,0.052685864,0.275481,0.322775455,0.344382581,0.135031756,0.124614954,-0.678202837,0.213307894,125.892.173.524.513,-105.742.611.324.499,0.422789259,0.513030174,0.835372756,0.236652764,9.51E+07,0.681396488,1,1,1,0.000680647,1,FALSE,FALSE,FALSE,TRUE,FALSE,TRUE,TRUE,FALSE,TRUE,TRUE
259,ASV506,0.038313801,-0.572585379,-109.737.592.919.222,0.213640494,0.200313303,0.278760909,0.327755899,0.34522213,0.136419601,0.126002094,0.137443235,-174.698.726.068.502,-317.875.313.657.607,156.605.424.005.832,15.897.616.904.501,0.893706193,0.114585513,0.011207209,0.151777356,0.146351713,1,1,1,1,1,FALSE,FALSE,FALSE,FALSE,FALSE,FALSE,FALSE,FALSE,TRUE,TRUE
260,ASV511,-0.366250425,-0.993834711,-130.549.502.993.665,0.370658889,0.885047878,0.299598122,0.360770918,0.365925568,0.178406665,0.168240374,-122.247.236.646.556,-275.475.283.951.699,-35.676.518.463.246,207.760.673.797.106,526.061.524.659.198,0.256320287,0.024875582,0.007318661,0.071380231,0.000763933,1,1,1,1,0.552323438,FALSE,FALSE,FALSE,FALSE,FALSE,TRUE,FALSE,FALSE,TRUE,FALSE
261,ASV513,-0.073126321,0.137241636,0.065028564,0.534583305,-0.000862102,0.27523538,0.322617713,0.342638568,0.132688983,0.122276366,-0.265686487,0.42540019,0.189787637,402.884.470.211.573,-0.007050436,0.795877728,0.679554372,0.853272589,0.002403976,0.994513282,1,1,1,1,1,FALSE,FALSE,FALSE,FALSE,FALSE,TRUE,FALSE,FALSE,TRUE,TRUE
262,ASV514,-0.339300625,0.347517932,0.797734932,-0.479847352,-0.4029164,0.287003163,0.338218892,0.356151024,0.142045205,0.131635841,-118.221.911.556.015,102.749.414.469.157,223.987.825.301.284,-33.781.312.919.889,-306.084.115.593.756,0.290271951,0.351303188,0.07522614,0.01971426,0.028075091,1,1,1,1,1,FALSE,FALSE,FALSE,FALSE,FALSE,TRUE,TRUE,FALSE,TRUE,FALSE
263,ASV515,0.287702208,-14.571.002.741.568,-0.975205375,0.320023307,0.489880587,0.282063423,0.329588742,0.355126908,0.1506775,0.140305211,101.999.119.609.658,-442.096.493.803.424,-274.607.570.372.062,212.389.578.583.466,349.153.521.753.387,0.331774655,0.00129217,0.020616637,0.059631188,0.005808086,1,0.867045808,1,1,1,FALSE,FALSE,FALSE,FALSE,FALSE,TRUE,FALSE,FALSE,FALSE,FALSE
264,ASV520,-0.354252694,-0.338901083,0.997965166,NA,0.807884315,0.291796682,0.343604739,0.361723297,NA,0.134536377,-121.403.948.482.402,-0.986310853,275.891.869.333.393,NA,600.495.074.771.847,0.291507429,0.379818359,0.050906068,1,0.003870817,1,1,1,1,1,FALSE,FALSE,FALSE,FALSE,FALSE,TRUE,TRUE,TRUE,TRUE,FALSE
265,ASV521,0.211731364,-0.047156811,-0.105843952,0.193700093,-0.170012366,0.274602309,0.321350647,0.342486246,0.140393221,0.129979846,0.771047283,-0.146745655,-0.309045847,137.969.690.920.666,-130.799.020.796.487,0.455593279,0.885769302,0.762586605,0.192846516,0.215378574,1,1,1,1,1,FALSE,FALSE,FALSE,FALSE,FALSE,TRUE,TRUE,FALSE,FALSE,TRUE
266,ASV524,13.085.884.134.905,-127.601.755.270.448,-153.162.726.511.119,0.699101683,-0.392993401,0.295378177,0.334554656,0.370138184,0.156145807,0.145806976,443.021.358.157.882,-381.407.800.223.081,-413.798.773.603.895,447.723.633.722.592,-269.529.903.119.006,0.004422088,0.008821467,0.006092311,0.004204788,0.035799238,1,1,1,1,1,FALSE,FALSE,FALSE,FALSE,FALSE,FALSE,FALSE,FALSE,TRUE,FALSE
267,ASV526,0.060030919,0.128162244,0.269632703,-0.064481469,-0.2840147,0.281333286,0.329950589,0.350096345,0.134929106,0.124512405,0.21338008,0.388428595,0.770167146,-0.477891475,-228.101.528.414.903,0.837112109,0.709242235,0.466392581,0.64729032,0.05655156,1,1,1,1,1,FALSE,FALSE,FALSE,FALSE,FALSE,TRUE,TRUE,FALSE,FALSE,TRUE
268,ASV532,0.074898432,-0.502194408,-121.380.161.833.655,0.30654133,0.582295713,0.282684257,0.333117428,0.350717915,0.141602525,0.131191969,0.264954378,-150.755.969.364.913,-346.090.565.989.495,2.164.801.306.371,443.850.122.392.318,0.797743501,0.170096108,0.008556383,0.06232139,0.002172275,1,1,1,1,1,FALSE,FALSE,FALSE,FALSE,FALSE,TRUE,TRUE,FALSE,FALSE,FALSE
269,ASV534,0.63750948,-140.444.620.917.466,-0.871393676,-0.520026009,-0.199121062,0.27193127,0.318779912,0.341626401,0.136439017,0.126021509,234.437.723.574.635,-440.569.232.236.377,-255.072.111.658.615,-381.141.714.962.318,-158.005.616.074.373,0.037089614,0.000856799,0.025431955,0.002477833,0.140078567,1,0.58433664,1,1,1,FALSE,FALSE,FALSE,FALSE,FALSE,FALSE,TRUE,FALSE,FALSE,TRUE
270,ASV535,-188.473.889.550.832,19.998.811.092.358,156.148.509.413.403,-0.1648719,0.30933252,0.275702083,0.324581571,0.345301499,0.138285178,0.127868558,-683.614.310.239.891,616.141.300.310.546,452.209.184.631.321,-119.226.009.844.188,241.914.450.598.196,4.53E+09,0.000106711,0.001104777,0.260683192,0.03611439,0.033149421,0.07597848,0.789915309,1,1,TRUE,FALSE,FALSE,FALSE,FALSE,FALSE,TRUE,TRUE,FALSE,FALSE
271,ASV536,0.098472194,-0.285057111,0.267345895,-0.105417579,-0.344115847,0.276536584,0.324213743,0.343958847,0.136224363,0.125806882,0.356091021,-0.879225871,0.777261285,-0.773852613,-27.352.704.449.545,0.729170307,0.399913166,0.454998656,0.456922493,0.021002552,1,1,1,1,1,FALSE,FALSE,FALSE,FALSE,FALSE,TRUE,TRUE,FALSE,FALSE,TRUE
272,ASV540,NA,NA,NA,NA,NA,NA,NA,NA,NA,NA,NA,NA,NA,NA,NA,1,1,1,1,1,1,1,1,1,1,FALSE,FALSE,FALSE,FALSE,FALSE,TRUE,TRUE,FALSE,FALSE,TRUE
273,ASV541,-0.039953908,-0.313499704,0.312608682,0.0686325,-0.272792292,0.284275829,0.3338407,0.353090592,0.138164094,0.127747358,-0.140546271,-0.939069754,0.885349791,0.496746279,-213.540.457.510.772,0.892828062,0.38394265,0.410043232,0.637040977,0.076635161,1,1,1,1,1,FALSE,FALSE,FALSE,FALSE,FALSE,FALSE,TRUE,FALSE,TRUE,TRUE
274,ASV545,0.568013218,-0.892889455,-0.627049267,0.104447665,-0.112641712,0.283911936,0.335051061,0.350174683,0.146067789,0.135672742,200.066.691.650.508,-266.493.546.832.935,-179.067.561.593.659,0.71506296,-0.830245711,0.080433091,0.028585844,0.111124815,0.494905751,0.430477542,1,1,1,1,1,FALSE,FALSE,FALSE,FALSE,FALSE,TRUE,FALSE,FALSE,FALSE,FALSE
275,ASV548,0.552146156,-141.944.969.001.475,-0.417377122,0.125226223,-0.161197936,0.278512406,0.32672566,0.353977567,0.144618096,0.134217212,198.248.316.409.062,-434.446.958.141.263,-117.910.613.797.137,0.865909778,-120.102.283.210.214,0.078744168,0.001865251,0.268586468,0.409028954,0.260395486,1,1,1,1,1,FALSE,FALSE,FALSE,FALSE,FALSE,TRUE,FALSE,FALSE,FALSE,TRUE
276,ASV553,-0.436399164,0.620646167,0.804850221,-0.050842179,-0.135871383,0.279487868,0.32632277,0.346303603,0.137952789,0.127535867,-156.142.435.773.266,190.193.950.425.542,23.241.173.742.177,-0.368547669,-106.535.821.340.361,0.14948625,0.086345811,0.042473807,0.720147397,0.311760514,1,1,1,1,1,FALSE,FALSE,FALSE,FALSE,FALSE,TRUE,TRUE,TRUE,FALSE,TRUE
277,ASV557,-0.160549693,-0.327655403,0.139097999,0.112922671,0.346315254,0.283299071,0.336074343,0.34977188,0.141884881,0.131475076,-0.566714508,-0.974949174,0.397682051,0.795875289,263.407.533.343.906,0.58860979,0.362065251,0.702713026,0.452244737,0.033712383,1,1,1,1,1,FALSE,FALSE,FALSE,FALSE,FALSE,TRUE,TRUE,TRUE,FALSE,FALSE
278,ASV558,0.044002461,0.092692727,-0.330459637,-0.772038257,0.460864798,0.286758588,0.334151446,0.358527765,0.145009757,0.13461038,0.153447754,0.277397353,-0.921712818,-532.404.353.943.586,342.369.436.136.908,0.883075974,0.790784866,0.392232524,0.001788269,0.014079716,1,1,1,1,1,FALSE,FALSE,FALSE,FALSE,FALSE,TRUE,TRUE,FALSE,TRUE,FALSE
279,ASV562,0.679902457,-0.735820203,206.721.976.714.434,-0.998282355,-120.768.703.965.897,0.291669003,0.34283589,0.363605748,0.146098937,0.135704023,233.107.546.390.624,-214.627.530.026.977,568.533.302.111.683,-683.292.003.337.702,-889.941.956.882,0.102047715,0.121132954,0.010785255,0.006414148,0.002992189,1,1,1,1,1,FALSE,FALSE,FALSE,FALSE,FALSE,TRUE,TRUE,FALSE,FALSE,FALSE
280,ASV563,-0.215776888,-0.742510538,0.227655206,0.615240642,-0.125805582,0.281420155,0.330621473,0.351907989,0.139985225,0.129571051,-0.766742836,-22.458.025.248.984,0.646916846,439.503.984.680.432,-0.970938965,0.465256755,0.05492589,0.535801815,0.002301973,0.360015143,1,1,1,1,1,FALSE,FALSE,FALSE,FALSE,FALSE,TRUE,TRUE,TRUE,FALSE,TRUE
281,ASV565,NA,NA,NA,NA,NA,NA,NA,NA,NA,NA,NA,NA,NA,NA,NA,1,1,1,1,1,1,1,1,1,1,FALSE,FALSE,FALSE,FALSE,FALSE,TRUE,TRUE,FALSE,FALSE,TRUE
282,ASV570,0.623624427,-122.153.506.766.201,-0.686033521,-0.328865126,0.27651377,0.278832677,0.325677732,0.351286524,0.141508114,0.131097314,223.655.431.437.594,-375.074.789.770.062,-195.291.727.497.759,-232.400.190.769.998,210.922.528.424.313,0.05213582,0.004549429,0.082578878,0.045188763,0.064150418,1,1,1,1,1,FALSE,FALSE,FALSE,FALSE,FALSE,TRUE,FALSE,FALSE,TRUE,TRUE
283,ASV571,0.281413214,-0.332120042,-0.074966106,-0.530129805,-0.218007634,0.279920776,0.327594607,0.349073935,0.135780106,0.125362771,100.533.164.458.894,-101.381.413.248.103,-0.214757101,-390.432.604.381.537,-173.901.415.425.256,0.344172929,0.340348493,0.835330042,0.004517019,0.120224372,1,1,1,1,1,FALSE,FALSE,FALSE,FALSE,FALSE,TRUE,TRUE,TRUE,FALSE,TRUE
284,ASV572,0.053587036,-0.254391169,-0.233192035,-0.226143933,-0.079947542,0.30508539,0.328827851,0.362282699,0.159989862,0.149677613,0.175646023,-0.77363024,-0.643674223,-141.348.913.832.566,-0.534131593,0.863501146,0.454120722,0.531896006,0.182924707,0.603005306,1,1,1,1,1,FALSE,FALSE,FALSE,FALSE,FALSE,TRUE,TRUE,TRUE,TRUE,TRUE
285,ASV573,0.418012703,-119.255.492.899.509,-0.433960897,112.370.451.702.562,-0.235268129,0.2946793,0.340081878,0.359851036,0.151899572,0.14153423,14.185.343.282.941,-350.667.003.246.907,-120.594.594.500.434,739.768.061.153.435,-166.227.017.832.617,0.198985891,0.009903675,0.267012925,0.000149718,0.140411492,1,1,1,0.101209278,1,FALSE,FALSE,FALSE,FALSE,FALSE,TRUE,FALSE,TRUE,TRUE,TRUE
286,ASV575,0.421987033,-0.349214987,-0.494718614,-0.439555829,-0.243331067,0.280189333,0.330533366,0.351958153,0.152620964,0.142259877,150.607.814.947.846,-105.651.962.275.076,-140.561.771.110.214,-288.004.883.900.782,-171.046.870.196.128,0.160212328,0.313382349,0.187448284,0.014969977,0.115197568,1,1,1,1,1,FALSE,FALSE,FALSE,FALSE,FALSE,TRUE,TRUE,TRUE,FALSE,TRUE
287,ASV577,0.034919406,-195.927.503.176.664,-0.436350374,0.638741736,-0.444437772,0.295998707,0.340835191,0.366377767,0.154748934,0.14440101,0.117971481,-574.845.287.604.207,-119.098.486.156.243,412.760.024.186.739,-307.780.237.636.712,0.909940506,0.001206112,0.278634025,0.006163538,0.021724011,1,0.811713456,1,1,1,FALSE,FALSE,FALSE,FALSE,FALSE,TRUE,FALSE,TRUE,FALSE,FALSE
288,ASV583,-0.258745986,-259.395.569.677.545,134.335.838.391.506,NA,0.865823827,0.295131952,0.35321767,0.366236142,NA,0.13710582,-0.876712888,-734.378.803.001.412,366.801.150.972.482,NA,631.500.420.259.184,0.541761528,0.086158289,0.169442067,1,0.099980488,1,1,1,1,1,FALSE,FALSE,FALSE,FALSE,FALSE,TRUE,TRUE,TRUE,TRUE,TRUE
289,ASV584,113.919.914.806.432,-167.491.904.646.589,-135.084.287.669.202,-0.612574662,0.383482929,0.286421957,0.334448828,0.350699598,0.14821073,0.137825529,397.734.572.536.117,-50.079.979.489.353,-385.185.179.300.645,-41.331.330.214.942,278.237.951.141.189,0.003218687,0.000730948,0.003895271,0.002547565,0.021317693,1,0.501430619,1,1,1,FALSE,FALSE,FALSE,FALSE,FALSE,FALSE,FALSE,FALSE,FALSE,FALSE
290,ASV585,NA,NA,NA,NA,NA,NA,NA,NA,NA,NA,NA,NA,NA,NA,NA,1,1,1,1,1,1,1,1,1,1,FALSE,FALSE,FALSE,FALSE,FALSE,TRUE,TRUE,FALSE,FALSE,TRUE
291,ASV587,0.79469094,-0.947289594,-144.434.842.170.365,0.30871146,0.223687793,0.277776102,0.328693231,0.347515192,0.140624267,0.13021138,286.090.464.519.486,-288.198.692.514.035,-415.621.663.229.947,219.529.293.899.555,171.788.205.963.099,0.018752711,0.018119262,0.002461519,0.055766964,0.119943018,1,1,1,1,1,FALSE,FALSE,FALSE,FALSE,FALSE,FALSE,FALSE,TRUE,FALSE,TRUE
292,ASV588,-0.996168022,0.680410253,0.260521649,140.147.496.357.937,0.53267474,0.28305806,0.331481768,0.354346344,0.144729408,0.134328948,-351.930.632.461.899,205.263.250.728.928,0.735217543,968.341.527.481.557,396.545.010.463.236,0.00785387,0.074204228,0.483200932,1.08E+09,0.00414526,1,1,1,0.007626369,1,FALSE,FALSE,FALSE,TRUE,FALSE,FALSE,TRUE,TRUE,FALSE,FALSE
293,ASV590,-113.967.891.411.636,100.421.248.786.333,0.710136996,0.245835926,0.367222066,0.281563058,0.332171152,0.350860892,0.143571409,0.13316677,-404.768.623.385.506,302.317.790.569.513,202.398.446.670.539,171.229.025.969.366,27.576.103.631.854,0.003696067,0.016479582,0.077577753,0.125200556,0.024766017,1,1,1,1,1,FALSE,FALSE,FALSE,FALSE,FALSE,FALSE,TRUE,FALSE,FALSE,FALSE
294,ASV592,-0.109050428,-0.382324913,0.485103237,0.163773222,-0.328198838,0.275655902,0.326054888,0.344126462,0.140840315,0.130427906,-0.395603459,-117.257.838.117.263,140.966.560.313.068,116.282.914.049.366,-251.632.375.897.605,0.699962139,0.265733045,0.186279516,0.269504906,0.028662318,1,1,1,1,1,FALSE,FALSE,FALSE,FALSE,FALSE,TRUE,TRUE,TRUE,FALSE,FALSE
295,ASV593,0.160204441,-116.072.067.591.698,-0.431474103,0.060607192,-0.12220873,0.287523639,0.337304532,0.358520607,0.140723525,0.130310854,0.557187024,-344.116.537.529.984,-120.348.480.328.962,0.430682733,-0.937824639,0.601420126,0.018412207,0.282655256,0.684632919,0.391389405,1,1,1,1,1,FALSE,FALSE,FALSE,FALSE,FALSE,TRUE,TRUE,TRUE,TRUE,TRUE
296,ASV596,-0.628863422,-0.522822686,0.628751552,0.842871686,0.182583224,0.286609718,0.336437436,0.357077466,0.139051961,0.128636262,-219.414.549.573.723,-155.399.676.036.999,176.082.674.692.465,606.155.913.223.166,141.937.600.525.541,0.079679342,0.180899293,0.138575641,0.001763618,0.21501334,1,1,1,1,1,FALSE,FALSE,FALSE,FALSE,FALSE,TRUE,TRUE,TRUE,FALSE,TRUE
297,ASV600,NA,NA,NA,NA,NA,NA,NA,NA,NA,NA,NA,NA,NA,NA,NA,1,1,1,1,1,1,1,1,1,1,FALSE,FALSE,FALSE,FALSE,FALSE,TRUE,TRUE,FALSE,FALSE,TRUE
298,ASV602,0.520020925,-170.505.739.284.433,-275.981.834.612.948,0.376907852,126.418.577.503.831,0.28403813,0.339084307,0.351070182,0.159086284,0.1487676,18.308.137.907.102,-502.841.729.021.469,-786.115.849.381.725,236.920.394.937.048,84.977.224.438.096,0.097046538,0.000515322,1.37E+09,0.039330638,6.91E+07,1,0.355572028,0.010085575,1,0.005074647,FALSE,FALSE,TRUE,FALSE,TRUE,TRUE,FALSE,FALSE,FALSE,FALSE
299,ASV604,NA,NA,NA,NA,NA,NA,NA,NA,NA,NA,NA,NA,NA,NA,NA,1,1,1,1,1,1,1,1,1,1,FALSE,FALSE,FALSE,FALSE,FALSE,TRUE,TRUE,FALSE,FALSE,FALSE
300,ASV606,-0.264637266,-0.415885746,0.687712263,-0.830662807,-0.018877923,0.279795279,0.326899047,0.348571088,0.139595387,0.129180524,-0.945824627,-127.221.461.889.545,197.294.694.590.674,-595.050.325.416.672,-0.146135985,0.366531025,0.232083346,0.076767582,0.000141146,0.886717939,1,1,1,0.095979492,1,FALSE,FALSE,FALSE,FALSE,FALSE,FALSE,FALSE,TRUE,TRUE,TRUE
301,ASV608,0.37010296,-0.78264468,-0.232188541,0.177054656,-0.400595334,0.283213258,0.333281602,0.35713429,0.147172446,0.136782303,130.679.955.633.398,-234.829.848.213.073,-0.650143512,120.304.214.754.525,-292.870.732.433.119,0.232572469,0.051215569,0.536345087,0.268065486,0.022064829,1,1,1,1,1,FALSE,FALSE,FALSE,FALSE,FALSE,TRUE,TRUE,FALSE,FALSE,FALSE
302,ASV610,-173.285.088.728.543,187.703.834.239.702,195.692.337.087.236,-109.586.470.602.982,0.159864276,0.280401651,0.33395254,0.348020987,0.142354979,0.131946499,-617.988.830.938.012,562.067.394.380.497,562.300.391.172.646,-769.811.292.477.082,121.158.407.417.282,0.000265183,0.000498105,0.000496757,5.75E+09,0.260241253,0.191992201,0.344190532,0.359651843,0.03981605,1,FALSE,FALSE,FALSE,TRUE,FALSE,FALSE,TRUE,TRUE,TRUE,TRUE
303,ASV615,-102.117.764.061.588,106.217.772.176.341,0.450505026,0.076160257,-0.401135634,0.275196831,0.327503665,0.345334167,0.141500626,0.131089807,-371.071.729.123.003,324.325.446.319.956,130.454.808.439.712,0.538232653,-306.000.629.015.392,0.00343686,0.007828536,0.218680598,0.601137407,0.010851839,1,1,1,1,1,FALSE,FALSE,FALSE,FALSE,FALSE,TRUE,TRUE,TRUE,TRUE,FALSE
304,ASV616,0.431592131,-173.693.486.535.677,-0.606369346,-115.675.022.970.655,0.432156027,0.309404095,0.334682402,0.36792423,0.161569101,0.151268337,139.491.409.043.886,-518.980.040.753.684,-164.808.212.277.989,-715.947.678.577.254,28.568.835.732.069,0.193249132,0.000407259,0.130353944,3.07E+09,0.017047727,1,0.283452178,1,0.021459752,1,FALSE,FALSE,FALSE,TRUE,FALSE,TRUE,TRUE,TRUE,TRUE,FALSE
305,ASV618,0.490668258,-0.719073672,-0.499605176,-0.569541144,0.018377252,0.2761411,0.330093975,0.345098297,0.148168531,0.137783124,177.687.515.009.063,-217.839.078.062.609,-144.771.846.398.377,-384.387.385.824.073,0.133378107,0.103216026,0.052010892,0.175590006,0.002728209,0.896303161,1,1,1,1,1,FALSE,FALSE,FALSE,FALSE,FALSE,TRUE,TRUE,TRUE,FALSE,TRUE
306,ASV620,0.521105049,-190.090.091.519.421,-0.965279769,0.231268354,-0.156500172,0.272460853,0.315339028,0.348444758,0.155108457,0.144762842,191.258.686.340.701,-602.811.814.245.815,-277.025.194.918.891,14.910.105.975.701,-108.107.971.611.164,0.073873192,1.76E+09,0.013653223,0.15540986,0.295687707,1,0.012734226,1,1,1,FALSE,TRUE,FALSE,FALSE,FALSE,TRUE,TRUE,FALSE,TRUE,TRUE
307,ASV623,NA,NA,NA,NA,NA,NA,NA,NA,NA,NA,NA,NA,NA,NA,NA,1,1,1,1,1,1,1,1,1,1,FALSE,FALSE,FALSE,FALSE,FALSE,TRUE,FALSE,FALSE,FALSE,TRUE
308,ASV626,0.818669366,-135.817.383.521.897,-0.897603362,-0.18441806,-0.384170563,0.334947474,0.353857419,0.377328888,0.171116205,0.160889757,244.417.238.734.166,-383.819.516.889.256,-237.883.552.375.072,-107.773.579.610.615,-23.877.875.783.168,0.037109782,0.0039775,0.041306457,0.309189207,0.040704752,1,1,1,1,1,FALSE,FALSE,FALSE,FALSE,FALSE,FALSE,FALSE,FALSE,TRUE,FALSE
309,ASV627,0.763941737,-154.423.798.785.636,-0.715363913,-102.705.742.131.852,0.052054679,0.298336442,0.33559466,0.364070163,0.151823277,0.141457492,256.067.187.670.684,-460.149.750.300.277,-19.649.067.277.739,-676.482.183.567.685,0.367988137,0.037514819,0.002479783,0.090165434,0.000261449,0.72375748,1,1,1,0.174386194,1,FALSE,FALSE,FALSE,FALSE,FALSE,FALSE,FALSE,TRUE,FALSE,TRUE
310,ASV629,-0.382259796,0.603264084,0.696409735,-143.717.756.739.916,-0.115907855,0.286495847,0.335057817,0.359556557,0.142390461,0.131982084,-13.342.594.667.626,180.047.757.036.833,193.685.727.890.503,-100.932.152.257.523,-0.878209011,0.239656889,0.1316766,0.110514911,0.000163505,0.420022483,1,1,1,0.110366033,1,FALSE,FALSE,FALSE,FALSE,FALSE,TRUE,TRUE,FALSE,TRUE,TRUE
311,ASV630,NA,NA,NA,NA,NA,NA,NA,NA,NA,NA,NA,NA,NA,NA,NA,1,1,1,1,1,1,1,1,1,1,FALSE,FALSE,FALSE,FALSE,FALSE,TRUE,TRUE,FALSE,FALSE,TRUE
312,ASV631,-0.38472687,-0.162782519,0.336951882,0.36732201,0.069705159,0.285992354,0.335332506,0.356154686,0.138405658,0.127989162,-134.523.480.730.125,-0.485436144,0.946082967,265.395.227.045.708,0.544617665,0.23633687,0.647889891,0.387548595,0.045211161,0.609416612,1,1,1,1,1,FALSE,FALSE,FALSE,FALSE,FALSE,TRUE,TRUE,TRUE,FALSE,TRUE
313,ASV633,NA,NA,NA,NA,NA,NA,NA,NA,NA,NA,NA,NA,NA,NA,NA,1,1,1,1,1,1,1,1,1,1,FALSE,FALSE,FALSE,FALSE,FALSE,TRUE,TRUE,FALSE,FALSE,TRUE
314,ASV635,0.738665209,-147.039.445.218.412,-0.870778044,-0.201500965,0.101958607,0.282932842,0.330196884,0.354052456,0.139638991,0.129224201,261.074.395.780.075,-44.530.839.712.057,-245.946.053.819.599,-144.301.361.801.251,0.789005519,0.03487557,0.002960616,0.043499705,0.192230602,0.455996032,1,1,1,1,1,FALSE,FALSE,FALSE,FALSE,FALSE,FALSE,FALSE,TRUE,FALSE,TRUE
315,ASV638,-0.403812355,0.210058575,0.183768545,0.406463776,-0.170107838,0.297559993,0.333040131,0.356429782,0.150397157,0.140023323,-135.707.879.105.586,0.630730519,0.515581342,270.260.279.816.555,-121.485.359.847.644,0.204595243,0.542362097,0.617352357,0.022213894,0.252327887,1,1,1,1,1,FALSE,FALSE,FALSE,FALSE,FALSE,TRUE,TRUE,TRUE,FALSE,TRUE
316,ASV645,-0.222634057,0.031489201,0.117330116,-0.040701522,0.041351919,0.277877136,0.327844307,0.344830179,0.141285466,0.130874107,-0.801196026,0.096049255,0.340254777,-0.288080036,0.315967152,0.441639045,0.925379055,0.740703958,0.779167891,0.758523558,1,1,1,1,1,FALSE,FALSE,FALSE,FALSE,FALSE,TRUE,TRUE,FALSE,FALSE,TRUE
317,ASV653,-113.028.171.633.371,117.387.482.333.958,0.118449259,0.206975339,0.115127155,0.280384794,0.329681824,0.347739469,0.136957637,0.12654018,-403.118.050.925.157,356.062.948.386.163,0.340626446,15.112.361.927.937,0.909807103,0.003781841,0.007393933,0.742157159,0.169175446,0.389512109,1,1,1,1,1,FALSE,FALSE,FALSE,FALSE,FALSE,FALSE,TRUE,TRUE,TRUE,TRUE
318,ASV654,-0.364784254,0.294656856,0.509069707,-0.534359595,-0.034487509,0.275912871,0.323251049,0.343268934,0.134134808,0.12371914,-132.209.944.761.994,0.911541841,148.300.547.191.973,-3.983.750.401.226,-0.278756456,0.21557759,0.383457791,0.168888892,0.002585256,0.786111281,1,1,1,1,1,FALSE,FALSE,FALSE,FALSE,FALSE,TRUE,TRUE,FALSE,TRUE,TRUE
319,ASV655,0.085030833,-0.716638887,-268.425.010.661.213,NA,0.086620723,0.287518473,0.340440941,0.360172926,NA,0.132305718,0.295740418,-210.503.144.888.065,-745.267.040.775.871,NA,0.654701278,0.77739649,0.079919823,0.000300841,1,0.536934701,1,1,0.219614258,1,1,FALSE,FALSE,FALSE,FALSE,FALSE,TRUE,FALSE,TRUE,FALSE,TRUE
320,ASV658,0.446309779,-0.469792226,-0.307811605,-231.008.779.546.155,0.034959071,0.284660438,0.33100359,0.352405006,0.138183569,0.127766851,156.786.725.238.734,-141.929.646.762.411,-0.873459799,-167.175.288.092.039,0.273616128,0.160898381,0.198772405,0.411372721,6.70E+06,0.792277113,1,1,1,0.000482469,1,FALSE,FALSE,FALSE,TRUE,FALSE,TRUE,TRUE,FALSE,TRUE,TRUE
321,ASV659,0.457913552,-104.702.197.530.219,-0.301150743,-0.113942451,-0.055079941,0.283741152,0.33248979,0.353250242,0.136716981,0.126299481,161.384.257.336.396,-314.903.496.843.088,-0.852513903,-0.833418426,-0.436105839,0.157688533,0.019839003,0.426643136,0.436522348,0.678013975,1,1,1,1,1,FALSE,FALSE,FALSE,FALSE,FALSE,TRUE,FALSE,FALSE,FALSE,TRUE
322,ASV660,-0.050091418,-0.385374471,-0.215829884,0.096397291,-0.031020191,0.289578167,0.338118803,0.358365299,0.143413389,0.133008218,-0.172980645,-113.976.054.457.526,-0.602262228,0.67216382,-0.233220108,0.86945111,0.306025235,0.573267177,0.53128317,0.824837508,1,1,1,1,1,FALSE,FALSE,FALSE,FALSE,FALSE,TRUE,TRUE,TRUE,TRUE,TRUE
323,ASV661,0.86860139,-13.216.593.765.804,-119.774.724.011.941,0.302383268,0.256383953,0.283563165,0.332879347,0.352109286,0.135779424,0.12536209,306.316.721.625.744,-397.038.562.784.192,-340.163.491.306.611,222.701.833.769.724,204.514.740.549.542,0.022134961,0.007363714,0.014466778,0.067542426,0.08682338,1,1,1,1,1,FALSE,FALSE,FALSE,FALSE,FALSE,FALSE,TRUE,FALSE,FALSE,TRUE
324,ASV662,-110.643.875.180.297,0.817487894,0.258753767,0.292084177,0.778021863,0.282951978,0.332526758,0.351439608,0.144383171,0.13398141,-391.034.110.892.532,245.841.236.643.261,0.736268084,202.297.937.457.841,580.693.890.652.049,0.004478896,0.039416222,0.482595788,0.077698777,0.000401972,1,1,1,1,0.291831772,FALSE,FALSE,FALSE,FALSE,FALSE,FALSE,FALSE,TRUE,TRUE,FALSE
325,ASV664,-0.418366886,0.581947881,0.223669176,0.931882401,-0.176655916,0.285024616,0.333411559,0.354611603,0.138133064,0.127716298,-146.782.720.642.387,174.543.402.918.599,0.630744099,674.626.606.936.472,-138.319.007.052.264,0.192526812,0.131518449,0.551460823,0.000517039,0.21587553,1,1,1,0.335558459,1,FALSE,FALSE,FALSE,FALSE,FALSE,TRUE,TRUE,TRUE,FALSE,TRUE
326,ASV667,0.732717791,-154.591.287.708.353,-17.919.918.447.815,10.691.585.983.326,0.584617097,0.298811954,0.332636274,0.372754979,0.162665758,0.152373134,245.210.333.706.167,-464.745.728.541.224,-480.742.563.881.517,657.273.303.400.743,383.674.655.007.639,0.03980594,0.001650126,0.001342738,0.000174277,0.004970082,1,1,0.953343977,0.116940137,1,FALSE,FALSE,FALSE,FALSE,FALSE,FALSE,FALSE,FALSE,FALSE,FALSE
327,ASV669,-0.264682729,-0.885445705,0.330549562,0.312646863,-0.083651907,0.279874923,0.328440455,0.346343526,0.13742045,0.127003171,-0.945717915,-269.590.938.990.503,0.954397982,227.511.162.902.571,-0.658659982,0.368989046,0.024557668,0.364811819,0.048952235,0.526603671,1,1,1,1,1,FALSE,FALSE,FALSE,FALSE,FALSE,TRUE,FALSE,TRUE,FALSE,FALSE
328,ASV673,-0.982613846,-0.391502905,-0.0384886,0.909082151,0.309154483,0.325699141,0.35439002,0.375698232,0.172879159,0.162667078,-301.693.717.912.064,-110.472.327.759.727,-0.102445518,525.848.317.538.052,190.053.504.901.607,0.012963094,0.295150658,0.920428265,0.000368862,0.086546057,1,1,1,0.242342185,1,FALSE,FALSE,FALSE,FALSE,FALSE,FALSE,TRUE,TRUE,FALSE,TRUE
329,ASV683,-0.181503696,0.17098297,0.237564216,-0.483277262,-0.074458107,0.301275959,0.341587594,0.365160704,0.156490677,0.146154141,-0.602449983,0.500553805,0.650574428,-30.882.175.877.746,-0.509449176,0.565871166,0.632036616,0.536082692,0.017610995,0.626100802,1,1,1,1,1,FALSE,FALSE,FALSE,FALSE,FALSE,TRUE,TRUE,TRUE,TRUE,TRUE
330,ASV685,-0.00646402,-0.194882197,0.035281986,0.104603032,0.049842554,0.280093672,0.32958655,0.348014934,0.14081577,0.130403305,-0.023078065,-0.59129293,0.101380667,0.742836062,0.382218484,0.982091577,0.568875534,0.921470969,0.476521863,0.711168429,1,1,1,1,1,FALSE,FALSE,FALSE,FALSE,FALSE,TRUE,TRUE,TRUE,FALSE,TRUE
331,ASV687,0.220199256,-0.228977931,-0.108561712,-0.093912899,-0.416406228,0.285585155,0.332959013,0.354653719,0.140362821,0.129949384,0.771045876,-0.687706058,-0.306106228,-0.669072471,-320.437.247.186.923,0.465904059,0.513772335,0.768427228,0.524893811,0.014974601,1,1,1,1,1,FALSE,FALSE,FALSE,FALSE,FALSE,TRUE,TRUE,FALSE,FALSE,FALSE
332,ASV691,NA,NA,NA,NA,NA,NA,NA,NA,NA,NA,NA,NA,NA,NA,NA,1,1,1,1,1,1,1,1,1,1,FALSE,FALSE,FALSE,FALSE,FALSE,TRUE,TRUE,FALSE,FALSE,TRUE
333,ASV692,0.025624171,-0.305032774,0.194849006,0.014806367,-0.198822066,0.281812891,0.330146666,0.350698644,0.135823864,0.125406509,0.090926184,-0.923931104,0.555602393,0.109011529,-158.542.061.755.214,0.93009845,0.386263267,0.595785011,0.916252498,0.156890229,1,1,1,1,1,FALSE,FALSE,FALSE,FALSE,FALSE,TRUE,TRUE,FALSE,FALSE,TRUE
334,ASV693,-0.320430138,0.453974994,0.465242538,-0.419207992,0.049345789,0.284584461,0.334914388,0.353536872,0.139994864,0.129580708,-112.595.795.622.513,135.549.564.313.945,131.596.609.919.243,-299.445.264.259.162,0.38081123,0.3031943,0.224059524,0.236225848,0.024180745,0.716461761,1,1,1,1,1,FALSE,FALSE,FALSE,FALSE,FALSE,TRUE,TRUE,FALSE,TRUE,TRUE
335,ASV694,0.323382654,-0.876208304,-0.377288089,NA,-0.004444219,0.282334482,0.330974988,0.351455644,NA,0.126615344,114.538.844.774.348,-264.735.504.457.971,-107.350.129.498.273,NA,-0.035100164,0.285154672,0.029376111,0.314356525,1,0.972859871,1,1,1,1,1,FALSE,FALSE,FALSE,FALSE,FALSE,TRUE,FALSE,TRUE,FALSE,TRUE
336,ASV695,NA,NA,NA,NA,NA,NA,NA,NA,NA,NA,NA,NA,NA,NA,NA,1,1,1,1,1,1,1,1,1,1,FALSE,FALSE,FALSE,FALSE,FALSE,TRUE,TRUE,FALSE,FALSE,TRUE
337,ASV696,NA,NA,NA,NA,NA,NA,NA,NA,NA,NA,NA,NA,NA,NA,NA,1,1,1,1,1,1,1,1,1,1,FALSE,FALSE,FALSE,FALSE,FALSE,TRUE,TRUE,FALSE,FALSE,TRUE
338,ASV705,-0.149751816,-0.540965351,-157.852.719.019.661,0.301688378,-0.116924121,0.288547797,0.339144861,0.355717114,0.141166149,0.130754501,-0.518984438,-159.508.638.660.924,-443.759.135.555.259,213.711.558.309.742,-0.894226354,0.625916229,0.171577823,0.00678003,0.085629327,0.4121725,1,1,1,1,1,FALSE,FALSE,FALSE,FALSE,FALSE,TRUE,TRUE,FALSE,TRUE,TRUE
339,ASV706,0.22401092,-150.154.924.972.001,-0.083944164,0.773092155,-0.380494721,0.279152732,0.323412362,0.354814643,0.147063509,0.136672866,0.80246723,-46.428.319.575.628,-0.236585962,525.685.915.467.045,-278.398.142.893.078,0.440936816,0.000918021,0.817753754,0.000369724,0.019318234,1,0.62241824,1,0.242538684,1,FALSE,FALSE,FALSE,FALSE,FALSE,TRUE,FALSE,TRUE,TRUE,FALSE
340,ASV709,-0.546831057,-0.624432096,0.01291625,0.926132119,0.132998034,0.280041553,0.327347381,0.351562143,0.143527089,0.1331223,-195.267.827.912.177,-190.755.183.166.237,0.036739592,645.266.426.989.845,0.999066528,0.079394905,0.085549912,0.971415707,7.32E+09,0.341323406,1,1,1,0.050601614,1,FALSE,FALSE,FALSE,FALSE,FALSE,TRUE,TRUE,TRUE,FALSE,TRUE
341,ASV710,-0.71692284,0.646241978,114.715.362.433.557,-100.630.631.563.407,0.058221244,0.283320471,0.335363503,0.351322115,0.147060201,0.136669543,-253.043.077.817.731,192.698.958.967.182,326.524.740.871.483,-684.281.885.493.238,0.426000137,0.035231797,0.090138409,0.011437183,0.000131947,0.681337697,1,1,1,0.089988087,1,FALSE,FALSE,FALSE,FALSE,FALSE,FALSE,FALSE,FALSE,TRUE,TRUE
342,ASV713,-139.881.612.621.473,0.735435374,143.732.377.271.589,121.265.203.897.477,-0.362874679,0.28733742,0.33712798,0.357066958,0.136743207,0.12632571,-486.820.034.095.251,218.147.236.970.158,402.536.202.040.255,886.809.709.580.419,-287.253.227.766.454,0.008230378,0.094588725,0.015794096,0.000893064,0.045352759,1,1,1,0.571560664,1,FALSE,FALSE,FALSE,FALSE,FALSE,FALSE,TRUE,FALSE,FALSE,FALSE
343,ASV715,0.134892079,-0.324015619,0.153319875,-101.776.621.703.396,0.045333197,0.291563781,0.342164212,0.361891173,0.138717919,0.128301781,0.462650328,-0.946959403,0.42366293,-733.694.844.253.917,0.353332564,0.689072152,0.443612718,0.713025705,0.018074602,0.757606958,1,1,1,1,1,FALSE,FALSE,FALSE,FALSE,FALSE,TRUE,TRUE,FALSE,TRUE,FALSE
344,ASV724,0.222541925,-0.766717912,-0.231178119,-0.587464941,0.22085182,0.282261395,0.328162289,0.351320184,0.147319885,0.136930425,0.788424945,-233.639.859.729.468,-0.658026864,-39.876.825.945.608,161.287.617.532.442,0.448734941,0.041594135,0.525378844,0.002568892,0.137846933,1,1,1,1,1,FALSE,FALSE,FALSE,FALSE,FALSE,TRUE,FALSE,FALSE,TRUE,TRUE
345,ASV725,-0.13943085,-0.377363544,0.201807884,0.132552166,-0.061805423,0.278312362,0.325828069,0.346453296,0.135656519,0.125239247,-0.500986909,-115.816.769.481.094,0.582496649,0.97711608,-0.493498841,0.628403624,0.276604475,0.574533286,0.354043377,0.633478427,1,1,1,1,1,FALSE,FALSE,FALSE,FALSE,FALSE,TRUE,TRUE,TRUE,FALSE,TRUE
346,ASV729,0.417474776,-0.389902145,-0.918611539,0.580380209,0.036915427,0.281756835,0.327975274,0.351867584,0.139524276,0.129109294,148.168.464.779.295,-11.888.156.702.138,-261.067.395.820.564,415.970.774.047.702,0.285923854,0.176703342,0.26860062,0.031097726,0.003166486,0.782200443,1,1,1,1,1,FALSE,FALSE,FALSE,FALSE,FALSE,TRUE,TRUE,FALSE,TRUE,TRUE
347,ASV730,0.927037824,-119.185.012.398.944,-0.11325033,-0.157730816,-0.742831606,0.326789535,0.369810665,0.393780894,0.179847685,0.169693462,283.680.388.998.887,-322.286.574.714.208,-0.287597321,-0.877024445,-437.749.102.796.609,0.036382726,0.023390854,0.785193955,0.42060762,0.007171463,1,1,1,1,1,FALSE,FALSE,FALSE,FALSE,FALSE,FALSE,FALSE,TRUE,TRUE,FALSE
348,ASV731,NA,NA,NA,NA,NA,NA,NA,NA,NA,NA,NA,NA,NA,NA,NA,1,1,1,1,1,1,1,1,1,1,FALSE,FALSE,FALSE,FALSE,FALSE,TRUE,TRUE,FALSE,FALSE,TRUE
349,ASV732,-0.068078614,-100.273.968.844.039,-0.518531116,0.099983145,0.466345009,0.284706117,0.333682049,0.353530148,0.144232326,0.133830012,-0.2391189,-300.507.531.421.864,-146.672.389.532.676,0.693208991,348.460.710.415.532,0.817025436,0.016940158,0.180627009,0.507800535,0.008263553,1,1,1,1,1,FALSE,FALSE,FALSE,FALSE,FALSE,TRUE,FALSE,TRUE,TRUE,FALSE
350,ASV736,-0.817468218,0.933565933,202.071.930.138.455,-182.862.607.218.272,0.236448693,0.281517767,0.332036095,0.347959467,0.139788983,0.129374453,-290.378.908.139.842,281.163.989.600.655,58.073.410.631.765,-130.813.318.038.292,182.763.047.384.933,0.019776479,0.022785417,0.000401788,1.11E+08,0.105017659,1,1,0.291296338,0.00079222,1,FALSE,FALSE,FALSE,TRUE,FALSE,FALSE,TRUE,FALSE,TRUE,TRUE
351,ASV738,0.467173239,-0.48992412,-0.629494421,-0.912079646,0.307346055,0.280428118,0.322811761,0.344798327,0.138669243,0.128253046,166.592.866.301.967,-151.767.741.889.464,-182.568.873.289.963,-657.737.522.024.846,239.640.354.378.293,0.12391818,0.157297911,0.095140796,3.98E+09,0.035457478,1,1,1,0.02777058,1,FALSE,FALSE,FALSE,TRUE,FALSE,TRUE,FALSE,TRUE,TRUE,FALSE
352,ASV739,-0.267641689,0.175115861,0.287875272,0.646222057,0.108907095,0.283870952,0.333123382,0.352777451,0.136907297,0.126489828,-0.942828728,0.525678683,0.816025149,472.014.328.904.976,0.860994884,0.38216529,0.617964688,0.445665176,0.003257527,0.422308638,1,1,1,1,1,FALSE,FALSE,FALSE,FALSE,FALSE,TRUE,TRUE,FALSE,TRUE,TRUE
353,ASV746,-0.964042844,0.242768577,0.219595603,0.576773871,0.040016564,0.284426701,0.359046623,0.366560254,0.182203619,0.172069196,-338.942.455.416.033,0.676147782,0.59907096,316.554.563.636.246,0.23256088,0.006892501,0.514279936,0.562450549,0.010063522,0.820793014,1,1,1,1,1,FALSE,FALSE,FALSE,FALSE,FALSE,FALSE,TRUE,TRUE,FALSE,TRUE
354,ASV753,NA,NA,NA,NA,NA,NA,NA,NA,NA,NA,NA,NA,NA,NA,NA,1,1,1,1,1,1,1,1,1,1,FALSE,FALSE,FALSE,FALSE,FALSE,TRUE,TRUE,FALSE,FALSE,TRUE
355,ASV755,-0.221854552,-161.211.403.028.448,-0.308393694,-0.389370048,0.718152575,0.285805775,0.335361,0.355138938,0.136566594,0.126149084,-0.776242367,-480.710.049.439.642,-0.868374771,-285.113.683.852.024,56.928.877.425.144,0.47270822,0.004853198,0.424899458,0.035776018,0.002332445,1,1,1,1,1,FALSE,FALSE,FALSE,FALSE,FALSE,FALSE,TRUE,FALSE,FALSE,FALSE
356,ASV757,-118.141.802.740.046,0.780538639,-0.044843554,207.833.361.206.775,0.222939743,0.287838824,0.338113554,0.363874428,0.146181741,0.135787183,-41.044.429.338.937,230.851.034.780.149,-0.12323909,142.174.637.703.462,164.183.200.874.768,0.014799182,0.082166652,0.90786198,0.000142126,0.175969215,1,1,1,0.096361382,1,FALSE,FALSE,FALSE,FALSE,FALSE,FALSE,TRUE,TRUE,FALSE,TRUE
357,ASV758,0.326482596,-0.591402354,-0.487086537,0.236392704,0.147226187,0.287906173,0.337210698,0.357966345,0.137988563,0.127571671,113.398.956.389.584,-175.380.661.751.026,-136.070.483.746.839,171.313.258.996.518,115.406.646.138.651,0.32015205,0.15432862,0.245229772,0.161845952,0.312731742,1,1,1,1,1,FALSE,FALSE,FALSE,FALSE,FALSE,TRUE,TRUE,FALSE,FALSE,TRUE
358,ASV759,-101.784.019.570.071,0.715502072,0.241377031,0.580431011,0.071398944,0.27949449,0.331341134,0.349143834,0.144437577,0.134036017,-364.171.828.541.297,215.941.215.338.348,0.691339806,401.855.960.980.452,0.53268476,0.005386466,0.059124018,0.506791445,0.003024615,0.607151293,1,1,1,1,1,FALSE,FALSE,FALSE,FALSE,FALSE,FALSE,TRUE,TRUE,FALSE,TRUE
359,ASV763,0.199212987,-0.639066187,-0.076841798,-0.363629518,0.178231561,0.288230164,0.337394475,0.358315838,0.138645931,0.128229706,0.6911594,-189.412.167.260.324,-0.214452698,-262.272.043.524.748,138.993.970.730.121,0.527484067,0.131125188,0.840683141,0.058631834,0.236901365,1,1,1,1,1,FALSE,FALSE,FALSE,FALSE,FALSE,TRUE,TRUE,FALSE,TRUE,TRUE
360,ASV764,NA,NA,NA,NA,NA,NA,NA,NA,NA,NA,NA,NA,NA,NA,NA,1,1,1,1,1,1,1,1,1,1,FALSE,FALSE,FALSE,FALSE,FALSE,TRUE,TRUE,FALSE,FALSE,TRUE
361,ASV767,-0.322802502,0.077099606,0.710457638,-0.005761984,-0.439457952,0.273686878,0.322738774,0.342155005,0.140366692,0.129953263,-117.945.918.313.808,0.238891673,207.642.041.293.452,-0.041049509,-338.166.155.193.992,0.261070928,0.815220699,0.060002148,0.967931511,0.005451387,1,1,1,1,1,FALSE,FALSE,FALSE,FALSE,FALSE,TRUE,TRUE,TRUE,TRUE,FALSE
362,ASV770,0.150891428,-102.326.253.534.406,-0.815670739,0.445478773,0.137134565,0.289240956,0.332779096,0.365496136,0.177420537,0.167246013,0.521680711,-307.490.028.340.248,-22.316.808.827.335,251.086.362.645.754,0.819957155,0.610666016,0.008864853,0.043864925,0.026049427,0.427019188,1,1,1,1,1,FALSE,FALSE,FALSE,FALSE,FALSE,TRUE,FALSE,FALSE,FALSE,TRUE
363,ASV773,0.279235835,-0.482150027,0.312423336,-0.4795873,-0.795740202,0.288082297,0.334927429,0.357135074,0.141195696,0.130784119,0.969291892,-143.956.566.609.417,0.874804405,-339.661.414.944.483,-608.437.941.987.327,0.369833244,0.200051504,0.415320865,0.014556502,0.000896272,1,1,1,1,0.644419754,FALSE,FALSE,FALSE,FALSE,FALSE,TRUE,FALSE,TRUE,FALSE,FALSE
364,ASV775,-0.212344655,-0.274276251,-0.464910719,0.264394473,0.241318187,0.284740896,0.334163038,0.358411877,0.142724379,0.132317003,-0.745746953,-0.820785723,-129.714.093.729.869,185.248.291.044.016,182.378.818.494.464,0.484000959,0.443149109,0.242224927,0.113399196,0.117999388,1,1,1,1,1,FALSE,FALSE,FALSE,FALSE,FALSE,TRUE,TRUE,TRUE,TRUE,TRUE
365,ASV784,-0.571049684,0.299742122,10.177.028.743.335,0.681998744,-0.254351686,0.278751794,0.330772391,0.345150747,0.146618272,0.136225621,-204.859.554.600.634,0.906188457,294.857.503.454.189,465.152.628.586.628,-186.713.544.751.646,0.065133054,0.384256406,0.013243098,0.000703335,0.088741337,1,1,1,0.45294767,1,FALSE,FALSE,FALSE,FALSE,FALSE,TRUE,TRUE,FALSE,TRUE,TRUE
366,ASV787,-0.465628994,-0.429173934,0.151771906,0.609996859,-0.376376741,0.285874073,0.335821279,0.35569017,0.143001993,0.132595483,-162.879.057.182.813,-127.798.314.590.111,0.426696936,426.565.286.596.743,-283.853.366.508.765,0.147381055,0.241999923,0.682416174,0.003720559,0.025097289,1,1,1,1,1,FALSE,FALSE,FALSE,FALSE,FALSE,TRUE,TRUE,TRUE,FALSE,FALSE
367,ASV788,-0.954969846,-159.141.942.275.304,139.101.618.684.931,0.852418732,0.063040074,0.280899185,0.332115806,0.352195562,0.139575546,0.129160649,-339.968.891.596.638,-479.176.057.156.719,394.955.626.165,610.722.120.291.041,0.48807492,0.009364775,0.001369893,0.004238656,0.000287178,0.638592256,1,0.917828221,1,0.190973153,1,FALSE,FALSE,FALSE,FALSE,FALSE,FALSE,FALSE,FALSE,TRUE,TRUE
368,ASV790,109.157.888.578.899,-151.218.057.422.046,-0.681816249,-0.478509395,-0.56042035,0.288129996,0.333884294,0.36215709,0.15148867,0.141120954,378.849.443.060.262,-452.905.572.979.712,-188.265.332.445.335,-315.871.408.580.303,-397.120.578.330.976,0.005323244,0.001926765,0.096510816,0.013420957,0.004111985,1,1,1,1,1,FALSE,FALSE,FALSE,FALSE,FALSE,FALSE,FALSE,FALSE,TRUE,FALSE
369,ASV797,0.040733689,-147.975.219.317.684,-0.618255991,0.520801425,0.12340767,0.291832613,0.364290378,0.356901445,0.167278278,0.15702113,0.139578948,-406.201.284.511.549,-173.228.771.941.117,311.338.347.288.407,0.785930343,0.895738521,0.015323296,0.158258571,0.035754633,0.475852428,1,1,1,1,1,FALSE,FALSE,FALSE,FALSE,FALSE,FALSE,FALSE,TRUE,FALSE,TRUE
370,ASV798,0.435002987,-0.800771181,-107.749.580.079.263,-0.223456005,0.231295115,0.277603211,0.327570379,0.344956206,0.139549229,0.129134289,156.699.551.738.172,-244.457.750.894.138,-312.357.273.739.125,-16.012.700.778.256,17.911.208.229.475,0.148185366,0.034577119,0.010808056,0.140399853,0.103538088,1,1,1,1,1,FALSE,FALSE,FALSE,FALSE,FALSE,TRUE,FALSE,FALSE,TRUE,TRUE
371,ASV807,-0.042313316,-0.923321195,-0.994056233,0.266429108,0.271729457,0.288260673,0.337890777,0.356948126,0.141903344,0.131493589,-0.146788376,-27.326.025.391.682,-278.487.589.975.368,187.753.932.059.938,206.648.445.075.844,0.889034082,0.041152597,0.038678408,0.119252969,0.093657425,1,1,1,1,1,FALSE,FALSE,FALSE,FALSE,FALSE,TRUE,FALSE,FALSE,TRUE,TRUE
372,ASV809,-0.489819078,-0.69613346,0.227576635,NA,0.579715522,0.314713387,0.351592445,0.36436518,NA,0.143163786,-155.639.734.020.096,-197.994.430.956.345,0.624583927,NA,404.931.677.706.277,0.180341314,0.104585549,0.559635504,1,0.009831993,1,1,1,1,1,FALSE,FALSE,FALSE,FALSE,FALSE,TRUE,TRUE,TRUE,TRUE,FALSE
373,ASV810,-0.280791919,-0.727592651,-171.922.534.837.482,-0.025021043,0.023524536,0.299699632,0.356347215,0.374174754,0.165965914,0.155698492,-0.936911127,-20.418.081.594.025,-459.471.231.187.282,-0.150760133,0.151090324,0.376222091,0.075461761,0.001767633,0.883896983,0.883644861,1,1,1,1,1,FALSE,FALSE,FALSE,FALSE,FALSE,FALSE,FALSE,TRUE,FALSE,FALSE
374,ASV815,-141.380.138.473.371,-0.160322935,0.737746936,NA,138.340.321.017.693,0.292118077,0.341873775,0.392489989,NA,0.162788828,-483.982.846.977.098,-0.468953592,187.965.796.920.423,NA,849.814.588.034.853,0.016825148,0.671077879,0.156748091,1,0.003421859,1,1,1,1,1,FALSE,FALSE,FALSE,FALSE,FALSE,TRUE,TRUE,FALSE,TRUE,FALSE
375,ASV817,-0.188951117,-0.480499589,0.457148552,-0.221456974,-0.137692613,0.287396352,0.337105867,0.356284672,0.14031138,0.129897838,-0.657458299,-142.536.703.115.087,128.309.912.779.329,-157.832.511.539.172,-106.000.695.996.488,0.539942483,0.213372064,0.255710435,0.175321893,0.337638183,1,1,1,1,1,FALSE,FALSE,FALSE,FALSE,FALSE,TRUE,TRUE,FALSE,FALSE,TRUE
376,ASV826,0.396430538,-0.969538501,-0.338614799,0.029367144,0.006290962,0.278226308,0.327044476,0.345712508,0.135746585,0.125329266,142.484.922.108.728,-29.645.463.307.114,-0.979469331,0.216337998,0.050195472,0.18794143,0.015842104,0.352941517,0.833548248,0.961062976,1,1,1,1,1,FALSE,FALSE,FALSE,FALSE,FALSE,TRUE,FALSE,FALSE,FALSE,TRUE
377,ASV828,183.026.712.572.763,-262.041.320.242.249,-341.154.232.623.201,0.089173129,0.643450379,0.29319721,0.344229562,0.363920835,0.138711741,0.128295596,624.244.387.551.541,-761.240.025.172.695,-937.440.782.229.122,0.642866477,501.537.385.997.811,0.10112329,0.083153175,0.067654554,0.636271059,0.125290591,1,1,1,1,1,FALSE,FALSE,FALSE,FALSE,FALSE,TRUE,TRUE,TRUE,FALSE,TRUE
378,ASV829,-0.078862298,-0.067988582,0.123345224,0.695645382,0.028226623,0.28298955,0.331582257,0.350745331,0.136442844,0.126025336,-0.278675656,-0.205042884,0.351666048,509.843.802.058.399,0.223975781,0.788546601,0.843373509,0.73543671,0.00140194,0.829172821,1,1,1,0.886026304,1,FALSE,FALSE,FALSE,FALSE,FALSE,TRUE,TRUE,TRUE,TRUE,TRUE
379,ASV835,0.55597643,-0.691925252,-0.211961733,-146.124.495.993.627,-0.108483429,0.290392747,0.33611098,0.364240153,0.152843085,0.14248333,19.145.672.057.621,-205.862.138.953.689,-0.581928518,-956.042.571.682.152,-0.761376291,0.104046943,0.085218905,0.58180428,7.48E+09,0.475283055,1,1,1,0.051611848,1,FALSE,FALSE,FALSE,FALSE,FALSE,TRUE,TRUE,TRUE,TRUE,TRUE
380,ASV836,-0.166818597,-0.1702449,-0.042136305,-0.066784549,0.597360062,0.287382511,0.3341771,0.355342177,0.14057259,0.130159591,-0.580475816,-0.509445141,-0.118579521,-0.475089413,458.944.328.303.724,0.582722291,0.628629299,0.909478851,0.651523515,0.003733225,1,1,1,1,1,FALSE,FALSE,FALSE,FALSE,FALSE,TRUE,TRUE,TRUE,FALSE,FALSE
381,ASV839,-0.304646337,-0.307886555,-0.40017756,0.658556011,0.025030052,0.287552411,0.337576313,0.357197524,0.137191837,0.126774455,-105.944.629.818.598,-0.912050234,-11.203.256.826.351,480.025.653.971.177,0.197437662,0.349131395,0.413338025,0.325294395,0.008646537,0.853112144,1,1,1,1,1,FALSE,FALSE,FALSE,FALSE,FALSE,TRUE,TRUE,TRUE,FALSE,TRUE
382,ASV841,-0.358172142,-0.469529005,-0.731703186,130.588.969.735.082,0.272485403,0.285490388,0.336079163,0.354704997,0.137451032,0.12703377,-125.458.564.206.883,-139.707.859.504.531,-206.284.995.141.739,950.076.314.436.341,214.498.399.165.034,0.265080447,0.221227645,0.09409142,0.000218421,0.084781105,1,1,1,0.146342351,1,FALSE,FALSE,FALSE,FALSE,FALSE,TRUE,TRUE,TRUE,FALSE,TRUE
383,ASV846,-0.874115725,0.718041599,0.267914566,0.172522211,-0.038234884,0.283354644,0.333015255,0.354017718,0.142332326,0.13192378,-308.488.229.214.892,215.618.230.435.995,0.756782929,121.210.841.639.592,-0.289825566,0.017693647,0.067990122,0.473876438,0.264790698,0.780346608,1,1,1,1,1,FALSE,FALSE,FALSE,FALSE,FALSE,FALSE,FALSE,TRUE,TRUE,TRUE
384,ASV847,-0.434723594,0.113169941,0.680223506,-0.638074463,0.33169103,0.280843036,0.326817799,0.347466711,0.139500878,0.129085858,-15.479.237.098.642,0.34627839,195.766.525.237.982,-457.398.170.889.393,25.695.380.950.965,0.152680477,0.736308784,0.078740753,0.001020005,0.027912773,1,1,1,0.648722873,1,FALSE,FALSE,FALSE,FALSE,FALSE,TRUE,TRUE,TRUE,TRUE,FALSE
385,ASV851,0.402725855,-0.766156641,-0.675483523,-0.803420112,0.366369045,0.287123169,0.333395985,0.359752139,0.144308537,0.133906502,140.262.402.474.461,-229.803.799.538.264,-187.763.587.745.309,-556.737.755.794.826,273.600.639.712.852,0.210295773,0.06126503,0.109513368,0.001423038,0.033914773,1,1,1,0.897936664,1,FALSE,FALSE,FALSE,FALSE,FALSE,TRUE,TRUE,FALSE,TRUE,FALSE
386,ASV853,0.696237364,-10.168.157.410.062,-0.786515062,NA,0.274637789,0.289329056,0.339570433,0.359326556,NA,0.127020148,240.638.591.286.538,-299.441.777.325.701,-218.885.871.296.257,NA,216.215.925.905.247,0.07384334,0.040162545,0.093811528,1,0.096654978,1,1,1,1,1,FALSE,FALSE,FALSE,FALSE,FALSE,TRUE,FALSE,TRUE,FALSE,TRUE
387,ASV860,-0.24964188,0.7008244,0.707675995,-0.92382557,-0.271193837,0.286351461,0.330657098,0.356763241,0.142875669,0.132468761,-0.871802362,211.948.996.332.233,198.360.120.705.974,-646.594.046.374.683,-204.722.860.189.611,0.412217087,0.071775536,0.08771489,0.000345031,0.079856375,1,1,1,0.227720408,1,FALSE,FALSE,FALSE,FALSE,FALSE,TRUE,TRUE,FALSE,TRUE,TRUE
388,ASV863,0.194220912,0.460172224,0.23952607,-162.677.218.457.301,0.22171864,0.318382029,0.347746725,0.367984674,0.149838257,0.139461401,0.610024734,132.329.707.360.355,0.650913169,-108.568.547.000.193,158.982.082.471.703,0.574800782,0.256307424,0.550602381,0.000408472,0.187079435,1,1,1,0.267140946,1,FALSE,FALSE,FALSE,FALSE,FALSE,FALSE,FALSE,TRUE,FALSE,TRUE
389,ASV874,-0.112135941,-0.3012766,-0.061855572,-0.148442304,-0.186299595,0.29177686,0.338937112,0.360130386,0.142662224,0.132254658,-0.384320885,-0.888886433,-0.171758824,-104.051.583.663.568,-14.086.429.710.466,0.716542659,0.414776717,0.870362391,0.345775349,0.21798372,1,1,1,1,1,FALSE,FALSE,FALSE,FALSE,FALSE,TRUE,FALSE,TRUE,TRUE,TRUE
390,ASV875,0.221984619,-0.696009529,-0.669973836,-0.432287408,0.15547883,0.327021532,0.358998104,0.381273787,0.177006802,0.166828831,0.678807348,-193.875.544.572.731,-175.719.878.565.495,-244.220.788.180.226,0.931966192,0.519064732,0.093706579,0.122301409,0.044614225,0.382373414,1,1,1,1,1,FALSE,FALSE,FALSE,FALSE,FALSE,FALSE,FALSE,TRUE,TRUE,TRUE
391,ASV880,0.000965382,0.336935806,-0.574366594,-0.235435088,0.03905358,0.275763323,0.323125826,0.343163411,0.133603575,0.123188847,0.003500761,104.273.870.670.823,-167.374.077.436.804,-176.219.152.666.898,0.31702204,0.997275655,0.321621952,0.12512479,0.108517659,0.757746417,1,1,1,1,1,FALSE,FALSE,FALSE,FALSE,FALSE,TRUE,TRUE,TRUE,TRUE,TRUE
392,ASV883,0.214913754,-0.947194529,-124.245.373.341.763,0.25750892,-0.502992899,0.291308973,0.354151789,0.363594596,0.166112948,0.15584667,0.73775192,-267.454.396.219.555,-341.714.025.978.696,155.020.378.252.813,-322.748.568.954.743,0.481741891,0.028163162,0.009126392,0.159688678,0.01210253,1,1,1,1,1,FALSE,FALSE,FALSE,FALSE,FALSE,TRUE,FALSE,FALSE,TRUE,FALSE
393,ASV886,-0.56942522,-0.041771208,0.222645908,0.30457693,0.315584898,0.277630084,0.326796304,0.342611763,0.14012809,0.129714187,-205.102.131.655.125,-0.127820319,0.64984899,217.356.084.141.344,243.292.507.435.254,0.064861452,0.900598004,0.529127019,0.052450639,0.033236949,1,1,1,1,1,FALSE,FALSE,FALSE,FALSE,FALSE,TRUE,TRUE,TRUE,TRUE,FALSE
394,ASV888,0.964759161,-199.611.510.817.199,-15.154.859.358.477,0.178444786,0.43133694,0.290261067,0.345223221,0.36900989,0.164688552,0.15441126,332.376.356.900.597,-578.209.977.268.938,-410.689.787.791.831,108.352.878.152.427,279.342.931.163.822,0.015929654,0.001170101,0.006308293,0.320182974,0.031435037,1,0.788648203,1,1,1,FALSE,FALSE,FALSE,FALSE,FALSE,FALSE,FALSE,FALSE,TRUE,FALSE
395,ASV894,-0.170922344,-0.125822441,0.031319421,0.099925076,0.086017836,0.286022851,0.336290634,0.356174559,0.139774076,0.12935952,-0.597582827,-0.374147918,0.087932786,0.714904214,0.664951729,0.576151156,0.723636196,0.933343301,0.50664975,0.53551833,1,1,1,1,1,FALSE,FALSE,FALSE,FALSE,FALSE,TRUE,TRUE,TRUE,TRUE,TRUE
396,ASV899,-0.903293297,107.778.999.466.181,119.092.451.763.426,NA,-0.198760966,0.283516972,0.332319054,0.352614321,NA,0.125299727,-318.602.900.736.678,324.323.863.100.647,337.741.392.043.681,NA,-158.628.411.285.689,0.015361249,0.014189335,0.011800264,1,0.156695463,1,1,1,1,1,FALSE,FALSE,FALSE,FALSE,FALSE,FALSE,FALSE,TRUE,FALSE,TRUE
397,ASV904,0.02940787,-0.875547867,-224.051.821.109.628,NA,0.065697613,0.296160074,0.346007898,0.365681766,NA,0.132625018,0.099297213,-253.042.740.215.226,-612.696.180.546.848,NA,0.495363647,0.927165568,0.085392131,0.008741367,1,0.654356135,1,1,1,1,1,FALSE,FALSE,FALSE,FALSE,FALSE,TRUE,FALSE,FALSE,TRUE,TRUE
398,ASV910,NA,NA,NA,NA,NA,NA,NA,NA,NA,NA,NA,NA,NA,NA,NA,1,1,1,1,1,1,1,1,1,1,FALSE,FALSE,FALSE,FALSE,FALSE,TRUE,TRUE,FALSE,FALSE,TRUE
399,ASV914,0.115245279,-194.184.221.478.264,-0.407232685,0.655922543,-0.43757479,0.293291621,0.344271305,0.364004043,0.138815902,0.128399887,0.392937509,-564.044.167.582.959,-111.875.868.761.381,472.512.537.713.726,-340.790.633.992.575,0.761647497,0.111706271,0.46435408,0.132771658,0.181706117,1,1,1,1,1,FALSE,FALSE,FALSE,FALSE,FALSE,TRUE,TRUE,TRUE,TRUE,TRUE
400,ASV915,110.617.641.431.143,-142.167.712.238.723,-103.753.438.346.772,-0.11800101,0.013682116,0.290707414,0.337197257,0.363688059,0.144912351,0.134512594,380.511.937.841.765,-421.615.862.364.285,-28.528.139.905.057,-0.814292292,0.101716242,0.019019739,0.013519176,0.046264026,0.461176346,0.923876807,1,1,1,1,1,FALSE,FALSE,FALSE,FALSE,FALSE,FALSE,FALSE,TRUE,TRUE,TRUE
401,ASV918,-0.374547334,-112.129.855.350.465,-105.513.607.203.925,102.824.717.506.091,-0.190145083,0.29404949,0.348491642,0.360862248,0.155049609,0.144703614,-127.375.610.729.293,-321.757.660.564.496,-292.393.033.099.294,663.173.021.976.403,-131.403.134.099.728,0.258746857,0.0235291,0.032863414,0.001174327,0.245889595,1,1,1,0.743349275,1,FALSE,FALSE,FALSE,FALSE,FALSE,TRUE,FALSE,FALSE,FALSE,TRUE
402,ASV932,0.245054531,-181.400.259.139.274,-0.169020258,-122.997.415.738.102,0.059218841,0.307619035,0.342728798,0.363726018,0.148925325,0.138543702,0.79661693,-529.282.219.525.271,-0.464691139,-825.899.930.215.744,0.427437985,0.456029214,0.001842438,0.65853732,0.000170422,0.683975068,1,1,1,0.114864492,1,FALSE,FALSE,FALSE,FALSE,FALSE,FALSE,TRUE,TRUE,TRUE,TRUE
403,ASV938,NA,NA,NA,NA,NA,NA,NA,NA,NA,NA,NA,NA,NA,NA,NA,1,1,1,1,1,1,1,1,1,1,FALSE,FALSE,FALSE,FALSE,FALSE,TRUE,TRUE,FALSE,FALSE,TRUE
404,ASV955,0.508775065,-107.507.506.167.213,-0.953133996,0.081548989,0.590859962,0.294159129,0.342950002,0.362743782,0.159237153,0.148919536,172.959.128.192.565,-313.478.656.929.953,-262.756.811.893.666,0.512122878,396.764.572.606.683,0.134430819,0.020201293,0.03918699,0.626863285,0.007386827,1,1,1,1,1,FALSE,FALSE,FALSE,FALSE,FALSE,TRUE,FALSE,FALSE,TRUE,FALSE
405,ASV960,105.946.073.242.092,-137.970.331.524.414,-108.141.150.533.482,0.278430086,-0.207117084,0.286382482,0.336681964,0.354621326,0.138354846,0.127938297,369.946.068.463.943,-409.794.245.765.347,-304.948.243.533.437,201.243.464.987.154,-161.888.260.540.801,0.014007249,0.009373667,0.02844111,0.100334077,0.166397273,1,1,1,1,1,FALSE,FALSE,FALSE,FALSE,FALSE,FALSE,FALSE,TRUE,FALSE,TRUE
406,ASV962,-0.969051918,0.00692626,0.94541695,0.593279494,-0.014685095,0.290744939,0.335679059,0.36632293,0.150976858,0.14060624,-333.299.668.474.559,0.020633579,258.082.929.559.704,392.960.550.927.852,-0.104441275,0.02071081,0.984336045,0.049382443,0.011074686,0.92087932,1,1,1,1,1,FALSE,FALSE,FALSE,FALSE,FALSE,FALSE,TRUE,TRUE,FALSE,TRUE
407,ASV963,-0.149092922,0.282585611,0.534837622,-0.19933072,-0.587456391,0.28522699,0.336338851,0.358556952,0.158975894,0.148656432,-0.522716741,0.840181293,149.163.924.625.567,-125.384.242.074.685,-395.177.245.353.405,0.613793916,0.422564582,0.169988699,0.241487996,0.003345712,1,1,1,1,1,FALSE,FALSE,FALSE,FALSE,FALSE,TRUE,TRUE,TRUE,FALSE,FALSE
408,ASV964,-0.581121807,-0.357269425,0.676973548,0.478565398,0.170544639,0.287948699,0.336510771,0.355760457,0.138191326,0.127774615,-201.814.353.660.112,-106.168.793.239.877,190.289.149.391.488,346.306.393.778.474,133.473.021.194.703,0.099605891,0.336944067,0.115434207,0.017982942,0.239513603,1,1,1,1,1,FALSE,FALSE,FALSE,FALSE,FALSE,TRUE,TRUE,TRUE,FALSE,TRUE
409,ASV968,-0.012148199,-0.394062577,-0.259905991,-0.236043897,0.146415885,0.291903522,0.336662507,0.358712549,0.143104098,0.132697915,-0.041617173,-117.049.736.489.463,-0.724552267,-164.945.588.015.375,110.337.743.360.154,0.968154212,0.286182168,0.495997451,0.150148253,0.312139446,1,1,1,1,1,FALSE,FALSE,FALSE,FALSE,FALSE,TRUE,FALSE,TRUE,FALSE,TRUE
410,ASV969,0.295638896,-0.645144427,-0.292032488,-0.231444096,0.234681644,0.288556898,0.337611652,0.354967074,0.143277421,0.132871801,102.454.281.323.379,-191.090.687.215.561,-0.822703034,-16.153.563.763.858,176.622.611.445.813,0.345098688,0.104576341,0.442138675,0.157360773,0.127789615,1,1,1,1,1,FALSE,FALSE,FALSE,FALSE,FALSE,TRUE,TRUE,TRUE,FALSE,TRUE
411,ASV971,0.011908799,0.225117463,-0.558269239,-0.240620396,-0.127254077,0.281602541,0.333029934,0.350790744,0.139496363,0.129081336,0.042289388,0.675967654,-159.145.943.509.861,-172.492.236.366.444,-0.98584413,0.967448982,0.520760851,0.155532837,0.128194749,0.357051187,1,1,1,1,1,FALSE,FALSE,FALSE,FALSE,FALSE,TRUE,TRUE,TRUE,FALSE,TRUE
412,ASV972,-0.695906817,110.804.638.891.039,0.034717504,0.594576749,0.036449408,0.291819134,0.334816532,0.366970414,0.155287113,0.144942652,-238.471.963.131.341,330.941.360.975.818,0.094605731,382.888.662.545.142,0.251474684,0.054416668,0.016216576,0.927708349,0.008670401,0.809838604,1,1,1,1,1,FALSE,FALSE,FALSE,FALSE,FALSE,TRUE,TRUE,FALSE,TRUE,TRUE
413,ASV975,NA,NA,NA,NA,NA,NA,NA,NA,NA,NA,NA,NA,NA,NA,NA,1,1,1,1,1,1,1,1,1,1,FALSE,FALSE,FALSE,FALSE,FALSE,TRUE,TRUE,FALSE,FALSE,TRUE
414,ASV982,-0.106545587,-0.564432968,-0.013272823,-0.088755225,-0.209746293,0.303471955,0.338862867,0.36700712,0.152648245,0.142287321,-0.351088744,-166.566.780.490.961,-0.036165029,-0.581436258,-147.410.388.605.833,0.73752098,0.146831594,0.972323954,0.58211526,0.190891601,1,1,1,1,1,FALSE,FALSE,FALSE,FALSE,FALSE,TRUE,FALSE,TRUE,TRUE,TRUE
415,ASV990,0.318649376,-0.974895938,-0.837702507,0.655943613,0.024886269,0.291025735,0.340298105,0.360714292,0.139081614,0.128665957,109.491.820.452.277,-286.482.917.377.125,-232.234.354.239.473,471.624.965.445.562,0.193417669,0.35358514,0.064321967,0.102863813,0.018051127,0.858986578,1,1,1,1,1,FALSE,FALSE,FALSE,FALSE,FALSE,TRUE,TRUE,TRUE,TRUE,TRUE
416,ASV994,-0.479692327,0.332317303,0.408423306,0.763563159,-0.170552106,0.29323369,0.343143349,0.359270469,0.143872701,0.133469102,-163.587.044.849.527,0.968450369,113.681.290.666.403,530.721.362.602.152,-127.783.961.910.384,0.177207109,0.387660552,0.319098844,0.006057583,0.270425944,1,1,1,1,1,FALSE,FALSE,FALSE,FALSE,FALSE,TRUE,TRUE,TRUE,FALSE,TRUE
417,ASV995,-0.00573889,-0.826405739,0.250472418,0.320412129,-0.015200215,0.279071484,0.326623734,0.347508479,0.13767693,0.127259804,-0.020564231,-25.301.460.175.521,0.720766351,23.272.753.733.505,-0.11944239,0.984041971,0.03222765,0.489350546,0.044947209,0.907548566,1,1,1,1,1,FALSE,FALSE,FALSE,FALSE,FALSE,TRUE,FALSE,FALSE,TRUE,TRUE
418,ASV1001,NA,NA,NA,NA,NA,NA,NA,NA,NA,NA,NA,NA,NA,NA,NA,1,1,1,1,1,1,1,1,1,1,FALSE,FALSE,FALSE,FALSE,FALSE,TRUE,TRUE,FALSE,FALSE,TRUE
419,ASV1011,-0.34484049,-0.246183279,-0.266170225,0.47213221,0.045143392,0.294601685,0.342242045,0.368105304,0.145946408,0.135550846,-11.705.312.900.535,-0.719325058,-0.723081743,323.496.970.787.017,0.333036592,0.362384552,0.546636436,0.54475842,0.08372978,0.770777762,1,1,1,1,1,FALSE,FALSE,FALSE,FALSE,FALSE,TRUE,TRUE,TRUE,TRUE,TRUE
420,ASV1012,0.054780336,-142.855.946.320.037,-0.082488981,0.03229078,-0.11591485,0.291534076,0.341480695,0.36130949,0.141270515,0.13085912,0.187903714,-418.342.671.240.054,-0.228305604,0.228574097,-0.885798787,0.862943436,0.024891208,0.834085419,0.83389474,0.440966951,1,1,1,1,1,FALSE,FALSE,FALSE,FALSE,FALSE,TRUE,FALSE,TRUE,TRUE,TRUE
421,ASV1013,-105.117.928.910.492,0.204896445,112.048.875.760.787,118.215.065.174.156,-0.496960829,0.287807924,0.337623798,0.357294909,0.137387636,0.126970341,-365.236.395.908.574,0.606877969,313.603.337.379.572,860.449.082.178.149,-391.399.144.788.644,0.021726097,0.576692337,0.034981161,0.001002588,0.017335322,1,1,1,0.638648668,1,FALSE,FALSE,FALSE,FALSE,FALSE,FALSE,TRUE,FALSE,FALSE,FALSE
422,ASV1015,-0.08089972,0.235703527,-0.284308971,-0.290156183,-0.491103049,0.280045695,0.331774085,0.347937943,0.139268038,0.128852654,-0.288880427,0.710433811,-0.817125517,-208.343.700.026.301,-38.113.537.855.851,0.780017127,0.497619583,0.437512415,0.070736225,0.005152698,1,1,1,1,1,FALSE,FALSE,FALSE,FALSE,FALSE,TRUE,FALSE,TRUE,TRUE,FALSE
423,ASV1025,-0.486750348,-0.894889681,-176.399.982.394.018,0.441903699,0.59353078,0.30553118,0.349386421,0.366544184,0.147040752,0.136650005,-15.931.282.305.911,-2.561.317.863.009,-481.251.620.198.328,300.531.446.888.962,434.343.769.143.022,0.252147873,0.124577433,0.040568017,0.095175258,0.049133148,1,1,1,1,1,FALSE,FALSE,FALSE,FALSE,FALSE,TRUE,TRUE,FALSE,TRUE,FALSE
424,ASV1035,NA,NA,NA,NA,NA,NA,NA,NA,NA,NA,NA,NA,NA,NA,NA,1,1,1,1,1,1,1,1,1,1,FALSE,FALSE,FALSE,FALSE,FALSE,TRUE,TRUE,FALSE,FALSE,TRUE
425,ASV1036,0.751158878,-0.076983347,-0.913276471,-213.504.443.039.276,-0.450458424,0.294101588,0.341912782,0.366860557,0.144455888,0.134054397,255.407.964.194.842,-0.225154926,-248.943.761.840.479,-147.799.058.787.295,-336.026.594.040.058,0.125157311,0.842771618,0.130507496,0.004546602,0.078302318,1,1,1,1,1,FALSE,FALSE,FALSE,FALSE,FALSE,TRUE,TRUE,TRUE,TRUE,TRUE
426,ASV1049,-0.834728207,110.978.855.713.352,16.619.267.739.327,-193.111.614.688.769,-0.127738815,0.287553543,0.337687763,0.356871591,0.137214046,0.126796673,-290.286.184.531.106,328.643.403.324.468,465.693.212.300.394,-140.737.497.387.584,-100.743.033.890.933,0.043991563,0.030316859,0.009611549,0.000147922,0.370722775,1,1,1,0.10014349,1,FALSE,FALSE,FALSE,FALSE,FALSE,FALSE,TRUE,FALSE,TRUE,TRUE
427,ASV1050,-125.854.435.296.079,15.341.318.286.047,0.676818414,-0.289421773,-0.142643765,0.287088044,0.340368702,0.354528717,0.142674011,0.132266481,-438.382.712.340.121,450.726.468.121.586,190.906.514.110.694,-202.855.285.982.233,-107.845.739.864.829,0.007128983,0.006356876,0.114523521,0.09829235,0.330085741,1,1,1,1,1,FALSE,FALSE,FALSE,FALSE,FALSE,FALSE,TRUE,TRUE,FALSE,TRUE
428,ASV1054,0.522609293,-298.876.935.507.111,-134.919.460.962.719,0.95122863,0.036560598,0.301597407,0.359758366,0.367696227,0.172312175,0.162095458,173.280.433.269.295,-830.771.328.836.256,-36.693.186.156.623,552.037.967.378.379,0.225549797,0.143671208,0.000412795,0.01445363,0.002671347,0.830480851,1,0.286892662,1,1,1,FALSE,FALSE,FALSE,FALSE,FALSE,TRUE,FALSE,FALSE,FALSE,TRUE
429,ASV1063,0.133886083,-0.822838393,-129.834.444.236.855,-0.45516208,0.546436699,0.289372067,0.339842895,0.359401594,0.13786895,0.127451962,0.462677979,-242.123.170.680.259,-361.251.720.185.062,-330.141.107.245.649,428.739.338.382.674,0.675089775,0.094065099,0.036438923,0.045685095,0.023321779,1,1,1,1,1,FALSE,FALSE,FALSE,FALSE,FALSE,TRUE,TRUE,FALSE,FALSE,FALSE
430,ASV1067,0.481523492,-0.440140823,-0.440164472,-0.552472113,-0.201744876,0.291188251,0.34308805,0.366752027,0.150440941,0.140067348,165.365.014.243.133,-128.288.007.486.389,-1.200.169.159.352,-367.235.214.284.264,-144.034.194.324.272,0.19677049,0.289665929,0.316205349,0.034942769,0.245402258,1,1,1,1,1,FALSE,FALSE,FALSE,FALSE,FALSE,TRUE,TRUE,FALSE,TRUE,TRUE
431,ASV1078,-1.426.902.989.005,108.481.421.712.413,-0.601864532,-0.607177278,21.247.680.955.834,0.290341414,0.33835867,0.363286502,0.144334949,0.133933011,-491.456.926.118.113,320.610.734.215.644,-165.672.142.732.056,-420.672.388.631.391,158.644.092.821.199,0.007960315,0.032709913,0.172916735,0.013621974,9.23E+09,1,1,1,1,0.067261409,FALSE,FALSE,FALSE,FALSE,FALSE,FALSE,FALSE,TRUE,FALSE,TRUE
432,ASV1080,NA,NA,NA,NA,NA,NA,NA,NA,NA,NA,NA,NA,NA,NA,NA,1,1,1,1,1,1,1,1,1,1,FALSE,FALSE,FALSE,FALSE,FALSE,TRUE,TRUE,FALSE,FALSE,TRUE
433,ASV1084,-211.814.278.493.003,0.869332812,161.874.161.943.068,242.443.086.592.648,NA,0.291724839,0.342273939,0.366708836,0.144273265,NA,-726.075.568.170.743,25.398.743.881.273,441.424.220.423.245,168.044.361.769.781,NA,0.005390586,0.08468883,0.021575803,0.00045887,1,1,1,1,0.298724533,1,FALSE,FALSE,FALSE,FALSE,FALSE,FALSE,TRUE,FALSE,FALSE,TRUE
434,ASV1086,0.584941291,-0.936067648,-0.012924987,-0.333003542,-0.266015989,0.285607588,0.335941285,0.354636757,0.142516131,0.132108125,204.805.934.871.511,-278.640.253.362.471,-0.036445706,-233.660.246.289.917,-20.136.232.265.264,0.086474047,0.031727749,0.972109271,0.058113378,0.090698095,1,1,1,1,1,FALSE,FALSE,FALSE,FALSE,FALSE,TRUE,FALSE,FALSE,FALSE,TRUE
435,ASV1091,-184.943.584.486.888,0.909273232,133.257.562.977.806,174.383.071.021.819,-122.496.224.570.551,0.291018245,0.344091627,0.356871591,0.144926987,0.134527288,-635.505.120.039.524,264.253.228.288.454,373.404.794.602.399,120.324.774.921.798,-91.056.786.202.998,0.003141828,0.057428115,0.02022549,0.000273523,0.000806798,1,1,1,0.18216606,0.582508499,FALSE,FALSE,FALSE,FALSE,FALSE,TRUE,FALSE,FALSE,FALSE,FALSE
436,ASV1099,NA,NA,NA,NA,NA,NA,NA,NA,NA,NA,NA,NA,NA,NA,NA,1,1,1,1,1,1,1,1,1,1,FALSE,FALSE,FALSE,FALSE,FALSE,TRUE,TRUE,TRUE,FALSE,TRUE
437,ASV1108,-0.268309212,-12.622.557.706.271,-0.388592543,-0.097915545,0.481254055,0.292561159,0.345076512,0.36477015,0.148122442,0.137736809,-0.917104694,-36.579.011.486.007,-106.530.795.614.428,-0.66104463,349.401.192.823.982,0.401160171,0.014626944,0.335453383,0.53782208,0.017395548,1,1,1,1,1,FALSE,FALSE,FALSE,FALSE,FALSE,TRUE,TRUE,FALSE,TRUE,FALSE
438,ASV1110,0.317503549,-0.377157941,0.333835289,-162.207.365.002.551,0.033594509,0.287887542,0.33945827,0.358677944,0.141575798,0.131165172,110.287.352.761.799,-111.105.833.854.899,0.930738269,-114.572.806.745.541,0.256123696,0.331972242,0.32882502,0.404675326,0.000331196,0.810488044,1,1,1,0.219251531,1,FALSE,FALSE,FALSE,FALSE,FALSE,TRUE,TRUE,FALSE,TRUE,TRUE
439,ASV1112,0.714068429,-157.694.785.496.282,-103.466.820.973.642,0.202564237,0.349126099,0.291338596,0.341873893,0.361757246,0.138190603,0.127773891,245.099.152.023.822,-461.265.948.127.406,-286.011.744.370.453,146.583.221.505.366,273.237.432.815.541,0.133841948,0.043926311,0.103595186,0.280335423,0.111903946,1,1,1,1,1,FALSE,FALSE,FALSE,FALSE,FALSE,TRUE,FALSE,TRUE,FALSE,TRUE
440,ASV1116,110.764.945.805.072,-231.884.084.216.335,-0.580660612,NA,NA,0.293197061,0.344743682,0.373308084,NA,NA,37.778.327.422.745,-672.627.510.137.757,-155.544.612.096.385,NA,NA,0.032491465,0.006708505,0.217688457,1,1,1,1,1,1,1,FALSE,FALSE,FALSE,FALSE,FALSE,FALSE,FALSE,TRUE,TRUE,TRUE
441,ASV1127,-0.007961007,-108.512.798.709.568,-108.268.226.360.931,0.033799558,-0.032995761,0.306152362,0.358450505,0.365850198,0.164778373,0.154501771,-0.026003414,-30.272.742.627.464,-295.935.951.041.285,0.205121326,-0.213562346,0.980097899,0.023179056,0.025303941,0.8442592,0.837960409,1,1,1,1,1,FALSE,FALSE,FALSE,FALSE,FALSE,TRUE,FALSE,FALSE,TRUE,TRUE
442,ASV1136,-0.841403381,-0.611995727,-0.703064524,241.592.734.102.039,-14.826.731.189.292,0.295131952,0.346567864,0.366236142,0.139438793,0.129023674,-285.093.964.198.907,-176.587.557.830.502,-191.970.273.655.907,173.260.775.736.416,-114.914.812.030.837,1,1,1,1,1,1,1,1,1,1,FALSE,FALSE,FALSE,FALSE,FALSE,TRUE,TRUE,TRUE,TRUE,TRUE
443,ASV1138,-0.621143672,-0.31452789,108.685.540.262.106,0.750334211,-0.336925703,0.291248221,0.341873775,0.361710889,0.138132451,0.127715685,-213.269.516.136.687,-0.920011751,300.476.274.433.257,543.199.087.176.306,-263.809.182.450.237,0.166584525,0.454689626,0.095205379,0.032259805,0.118652187,1,1,1,1,1,FALSE,FALSE,FALSE,FALSE,FALSE,TRUE,TRUE,FALSE,FALSE,TRUE
444,ASV1139,0.601967724,-220.568.292.321.527,-0.835595197,0.822474063,0.04154721,0.290614112,0.347762938,0.355466886,0.151171646,0.140802125,207.136.439.285.712,-634.248.990.334.438,-235.069.771.529.862,544.066.356.014.121,0.295075164,0.09307802,0.001438044,0.06550334,0.002847296,0.779796265,1,0.962051664,1,1,1,FALSE,FALSE,FALSE,FALSE,FALSE,TRUE,FALSE,TRUE,FALSE,TRUE
445,ASV1147,-0.452083599,-0.895507992,100.526.129.603.003,NA,-0.191017982,0.28908103,0.338142727,0.359344831,NA,0.129153971,-156.386.463.133.302,-264.831.362.860.912,279.748.366.475.159,NA,-147.899.425.676.012,0.178616394,0.04551864,0.038106619,1,0.199203515,1,1,1,1,1,FALSE,FALSE,FALSE,FALSE,FALSE,TRUE,FALSE,FALSE,FALSE,TRUE
446,ASV1148,NA,NA,NA,NA,NA,NA,NA,NA,NA,NA,NA,NA,NA,NA,NA,1,1,1,1,1,1,1,1,1,1,FALSE,FALSE,FALSE,FALSE,FALSE,TRUE,TRUE,TRUE,FALSE,TRUE
447,ASV1150,-0.813552542,0.698518503,0.909819706,0.588329698,0.370748136,0.29115504,0.339500965,0.36272903,0.141557797,0.131147125,-279.422.448.941.834,205.748.606.402.286,25.082.627.271.562,415.610.944.449.508,282.696.349.646.805,0.068179053,0.131813367,0.087070592,0.025326053,0.06635569,1,1,1,1,1,FALSE,FALSE,FALSE,FALSE,FALSE,TRUE,TRUE,FALSE,TRUE,TRUE
448,ASV1151,0.363899545,-113.324.445.764.983,-102.677.729.644.672,NA,-0.256964867,0.29265137,0.343057575,0.362783508,NA,0.129056862,124.345.751.393.861,-330.336.521.244.293,-283.027.556.329.311,NA,-199.109.805.518.573,0.302016293,0.045618236,0.066174631,1,0.140534039,1,1,1,1,1,FALSE,FALSE,FALSE,FALSE,FALSE,TRUE,FALSE,TRUE,TRUE,TRUE
449,ASV1152,-0.465443829,-0.520546549,-0.359325576,119.902.373.914.209,-0.352854391,0.285423774,0.334257886,0.353808378,0.137597168,0.12717999,-16.307.114.978.842,-15.573.201.754.556,-101.559.374.586.547,871.401.467.823.597,-277.444.895.179.944,0.154072786,0.170402305,0.349012613,0.000126245,0.032232441,1,1,1,0.086225097,1,FALSE,FALSE,FALSE,FALSE,FALSE,TRUE,TRUE,TRUE,FALSE,FALSE
450,ASV1155,-0.352152596,-0.090691769,-0.207557632,-0.03605444,0.783170982,0.289900812,0.340663023,0.360382181,0.140087586,0.129673605,-121.473.476.983.714,-0.266221349,-0.575937555,-0.257370701,603.955.586.327.508,0.311356312,0.807317445,0.605022895,0.813536188,0.009102731,1,1,1,1,1,FALSE,FALSE,FALSE,FALSE,FALSE,TRUE,TRUE,TRUE,FALSE,FALSE
451,ASV1160,-0.090825584,-0.758141619,-0.699044713,0.073245141,0.059264243,0.307937568,0.360513371,0.375509304,0.164217703,0.153936809,-0.294948045,-210.295.007.395.932,-1.861.590.926.045,0.446024634,0.384990718,0.782708687,0.103308734,0.13614947,0.678658403,0.719839327,1,1,1,1,1,FALSE,FALSE,FALSE,FALSE,FALSE,TRUE,TRUE,TRUE,TRUE,TRUE
452,ASV1162,0.369603514,-0.838377257,-0.146999146,-0.800699624,0.233487885,0.28909234,0.353290747,0.365044475,0.178020616,0.167851099,127.849.639.304.089,-237.305.183.683.369,-0.402688318,-449.779.156.923.433,139.104.173.682.666,0.23691563,0.045031398,0.697723755,0.002007947,0.201678486,1,1,1,1,1,FALSE,FALSE,FALSE,FALSE,FALSE,TRUE,FALSE,FALSE,TRUE,TRUE
453,ASV1163,-0.578537806,-0.332318501,0.567946094,122.275.011.611.676,-0.022774825,0.28599165,0.335155171,0.356346348,0.138064629,0.127647803,-202.291.851.948.687,-0.99153625,159.380.360.612.308,885.636.039.556.666,-0.178419246,0.099001075,0.366951849,0.171861565,0.000305113,0.865397602,1,1,1,0.20228964,1,FALSE,FALSE,FALSE,FALSE,FALSE,TRUE,TRUE,TRUE,TRUE,TRUE
454,ASV1172,-121.925.582.840.843,0.67717956,0.440131972,0.178520956,0.444794198,0.283383333,0.343215393,0.352725011,0.153022733,0.142664063,-43.024.966.012.711,197.304.542.050.655,124.780.482.821.757,116.663.029.158.742,311.777.323.406.548,0.003555687,0.089090418,0.252223852,0.281561978,0.016896286,1,1,1,1,1,FALSE,FALSE,FALSE,FALSE,FALSE,FALSE,FALSE,TRUE,TRUE,FALSE
455,ASV1177,0.709358707,-0.836353449,-0.520815309,0.711976029,-0.055708358,0.287374944,0.345069228,0.356871591,0.146071464,0.135676433,246.840.833.828.506,-242.372.655.307.119,-145.939.134.190.636,4.874.162.349.798,-0.410597158,0.069064675,0.072470482,0.218226492,0.008195036,0.702410182,1,1,1,1,1,FALSE,FALSE,FALSE,FALSE,FALSE,TRUE,FALSE,TRUE,TRUE,TRUE
456,ASV1189,-201.861.235.590.545,178.747.520.650.241,179.831.465.287.258,0.100660334,0.602163863,0.283869096,0.338257733,0.352746147,0.143016521,0.132610058,-711.106.767.824.358,528.435.873.658.713,509.804.193.733.358,0.703837102,454.086.117.906.233,0.000388766,0.001857442,0.002225679,0.507915089,0.003929662,0.2806888,1,1,1,1,FALSE,FALSE,FALSE,FALSE,FALSE,FALSE,FALSE,TRUE,FALSE,FALSE
457,ASV1190,-0.665416308,0.86033823,0.98710862,-0.037272137,-0.047251326,0.283793687,0.332314043,0.353304444,0.136520838,0.126103328,-234.471.849.625.462,258.893.131.004.947,279.393.207.981.468,-0.273014269,-0.374703247,0.057471906,0.041271121,0.031414205,0.793995848,0.720767963,1,1,1,1,1,FALSE,FALSE,FALSE,FALSE,FALSE,TRUE,FALSE,TRUE,FALSE,TRUE
458,ASV1197,0.862124026,-124.394.144.753.845,-0.646641983,-0.318517256,-0.419902138,0.286749872,0.335977778,0.35410534,0.146562262,0.136169363,300.653.674.010.528,-370.245.155.481.875,-18.261.288.649.913,-217.325.559.707.064,-308.367.556.573.367,0.01975863,0.007630302,0.110570994,0.066297591,0.017723653,1,1,1,1,1,FALSE,FALSE,FALSE,FALSE,FALSE,FALSE,FALSE,FALSE,TRUE,FALSE
459,ASV1200,-0.272505076,-338.140.435.055.775,-160.133.306.668.732,0.483978608,224.224.523.292.021,0.307422522,0.363138308,0.362923694,0.167780707,0.157527525,-0.886418712,-931.161.565.491.339,-44.123.133.723.811,288.459.035.109.698,142.339.900.933.296,0.415984532,0.000240412,0.006941568,0.03440324,3.08E+09,1,0.169250224,1,1,0.022598421,FALSE,FALSE,FALSE,FALSE,TRUE,TRUE,FALSE,FALSE,FALSE,FALSE
460,ASV1205,0.788758942,-0.955524886,-0.792050244,-0.267063014,-0.18169939,0.291270191,0.341873775,0.36169936,0.138117985,0.127701205,270.799.747.556.591,-279.496.398.140.091,-218.980.272.620.283,-193.358.608.867.246,-142.284.788.581.107,0.113595815,0.10771961,0.159954673,0.192849231,0.290744492,1,1,1,1,1,FALSE,FALSE,FALSE,FALSE,FALSE,TRUE,TRUE,FALSE,FALSE,TRUE
461,ASV1212,-0.414249208,0.528100667,0.807653948,-0.791438031,-0.03786546,0.284081566,0.33073341,0.352143732,0.137317344,0.126900016,-145.820.516.794.001,159.675.633.105.421,229.353.492.800.681,-576.356.930.766.686,-0.298388144,0.188142704,0.154351192,0.055517527,0.000688752,0.774069645,1,1,1,0.444245165,1,FALSE,FALSE,FALSE,FALSE,FALSE,TRUE,TRUE,FALSE,TRUE,TRUE
462,ASV1214,-0.802399643,0.528172786,-0.297569808,0.291178116,0.291268004,0.286495291,0.338101877,0.355503782,0.141134657,0.130722933,-280.074.287.390.017,156.217.052.072.768,-0.837036967,206.312.271.006.519,222.813.241.504.861,0.037960336,0.179006306,0.440731494,0.094058777,0.07634394,1,1,1,1,1,FALSE,FALSE,FALSE,FALSE,FALSE,FALSE,FALSE,TRUE,TRUE,TRUE
463,ASV1215,0.051146369,-0.137589533,-0.659809503,0.651228118,0.613214047,0.287473421,0.337260384,0.35666475,0.141522045,0.131111281,0.17791686,-0.407962333,-184.994.312.843.605,460.160.195.775.258,467.705.023.543.001,0.865771847,0.700183319,0.123557759,0.005831838,0.005447984,1,1,1,1,1,FALSE,FALSE,FALSE,FALSE,FALSE,TRUE,TRUE,FALSE,TRUE,FALSE
464,ASV1220,0.594349383,-0.855999179,-0.327371237,-0.693763736,-0.318099505,0.283880413,0.332440585,0.353314036,0.136532737,0.126115226,209.366.111.446.629,-257.489.373.272.524,-0.926572975,-508.129.957.406.466,-252.229.262.795.131,0.08118618,0.042057232,0.389897496,0.002262644,0.045147074,1,1,1,1,1,FALSE,FALSE,FALSE,FALSE,FALSE,TRUE,FALSE,FALSE,FALSE,FALSE
465,ASV1227,-0.80633818,-0.343512356,-12.669.864.626.167,0.422805091,119.622.006.442.822,0.289900399,0.341040654,0.359938046,0.13955876,0.129143835,-278.143.177.386.298,-100.724.752.893.481,-352.001.261.310.464,302.958.475.822.963,92.626.958.342.358,0.068908455,0.388016236,0.03891691,0.056329519,0.002662745,1,1,1,1,1,FALSE,FALSE,FALSE,FALSE,FALSE,TRUE,TRUE,FALSE,TRUE,FALSE
466,ASV1229,-0.480146033,-0.983807873,-0.412392778,NA,0.771936383,0.291428453,0.346512753,0.36293431,NA,0.133232569,-164.756.058.839.113,-283.916.786.781.677,-113.627.388.353.401,NA,579.390.153.612.739,0.197999919,0.065691559,0.338397683,1,0.010229134,1,1,1,1,1,FALSE,FALSE,FALSE,FALSE,FALSE,TRUE,TRUE,TRUE,TRUE,TRUE
467,ASV1238,NA,NA,NA,NA,NA,NA,NA,NA,NA,NA,NA,NA,NA,NA,NA,1,1,1,1,1,1,1,1,1,1,FALSE,FALSE,FALSE,FALSE,FALSE,TRUE,TRUE,FALSE,FALSE,TRUE
468,ASV1239,0.188479238,0.21376112,-109.215.745.343.042,0.242186916,0.359425477,0.289301848,0.334440197,0.368107329,0.158479889,0.148156948,0.651496833,0.639160966,-296.695.384.002.845,152.818.705.855.733,242.597.786.417.748,0.532990389,0.540583088,0.017954473,0.164988157,0.041461592,1,1,1,1,1,FALSE,FALSE,FALSE,FALSE,FALSE,TRUE,TRUE,FALSE,TRUE,FALSE
469,ASV1241,-0.531854161,0.142615973,200.494.915.036.978,-0.6766247,0.258830111,0.286881247,0.337428503,0.355761448,0.139097905,0.128682271,-185.391.748.970.069,0.422655382,563.565.603.848.392,-486.437.737.615.243,201.138.905.595.613,0.122928088,0.690107378,0.002438959,0.004615468,0.100468047,1,1,1,1,1,FALSE,FALSE,FALSE,FALSE,FALSE,TRUE,TRUE,FALSE,TRUE,TRUE
470,ASV1243,-0.158065649,-0.916144601,-0.846020257,NA,0.043548784,0.290086276,0.34020882,0.360677846,NA,0.128620713,-0.544891852,-269.288.903.205.962,-234.563.965.146.831,NA,0.33858298,0.614784591,0.054494501,0.07889034,1,0.751950482,1,1,1,1,1,FALSE,FALSE,FALSE,FALSE,FALSE,TRUE,FALSE,TRUE,TRUE,TRUE
471,ASV1246,-0.171860419,-0.699758921,-188.082.310.219.224,NA,0.011791378,0.296490181,0.347454034,0.367113448,NA,0.134359481,-0.579649614,-201.396.113.504.636,-512.327.487.365.973,NA,0.087759923,0.602813284,0.137455899,0.014396368,1,0.935597384,1,1,1,1,1,FALSE,FALSE,FALSE,FALSE,FALSE,TRUE,FALSE,FALSE,TRUE,TRUE
472,ASV1251,NA,NA,NA,NA,NA,NA,NA,NA,NA,NA,NA,NA,NA,NA,NA,1,1,1,1,1,1,1,1,1,1,FALSE,FALSE,FALSE,FALSE,FALSE,TRUE,TRUE,TRUE,FALSE,TRUE
473,ASV1265,-0.194682051,-0.027559539,-0.573555466,136.332.806.953.953,0.303773495,0.291287727,0.344306502,0.361588583,0.140972929,0.130560824,-0.66834965,-0.08004362,-158.621.010.791.392,967.085.013.397.661,232.668.182.303.879,0.57271845,0.943491054,0.253584343,0.010523801,0.145470883,1,1,1,1,1,FALSE,FALSE,FALSE,FALSE,FALSE,TRUE,TRUE,TRUE,TRUE,TRUE
474,ASV1266,0.243693911,-113.444.139.299.344,0.279677017,-0.844798401,-0.474325604,0.287545914,0.334836346,0.360371549,0.142958278,0.132551629,0.847495647,-33.880.473.458.943,0.776079624,-590.940.527.528.169,-357.842.152.670.806,0.435398434,0.019502672,0.472796051,0.001976,0.015901377,1,1,1,1,1,FALSE,FALSE,FALSE,FALSE,FALSE,FALSE,FALSE,FALSE,TRUE,TRUE
475,ASV1268,23.854.669.634.942,-225.699.453.935.038,-310.352.939.961.761,162.103.999.795.488,-0.520866703,0.293218623,0.344229282,0.36400146,0.138812659,0.128396639,813.545.518.173.962,-655.666.051.796.011,-852.614.548.187,116.778.974.821.267,-405.670.043.499.298,0.077861936,0.096352607,0.074327198,0.054382265,0.153862893,1,1,1,1,1,FALSE,FALSE,FALSE,FALSE,FALSE,TRUE,TRUE,TRUE,TRUE,TRUE
476,ASV1275,146.616.966.445.824,-188.858.422.882.348,-219.659.900.425.011,0.450532907,0.562937768,0.28941129,0.342566353,0.36374964,0.164107451,0.153825715,506.604.170.966.093,-551.304.648.501.972,-603.876.611.949.864,274.535.315.288.777,36.595.816.753.095,0.001453506,0.000894106,0.000521742,0.02869567,0.00807479,1,0.607992184,0.377219384,1,1,FALSE,FALSE,FALSE,FALSE,FALSE,FALSE,FALSE,TRUE,TRUE,FALSE
477,ASV1282,-0.953883629,135.291.152.409.646,-0.182939187,0.975203422,-0.201716184,0.287271026,0.34136674,0.354485976,0.143802437,0.133398592,-332.050.065.703.951,396.322.009.417.588,-0.516068898,678.155.004.866.083,-15.121.312.818.006,0.020996717,0.010708363,0.627808993,0.00106036,0.190905228,1,1,1,0.672268011,1,FALSE,FALSE,FALSE,FALSE,FALSE,FALSE,TRUE,TRUE,TRUE,TRUE
478,ASV1288,-0.282675321,-0.448791538,0.271860551,NA,0.139061117,0.295422971,0.346812162,0.366477998,NA,0.129327847,-0.956849495,-129.404.786.677.089,0.741819568,NA,107.526.043.081.717,0.514035833,0.418841503,0.593680586,1,0.476922756,1,1,1,1,1,FALSE,FALSE,FALSE,FALSE,FALSE,TRUE,TRUE,TRUE,TRUE,TRUE
479,ASV1290,0.424034125,-188.793.146.862.678,-0.740774176,-0.882319928,0.444355783,0.292048281,0.343074715,0.36203434,0.14161709,0.131206572,145.193.158.959.002,-550.297.467.863.413,-204.614.340.557.689,-623.032.096.517.121,33.866.884.500.719,0.242444207,0.011811808,0.133256965,0.008337957,0.042879349,1,1,1,1,1,FALSE,FALSE,FALSE,FALSE,FALSE,TRUE,FALSE,TRUE,FALSE,FALSE
480,ASV1291,-0.156667163,-107.169.812.230.814,0.192263145,0.153592887,-0.461668533,0.292371093,0.341258533,0.361308653,0.141961879,0.131552284,-0.535850385,-314.042.879.034.289,0.532129921,108.193.050.042.546,-350.939.199.409.122,0.620470498,0.03483335,0.622819558,0.34015007,0.024685474,1,1,1,1,1,FALSE,FALSE,FALSE,FALSE,FALSE,TRUE,FALSE,TRUE,TRUE,FALSE
481,ASV1299,0.859540062,-0.802179702,-0.60506893,-0.340292767,-0.662297116,0.299385939,0.34977054,0.369406674,0.153043109,0.142684562,287.101.012.181.274,-229.344.558.737.006,-163.794.801.902.265,-222.350.924.506.653,-464.168.726.871.085,0.06399742,0.105621643,0.199958272,0.112674565,0.018847351,1,1,1,1,1,FALSE,FALSE,FALSE,FALSE,FALSE,TRUE,TRUE,TRUE,TRUE,FALSE
482,ASV1311,-0.705540606,0.657718801,0.813065438,0.546422493,-0.246389654,0.287309538,0.337114484,0.358164389,0.138116531,0.127699751,-245.568.111.049.318,195.102.504.610.493,22.700.901.141.723,395.624.252.336.188,-192.944.506.862.122,0.070015882,0.122812608,0.08571911,0.016730221,0.125895723,1,1,1,1,1,FALSE,FALSE,FALSE,FALSE,FALSE,TRUE,TRUE,FALSE,TRUE,TRUE
483,ASV1315,NA,NA,NA,NA,NA,NA,NA,NA,NA,NA,NA,NA,NA,NA,NA,1,1,1,1,1,1,1,1,1,1,FALSE,FALSE,FALSE,FALSE,FALSE,TRUE,TRUE,FALSE,FALSE,TRUE
484,ASV1319,NA,NA,NA,NA,NA,NA,NA,NA,NA,NA,NA,NA,NA,NA,NA,1,1,1,1,1,1,1,1,1,1,FALSE,FALSE,FALSE,FALSE,FALSE,TRUE,TRUE,FALSE,FALSE,TRUE
485,ASV1322,168.210.209.529.414,-228.961.793.438.685,-220.632.990.668.407,NA,0.331710652,0.295190041,0.346567864,0.366344738,NA,0.129160325,56.983.700.803.376,-660.655.004.057.946,-60.225.511.009.749,NA,256.820.856.479.847,0.110593511,0.095635936,0.104750314,1,0.236386314,1,1,1,1,1,FALSE,FALSE,FALSE,FALSE,FALSE,TRUE,TRUE,TRUE,FALSE,TRUE
486,ASV1329,-0.544001288,0.559027763,0.598004885,-0.134117444,-0.307483737,0.288313712,0.339487588,0.353699023,0.144186505,0.133784024,-188.683.807.079.257,164.668.100.776.395,169.071.681.377.215,-0.930166417,-229.835.915.855.934,0.108125075,0.150723117,0.141845561,0.388177937,0.061238061,1,1,1,1,1,FALSE,FALSE,FALSE,FALSE,FALSE,TRUE,TRUE,TRUE,FALSE,FALSE
487,ASV1331,-0.150325461,-0.465922885,0.497305303,-0.542109462,NA,0.301021645,0.34774157,0.367398102,0.143016518,NA,-0.499384227,-133.985.385.953.989,135.358.702.005.626,-379.053.742.730.817,NA,0.667031644,0.312235715,0.308547707,0.063083963,1,1,1,1,1,1,FALSE,FALSE,FALSE,FALSE,FALSE,TRUE,TRUE,TRUE,TRUE,TRUE
488,ASV1348,0.257408736,-0.89867342,-0.560665592,-0.845287663,0.534142162,0.298443358,0.345401173,0.365081085,0.144194539,0.133792088,0.862504487,-260.182.504.111.006,-153.572.895.100.443,-586.213.367.333.126,399.232.996.554.287,0.479313742,0.121400741,0.264389585,0.027888137,0.057392345,1,1,1,1,1,FALSE,FALSE,FALSE,FALSE,FALSE,TRUE,TRUE,TRUE,TRUE,TRUE
489,ASV1350,0.093106818,-0.331867072,-0.795654026,0.518529049,-0.100215522,0.291370087,0.342938386,0.360707743,0.143214749,0.132808923,0.319548309,-0.967716319,-220.581.354.825.517,362.064.000.207.575,-0.754584254,0.770270457,0.404568025,0.114548238,0.036231075,0.505329451,1,1,1,1,1,FALSE,FALSE,FALSE,FALSE,FALSE,TRUE,TRUE,TRUE,FALSE,TRUE
490,ASV1351,NA,NA,NA,NA,NA,NA,NA,NA,NA,NA,NA,NA,NA,NA,NA,1,1,1,1,1,1,1,1,1,1,FALSE,FALSE,FALSE,FALSE,FALSE,TRUE,TRUE,FALSE,FALSE,TRUE
491,ASV1357,115.982.687.392.387,-193.424.358.518.727,-176.883.488.725.307,107.884.283.789.181,-0.10409352,0.29131381,0.341997636,0.364203455,0.141375709,0.130964575,398.136.591.306.844,-565.572.209.819.606,-485.672.188.008.092,763.103.396.431.112,-0.794821962,0.057682017,0.029868924,0.039876263,0.016742438,0.510054011,1,1,1,1,1,FALSE,FALSE,FALSE,FALSE,FALSE,TRUE,FALSE,FALSE,FALSE,TRUE
492,ASV1368,NA,NA,NA,NA,NA,NA,NA,NA,NA,NA,NA,NA,NA,NA,NA,1,1,1,1,1,1,1,1,1,1,FALSE,FALSE,FALSE,FALSE,FALSE,TRUE,TRUE,FALSE,FALSE,TRUE
493,ASV1370,0.702877071,-0.674527866,-0.718560529,NA,-0.236962666,0.288012548,0.338791386,0.357697526,NA,0.129169979,244.043.905.613.166,-199.098.292.807.091,-200.884.959.332.857,NA,-183.450.263.413.358,0.058622015,0.10312041,0.100794204,1,0.126035571,1,1,1,1,1,FALSE,FALSE,FALSE,FALSE,FALSE,TRUE,FALSE,TRUE,FALSE,TRUE
494,ASV1375,-109.153.191.358.134,102.859.132.016.998,0.661794591,0.256567281,-0.524868948,0.289799375,0.341417629,0.360186703,0.140763319,0.130350737,-376.650.885.616.809,301.270.711.565.962,183.736.541.338.584,182.268.564.236.126,-402.658.979.268.612,0.032743846,0.05708876,0.16346599,0.165875379,0.027526559,1,1,1,1,1,FALSE,FALSE,FALSE,FALSE,FALSE,TRUE,TRUE,TRUE,TRUE,FALSE
495,ASV1376,-202.244.263.712.304,180.073.446.036.529,224.075.836.843.377,NA,0.868424946,0.29542648,0.347123901,0.366236142,NA,0.129715128,-684.584.074.995.216,518.758.418.486.748,611.834.309.022.851,NA,669.486.248.511.639,0.092340577,0.12123284,0.103139056,1,0.094392924,1,1,1,1,1,FALSE,FALSE,FALSE,FALSE,FALSE,TRUE,TRUE,TRUE,TRUE,TRUE
496,ASV1378,0.261345015,-0.409991712,-0.222685618,-0.086179161,-0.035168778,0.288422187,0.339641532,0.35843228,0.14149909,0.131088267,0.906119663,-120.713.067.470.043,-0.621276684,-0.609043927,-0.268283185,0.416119285,0.293881738,0.568071104,0.575389911,0.801748858,1,1,1,1,1,FALSE,FALSE,FALSE,FALSE,FALSE,TRUE,TRUE,FALSE,FALSE,TRUE
497,ASV1380,0.752412369,-166.666.439.329.437,-131.483.781.968.154,-0.179840678,-0.390879837,0.289703512,0.339852627,0.359587223,0.137682108,0.127264985,259.718.069.817.658,-490.407.977.210.276,-365.651.985.773.384,-130.620.224.127.179,-30.713.855.525.969,0.080571927,0.016230402,0.035330889,0.282608412,0.054503029,1,1,1,1,1,FALSE,FALSE,FALSE,FALSE,FALSE,TRUE,FALSE,FALSE,TRUE,TRUE
498,ASV1385,0.091667457,-0.498943313,-0.474898928,0.193139265,0.069690347,0.291476865,0.342310863,0.361609929,0.138521474,0.128105105,0.314493081,-145.757.370.773.851,-131.329.062.029.399,13.942.911.513.407,0.544009136,0.7829226,0.282298655,0.319523216,0.297926816,0.640974443,1,1,1,1,1,FALSE,FALSE,FALSE,FALSE,FALSE,TRUE,TRUE,TRUE,TRUE,TRUE
499,ASV1389,NA,NA,NA,NA,NA,NA,NA,NA,NA,NA,NA,NA,NA,NA,NA,1,1,1,1,1,1,1,1,1,1,FALSE,FALSE,FALSE,FALSE,FALSE,TRUE,TRUE,FALSE,FALSE,TRUE
500,ASV1395,-104.171.757.793.947,0.956054458,-0.140625583,NA,0.716469586,0.293410015,0.346036964,0.361588583,NA,0.132660057,-355.038.180.071.834,276.286.800.753.923,-0.388910462,NA,540.079.359.148.061,0.038080322,0.069984255,0.723303007,1,0.012443286,1,1,1,1,1,FALSE,FALSE,FALSE,FALSE,FALSE,FALSE,TRUE,TRUE,FALSE,FALSE
501,ASV1398,-0.94368093,0.160958308,116.847.463.778.081,0.508268451,-0.103823033,0.291606425,0.343033176,0.361240478,0.14156697,0.131156322,-323.614.588.114.749,0.46922082,323.461.712.482.093,359.030.395.712.197,-0.791597629,0.047991166,0.670907369,0.048046928,0.037015151,0.486410021,1,1,1,1,1,FALSE,FALSE,FALSE,FALSE,FALSE,FALSE,TRUE,FALSE,FALSE,TRUE
502,ASV1405,-0.440935199,-0.016155881,-0.773215087,0.043457668,0.335114696,0.293871225,0.34479535,0.364481286,0.139413852,0.128998693,-150.043.679.734.973,-0.046856435,-212.141.231.034.599,0.311717001,259.781.466.228.519,0.37424854,0.970192069,0.280427153,0.80763173,0.233929536,1,1,1,1,1,FALSE,FALSE,FALSE,FALSE,FALSE,TRUE,TRUE,TRUE,TRUE,TRUE
503,ASV1407,0.404045415,-0.610250702,-105.516.136.010.233,-0.908114331,0.580398237,0.291327903,0.341873775,0.36342224,0.14026371,0.129850073,138.690.942.499.585,-178.501.759.236.398,-290.340.338.242.672,-647.433.557.986.964,446.975.670.670.862,0.299819053,0.216183875,0.100977825,0.023035533,0.046583559,1,1,1,1,1,FALSE,FALSE,FALSE,FALSE,FALSE,TRUE,TRUE,TRUE,FALSE,FALSE
504,ASV1408,0.484385168,-0.281047187,-0.421928435,-0.285298553,-0.468871952,0.289569758,0.338259623,0.359216956,0.140105231,0.129691284,167.277.539.743.071,-0.830862355,-117.457.828.131.152,-203.631.620.818.231,-361.529.269.955.092,0.169687453,0.452768163,0.305315377,0.111409278,0.022450803,1,1,1,1,1,FALSE,FALSE,FALSE,FALSE,FALSE,TRUE,TRUE,TRUE,FALSE,FALSE
505,ASV1414,0.416548961,-0.803421398,-0.810033117,-0.124265711,0.316331974,0.294323008,0.347662166,0.361588583,0.145007038,0.13460765,141.527.827.994.268,-231.092.559.523.571,-224.020.656.201.443,-0.856963312,235.002.968.500.622,0.29262719,0.147043709,0.154399705,0.481758355,0.143182708,1,1,1,1,1,FALSE,FALSE,FALSE,FALSE,FALSE,TRUE,TRUE,TRUE,TRUE,TRUE
506,ASV1415,-0.815822184,0.071127375,0.401023668,0.680716456,0.031069649,0.289319974,0.349192251,0.35937797,0.15081501,0.140443486,-281.979.212.296.379,0.203691161,111.588.272.567.949,451.358.558.126.608,0.221225274,0.047838229,0.8485379,0.326982707,0.010710664,0.835751296,1,1,1,1,1,FALSE,FALSE,FALSE,FALSE,FALSE,FALSE,TRUE,TRUE,FALSE,TRUE
507,ASV1422,0.952579244,-0.431818516,-103.695.651.641.859,-225.385.501.908.309,-0.089020965,0.28543774,0.334934096,0.3562307,0.13820424,0.127787542,333.725.751.700.681,-128.926.413.172.807,-291.091.283.481.604,-163.081.466.375.587,-0.696632579,0.020614332,0.253724761,0.033364267,1.58E+07,0.517082755,1,1,1,0.011114693,1,FALSE,FALSE,FALSE,TRUE,FALSE,FALSE,TRUE,FALSE,TRUE,TRUE
508,ASV1423,0.609850163,-0.750358369,-0.628903747,NA,0.093228665,0.290329074,0.337640307,0.36279963,NA,0.133966587,210.054.802.763.174,-222.236.016.628.728,-173.347.405.575.048,NA,0.695909828,0.089690855,0.076899749,0.143547247,1,0.517498456,1,1,1,1,1,FALSE,FALSE,FALSE,FALSE,FALSE,TRUE,TRUE,FALSE,FALSE,FALSE
509,ASV1432,0.154433048,-0.998067625,-0.244123558,NA,0.014294955,0.292511787,0.342168202,0.364020589,NA,0.130589554,0.527954958,-291.689.181.094.542,-0.670631181,NA,0.10946477,0.634090127,0.06165115,0.550466938,1,0.919745381,1,1,1,1,1,FALSE,FALSE,FALSE,FALSE,FALSE,TRUE,TRUE,TRUE,FALSE,TRUE
510,ASV1433,NA,NA,NA,NA,NA,NA,NA,NA,NA,NA,NA,NA,NA,NA,NA,1,1,1,1,1,1,1,1,1,1,FALSE,FALSE,FALSE,FALSE,FALSE,TRUE,TRUE,FALSE,FALSE,TRUE
511,ASV1441,-0.449034149,-0.345855213,0.69533646,0.013542574,-0.068659852,0.289582746,0.339696528,0.35965424,0.137882616,0.127465638,-155.062.466.548.123,-101.812.996.357.795,193.334.704.209.856,0.098218142,-0.538653814,0.218777558,0.383573289,0.14867759,0.927953666,0.627528486,1,1,1,1,1,FALSE,FALSE,FALSE,FALSE,FALSE,TRUE,TRUE,FALSE,FALSE,TRUE
512,ASV1445,0.752560741,-0.234797782,-0.504206965,-10.617.754.563.811,-0.456425038,0.287399434,0.337306805,0.357766423,0.137747358,0.12733028,26.185.185.184.239,-0.696095598,-140.931.885.376.175,-770.813.663.357.707,-358.457.578.290.245,0.058890847,0.524697064,0.23153566,0.001524509,0.023073213,1,1,1,0.957391443,1,FALSE,FALSE,FALSE,FALSE,FALSE,TRUE,TRUE,TRUE,FALSE,FALSE
513,ASV1447,0.107406835,-0.760385514,0.441801544,-0.085578538,-0.304704739,0.287904621,0.337530255,0.359184113,0.139878097,0.129463726,0.373063947,-225.279.216.777.705,123.001.415.473.082,-0.611807999,-235.359.161.226.185,0.728029084,0.087374606,0.286086748,0.573730683,0.078207976,1,1,1,1,1,FALSE,FALSE,FALSE,FALSE,FALSE,TRUE,TRUE,FALSE,FALSE,TRUE
514,ASV1451,179.122.682.211.562,-103.445.777.558.375,-211.901.471.754.874,-110.431.771.515.521,-0.908282388,0.293197061,0.346276597,0.363920835,0.141236023,0.130824544,610.929.323.193.769,-298.737.421.385.132,-582.273.536.253.589,-781.895.219.963.807,-694.275.217.856.725,0.103289174,0.205639603,0.108277162,0.080980465,0.091069261,1,1,1,1,1,FALSE,FALSE,FALSE,FALSE,FALSE,TRUE,TRUE,TRUE,TRUE,TRUE
515,ASV1457,0.39494506,-0.996720774,-0.358440608,NA,-0.16665538,0.28905514,0.337199307,0.360345741,NA,0.130380773,136.633.121.377.728,-295.588.026.143.876,-0.994713044,NA,-12.782.205.224.193,0.230075418,0.031669307,0.365546487,1,0.257291858,1,1,1,1,1,FALSE,FALSE,FALSE,FALSE,FALSE,TRUE,FALSE,FALSE,FALSE,TRUE
516,ASV1459,-108.784.209.055.834,-0.357395397,141.570.515.583.246,0.844386565,-0.234662811,0.284080175,0.339405924,0.350381601,0.148358371,0.137973899,-382.934.885.035.624,-105.300.282.730.817,404.046.659.401.436,569.153.299.265.991,-17.007.768.422.391,0.005022558,0.323102446,0.003733324,0.00045884,0.127402978,1,1,1,0.298724533,1,FALSE,FALSE,FALSE,FALSE,FALSE,FALSE,TRUE,FALSE,FALSE,TRUE
517,ASV1468,-0.130771298,-0.102478794,0.464645614,-132.646.418.140.875,0.61204572,0.289052006,0.33926743,0.360128559,0.143086992,0.132680753,-0.452414428,-0.302059039,129.022.151.158.068,-92.703.338.245.888,461.292.014.343.505,0.674420905,0.777661259,0.266507416,0.000753024,0.009933811,1,1,1,0.484194546,1,FALSE,FALSE,FALSE,FALSE,FALSE,TRUE,TRUE,FALSE,FALSE,FALSE
518,ASV1469,NA,NA,NA,NA,NA,NA,NA,NA,NA,NA,NA,NA,NA,NA,NA,1,1,1,1,1,1,1,1,1,1,FALSE,FALSE,FALSE,FALSE,FALSE,TRUE,TRUE,FALSE,FALSE,TRUE
519,ASV1471,-0.611836851,-0.27244577,0.607335062,0.367009332,0.068203363,0.288281134,0.337076555,0.359007925,0.141853819,0.131443929,-21.223.617.457.253,-0.808260813,16.917.037.747.746,258.723.617.402.953,0.518877996,0.087244117,0.455659655,0.151488372,0.049000584,0.625985274,1,1,1,1,1,FALSE,FALSE,FALSE,FALSE,FALSE,TRUE,TRUE,TRUE,FALSE,TRUE
520,ASV1489,0.112140322,-114.629.828.916.229,-0.469387099,NA,0.326356177,0.295620113,0.346977698,0.36664188,NA,0.129533617,0.379339285,-330.366.560.774.025,-128.023.317.819.516,NA,251.947.088.255.726,0.769181064,0.187119476,0.422151881,1,0.240539559,1,1,1,1,1,FALSE,FALSE,FALSE,FALSE,FALSE,TRUE,TRUE,TRUE,TRUE,TRUE
521,ASV1511,-0.174511659,-0.648292688,-118.149.732.513.186,0.587762674,0.729411811,0.29345237,0.34471131,0.364398081,0.139904803,0.129490481,-0.594684784,-188.068.296.502.325,-324.232.587.385.532,420.116.150.469.907,563.293.768.923.319,0.658452164,0.311117215,0.190453765,0.148765872,0.11185204,1,1,1,1,1,FALSE,FALSE,FALSE,FALSE,FALSE,TRUE,TRUE,TRUE,TRUE,TRUE
522,ASV1526,-0.48622161,-0.523168491,-0.036989751,0.891919929,-0.859329772,0.289126187,0.337857341,0.360180679,0.140703057,0.130290341,-168.169.343.557.703,-154.848.933.935.677,-0.102697765,633.902.310.848.806,-659.549.865.215.467,0.167920934,0.196424302,0.923145449,0.003171304,0.002737603,1,1,1,1,1,FALSE,FALSE,FALSE,FALSE,FALSE,TRUE,TRUE,FALSE,FALSE,FALSE
523,ASV1530,NA,NA,NA,NA,NA,NA,NA,NA,NA,NA,NA,NA,NA,NA,NA,1,1,1,1,1,1,1,1,1,1,FALSE,FALSE,FALSE,FALSE,FALSE,TRUE,TRUE,FALSE,FALSE,TRUE
524,ASV1531,0.777241239,-120.806.248.282.939,-0.528226277,0.631301908,-0.96203103,0.295131952,0.346567864,0.366236142,0.139438793,0.129023674,263.353.809.732.873,-348.578.910.266.807,-14.423.106.202.272,452.744.817.673.962,-745.623.654.684.476,1,1,1,1,1,1,1,1,1,1,FALSE,FALSE,FALSE,FALSE,FALSE,TRUE,TRUE,TRUE,TRUE,TRUE
525,ASV1534,133.758.913.792.046,-133.492.048.231.012,-0.406283518,-0.46656693,-0.538758694,0.294172787,0.346070084,0.363920835,0.14098333,0.130571249,454.695.062.049.886,-385.737.035.905.208,-111.640.631.382.595,-330.937.656.935.707,-412.616.635.220.332,0.13781625,0.161484824,0.465019965,0.186814801,0.15136985,1,1,1,1,1,FALSE,FALSE,FALSE,FALSE,FALSE,TRUE,TRUE,TRUE,FALSE,TRUE
526,ASV1538,0.893883934,-0.59889703,-0.660134335,-0.456229399,-0.677358667,0.293197061,0.344229282,0.366179689,0.141522132,0.131111368,304.874.793.044.804,-173.982.012.091.697,-180.276.065.172.863,-322.373.181.959.785,-516.628.479.023.907,0.20177413,0.332100956,0.322414918,0.191487377,0.121720586,1,1,1,1,1,FALSE,FALSE,FALSE,FALSE,FALSE,TRUE,TRUE,TRUE,FALSE,TRUE
527,ASV1541,0.937740929,-0.653322407,-117.434.054.713.938,-10.856.465.489.039,-0.464685485,0.298568545,0.342331499,0.369199989,0.159598647,0.149283599,314.078.942.478.029,-190.844.958.407.042,-318.077.080.698.201,-680.235.433.825.895,-311.276.984.813.543,0.020047787,0.104933251,0.019057295,0.000494468,0.020775373,1,1,1,0.321404368,1,FALSE,FALSE,FALSE,FALSE,FALSE,FALSE,TRUE,FALSE,TRUE,FALSE
528,ASV1542,0.1971892,-0.645248514,-0.338602584,-0.3231314,0.094581045,0.289303051,0.339516017,0.359263726,0.137272295,0.126854946,0.681600831,-190.049.506.515.026,-0.94249032,-235.394.476.865.643,0.745584215,0.544394653,0.153556601,0.41547233,0.099947261,0.510020778,1,1,1,1,1,FALSE,FALSE,FALSE,FALSE,FALSE,TRUE,TRUE,TRUE,TRUE,TRUE
529,ASV1544,0.215336983,-0.443370432,-0.284177388,-0.077324109,0.038561626,0.287398394,0.337162741,0.357039616,0.136773831,0.126356337,0.749262999,-13.150.042.342.036,-0.795926769,-0.565342862,0.305181571,0.49535736,0.258828616,0.470638762,0.602043892,0.775449032,1,1,1,1,1,FALSE,FALSE,FALSE,FALSE,FALSE,TRUE,TRUE,FALSE,FALSE,TRUE
530,ASV1554,-0.328181187,-0.200876103,0.552325439,NA,0.090319517,0.289376182,0.339594801,0.360288513,NA,0.1281375,-113.409.882.264.305,-0.591517017,153.300.874.044.211,NA,0.70486405,0.320111233,0.585985226,0.200046649,1,0.51977264,1,1,1,1,1,FALSE,FALSE,FALSE,FALSE,FALSE,TRUE,TRUE,TRUE,FALSE,TRUE
531,ASV1556,-117.855.839.209.255,0.773592054,-0.043526613,0.449568525,NA,0.295131952,0.355065566,0.366236142,0.149663257,NA,-399.332.700.171.655,21.787.301.513.191,-0.118848493,30.038.670.406.393,NA,0.156208546,0.273936847,0.924691948,0.204586867,1,1,1,1,1,1,FALSE,FALSE,FALSE,FALSE,FALSE,TRUE,TRUE,TRUE,TRUE,TRUE
532,ASV1562,-155.502.925.072.117,187.736.390.595.135,0.741582397,-0.933361256,0.075328169,0.287362047,0.33874673,0.356871591,0.138517596,0.128101222,-541.139.398.746.086,554.208.716.904.731,207.800.905.645.738,-67.382.143.874.095,0.588036302,0.00564922,0.005183449,0.106262092,0.002527843,0.588104546,1,1,1,1,1,FALSE,FALSE,FALSE,FALSE,FALSE,FALSE,TRUE,TRUE,TRUE,TRUE
533,ASV1568,-0.748374044,193.296.422.330.459,0.512844478,-0.695866651,0.709849393,0.288469257,0.337556115,0.358483415,0.13866702,0.12825082,-2.594.293.931.772,572.634.930.514.475,143.059.471.504.797,-501.825.632.581.166,553.485.264.594.308,0.060409971,0.00460392,0.22578407,0.007394445,0.005207973,1,1,1,1,1,FALSE,FALSE,FALSE,FALSE,FALSE,TRUE,FALSE,TRUE,TRUE,FALSE
534,ASV1569,NA,NA,NA,NA,NA,NA,NA,NA,NA,NA,NA,NA,NA,NA,NA,1,1,1,1,1,1,1,1,1,1,FALSE,FALSE,FALSE,FALSE,FALSE,TRUE,TRUE,FALSE,FALSE,TRUE
535,ASV1572,0.102941119,0.211941469,0.90717159,0.507526279,-0.75745128,0.291467002,0.354549684,0.361588583,0.152989949,0.142631081,0.353182757,0.597776499,250.885.020.096.261,331.738.315.216.497,-531.056.258.622.695,0.757703694,0.610660897,0.128867747,0.08010144,0.033677391,1,1,1,1,1,FALSE,FALSE,FALSE,FALSE,FALSE,TRUE,TRUE,TRUE,FALSE,FALSE
536,ASV1585,-0.597363027,-104.088.274.116.228,0.067485285,130.746.351.520.006,-0.770085996,0.295131952,0.346567864,0.366236142,0.139438793,0.129023674,-202.405.406.756.458,-300.340.236.359.375,0.184267135,937.661.241.065.909,-596.856.355.750.651,1,1,1,1,1,1,1,1,1,1,FALSE,FALSE,FALSE,FALSE,FALSE,TRUE,TRUE,TRUE,TRUE,TRUE
537,ASV1598,-0.830991662,0.844399805,344.122.347.185.121,0.255406311,-24.343.922.895.728,0.294987819,0.341964546,0.359776907,0.143704306,0.133300121,-281.703.721.091.093,24.692.612.546.113,956.488.148.535.844,177.730.451.514.884,-182.624.912.035.794,0.047972349,0.069001457,0.000667468,0.150155278,5.29E+09,1,1,0.479909466,1,0.038707105,FALSE,FALSE,FALSE,FALSE,TRUE,FALSE,TRUE,FALSE,FALSE,FALSE
538,ASV1599,-0.463228171,0.550910104,0.323363589,-0.716716163,0.158281796,0.289488766,0.339505076,0.360126559,0.138356368,0.127939821,-160.015.940.097.737,162.268.591.532.432,0.897916526,-518.021.809.959.245,123.715.818.257.545,0.207870652,0.203112523,0.435401544,0.013964617,0.304039725,1,1,1,1,1,FALSE,FALSE,FALSE,FALSE,FALSE,TRUE,TRUE,FALSE,TRUE,TRUE
539,ASV1609,0.84079739,-0.827311643,-108.783.326.256.363,-113.366.155.622.601,0.254329052,0.295131952,0.346567864,0.366236142,0.139438793,0.129023674,284.888.635.269.286,-23.871.562.525.453,-297.030.559.791.198,-813.017.334.251.915,197.118.129.240.262,1,1,1,1,1,1,1,1,1,1,FALSE,FALSE,FALSE,FALSE,FALSE,TRUE,TRUE,TRUE,TRUE,TRUE
540,ASV1625,-0.184739056,-127.980.796.405.076,0.240735867,0.647506113,0.038138578,0.287714162,0.335511507,0.358950265,0.141243373,0.130831912,-0.642092327,-381.449.797.578.874,0.670666358,458.432.915.500.949,0.291508224,0.549090008,0.012442785,0.532160674,0.005924085,0.782369238,1,1,1,1,1,FALSE,FALSE,FALSE,FALSE,FALSE,FALSE,TRUE,TRUE,TRUE,TRUE
541,ASV1630,-0.0232899,-0.417590152,0.078292221,-0.482552815,-0.009510429,0.285757423,0.334998479,0.355825441,0.137454908,0.127037648,-0.081502343,-124.654.342.639.559,0.220029857,-351.062.630.631.099,-0.074863078,0.938204406,0.267779195,0.834549288,0.01708923,0.943226573,1,1,1,1,1,FALSE,FALSE,FALSE,FALSE,FALSE,TRUE,TRUE,TRUE,TRUE,TRUE
542,ASV1647,0.482666709,-0.450859127,-0.131814087,-0.513046949,-0.47494645,0.284804572,0.340750855,0.354018148,0.154699991,0.144351755,16.947.294.999.601,-13.231.342.512.569,-0.37233709,-331.639.934.804.173,-329.020.212.039.708,0.128574144,0.222355759,0.719312159,0.010596729,0.011018714,1,1,1,1,1,FALSE,FALSE,FALSE,FALSE,FALSE,TRUE,TRUE,TRUE,FALSE,FALSE
543,ASV1649,NA,NA,NA,NA,NA,NA,NA,NA,NA,NA,NA,NA,NA,NA,NA,1,1,1,1,1,1,1,1,1,1,FALSE,FALSE,FALSE,FALSE,FALSE,TRUE,TRUE,FALSE,FALSE,TRUE
544,ASV1650,0.876069856,-123.515.255.142.394,-0.535626933,NA,-0.315666619,0.286108993,0.33641745,0.357054106,NA,0.130576404,306.201.439.748.844,-367.148.776.966.652,-150.012.819.712.667,NA,-241.748.593.255.399,0.022167689,0.010435758,0.184248547,1,0.052040856,1,1,1,1,1,FALSE,FALSE,FALSE,FALSE,FALSE,FALSE,FALSE,FALSE,FALSE,TRUE
545,ASV1662,-0.013280589,-0.644038992,-0.168605798,0.192843353,-0.176305322,0.295131952,0.346567864,0.366236142,0.139438793,0.129023674,-0.04499882,-185.833.442.454.088,-0.460374548,138.299.643.124.685,-136.645.715.704.093,1,1,1,1,1,1,1,1,1,1,FALSE,FALSE,FALSE,FALSE,FALSE,TRUE,TRUE,TRUE,TRUE,TRUE
546,ASV1681,0.806585827,-215.296.124.108.993,-0.728635786,NA,0.338721168,0.291377819,0.341873775,0.361830899,NA,0.127866323,276.817.854.216.585,-629.753.260.273.423,-201.374.672.139.211,NA,264.902.563.710.558,0.069674382,0.008088675,0.137484395,1,0.077058037,1,1,1,1,1,FALSE,FALSE,FALSE,FALSE,FALSE,TRUE,FALSE,FALSE,FALSE,TRUE
547,ASV1693,-0.620411293,-0.021582859,0.007388275,0.354194936,NA,0.293269973,0.344362924,0.364057155,0.139048457,NA,-211.549.544.802.589,-0.062674747,0.020294271,254.727.698.820.989,NA,0.168654703,0.955725719,0.98565126,0.125705745,1,1,1,1,1,1,FALSE,FALSE,FALSE,FALSE,FALSE,TRUE,TRUE,TRUE,TRUE,TRUE
548,ASV1698,-0.248817844,-0.68712511,-0.07834022,NA,0.628045085,0.295131952,0.347119411,0.366236142,NA,0.129709557,-0.843073216,-19.795.064.388.623,-0.213906304,NA,484.193.376.217.856,0.55407399,0.297798108,0.865844764,1,0.129657511,1,1,1,1,1,FALSE,FALSE,FALSE,FALSE,FALSE,TRUE,TRUE,TRUE,TRUE,TRUE
549,ASV1716,0.285048542,-123.946.181.901.617,-0.567378909,-0.316491684,0.085921987,0.289665038,0.339901995,0.359995676,0.138188156,0.127771442,0.98406264,-36.465.270.497.245,-157.607.145.551.986,-229.029.528.696.033,0.672466285,0.397644916,0.035578697,0.213096958,0.105927667,0.549447482,1,1,1,1,1,FALSE,FALSE,FALSE,FALSE,FALSE,TRUE,FALSE,TRUE,TRUE,TRUE
550,ASV1727,0.925101337,-144.029.040.830.209,-0.887193626,-0.696594496,NA,0.291699561,0.342252711,0.36529713,0.142563824,NA,317.141.833.285.762,-420.826.588.897.744,-242.869.038.180.759,-488.619.397.345.911,NA,0.050425617,0.024504139,0.093439369,0.016393177,1,1,1,1,1,1,FALSE,FALSE,FALSE,FALSE,FALSE,TRUE,FALSE,TRUE,FALSE,TRUE
551,ASV1729,125.120.840.944.171,-143.625.137.951.288,-0.844446403,-0.382625496,-0.509860302,0.288844482,0.339942091,0.360935076,0.149564085,0.139185775,433.177.189.080.776,-422.498.835.988.532,-233.960.748.133.382,-255.827.123.808.565,-3.663.163.874.732,0.007486825,0.008288018,0.06641259,0.050753096,0.014546764,1,1,1,1,1,FALSE,FALSE,FALSE,FALSE,FALSE,FALSE,FALSE,TRUE,TRUE,FALSE
552,ASV1730,-0.261748897,-0.591297111,0.411366659,0.715560597,0.111735658,0.292920272,0.345524048,0.365565422,0.158646249,0.148324471,-0.893584097,-171.130.522.850.358,112.528.875.859.537,451.041.610.479.546,0.753319111,0.405957403,0.137870484,0.303456275,0.004058696,0.479763613,1,1,1,1,1,FALSE,FALSE,FALSE,FALSE,FALSE,TRUE,TRUE,TRUE,TRUE,TRUE
553,ASV1732,-0.264379063,0.511275032,-0.135826486,-0.737126768,0.434304005,0.292777646,0.342623035,0.36444388,0.142420098,0.132011808,-0.903002898,149.223.776.321.793,-0.372695205,-517.572.152.244.355,328.988.755.144.748,0.461831848,0.274172304,0.745165402,0.035361812,0.081286422,1,1,1,1,1,FALSE,FALSE,FALSE,FALSE,FALSE,TRUE,TRUE,FALSE,TRUE,TRUE
554,ASV1736,0.181908665,-0.895811752,-0.577861812,0.191869111,0.263476589,0.286219238,0.336524246,0.36171209,0.146065616,0.13567056,0.635557087,-266.195.307.529.992,-159.757.394.991.605,131.358.163.840.202,194.203.214.776.107,0.553011051,0.044778788,0.171028907,0.246029848,0.109784703,1,1,1,1,1,FALSE,FALSE,FALSE,FALSE,FALSE,TRUE,FALSE,FALSE,TRUE,FALSE
555,ASV1742,NA,NA,NA,NA,NA,NA,NA,NA,NA,NA,NA,NA,NA,NA,NA,1,1,1,1,1,1,1,1,1,1,FALSE,FALSE,FALSE,FALSE,FALSE,TRUE,TRUE,TRUE,FALSE,TRUE
556,ASV1747,NA,NA,NA,NA,NA,NA,NA,NA,NA,NA,NA,NA,NA,NA,NA,1,1,1,1,1,1,1,1,1,1,FALSE,FALSE,FALSE,FALSE,FALSE,TRUE,TRUE,TRUE,FALSE,TRUE
557,ASV1767,-0.657571022,-0.070180505,103.168.486.610.639,0.630202203,-0.236726735,0.287595758,0.337537954,0.356935343,0.137040023,0.126622588,-228.644.200.365.696,-0.207918855,289.039.705.841.692,459.867.264.486.998,-186.954.585.109.917,0.084186472,0.845449539,0.044545144,0.010040932,0.134901958,1,1,1,1,1,FALSE,FALSE,FALSE,FALSE,FALSE,TRUE,TRUE,FALSE,FALSE,TRUE
558,ASV1768,0.12950245,-0.837727617,-0.353028244,0.436579981,0.115401528,0.287542269,0.33740907,0.357697454,0.13783967,0.127422659,0.45037709,-248.282.483.302.849,-0.98694648,316.730.286.117.162,0.905659392,0.675770427,0.068004945,0.379541809,0.033945435,0.416335788,1,1,1,1,1,FALSE,FALSE,FALSE,FALSE,FALSE,TRUE,TRUE,TRUE,FALSE,TRUE
559,ASV1771,0.380090884,-103.532.510.728.837,-0.039461753,NA,0.07087828,0.295311396,0.346906675,0.366571567,NA,0.129865484,128.708.505.526.257,-298.444.850.191.254,-0.107650882,NA,0.54578228,0.420504445,0.205827444,0.931730229,1,0.681945225,1,1,1,1,1,FALSE,FALSE,FALSE,FALSE,FALSE,TRUE,TRUE,TRUE,TRUE,TRUE
560,ASV1794,2.269.000.014.661,-0.737742009,-269.794.304.042.523,-194.231.277.315.859,NA,0.293888438,0.344809808,0.364495601,0.139431749,NA,772.061.681.935.346,-213.956.213.350.507,-740.185.350.392.842,-139.302.044.442.828,NA,0.016365595,0.165767683,0.017767369,0.0051138,1,1,1,1,1,1,FALSE,FALSE,FALSE,FALSE,FALSE,FALSE,TRUE,FALSE,FALSE,TRUE
561,ASV1801,-0.437932943,0.413462607,117.546.366.521.822,NA,-0.149244062,0.293785356,0.345339606,0.364008539,NA,0.129780981,-149.065.613.132.662,119.726.379.440.065,322.922.002.828.025,NA,-114.996.867.002.239,0.274536626,0.353862301,0.083991663,1,0.369103347,1,1,1,1,1,FALSE,FALSE,FALSE,FALSE,FALSE,TRUE,TRUE,TRUE,FALSE,TRUE
562,ASV1806,NA,NA,NA,NA,NA,NA,NA,NA,NA,NA,NA,NA,NA,NA,NA,1,1,1,1,1,1,1,1,1,1,FALSE,FALSE,FALSE,FALSE,FALSE,TRUE,TRUE,FALSE,FALSE,TRUE
563,ASV1807,-0.368246645,-10.053.959.152.208,-0.152829926,0.948296111,-0.417805268,0.295131952,0.346567864,0.366236142,0.139438793,0.129023674,-124.773.560.648.947,-290.100.733.609.039,-0.417298865,680.080.551.531.494,-323.820.626.569.887,1,1,1,1,1,1,1,1,1,1,FALSE,FALSE,FALSE,FALSE,FALSE,TRUE,TRUE,TRUE,TRUE,TRUE
564,ASV1816,-0.363848511,-0.545105243,0.156324896,0.288661172,NA,0.29513825,0.34657315,0.366241375,0.13944537,NA,-123.280.703.820.815,-157.284.326.223.212,0.426835706,207.006.637.352.091,NA,0.433860853,0.360531601,0.743172,0.286489857,1,1,1,1,1,1,FALSE,FALSE,FALSE,FALSE,FALSE,TRUE,TRUE,TRUE,TRUE,TRUE
565,ASV1827,0.648491292,-0.554510338,-0.900070576,NA,-0.21861775,0.289251169,0.339245489,0.358572028,NA,0.129334333,224.196.602.288.537,-163.454.004.540.648,-251.015.278.939.561,NA,-16.903.303.584.736,0.075029293,0.163073238,0.05381795,1,0.151756836,1,1,1,1,1,FALSE,FALSE,FALSE,FALSE,FALSE,TRUE,TRUE,TRUE,FALSE,FALSE
566,ASV1829,-0.244788733,-0.170894583,0.472576156,NA,-0.586188428,0.300199054,0.348109513,0.367762354,NA,0.130933327,-0.815421402,-0.490921898,128.500.416.357.828,NA,-447.699.942.599.112,0.564505121,0.709472972,0.421003609,1,0.139901411,1,1,1,1,1,FALSE,FALSE,FALSE,FALSE,FALSE,TRUE,TRUE,TRUE,TRUE,TRUE
567,ASV1843,-0.204914339,0.324257696,0.651220435,NA,-0.579224832,0.290323168,0.338607161,0.361485651,NA,0.131785288,-0.705814627,0.957622087,180.151.116.075.959,NA,-439.521.618.302.077,0.511821503,0.382232881,0.131501505,1,0.007053358,1,1,1,1,1,FALSE,FALSE,FALSE,FALSE,FALSE,TRUE,TRUE,FALSE,FALSE,FALSE
568,ASV1845,-0.657747646,0.555073688,-0.440103238,-0.013287414,0.214675507,0.291062977,0.341787136,0.360718215,0.14005565,0.129641608,-225.981.212.867.747,162.403.329.574.816,-122.007.489.421.829,-0.094872387,165.591.518.199.126,0.108944888,0.202831819,0.309597637,0.930397934,0.196315397,1,1,1,1,1,FALSE,FALSE,FALSE,FALSE,FALSE,TRUE,TRUE,TRUE,TRUE,TRUE
569,ASV1846,-0.853755528,0.437954644,0.95859854,0.326286279,-0.407455145,0.295131952,0.346567864,0.366236142,0.139438793,0.129023674,-289.279.260.785.352,126.369.086.543.548,261.743.293.634.874,233.999.644.202.667,-315.798.747.582.679,1,1,1,1,1,1,1,1,1,1,FALSE,FALSE,FALSE,FALSE,FALSE,TRUE,TRUE,TRUE,TRUE,TRUE
570,ASV1859,-0.116047563,0.148602205,-0.07148462,-0.676485564,0.206519808,0.291465324,0.340162235,0.360658644,0.139013272,0.128597519,-0.39815221,0.436856856,-0.198205758,-486.633.797.084.927,160.593.928.626.106,0.717159977,0.691748289,0.855555107,0.01657638,0.206638008,1,1,1,1,1,FALSE,FALSE,FALSE,FALSE,FALSE,TRUE,TRUE,TRUE,TRUE,TRUE
571,ASV1868,-0.251798503,-0.313819813,0.628452535,-0.502181728,0.570945856,0.30055468,0.350197889,0.368211262,0.152651187,0.142290281,-0.837779345,-0.896121371,170.677.162.885.084,-328.973.351.908.864,401.254.289.538.817,0.449294505,0.420843387,0.163056139,0.030223068,0.01596286,1,1,1,1,1,FALSE,FALSE,FALSE,FALSE,FALSE,TRUE,TRUE,TRUE,TRUE,FALSE
572,ASV1874,NA,NA,NA,NA,NA,NA,NA,NA,NA,NA,NA,NA,NA,NA,NA,1,1,1,1,1,1,1,1,1,1,FALSE,FALSE,FALSE,FALSE,FALSE,TRUE,TRUE,FALSE,FALSE,TRUE
573,ASV1882,0.961487198,-150.649.677.164.794,0.51880305,-284.993.249.805.644,-0.532788841,0.297312694,0.342456198,0.364336056,0.148207852,0.137822637,323.392.582.473.919,-439.909.331.150.105,142.396.845.498.998,-192.292.949.275.929,-386.575.711.660.655,0.031856744,0.011699441,0.22755991,4.31E+09,0.018058535,1,1,1,0.029999725,1,FALSE,FALSE,FALSE,TRUE,FALSE,FALSE,FALSE,TRUE,TRUE,FALSE
574,ASV1894,-0.435107577,-0.61006809,-0.27290052,0.687688393,NA,0.295232385,0.346657122,0.366280328,0.139549817,NA,-147.377.997.719.144,-175.986.025.272.024,-0.745059177,492.790.609.942.187,NA,0.379532941,0.328960055,0.592352322,0.127455976,1,1,1,1,1,1,FALSE,FALSE,FALSE,FALSE,FALSE,TRUE,TRUE,TRUE,TRUE,TRUE
575,ASV1908,-0.241138708,0.039925528,0.425999387,-0.370504551,0.095554469,0.283633282,0.333601627,0.352145899,0.136713956,0.126296456,-0.850177758,0.119680256,120.972.411.632.213,-27.100.711.655.384,0.756588684,0.427842855,0.908643214,0.271880466,0.035102754,0.47794191,1,1,1,1,1,FALSE,FALSE,FALSE,FALSE,FALSE,TRUE,TRUE,FALSE,TRUE,TRUE
576,ASV1911,-0.251939691,0.482077399,0.048520461,-0.08938346,-0.214457954,0.292450492,0.346731797,0.36313183,0.150125008,0.139749694,-0.861478091,139.034.666.615.805,0.133616657,-0.595393541,-153.458.621.570.976,0.428345667,0.223136966,0.898917123,0.577503552,0.18547331,1,1,1,1,1,FALSE,FALSE,FALSE,FALSE,FALSE,TRUE,TRUE,TRUE,TRUE,TRUE
577,ASV1912,-0.42745734,-0.62827791,-0.513576013,0.449907658,0.270850108,0.290442402,0.343182549,0.359670336,0.144254783,0.133852551,-147.174.564.317.297,-183.073.968.025.624,-142.790.761.940.758,311.884.048.422.384,202.349.604.954.934,0.215062632,0.141106363,0.226502536,0.035566458,0.113046659,1,1,1,1,1,FALSE,FALSE,FALSE,FALSE,FALSE,TRUE,TRUE,TRUE,FALSE,TRUE
578,ASV1917,-147.764.827.898.504,181.595.900.651.747,189.029.197.686.889,137.123.405.477.716,-0.523514015,0.286099943,0.334765088,0.355980999,0.137613021,0.127195854,-516.479.752.279.229,542.457.702.204.857,531.009.234.035.054,99.644.208.338.476,-411.581.038.698.315,0.003570377,0.002884431,0.003165748,0.000173894,0.009211478,1,1,1,0.116940137,1,FALSE,FALSE,FALSE,FALSE,FALSE,FALSE,FALSE,FALSE,TRUE,FALSE
579,ASV1929,0.749664647,-124.411.924.667.873,0.634598975,-0.371179852,NA,0.295676652,0.348900018,0.363920835,0.144410031,NA,253.542.050.352.899,-356.583.314.369.119,174.378.302.406.694,-257.031.903.430.872,NA,0.12666969,0.070437844,0.223317345,0.123861554,1,1,1,1,1,1,FALSE,FALSE,FALSE,FALSE,FALSE,TRUE,TRUE,TRUE,TRUE,TRUE
580,ASV1942,-0.139018922,0.172074987,-0.919974069,0.410643179,0.372353923,0.289070174,0.340433487,0.364325651,0.149325171,0.13894561,-0.480917555,0.505458463,-25.251.421.822.153,274.999.302.319.913,267.985.381.935.828,0.655697555,0.639817514,0.064999822,0.051374799,0.055236976,1,1,1,1,1,FALSE,FALSE,FALSE,FALSE,FALSE,TRUE,TRUE,TRUE,FALSE,TRUE
581,ASV1953,NA,NA,NA,NA,NA,NA,NA,NA,NA,NA,NA,NA,NA,NA,NA,1,1,1,1,1,1,1,1,1,1,FALSE,FALSE,FALSE,FALSE,FALSE,TRUE,TRUE,FALSE,FALSE,TRUE
582,ASV1961,204.607.475.822.366,-240.993.105.035.179,-0.82803621,NA,-174.329.825.666.855,0.293229365,0.344290286,0.363920835,NA,0.128371211,697.772.802.524.452,-699.970.678.637.186,-227.531.960.022.811,NA,-135.801.340.425.138,0.019926806,0.019805551,0.150685505,1,0.005378695,1,1,1,1,1,FALSE,FALSE,FALSE,FALSE,FALSE,FALSE,FALSE,TRUE,TRUE,FALSE
583,ASV1968,NA,NA,NA,NA,NA,NA,NA,NA,NA,NA,NA,NA,NA,NA,NA,1,1,1,1,1,1,1,1,1,1,FALSE,FALSE,FALSE,FALSE,FALSE,TRUE,TRUE,FALSE,FALSE,TRUE
584,ASV1988,0.21011787,-0.569239693,-0.537400691,0.20625569,0.010485181,0.287342811,0.337357432,0.357085894,0.137072852,0.126655428,0.731244571,-16.873.489.041.831,-150.496.197.138.608,150.471.582.817.706,0.082785091,0.505160875,0.166810687,0.20678417,0.206844312,0.937999672,1,1,1,1,1,FALSE,FALSE,FALSE,FALSE,FALSE,TRUE,TRUE,TRUE,TRUE,TRUE
585,ASV1992,-0.295549762,-0.150785737,0.917521054,0.65501333,-0.146267813,0.2896756,0.340238139,0.362932974,0.142681695,0.132274189,-102.027.841.342.649,-0.443177056,252.807.300.677.254,45.907.313.302.403,-110.579.254.895.532,0.382701889,0.687648541,0.085568525,0.019417872,0.349527523,1,1,1,1,1,FALSE,FALSE,FALSE,FALSE,FALSE,TRUE,TRUE,FALSE,TRUE,TRUE
586,ASV1998,-0.823349305,123.280.909.568.096,133.958.999.761.015,NA,-0.54358558,0.29139784,0.342150046,0.361998207,NA,0.128417994,-282.551.616.235.218,360.312.415.564.187,370.054.318.830.383,NA,-423.293.934.049.831,0.066435005,0.036681177,0.034265081,1,0.024127313,1,1,1,1,1,FALSE,FALSE,FALSE,FALSE,FALSE,TRUE,FALSE,TRUE,FALSE,FALSE
587,ASV2001,0.813105287,-259.553.396.305.954,-112.063.059.241.799,0.26240346,NA,0.294462685,0.344229282,0.366284079,0.141650743,NA,276.131.859.353.566,-754.013.125.061.226,-305.945.755.557.254,18.524.679.418.164,NA,0.109940895,0.017138179,0.09228418,0.205149754,1,1,1,1,1,1,FALSE,FALSE,FALSE,FALSE,FALSE,TRUE,FALSE,FALSE,TRUE,TRUE
588,ASV2019,NA,NA,NA,NA,NA,NA,NA,NA,NA,NA,NA,NA,NA,NA,NA,1,1,1,1,1,1,1,1,1,1,FALSE,FALSE,FALSE,FALSE,FALSE,TRUE,TRUE,TRUE,FALSE,FALSE
589,ASV2028,0.26756274,-0.827943439,-0.663416057,0.293537508,0.040704759,0.293472142,0.347374208,0.359387861,0.146891303,0.136499876,0.91171427,-238.343.382.757.581,-18.459.612.286.961,199.833.143.970.851,0.298203636,0.429141576,0.097315791,0.162073972,0.139551471,0.785008439,1,1,1,1,1,FALSE,FALSE,FALSE,FALSE,FALSE,TRUE,TRUE,TRUE,TRUE,TRUE
590,ASV2034,NA,NA,NA,NA,NA,NA,NA,NA,NA,NA,NA,NA,NA,NA,NA,1,1,1,1,1,1,1,1,1,1,FALSE,FALSE,FALSE,FALSE,FALSE,TRUE,TRUE,TRUE,TRUE,FALSE
591,ASV2038,-0.248444195,-0.619894442,-0.246315507,0.585521059,-0.744207844,0.295131952,0.346567864,0.366236142,0.139438793,0.129023674,-0.841807176,-178.866.683.050.917,-0.672559255,419.912.599.223.371,-576.799.453.879.683,1,1,1,1,1,1,1,1,1,1,FALSE,FALSE,FALSE,FALSE,FALSE,TRUE,TRUE,TRUE,TRUE,TRUE
592,ASV2067,0.087388319,-0.826132813,-0.29943546,NA,0.214007285,0.293735368,0.344286784,0.364969342,NA,0.129608692,0.29750697,-239.954.843.380.747,-0.820440036,NA,1.651.180.036.756,0.79413675,0.138491997,0.498192132,1,0.240497166,1,1,1,1,1,FALSE,FALSE,FALSE,FALSE,FALSE,TRUE,TRUE,TRUE,TRUE,TRUE
593,ASV2071,-0.904243157,0.296608158,-0.720142178,116.270.928.669.199,0.433883107,0.291282057,0.345516759,0.361588583,0.142440059,0.132031827,-310.435.584.752.632,0.858447963,-199.160.651.214.415,816.279.703.036.954,328.620.087.766.747,0.089980895,0.481102117,0.184650437,0.014678348,0.081447219,1,1,1,1,1,FALSE,FALSE,FALSE,FALSE,FALSE,TRUE,FALSE,TRUE,FALSE,TRUE
594,ASV2083,-279.977.761.760.039,148.992.023.315.169,0.178625702,169.864.254.504.057,NA,0.295131952,0.346570792,0.366236142,0.139442436,NA,-948.652.831.644.111,42.990.357.758.398,0.487733682,12.181.675.749.825,NA,0.066860852,0.145496981,0.711110549,0.052143524,1,1,1,1,1,1,FALSE,FALSE,FALSE,FALSE,FALSE,TRUE,TRUE,TRUE,TRUE,TRUE
595,ASV2092,NA,NA,NA,NA,NA,NA,NA,NA,NA,NA,NA,NA,NA,NA,NA,1,1,1,1,1,1,1,1,1,1,FALSE,FALSE,FALSE,FALSE,FALSE,TRUE,TRUE,TRUE,FALSE,TRUE
596,ASV2093,-103.691.925.425.706,119.430.554.311.493,0.461681861,0.513533736,-0.478276571,0.291578387,0.345044934,0.362384497,0.143975791,0.133572556,-35.562.281.002.107,346.130.438.974.673,127.401.106.903.136,356.680.613.542.106,-358.064.999.900.277,0.037921913,0.040601683,0.292397905,0.037637426,0.037269208,1,1,1,1,1,FALSE,FALSE,FALSE,FALSE,FALSE,FALSE,FALSE,TRUE,FALSE,FALSE
597,ASV2094,-0.065294818,-0.001199261,-0.056180063,NA,-0.001371821,0.295131952,0.346567864,0.366322714,NA,0.129132621,-0.221239406,-0.003460392,-0.153362215,NA,-0.010623352,0.861387386,0.997797055,0.903121403,1,0.993237218,1,1,1,1,1,FALSE,FALSE,FALSE,FALSE,FALSE,TRUE,TRUE,TRUE,FALSE,TRUE
598,ASV2126,0.255386204,-0.35132294,-0.22069567,-0.500932609,-0.264649057,0.289486458,0.340178422,0.359375426,0.138205602,0.127788904,0.882204322,-10.327.608.023.089,-0.614108963,-362.454.635.093.973,-20.709.862.059.795,0.442630009,0.377676392,0.582574831,0.036131657,0.130119288,1,1,1,1,1,FALSE,FALSE,FALSE,FALSE,FALSE,TRUE,TRUE,TRUE,FALSE,TRUE
599,ASV2136,-0.31601628,0.221096695,0.91285476,-0.442174283,-10.941.617.063.938,0.293198142,0.344231322,0.363920835,0.138713932,0.128297789,-107.782.497.332.299,0.642291042,250.838.828.516.725,-318.767.031.727.515,-852.829.744.911.152,0.476166535,0.636530335,0.241503436,0.193523294,0.074308613,1,1,1,1,1,FALSE,FALSE,FALSE,FALSE,FALSE,TRUE,TRUE,TRUE,FALSE,FALSE
600,ASV2151,0.503807246,-0.848852024,-0.450658095,-0.182597617,-0.145570879,0.291274221,0.341922875,0.361626826,0.138087964,0.127671158,172.966.644.703.837,-248.258.331.280.553,-124.619.652.655.481,-132.232.825.712.905,-114.020.175.660.636,0.225830387,0.131093424,0.33886739,0.317020753,0.372345301,1,1,1,1,1,FALSE,FALSE,FALSE,FALSE,FALSE,TRUE,TRUE,TRUE,FALSE,TRUE
601,ASV2164,-0.183461938,0.294114905,0.26054572,-0.427867007,-0.006295871,0.295595485,0.344024758,0.374119572,0.162720801,0.152428589,-0.620652032,0.854923658,0.696423656,-262.945.490.193.356,-0.041303741,0.557652737,0.425408218,0.512226065,0.039088125,0.968393893,1,1,1,1,1,FALSE,FALSE,FALSE,FALSE,FALSE,TRUE,TRUE,TRUE,TRUE,TRUE
602,ASV2166,0.252286075,-0.621215876,-0.486818976,-0.120061333,0.15147003,0.293256097,0.344340765,0.363920835,0.138850013,0.128434041,0.860292685,-180.407.299.396.445,-133.770.569.990.063,-0.864683631,117.936.045.659.869,0.547720338,0.322218446,0.408665556,0.546117386,0.447724271,1,1,1,1,1,FALSE,FALSE,FALSE,FALSE,FALSE,TRUE,TRUE,TRUE,FALSE,TRUE
603,ASV2169,NA,NA,NA,NA,NA,NA,NA,NA,NA,NA,NA,NA,NA,NA,NA,1,1,1,1,1,1,1,1,1,1,FALSE,FALSE,FALSE,FALSE,FALSE,FALSE,FALSE,FALSE,FALSE,TRUE
604,ASV2171,NA,NA,NA,NA,NA,NA,NA,NA,NA,NA,NA,NA,NA,NA,NA,1,1,1,1,1,1,1,1,1,1,FALSE,FALSE,FALSE,FALSE,FALSE,TRUE,TRUE,TRUE,FALSE,TRUE
605,ASV2196,-190.215.558.773.487,183.214.775.769.304,197.366.145.073.954,NA,0.253620184,0.291248221,0.341873775,0.3619979,NA,0.128075701,-653.104.619.823.822,535.913.513.763.828,545.213.507.737.354,NA,19.802.365.533.738,0.007295098,0.012713391,0.012120622,1,0.142024794,1,1,1,1,1,FALSE,FALSE,FALSE,FALSE,FALSE,FALSE,FALSE,TRUE,FALSE,FALSE
606,ASV2198,-0.170560007,0.334017902,0.397576909,-0.008661876,-0.479139516,0.287809675,0.339731775,0.358550354,0.146313491,0.135919502,-0.592613877,0.983181223,110.884.539.453.422,-0.059200805,-352.517.120.791.129,0.579223491,0.370669213,0.317962044,0.955085435,0.0168261,1,1,1,1,1,FALSE,FALSE,FALSE,FALSE,FALSE,TRUE,TRUE,TRUE,TRUE,FALSE
607,ASV2199,-106.333.584.011.654,126.848.786.075.272,-0.072951752,155.278.974.334.265,0.319865912,0.291352079,0.342175051,0.361782776,0.138595947,0.128179663,-364.965.935.469.982,370.713.135.506.564,-0.201645176,112.037.168.138.079,249.544.977.011.113,0.067556001,0.065677796,0.858842997,0.007872696,0.129996561,1,1,1,1,1,FALSE,FALSE,FALSE,FALSE,FALSE,TRUE,TRUE,TRUE,FALSE,TRUE
608,ASV2201,0.264364936,-0.832795957,-101.942.321.543.189,-0.768275843,0.547150638,0.293197061,0.344229282,0.377714109,0.155154902,0.144809586,0.901662981,-241.930.597.392.761,-269.892.808.008.514,-495.166.979.090.578,377.841.447.422.763,0.53289099,0.249526084,0.225894977,0.1268604,0.164712129,1,1,1,1,1,FALSE,FALSE,FALSE,FALSE,FALSE,TRUE,TRUE,TRUE,FALSE,TRUE
609,ASV2202,-0.067419321,-0.741328222,0.034994843,0.755789974,-0.913105553,0.293355789,0.344528993,0.364217574,0.139454794,0.129039701,-0.229821002,-215.171.505.958.821,0.096082247,541.960.552.360.078,-707.615.987.778.488,0.856188627,0.276960439,0.939019336,0.116159579,0.089375004,1,1,1,1,1,FALSE,FALSE,FALSE,FALSE,FALSE,TRUE,TRUE,TRUE,TRUE,TRUE
610,ASV2213,NA,NA,NA,NA,NA,NA,NA,NA,NA,NA,NA,NA,NA,NA,NA,1,1,1,1,1,1,1,1,1,1,FALSE,FALSE,FALSE,FALSE,FALSE,TRUE,TRUE,TRUE,FALSE,TRUE
611,ASV2227,-0.085601587,-0.682251005,-0.716083262,0.382787925,0.156369801,0.293197061,0.348951972,0.363920835,0.144472239,0.134070809,-0.291959225,-195.514.300.000.526,-196.768.965.177.181,264.956.041.166.402,116.632.250.175.576,0.819159426,0.300982794,0.299334922,0.229750719,0.451218308,1,1,1,1,1,FALSE,FALSE,FALSE,FALSE,FALSE,TRUE,TRUE,TRUE,TRUE,TRUE
612,ASV2229,0.912294338,-0.67059481,0.094634667,-0.647992275,-0.646304993,0.295131952,0.346567864,0.366236142,0.139438793,0.129023674,309.114.052.992.926,-193.495.958.547.754,0.258397946,-464.714.490.298.288,-500.919.695.934.297,1,1,1,1,1,1,1,1,1,1,FALSE,FALSE,FALSE,FALSE,FALSE,TRUE,TRUE,TRUE,FALSE,TRUE
613,ASV2230,-118.513.435.973.489,0.322818567,0.083054276,0.721534565,0.614713278,0.293199174,0.34424524,0.363936636,0.138731244,0.128315122,-404.207.946.455.888,0.937757535,0.228210814,52.009.521.771.807,479.065.340.601.601,0.154397912,0.520441755,0.85716262,0.120928686,0.131006742,1,1,1,1,1,FALSE,FALSE,FALSE,FALSE,FALSE,TRUE,TRUE,TRUE,TRUE,TRUE
614,ASV2231,0.504915518,-127.495.454.557.232,-0.594498837,NA,0.225262941,0.289623366,0.339500956,0.359949318,NA,0.127713559,174.335.215.329.351,-375.537.836.599.703,-165.161.817.960.802,NA,176.381.383.289.245,0.156224819,0.019854246,0.173956676,1,0.152536409,1,1,1,1,1,FALSE,FALSE,FALSE,FALSE,FALSE,TRUE,FALSE,FALSE,FALSE,TRUE
615,ASV2234,0.0090212,-0.909204533,-0.435006912,NA,-0.343778661,0.291788582,0.343025133,0.363396641,NA,0.129818361,0.030916904,-26.505.478.605.356,-119.705.815.090.491,NA,-264.815.130.212.193,0.977277649,0.076957757,0.31725098,1,0.077115709,1,1,1,1,1,FALSE,FALSE,FALSE,FALSE,FALSE,TRUE,TRUE,TRUE,TRUE,TRUE
616,ASV2236,-103.377.326.624.883,12.754.315.747.825,-0.044448348,147.647.433.405.693,NA,0.293197061,0.346804527,0.363920835,0.141880073,NA,-352.586.503.332.544,367.766.702.881.564,-0.12213741,104.064.954.810.131,NA,0.071874782,0.066631117,0.913956104,0.00910806,1,1,1,1,1,1,FALSE,FALSE,FALSE,FALSE,FALSE,TRUE,TRUE,TRUE,TRUE,TRUE
617,ASV2258,-0.10048696,-102.170.359.492.064,-208.901.003.850.796,0.307013126,145.031.510.079,0.296327451,0.3580342,0.362689591,0.164232376,0.153951594,-0.339107834,-285.364.804.498.532,-575.977.389.356.037,186.938.247.191.838,942.059.167.831.291,0.751583729,0.046225052,0.004507472,0.134927455,0.000707781,1,1,1,1,0.51243361,FALSE,FALSE,FALSE,FALSE,FALSE,TRUE,FALSE,FALSE,FALSE,FALSE
618,ASV2262,-101.088.435.789.657,11.001.268.408.519,100.945.159.059.134,0.228148634,NA,0.291256101,0.343579492,0.361603319,0.140102781,NA,-347.077.487.489.716,320.195.723.789.674,279.159.935.181.528,162.843.758.048.899,NA,0.040323708,0.049258044,0.068327944,0.201917295,1,1,1,1,1,1,FALSE,FALSE,FALSE,FALSE,FALSE,FALSE,FALSE,FALSE,FALSE,TRUE
619,ASV2276,NA,NA,NA,NA,NA,NA,NA,NA,NA,NA,NA,NA,NA,NA,NA,1,1,1,1,1,1,1,1,1,1,FALSE,FALSE,FALSE,FALSE,FALSE,TRUE,TRUE,FALSE,FALSE,TRUE
620,ASV2287,-0.788185947,0.587492376,0.973692864,NA,0.268495125,0.299021045,0.345343838,0.37474436,NA,0.142619437,-263.588.787.149.667,170.118.100.223.534,259.828.557.133.572,NA,188.259.840.986.722,0.118816711,0.231015128,0.121673758,1,0.20046192,1,1,1,1,1,FALSE,FALSE,FALSE,FALSE,FALSE,TRUE,TRUE,FALSE,FALSE,TRUE
621,ASV2294,-0.666411855,0.839080399,0.388688145,-0.273083571,0.089812797,0.289474064,0.340739084,0.359592295,0.139208811,0.128793338,-230.214.701.890.705,246.253.053.452.596,108.091.344.010.779,-196.168.308.901.952,0.697340389,0.104781917,0.090663484,0.358879068,0.144614544,0.535773178,1,1,1,1,1,FALSE,FALSE,FALSE,FALSE,FALSE,TRUE,TRUE,FALSE,FALSE,TRUE
622,ASV2295,109.439.541.093.006,-120.306.103.996.636,-0.591875166,-0.380554781,-0.812273553,0.295131952,0.346567864,0.366236142,0.139438793,0.129023674,370.815.631.566.815,-347.135.775.058.375,-161.610.255.904.755,-27.291.887.247.507,-629.553.888.195.076,1,1,1,1,1,1,1,1,1,1,FALSE,FALSE,FALSE,FALSE,FALSE,TRUE,TRUE,TRUE,TRUE,TRUE
623,ASV2301,-0.593100277,0.40369201,0.986814795,0.309507226,-0.387761696,0.284823915,0.337397381,0.35528918,0.142700527,0.132293078,-208.234.016.575.254,119.648.827.591.716,277.749.745.677.585,216.892.840.315.744,-293.108.076.656.354,0.08246739,0.276635781,0.032102917,0.073170019,0.02625016,1,1,1,1,1,FALSE,FALSE,FALSE,FALSE,FALSE,TRUE,TRUE,FALSE,FALSE,FALSE
624,ASV2303,0.306751848,-0.601825736,-0.975212741,0.064556016,0.102019935,0.294819197,0.348592851,0.367005132,0.152313826,0.141950913,104.047.447.356.698,-17.264.431.385.723,-265.721.826.708.856,0.423835563,0.718698685,0.407383486,0.22640939,0.117237769,0.712918405,0.546950157,1,1,1,1,1,FALSE,FALSE,FALSE,FALSE,FALSE,TRUE,TRUE,TRUE,TRUE,TRUE
625,ASV2307,NA,NA,NA,NA,NA,NA,NA,NA,NA,NA,NA,NA,NA,NA,NA,1,1,1,1,1,1,1,1,1,1,FALSE,FALSE,FALSE,FALSE,FALSE,TRUE,TRUE,TRUE,FALSE,TRUE
626,ASV2316,138.555.680.193.066,-32.071.110.630.509,0.872503919,-131.850.285.209.707,-153.606.193.431.914,0.300289335,0.3502053,0.369837049,0.145965649,0.135570168,461.407.262.395.338,-915.780.275.899.061,235.915.769.099.214,-903.296.672.581.392,-113.303.830.464.089,0.135872158,0.069242308,0.255234682,0.070191555,0.056041748,1,1,1,1,1,FALSE,FALSE,FALSE,FALSE,FALSE,TRUE,FALSE,TRUE,FALSE,TRUE
627,ASV2324,-0.087395537,-0.063255155,0.514204709,-101.286.613.227.068,0.44298159,0.294393323,0.346485629,0.363920835,0.141491363,0.131080521,-0.296866574,-0.182562132,141.295.759.655.591,-715.850.148.236.104,337.946.162.159.845,0.816284509,0.885043308,0.392093234,0.088360183,0.183152837,1,1,1,1,1,FALSE,FALSE,FALSE,FALSE,FALSE,TRUE,TRUE,TRUE,FALSE,TRUE
628,ASV2338,0.487226148,-0.879142124,-0.795586795,-0.031979108,NA,0.295632102,0.346567864,0.367170724,0.14060872,NA,164.808.268.631.501,-253.670.987.845.868,-216.680.345.870.116,-0.227433322,NA,0.347199319,0.239054724,0.275264048,0.857633164,1,1,1,1,1,1,FALSE,FALSE,FALSE,FALSE,FALSE,TRUE,TRUE,TRUE,TRUE,TRUE
629,ASV2343,NA,NA,NA,NA,NA,NA,NA,NA,NA,NA,NA,NA,NA,NA,NA,1,1,1,1,1,1,1,1,1,1,FALSE,FALSE,FALSE,FALSE,FALSE,FALSE,FALSE,TRUE,FALSE,FALSE
630,ASV2344,-10.031.218.810.109,0.671841013,0.83261907,0.459185356,-0.530484002,0.291401563,0.342415205,0.361588583,0.138650688,0.128234468,-344.240.391.897.247,196.206.536.066.235,230.266.968.602.465,331.181.448.258.294,-413.682.848.587.159,0.07501504,0.188765045,0.147877222,0.08033942,0.053764778,1,1,1,1,1,FALSE,FALSE,FALSE,FALSE,FALSE,TRUE,TRUE,TRUE,TRUE,TRUE
631,ASV2363,-0.368253486,0.23130066,0.340339103,-0.206965598,-0.365850965,0.291499996,0.342330573,0.361797866,0.138545891,0.12812955,-12.633.052.867.099,0.675664631,0.94068853,-1.493.841.469.152,-285.532.077.262.304,0.333803909,0.568907175,0.446164424,0.273803519,0.10389113,1,1,1,1,1,FALSE,FALSE,FALSE,FALSE,FALSE,TRUE,TRUE,TRUE,TRUE,TRUE
632,ASV2373,NA,NA,NA,NA,NA,NA,NA,NA,NA,NA,NA,NA,NA,NA,NA,1,1,1,1,1,1,1,1,1,1,FALSE,FALSE,FALSE,FALSE,FALSE,TRUE,TRUE,TRUE,FALSE,TRUE
633,ASV2374,NA,NA,NA,NA,NA,NA,NA,NA,NA,NA,NA,NA,NA,NA,NA,1,1,1,1,1,1,1,1,1,1,FALSE,FALSE,FALSE,FALSE,FALSE,TRUE,TRUE,TRUE,FALSE,TRUE
634,ASV2375,NA,NA,NA,NA,NA,NA,NA,NA,NA,NA,NA,NA,NA,NA,NA,1,1,1,1,1,1,1,1,1,1,FALSE,FALSE,FALSE,FALSE,FALSE,TRUE,TRUE,FALSE,FALSE,FALSE
635,ASV2379,0.263789504,177.453.494.736.979,102.541.069.052.093,-128.264.786.367.592,-0.481551687,0.298014885,0.346156122,0.367724918,0.1434149,0.133009734,0.885155465,512.640.058.180.252,278.852.653.512.278,-894.361.647.144.049,-362.042.439.150.635,0.538735296,0.12264442,0.219205107,0.070887043,0.171563587,1,1,1,1,1,FALSE,FALSE,FALSE,FALSE,FALSE,TRUE,TRUE,TRUE,TRUE,TRUE
636,ASV2384,NA,NA,NA,NA,NA,NA,NA,NA,NA,NA,NA,NA,NA,NA,NA,1,1,1,1,1,1,1,1,1,1,FALSE,FALSE,FALSE,FALSE,FALSE,TRUE,TRUE,FALSE,FALSE,TRUE
637,ASV2387,0.013689869,-0.670615722,-0.193482384,-0.859539486,113.938.357.117.313,0.29320624,0.344246615,0.363920835,0.138732954,0.128316835,0.046690236,-194.806.773.009.373,-0.531660639,-619.564.032.294.243,887.945.507.441.512,0.970297644,0.301919473,0.688913106,0.101874276,0.071394992,1,1,1,1,1,FALSE,FALSE,FALSE,FALSE,FALSE,TRUE,TRUE,FALSE,FALSE,TRUE
638,ASV2401,176.944.938.176.843,-24.532.990.724.039,-0.874717547,-197.209.477.126.855,-0.42411462,0.289896332,0.339500956,0.362178243,0.140884935,0.130472627,610.373.152.671.826,-722.619.194.058.446,-241.515.763.104.102,-139.979.108.964.969,-325.060.227.846.574,0.008835543,0.005464912,0.094578451,0.000789512,0.047467883,1,1,1,0.506866875,1,FALSE,FALSE,FALSE,FALSE,FALSE,FALSE,FALSE,FALSE,TRUE,FALSE
639,ASV2413,-0.181089448,-181.268.880.486.059,0.318477014,NA,-0.025534646,0.291499205,0.342084472,0.362387405,NA,0.128562936,-0.62123479,-529.895.085.454.525,0.878830251,NA,-0.198615919,0.578451926,0.013117305,0.444196187,1,0.855261356,1,1,1,1,1,FALSE,FALSE,FALSE,FALSE,FALSE,TRUE,FALSE,TRUE,TRUE,TRUE
640,ASV2415,-0.848049998,-0.454063367,-0.512220063,0.567228301,0.610837486,0.295114971,0.348357244,0.365970717,0.143758665,0.133354669,-287.362.581.043.402,-130.344.172.375.209,-139.962.035.031.841,394.569.815.858.543,45.805.481.933.568,0.213194547,0.416615629,0.394944754,0.158018079,0.136836347,1,1,1,1,1,FALSE,FALSE,FALSE,FALSE,FALSE,TRUE,TRUE,TRUE,TRUE,TRUE
641,ASV2419,-0.979384758,148.192.347.250.808,-0.610007179,NA,0.703872635,0.295542563,0.347342959,0.366236142,NA,0.129986695,-331.385.350.820.992,426.645.606.312.227,-166.561.163.511.004,NA,541.495.909.521.008,0.186576632,0.146569323,0.344219613,1,0.116257052,1,1,1,1,1,FALSE,FALSE,FALSE,FALSE,FALSE,TRUE,TRUE,TRUE,FALSE,TRUE
642,ASV2424,-0.397230168,-0.634360963,0.867994159,NA,-0.088514415,0.291601769,0.34430169,0.36402756,NA,0.130598149,-136.223.510.911.846,-184.245.672.109.234,238.441.880.744.061,NA,-0.677761638,0.266382378,0.162639832,0.09722936,1,0.546513922,1,1,1,1,1,FALSE,FALSE,FALSE,FALSE,FALSE,TRUE,TRUE,TRUE,TRUE,TRUE
643,ASV2439,0.033797688,-150.549.108.371.043,0.609678098,NA,-0.032323904,0.289605846,0.33976965,0.360757349,NA,0.129047594,0.11670237,-443.091.690.442.401,168.999.494.803.347,NA,-0.250480484,0.912720685,0.011413901,0.166293883,1,0.814555374,1,1,1,1,1,FALSE,FALSE,FALSE,FALSE,FALSE,TRUE,FALSE,FALSE,FALSE,TRUE
644,ASV2444,122.416.577.076.078,-102.444.834.681.501,-221.116.828.835.026,-138.917.218.600.789,0.376355487,0.290815452,0.340603271,0.364008726,0.143757723,0.133353723,420.942.478.521.921,-300.774.665.240.813,-60.744.925.363.037,-966.328.736.604.682,282.223.457.719.607,0.024486271,0.057314347,0.008955982,0.002352888,0.066615275,1,1,1,1,1,FALSE,FALSE,FALSE,FALSE,FALSE,FALSE,TRUE,FALSE,TRUE,TRUE
645,ASV2503,NA,NA,NA,NA,NA,NA,NA,NA,NA,NA,NA,NA,NA,NA,NA,1,1,1,1,1,1,1,1,1,1,FALSE,FALSE,FALSE,FALSE,FALSE,TRUE,TRUE,TRUE,TRUE,FALSE
646,ASV2504,0.084707399,0.082483356,0.593500829,-0.403024368,-0.836568238,0.324297007,0.355757093,0.389449563,0.175194995,0.165001981,0.261203148,0.231853019,152.394.786.173.657,-230.043.311.676.116,-507.004.965.923.136,0.806833215,0.82803056,0.202198457,0.082899531,0.007130172,1,1,1,1,1,FALSE,FALSE,FALSE,FALSE,FALSE,TRUE,TRUE,TRUE,FALSE,FALSE
647,ASV2512,NA,NA,NA,NA,NA,NA,NA,NA,NA,NA,NA,NA,NA,NA,NA,1,1,1,1,1,1,1,1,1,1,FALSE,FALSE,FALSE,FALSE,FALSE,TRUE,TRUE,FALSE,FALSE,TRUE
648,ASV2518,NA,NA,NA,NA,NA,NA,NA,NA,NA,NA,NA,NA,NA,NA,NA,1,1,1,1,1,1,1,1,1,1,FALSE,FALSE,FALSE,FALSE,FALSE,TRUE,TRUE,TRUE,FALSE,FALSE
649,ASV2523,-0.604775786,-0.027125367,0.282974353,0.298777246,0.637489974,0.294361779,0.344201027,0.36287451,0.140844386,0.130431986,-205.453.231.382.833,-0.078806758,0.779813255,212.132.875.167.553,488.752.791.111.728,0.176280629,0.944361526,0.517132731,0.167948691,0.039404395,1,1,1,1,1,FALSE,FALSE,FALSE,FALSE,FALSE,TRUE,TRUE,TRUE,TRUE,FALSE
650,ASV2528,NA,NA,NA,NA,NA,NA,NA,NA,NA,NA,NA,NA,NA,NA,NA,1,1,1,1,1,1,1,1,1,1,FALSE,FALSE,FALSE,FALSE,FALSE,TRUE,TRUE,FALSE,FALSE,TRUE
651,ASV2539,-0.272569526,0.51919572,0.164809487,-0.718366825,0.272225134,0.289983538,0.339810819,0.36023833,0.138870638,0.128454694,-0.939948276,152.789.638.027.836,0.457501253,-51.729.208.920.906,211.923.072.773.837,0.416586094,0.22399348,0.678410108,0.014018993,0.124273127,1,1,1,1,1,FALSE,FALSE,FALSE,FALSE,FALSE,TRUE,TRUE,FALSE,FALSE,TRUE
652,ASV2558,-0.010788951,-0.01891793,185.592.694.860.487,-0.963677157,-0.274261997,0.303773098,0.358390946,0.36659475,0.157294088,0.146962971,-0.035516479,-0.052785736,506.261.190.872.325,-612.659.488.858.308,-186.619.795.771.994,0.974893973,0.962700821,0.036872275,0.025622186,0.202995683,1,1,1,1,1,FALSE,FALSE,FALSE,FALSE,FALSE,TRUE,TRUE,FALSE,FALSE,TRUE
653,ASV2559,158.253.750.122.838,-189.578.499.764.945,-242.453.905.919.104,0.462651674,163.375.340.814.585,0.293654748,0.347716049,0.3599179,0.147896248,0.137509518,538.910.919.707.648,-545.210.668.515.355,-673.636.699.048.378,312.821.778.327.448,118.810.205.371.856,0.012518282,0.012120797,0.006679898,0.052137613,0.001282162,1,1,1,1,0.918028339,FALSE,FALSE,FALSE,FALSE,FALSE,FALSE,FALSE,FALSE,FALSE,FALSE
654,ASV2567,-0.019616156,0.431641521,0.099175979,-0.56785209,NA,0.295131952,0.346567864,0.366244858,0.139449747,NA,-0.066465713,124.547.474.355.911,0.270791458,-407.209.120.746.351,NA,0.957748758,0.430680152,0.831646303,0.153303619,1,1,1,1,1,1,FALSE,FALSE,FALSE,FALSE,FALSE,TRUE,TRUE,FALSE,FALSE,TRUE
655,ASV2568,0.485221965,-0.751680654,-189.283.197.271.389,-0.057570167,NA,0.295131952,0.346567864,0.370356306,0.144529186,NA,16.440.848.298.012,-216.892.774.216.589,-511.084.040.781.137,-0.398329006,NA,0.347885409,0.275026776,0.123008605,0.758679703,1,1,1,1,1,1,FALSE,FALSE,FALSE,FALSE,FALSE,TRUE,TRUE,TRUE,TRUE,TRUE
656,ASV2576,NA,NA,NA,NA,NA,NA,NA,NA,NA,NA,NA,NA,NA,NA,NA,1,1,1,1,1,1,1,1,1,1,FALSE,FALSE,FALSE,FALSE,FALSE,TRUE,TRUE,FALSE,FALSE,TRUE
657,ASV2593,-0.324985375,0.313130507,0.718874225,-134.749.525.757.782,-0.10692564,0.291248221,0.341873775,0.361608326,0.138003708,0.127586829,-111.583.642.973.347,0.915924327,198.799.135.071.641,-976.419.602.035.371,-0.838061746,0.380577324,0.456395282,0.185147447,0.010326639,0.490193438,1,1,1,1,1,FALSE,FALSE,FALSE,FALSE,FALSE,TRUE,TRUE,FALSE,TRUE,TRUE
658,ASV2624,0.578223371,-0.841820668,-0.374124383,-0.264696373,NA,0.295231216,0.346755303,0.366236142,0.13967184,NA,195.854.414.762.973,-242.770.813.133.616,-102.153.867.409.178,-189.513.056.551.654,NA,0.300534434,0.248747866,0.493217331,0.309102027,1,1,1,1,1,1,FALSE,FALSE,FALSE,FALSE,FALSE,TRUE,TRUE,TRUE,FALSE,TRUE
659,ASV2631,-0.387360781,-0.41484257,0.987002113,-0.534082174,0.153122808,0.287496917,0.337814586,0.358670203,0.139505406,0.129090395,-134.735.629.297.004,-122.801.852.467.365,275.183.749.731.216,-382.839.767.707.578,118.616.732.455.887,0.249127795,0.286758668,0.051277529,0.018643658,0.301197927,1,1,1,1,1,FALSE,FALSE,FALSE,FALSE,FALSE,TRUE,TRUE,FALSE,TRUE,TRUE
660,ASV2658,-0.649978277,-0.07521209,0.425384393,0.034068518,0.380761276,0.295517659,0.344084368,0.362462804,0.143767928,0.133363963,-219.945.663.725.655,-0.218586186,117.359.460.966.221,0.236968831,285.505.369.777.686,0.115230456,0.840998172,0.325251206,0.827940759,0.064839462,1,1,1,1,1,FALSE,FALSE,FALSE,FALSE,FALSE,TRUE,TRUE,TRUE,TRUE,TRUE
661,ASV2670,-0.300350999,-0.284508562,-0.600086525,0.492077071,-0.0110406,0.289677371,0.33965877,0.356673398,0.143171774,0.132765809,-103.684.660.602.168,-0.83763055,-168.245.383.092.832,343.696.984.489.709,-0.083158457,0.347325531,0.440427495,0.153305692,0.018495773,0.936952162,1,1,1,1,1,FALSE,FALSE,FALSE,FALSE,FALSE,TRUE,TRUE,TRUE,FALSE,TRUE
662,ASV2693,-0.1310138,-0.006166562,0.409884092,NA,0.051264672,0.291278311,0.3419306,0.361981963,NA,0.128126133,-0.449789066,-0.018034541,113.233.291.713.591,NA,0.400110975,0.68337486,0.986743673,0.33981661,1,0.71586163,1,1,1,1,1,FALSE,FALSE,FALSE,FALSE,FALSE,TRUE,TRUE,FALSE,FALSE,TRUE
663,ASV2695,-0.110066136,-131.771.398.153.231,-0.350615197,NA,0.478727733,0.296861474,0.346567864,0.369463731,NA,0.133035668,-0.370765983,-380.218.167.730.928,-0.948984075,NA,359.849.159.873.069,0.773965923,0.163727459,0.516660132,1,0.172558937,1,1,1,1,1,FALSE,FALSE,FALSE,FALSE,FALSE,TRUE,TRUE,TRUE,TRUE,TRUE
664,ASV2696,0.237876349,-0.50786993,-0.292024466,NA,0.188942774,0.295209589,0.346567864,0.36638128,NA,0.12920628,0.805788017,-146.542.707.336.326,-0.797050728,NA,146.233.429.503.023,0.568206102,0.38121588,0.57159308,1,0.381842338,1,1,1,1,1,FALSE,FALSE,FALSE,FALSE,FALSE,TRUE,TRUE,TRUE,FALSE,TRUE
665,ASV2699,NA,NA,NA,NA,NA,NA,NA,NA,NA,NA,NA,NA,NA,NA,NA,1,1,1,1,1,1,1,1,1,1,FALSE,FALSE,FALSE,FALSE,FALSE,TRUE,TRUE,TRUE,FALSE,TRUE
666,ASV2719,-0.136229269,0.387830025,-0.429768318,-127.316.868.855.171,0.048065799,0.29153326,0.346347086,0.361588583,0.143438533,0.133033446,-0.467285512,111.977.274.002.986,-118.855.610.507.037,-887.605.763.636.831,0.361306125,0.686262292,0.37923333,0.356612204,0.012456206,0.752468621,1,1,1,1,1,FALSE,FALSE,FALSE,FALSE,FALSE,TRUE,TRUE,TRUE,TRUE,TRUE
667,ASV2737,0.01286566,-0.263286598,0.122969408,NA,-0.089933394,0.293197061,0.344229282,0.364366816,NA,0.128855276,0.043880591,-0.764858228,0.337487945,NA,-0.697941106,0.968986662,0.524281558,0.767878034,1,0.557441944,1,1,1,1,1,FALSE,FALSE,FALSE,FALSE,FALSE,TRUE,TRUE,FALSE,FALSE,TRUE
668,ASV2739,-0.869863512,0.729661624,130.838.245.748.879,0.383215944,NA,0.295131952,0.346567864,0.366376274,0.139614816,NA,-294.737.153.049.935,210.539.320.075.877,357.114.406.560.263,274.480.857.481.009,NA,0.208236912,0.282292739,0.173815907,0.222421143,1,1,1,1,1,1,FALSE,FALSE,FALSE,FALSE,FALSE,TRUE,TRUE,TRUE,FALSE,TRUE
669,ASV2751,-0.237270752,-0.335559227,0.275734343,-0.267000929,0.552734047,0.290535978,0.34281996,0.363189314,0.144520652,0.134119402,-0.816665647,-0.978820563,0.759202797,-18.474.932.486.109,412.120.869.535.382,0.473938198,0.399852909,0.502935814,0.161827319,0.025895984,1,1,1,1,1,FALSE,FALSE,FALSE,FALSE,FALSE,TRUE,TRUE,TRUE,TRUE,FALSE
670,ASV2753,NA,NA,NA,NA,NA,NA,NA,NA,NA,NA,NA,NA,NA,NA,NA,1,1,1,1,1,1,1,1,1,1,FALSE,FALSE,FALSE,FALSE,FALSE,TRUE,TRUE,TRUE,FALSE,TRUE
671,ASV2758,NA,NA,NA,NA,NA,NA,NA,NA,NA,NA,NA,NA,NA,NA,NA,1,1,1,1,1,1,1,1,1,1,FALSE,FALSE,FALSE,FALSE,FALSE,TRUE,TRUE,FALSE,FALSE,TRUE
672,ASV2759,0.105309744,0.147891151,-0.557363274,0.040898302,-0.416319361,0.293197061,0.346746432,0.363920835,0.141809334,0.131399324,0.359177351,0.426510953,-153.155.087.655.118,0.288403457,-316.835.237.080.057,0.780476235,0.743346903,0.368242694,0.821247288,0.194631271,1,1,1,1,1,FALSE,FALSE,FALSE,FALSE,FALSE,TRUE,TRUE,TRUE,FALSE,TRUE
673,ASV2771,0.171058537,-0.535078465,0.20882264,NA,-0.003415467,0.294015219,0.345557478,0.364135157,NA,0.130206241,0.581801641,-154.844.996.611.777,0.573475634,NA,-0.026231209,0.619541851,0.261612203,0.624212832,1,0.981454924,1,1,1,1,1,FALSE,FALSE,FALSE,FALSE,FALSE,TRUE,TRUE,FALSE,FALSE,TRUE
674,ASV2797,-177.469.826.971.486,0.520047079,136.838.989.176.862,163.561.349.294.327,0.274033152,0.293197061,0.344229282,0.36392967,0.138722493,0.128306361,-605.291.970.510.736,151.075.782.062.486,376.003.937.768.311,117.905.427.717.479,213.577.213.992.431,0.104234128,0.372237228,0.165481377,0.053865192,0.278774292,1,1,1,1,1,FALSE,FALSE,FALSE,FALSE,FALSE,TRUE,TRUE,TRUE,FALSE,TRUE
675,ASV2826,-0.842778636,105.384.451.878.931,0.591281871,-168.172.006.030.245,0.589255714,0.291761836,0.342843247,0.361588583,0.139179533,0.128764017,-288.858.422.314.129,307.383.775.931.737,16.352.337.933.358,-120.830.988.903.204,457.624.519.563.356,0.101863217,0.091537399,0.243627057,0.00677968,0.044581914,1,1,1,1,1,FALSE,FALSE,FALSE,FALSE,FALSE,TRUE,FALSE,TRUE,TRUE,TRUE
676,ASV2834,-0.244942341,-0.043375906,0.51201334,-0.061998977,NA,0.29558737,0.3474275,0.366236142,0.140504518,NA,-0.828663081,-0.1248488,13.980.415.390.438,-0.44125967,NA,0.559474572,0.920927929,0.395284692,0.735445181,1,1,1,1,1,1,FALSE,FALSE,FALSE,FALSE,FALSE,TRUE,TRUE,TRUE,TRUE,TRUE
677,ASV2854,0.675243848,-151.455.819.096.555,-117.111.975.521.132,-0.14138898,-0.053260449,0.30894736,0.352951345,0.380124988,0.163348103,0.153060607,218.562.751.023.564,-429.112.458.288.939,-30.808.807.441.013,-0.865568551,-0.347969673,0.094150639,0.0127348,0.036899967,0.435553963,0.745403382,1,1,1,1,1,FALSE,FALSE,FALSE,FALSE,FALSE,TRUE,FALSE,FALSE,TRUE,TRUE
678,ASV2896,125.597.473.841.981,-119.044.404.835.722,-0.667542007,NA,-0.484674997,0.293430909,0.344670801,0.363920835,NA,0.128844193,428.030.823.651.361,-345.385.813.287.272,-183.430.554.596.574,NA,-376.171.394.266.031,0.050484422,0.07457249,0.20804611,1,0.063963269,1,1,1,1,1,FALSE,FALSE,FALSE,FALSE,FALSE,TRUE,TRUE,TRUE,FALSE,TRUE
679,ASV2903,-0.209384659,0.630256836,158.191.687.920.267,-152.710.366.101.579,-0.407110594,0.293236601,0.34430395,0.363920835,0.138804251,0.128388221,-0.71404681,183.052.455.738.432,434.687.087.203.488,-110.018.507.865.221,-317.093.413.668.317,0.605237634,0.318304496,0.143950165,0.057706221,0.194482483,1,1,1,1,1,FALSE,FALSE,FALSE,FALSE,FALSE,TRUE,TRUE,TRUE,FALSE,TRUE
680,ASV2929,-0.514729655,-0.020733824,0.505163748,0.596867374,-0.553568497,0.293199114,0.344233158,0.363920835,0.138716215,0.128300075,-175.556.347.419.553,-0.060231919,138.811.438.821.669,430.279.455.059.124,-431.463.891.653.515,0.329628934,0.961701439,0.397433813,0.145374254,0.144988854,1,1,1,1,1,FALSE,FALSE,FALSE,FALSE,FALSE,TRUE,TRUE,TRUE,TRUE,TRUE
681,ASV2934,NA,NA,NA,NA,NA,NA,NA,NA,NA,NA,NA,NA,NA,NA,NA,1,1,1,1,1,1,1,1,1,1,FALSE,FALSE,FALSE,FALSE,FALSE,TRUE,TRUE,FALSE,FALSE,FALSE
682,ASV2936,0.834919978,-149.551.858.452.043,-0.888190258,0.424296227,NA,0.295131952,0.346567864,0.367399665,0.140893891,NA,28.289.718.319.264,-431.522.579.241.878,-2.417.504.265.514,301.145.935.737.565,NA,0.216308372,0.14496981,0.249693562,0.204105739,1,1,1,1,1,1,FALSE,FALSE,FALSE,FALSE,FALSE,TRUE,TRUE,TRUE,FALSE,TRUE
683,ASV2939,-158.595.350.776.642,0.875943016,0.669946875,163.148.385.481.435,NA,0.295132258,0.346570178,0.366238433,0.139441673,NA,-537.370.437.794.948,25.274.621.744.181,182.926.425.451.946,117.001.167.829.366,NA,0.117129642,0.239849073,0.318489004,0.054279489,1,1,1,1,1,1,FALSE,FALSE,FALSE,FALSE,FALSE,TRUE,TRUE,TRUE,TRUE,TRUE
684,ASV2940,-0.238779869,-0.61468848,0.439747525,0.409251207,-0.312502213,0.293197061,0.344795824,0.363920835,0.13941444,0.128999282,-0.814400622,-178.276.080.022.197,120.836.039.622.803,293.550.085.440.823,-242.251.126.086.479,0.564895637,0.325436403,0.440111755,0.209019868,0.249228662,1,1,1,1,1,FALSE,FALSE,FALSE,FALSE,FALSE,TRUE,TRUE,TRUE,TRUE,TRUE
685,ASV2955,NA,NA,NA,NA,NA,NA,NA,NA,NA,NA,NA,NA,NA,NA,NA,1,1,1,1,1,1,1,1,1,1,FALSE,FALSE,FALSE,FALSE,FALSE,TRUE,TRUE,FALSE,FALSE,TRUE
686,ASV2974,NA,NA,NA,NA,NA,NA,NA,NA,NA,NA,NA,NA,NA,NA,NA,1,1,1,1,1,1,1,1,1,1,FALSE,FALSE,FALSE,FALSE,FALSE,TRUE,TRUE,FALSE,FALSE,TRUE
687,ASV2983,0.019804042,-0.342415512,-0.186929405,0.433126109,0.371349722,0.293420624,0.344651387,0.363920835,0.13923553,0.128820096,0.067493694,-0.993512649,-0.513654035,311.074.414.726.303,288.270.023.976.364,0.957097247,0.502071701,0.697916867,0.198009533,0.212572285,1,1,1,1,1,FALSE,FALSE,FALSE,FALSE,FALSE,TRUE,TRUE,TRUE,FALSE,TRUE
688,ASV2991,-0.564442545,-0.321559696,0.52277902,NA,0.204550237,0.293375939,0.344229282,0.364352048,NA,0.128836764,-192.395.650.123.802,-0.934143936,14.348.183.924.309,NA,158.766.977.772.842,0.194256988,0.448844254,0.287797892,1,0.253280387,1,1,1,1,1,FALSE,FALSE,FALSE,FALSE,FALSE,TRUE,TRUE,FALSE,FALSE,TRUE
689,ASV2992,NA,NA,NA,NA,NA,NA,NA,NA,NA,NA,NA,NA,NA,NA,NA,1,1,1,1,1,1,1,1,1,1,FALSE,FALSE,FALSE,FALSE,FALSE,TRUE,TRUE,TRUE,FALSE,TRUE
690,ASV3065,0.803998436,-147.402.761.027.885,0.147922754,0.206968011,-0.789257088,0.294154126,0.346034912,0.363920835,0.14094025,0.130528069,273.325.568.474.557,-425.976.559.286.446,0.406469594,146.848.051.051.337,-604.664.645.919.322,0.223286182,0.14679146,0.754219478,0.380599158,0.104340343,1,1,1,1,1,FALSE,FALSE,FALSE,FALSE,FALSE,TRUE,TRUE,TRUE,TRUE,TRUE
691,ASV3091,-0.022309527,-0.028567769,0.199019164,-0.626180683,0.055525649,0.293235147,0.344311478,0.363961529,0.13881361,0.128397592,-0.076080673,-0.082970714,0.546813739,-451.094.589.478.388,0.432450861,0.951658667,0.947299913,0.681439506,0.138881809,0.740154327,1,1,1,1,1,FALSE,FALSE,FALSE,FALSE,FALSE,TRUE,TRUE,TRUE,TRUE,TRUE
692,ASV3111,-0.851036676,0.475598174,0.60049523,NA,0.54716847,0.291361195,0.342371096,0.361588583,NA,0.128179795,-292.089.918.411.071,138.913.062.356.539,166.071.402.105.698,NA,426.875.757.390.367,0.06145137,0.258948358,0.19535513,1,0.02359349,1,1,1,1,1,FALSE,FALSE,FALSE,FALSE,FALSE,TRUE,TRUE,TRUE,FALSE,FALSE
693,ASV3116,310.201.299.959.098,-326.752.160.433.242,-24.405.923.908.068,-199.185.512.060.871,-0.130182204,0.292284361,0.343828467,0.36191849,0.140793927,0.130381413,106.129.968.314.419,-950.334.809.535.015,-674.348.634.121.609,-141.473.085.464.209,-0.998472111,0.008761669,0.010891954,0.021290535,0.004959208,0.423238265,1,1,1,1,1,FALSE,FALSE,FALSE,FALSE,FALSE,FALSE,FALSE,FALSE,FALSE,TRUE
694,ASV3138,0.378467015,-0.199270861,-0.828406043,NA,0.185952521,0.295131952,0.346567864,0.366258383,NA,0.12905167,128.236.544.063.623,-0.574983667,-226.180.773.372.929,NA,144.091.526.752.178,0.421638035,0.667797794,0.265015365,1,0.386230855,1,1,1,1,1,FALSE,FALSE,FALSE,FALSE,FALSE,TRUE,TRUE,FALSE,FALSE,TRUE
695,ASV3148,-0.648899529,0.379767682,0.38970942,0.223154269,-0.078123457,0.293206309,0.344246746,0.363920835,0.138733117,0.128316998,-221.311.584.707.599,110.318.452.247.877,107.086.317.220.247,160.851.477.333.979,-0.608831706,0.270176768,0.468791764,0.478223911,0.354098516,0.651840218,1,1,1,1,1,FALSE,FALSE,FALSE,FALSE,FALSE,TRUE,TRUE,TRUE,FALSE,TRUE
696,ASV3232,-0.519899332,0.349430743,0.096927338,0.332232062,NA,0.293352147,0.34456393,0.365411907,0.140777243,NA,-177.227.041.431.551,101.412.455.894.555,0.265255006,235.998.415.818.346,NA,0.218356685,0.417251459,0.815651065,0.142222269,1,1,1,1,1,1,FALSE,FALSE,FALSE,FALSE,FALSE,TRUE,TRUE,TRUE,FALSE,TRUE
697,ASV3241,0.178642184,-0.109682864,-0.834302065,0.368572825,0.347899998,0.294068472,0.345873461,0.365548669,0.142735755,0.132328414,0.607484995,-0.317118473,-228.232.827.777.395,258.220.390.637.188,262.906.496.676.028,0.652466081,0.804502411,0.262895382,0.235218844,0.23138868,1,1,1,1,1,FALSE,FALSE,FALSE,FALSE,FALSE,TRUE,TRUE,FALSE,FALSE,TRUE
698,ASV3255,NA,NA,NA,NA,NA,NA,NA,NA,NA,NA,NA,NA,NA,NA,NA,1,1,1,1,1,1,1,1,1,1,FALSE,FALSE,FALSE,FALSE,FALSE,TRUE,TRUE,TRUE,FALSE,TRUE
699,ASV3265,-0.33222337,-0.09943461,0.19846616,100.455.641.176.833,-0.722114853,0.290578916,0.340736463,0.359950654,0.138769102,0.128353028,-114.331.546.965.784,-0.291822627,0.551370467,723.904.959.478.673,-562.600.560.672.113,0.335877097,0.789438382,0.619788944,0.005437106,0.011105939,1,1,1,1,1,FALSE,FALSE,FALSE,FALSE,FALSE,TRUE,TRUE,TRUE,FALSE,FALSE
700,ASV3297,-0.604612336,0.51285686,0.694760808,NA,0.35520142,0.294705798,0.346305963,0.364515839,NA,0.130860531,-205.157.937.017.567,148.093.568.694.773,190.598.249.374.765,NA,27.143.510.519.396,0.176661799,0.276789143,0.196921634,1,0.113151389,1,1,1,1,1,FALSE,FALSE,FALSE,FALSE,FALSE,TRUE,TRUE,TRUE,FALSE,TRUE
701,ASV3323,0.186844093,-0.638962367,-0.495179434,NA,0.095555233,0.295225901,0.346669248,0.366436854,NA,0.129276144,0.632885167,-184.314.694.848.635,-135.133.633.134.276,NA,0.739155966,0.640787635,0.316467327,0.405574951,1,0.594775773,1,1,1,1,1,FALSE,FALSE,FALSE,FALSE,FALSE,TRUE,TRUE,TRUE,TRUE,TRUE
702,ASV3338,NA,NA,NA,NA,NA,NA,NA,NA,NA,NA,NA,NA,NA,NA,NA,1,1,1,1,1,1,1,1,1,1,FALSE,FALSE,FALSE,FALSE,FALSE,TRUE,TRUE,TRUE,FALSE,TRUE
703,ASV3364,0.211653275,-0.394409375,0.148205054,-0.021128659,-0.540700585,0.291248221,0.341873775,0.362171667,0.138709406,0.128293257,0.726710962,-115.366.958.251.635,0.40921217,-0.152323188,-42.145.674.403.985,0.542949878,0.367883456,0.722045611,0.892910631,0.05195009,1,1,1,1,1,FALSE,FALSE,FALSE,FALSE,FALSE,TRUE,TRUE,FALSE,FALSE,TRUE
704,ASV3398,-119.177.986.732.843,144.451.055.894.511,169.684.096.980.493,NA,-0.103220003,0.29519775,0.346692114,0.366236142,NA,0.129178451,-403.722.543.923.888,416.655.153.427.182,463.318.819.604.777,NA,-0.799049705,0.154576341,0.149956584,0.135328346,1,0.570815634,1,1,1,1,1,FALSE,FALSE,FALSE,FALSE,FALSE,TRUE,TRUE,TRUE,FALSE,TRUE
705,ASV3437,-0.189565718,0.451575378,0.171509242,NA,-0.543784415,0.292826745,0.343295057,0.363201784,NA,0.129990599,-0.647364769,131.541.473.943.426,0.472214758,NA,-418.325.956.087.002,0.563518055,0.27987053,0.668998843,1,0.024893839,1,1,1,1,1,FALSE,FALSE,FALSE,FALSE,FALSE,TRUE,TRUE,TRUE,FALSE,FALSE
706,ASV3452,NA,NA,NA,NA,NA,NA,NA,NA,NA,NA,NA,NA,NA,NA,NA,1,1,1,1,1,1,1,1,1,1,FALSE,FALSE,FALSE,FALSE,FALSE,TRUE,TRUE,FALSE,FALSE,TRUE
707,ASV3473,0.921068909,-105.504.912.637.334,-113.165.443.189.237,NA,-0.896867793,0.296501987,0.347658167,0.36677629,NA,0.130376637,310.645.104.897.925,-303.473.131.831.449,-308.540.781.291.125,NA,-687.905.297.415.674,0.198265838,0.202644509,0.199531491,1,0.091900937,1,1,1,1,1,FALSE,FALSE,FALSE,FALSE,FALSE,TRUE,TRUE,TRUE,FALSE,TRUE
708,ASV3501,-0.170759523,-0.638592698,0.042797157,0.298234522,-0.076581178,0.293539668,0.344229282,0.364561204,0.139513741,0.129098743,-0.581725545,-185.513.764.385.658,0.117393614,213.767.131.845.549,-0.593198478,0.664581584,0.314740015,0.925605407,0.278557055,0.659151628,1,1,1,1,1,FALSE,FALSE,FALSE,FALSE,FALSE,TRUE,TRUE,TRUE,FALSE,TRUE
709,ASV3527,141.773.087.852.867,-160.885.291.845.135,-135.143.554.682.469,-0.90245133,-0.228494007,0.293197061,0.344229282,0.36401796,0.138833374,0.128417382,483.541.981.058.231,-467.378.286.730.417,-371.255.184.225.712,-650.024.775.399.183,-17.793.074.726.286,0.129827377,0.134187587,0.167502282,0.097175934,0.325963348,1,1,1,1,1,FALSE,FALSE,FALSE,FALSE,FALSE,TRUE,TRUE,FALSE,FALSE,TRUE
710,ASV3535,NA,NA,NA,NA,NA,NA,NA,NA,NA,NA,NA,NA,NA,NA,NA,1,1,1,1,1,1,1,1,1,1,FALSE,FALSE,FALSE,FALSE,FALSE,TRUE,TRUE,TRUE,FALSE,TRUE
711,ASV3554,-0.688891689,100.321.628.122.133,24.992.583.537.211,-170.391.646.315.227,0.1864059,0.295131952,0.346567864,0.366236142,0.139438793,0.129023674,-233.418.199.720.951,289.471.813.784.847,682.417.180.477.767,-122.198.165.144.786,144.474.184.140.302,1,1,1,1,1,1,1,1,1,1,FALSE,FALSE,FALSE,FALSE,FALSE,TRUE,TRUE,TRUE,FALSE,TRUE
712,ASV3561,NA,NA,NA,NA,NA,NA,NA,NA,NA,NA,NA,NA,NA,NA,NA,1,1,1,1,1,1,1,1,1,1,FALSE,FALSE,FALSE,FALSE,FALSE,TRUE,TRUE,TRUE,FALSE,TRUE
713,ASV3597,-0.257852073,0.231099848,0.976506489,0.034610741,-0.55688796,0.295609786,0.348774375,0.363920835,0.14425949,0.133857275,-0.872271774,0.662605584,268.329.371.176.923,0.239920029,-416.031.148.224.634,0.543363639,0.627459141,0.227102586,0.850095547,0.150173258,1,1,1,1,1,FALSE,FALSE,FALSE,FALSE,FALSE,TRUE,TRUE,TRUE,TRUE,TRUE
714,ASV3598,NA,NA,NA,NA,NA,NA,NA,NA,NA,NA,NA,NA,NA,NA,NA,1,1,1,1,1,1,1,1,1,1,FALSE,FALSE,FALSE,FALSE,FALSE,TRUE,TRUE,FALSE,FALSE,TRUE
715,ASV3702,0.576834151,-0.891461907,-118.676.904.275.505,NA,0.143636809,0.295131952,0.346573866,0.366236142,NA,0.129031154,195.449.576.717.537,-257.221.330.032.471,-324.044.764.251.523,NA,11.131.947.957.218,0.301068257,0.236051118,0.190557681,1,0.465931564,1,1,1,1,1,FALSE,FALSE,FALSE,FALSE,FALSE,TRUE,TRUE,TRUE,FALSE,TRUE
716,ASV3733,-0.500249475,-0.92056127,-0.220113469,0.451440275,NA,0.296208034,0.347729327,0.368531743,0.142296052,NA,-168.884.506.133.709,-264.735.010.136.815,-0.597271398,317.254.252.015.602,NA,0.340340559,0.229926296,0.657237065,0.194389903,1,1,1,1,1,1,FALSE,FALSE,FALSE,FALSE,FALSE,TRUE,TRUE,TRUE,TRUE,TRUE
717,ASV3737,NA,NA,NA,NA,NA,NA,NA,NA,NA,NA,NA,NA,NA,NA,NA,1,1,1,1,1,1,1,1,1,1,FALSE,FALSE,FALSE,FALSE,FALSE,TRUE,TRUE,FALSE,FALSE,TRUE
718,ASV3757,0.139083991,-231.712.953.263.827,-0.191529485,NA,0.255427539,0.295131952,0.346567864,0.386578984,NA,0.152930254,0.471260364,-668.593.304.497.272,-0.495447225,NA,167.022.241.349.967,0.719637293,0.094517147,0.707155694,1,0.343443474,1,1,1,1,1,FALSE,FALSE,FALSE,FALSE,FALSE,TRUE,TRUE,FALSE,FALSE,TRUE
719,ASV3763,NA,NA,NA,NA,NA,NA,NA,NA,NA,NA,NA,NA,NA,NA,NA,1,1,1,1,1,1,1,1,1,1,FALSE,FALSE,FALSE,FALSE,FALSE,TRUE,TRUE,FALSE,FALSE,TRUE
720,ASV3952,-0.706649841,0.504037517,0.733490311,0.010866851,0.134457527,0.295131952,0.346567864,0.366236142,0.139438793,0.129023674,-239.435.221.055.354,145.436.888.470.823,200.277.970.236.308,0.077932769,104.211.516.620.694,1,1,1,1,1,1,1,1,1,1,FALSE,FALSE,FALSE,FALSE,FALSE,TRUE,TRUE,TRUE,FALSE,TRUE
721,ASV3958,NA,NA,NA,NA,NA,NA,NA,NA,NA,NA,NA,NA,NA,NA,NA,1,1,1,1,1,1,1,1,1,1,FALSE,FALSE,FALSE,FALSE,FALSE,TRUE,TRUE,FALSE,FALSE,TRUE
722,ASV3973,-0.648202474,-0.130119134,0.421405439,0.425573249,NA,0.297691326,0.345881426,0.367454521,0.143085364,NA,-217.743.150.753.452,-0.376195783,11.468.233.875.349,297.426.121.672.488,NA,0.16135987,0.742929333,0.370143784,0.096891962,1,1,1,1,1,1,FALSE,FALSE,FALSE,FALSE,FALSE,TRUE,TRUE,TRUE,TRUE,TRUE
723,ASV3995,NA,NA,NA,NA,NA,NA,NA,NA,NA,NA,NA,NA,NA,NA,NA,1,1,1,1,1,1,1,1,1,1,FALSE,FALSE,FALSE,FALSE,FALSE,TRUE,TRUE,TRUE,FALSE,TRUE
724,ASV4053,0.168321155,-0.376320913,-0.213250113,-0.395049754,0.026130593,0.295131952,0.346567864,0.366236142,0.139438793,0.129023674,0.570325083,-108.585.057.028.287,-0.582274901,-283.314.095.091.863,0.202525573,1,1,1,1,1,1,1,1,1,1,FALSE,FALSE,FALSE,FALSE,FALSE,TRUE,TRUE,TRUE,FALSE,TRUE
725,ASV4072,NA,NA,NA,NA,NA,NA,NA,NA,NA,NA,NA,NA,NA,NA,NA,1,1,1,1,1,1,1,1,1,1,FALSE,FALSE,FALSE,FALSE,FALSE,TRUE,TRUE,FALSE,FALSE,TRUE
726,ASV4167,0.384466847,-0.326169125,-0.888159644,-109.254.600.740.838,NA,0.297419489,0.348561464,0.366818823,0.14400406,NA,129.267.536.538.987,-0.935757846,-24.212.488.218.496,-758.691.116.689.509,NA,0.325321746,0.448181811,0.136503486,0.016932808,1,1,1,1,1,1,FALSE,FALSE,FALSE,FALSE,FALSE,TRUE,TRUE,TRUE,TRUE,TRUE
727,ASV4463,-0.907150599,-0.766881995,154.784.757.389.542,142.017.402.901.093,-0.583296319,0.291304958,0.34198092,0.362900984,0.139749011,0.12933441,-311.409.254.802.519,-224.247.012.318.892,426.520.632.977.528,101.623.190.038.274,-450.998.553.338.515,0.089492255,0.154156494,0.05081572,0.009544687,0.045812197,1,1,1,1,1,FALSE,FALSE,FALSE,FALSE,FALSE,TRUE,TRUE,FALSE,FALSE,FALSE
728,ASV4655,NA,NA,NA,NA,NA,NA,NA,NA,NA,NA,NA,NA,NA,NA,NA,1,1,1,1,1,1,1,1,1,1,FALSE,FALSE,FALSE,FALSE,FALSE,FALSE,TRUE,TRUE,TRUE,TRUE
729,ASV4749,NA,NA,NA,NA,NA,NA,NA,NA,NA,NA,NA,NA,NA,NA,NA,1,1,1,1,1,1,1,1,1,1,FALSE,FALSE,FALSE,FALSE,FALSE,TRUE,TRUE,FALSE,FALSE,TRUE
730,ASV4889,-0.0652563,-0.775013425,0.16204118,NA,0.17163652,0.289556509,0.339671145,0.362214374,NA,0.130516959,-0.225366371,-228.165.811.379.236,0.447362645,NA,131.505.148.190.183,0.83274019,0.084631649,0.677769882,1,0.258814184,1,1,1,1,1,FALSE,FALSE,FALSE,FALSE,FALSE,TRUE,TRUE,FALSE,FALSE,TRUE
731,ASV4976,-0.349338751,0.594024025,0.06974086,NA,-0.576221016,0.295170189,0.346640071,0.366236142,NA,0.12911364,-118.351.637.124.473,17.136.623.120.642,0.190425936,NA,-446.289.806.791.127,0.446619945,0.336283422,0.880205341,1,0.140329297,1,1,1,1,1,FALSE,FALSE,FALSE,FALSE,FALSE,TRUE,TRUE,TRUE,FALSE,TRUE
732,ASV5116,NA,NA,NA,NA,NA,NA,NA,NA,NA,NA,NA,NA,NA,NA,NA,1,1,1,1,1,1,1,1,1,1,FALSE,FALSE,FALSE,FALSE,FALSE,TRUE,TRUE,TRUE,FALSE,TRUE
733,ASV5119,0.165384492,-0.395396288,-0.550002932,0.3431511,-0.34356522,0.291205965,0.341663855,0.359972536,0.14031815,0.129904622,0.567929618,-115.726.695.397.311,-152.790.248.435.646,244.552.184.747.785,-264.474.978.076.407,0.609808957,0.330938421,0.223992061,0.092045906,0.077340586,1,1,1,1,1,FALSE,FALSE,FALSE,FALSE,FALSE,TRUE,TRUE,TRUE,FALSE,TRUE
734,ASV5526,-0.086262051,-0.616927014,0.59221339,NA,-0.396161302,0.295249679,0.346567864,0.366456218,NA,0.12930048,-0.292166453,-178.010.450.089.194,161.605.496.182.786,NA,-306.388.114.855.571,0.819037869,0.325841591,0.352764915,1,0.200842489,1,1,1,1,1,FALSE,FALSE,FALSE,FALSE,FALSE,TRUE,TRUE,FALSE,FALSE,TRUE
735,ASV6884,-123.994.336.159.928,11.867.554.747.619,0.849348872,NA,0.729663351,0.295182488,0.346567864,0.36633062,NA,0.129142565,-42.005.993.310.645,342.430.905.706.796,231.853.092.915.542,NA,565.006.084.256.141,0.148785064,0.180881924,0.259232261,1,0.111519962,1,1,1,1,1,FALSE,FALSE,FALSE,FALSE,FALSE,TRUE,TRUE,FALSE,FALSE,TRUE
736,ASV7427,0.926465,-143.163.565.354.897,-0.617647954,NA,-0.638373768,0.295873576,0.34796732,0.366236142,NA,0.130758156,313.128.672.112.809,-411.428.192.416.719,-168.647.460.937.791,NA,-488.209.520.207.344,0.196791933,0.151790731,0.340732711,1,0.128619816,1,1,1,1,1,FALSE,FALSE,FALSE,FALSE,FALSE,TRUE,TRUE,TRUE,FALSE,TRUE
737,ASV7852,NA,NA,NA,NA,NA,NA,NA,NA,NA,NA,NA,NA,NA,NA,NA,1,1,1,1,1,1,1,1,1,1,FALSE,FALSE,FALSE,FALSE,FALSE,TRUE,TRUE,TRUE,FALSE,TRUE
