,taxon,structural_zero (Plant.condition = Diseased),structural_zero (Plant.condition = Healthy)
1,ASV5,FALSE,FALSE
2,ASV6,FALSE,FALSE
3,ASV7,FALSE,FALSE
4,ASV8,FALSE,FALSE
5,ASV9,FALSE,FALSE
6,ASV10,FALSE,FALSE
7,ASV11,FALSE,FALSE
8,ASV14,FALSE,FALSE
9,ASV15,FALSE,FALSE
10,ASV17,FALSE,FALSE
11,ASV20,FALSE,FALSE
12,ASV21,FALSE,FALSE
13,ASV23,FALSE,FALSE
14,ASV24,FALSE,FALSE
15,ASV25,FALSE,FALSE
16,ASV26,FALSE,FALSE
17,ASV27,FALSE,FALSE
18,ASV28,FALSE,FALSE
19,ASV30,FALSE,FALSE
20,ASV31,FALSE,FALSE
21,ASV32,FALSE,FALSE
22,ASV33,FALSE,FALSE
23,ASV34,FALSE,FALSE
24,ASV36,FALSE,FALSE
25,ASV38,FALSE,FALSE
26,ASV39,FALSE,FALSE
27,ASV40,FALSE,FALSE
28,ASV41,FALSE,FALSE
29,ASV42,FALSE,FALSE
30,ASV43,FALSE,FALSE
31,ASV45,FALSE,FALSE
32,ASV46,FALSE,FALSE
33,ASV47,FALSE,FALSE
34,ASV48,FALSE,FALSE
35,ASV49,FALSE,FALSE
36,ASV50,FALSE,FALSE
37,ASV51,FALSE,FALSE
38,ASV52,FALSE,FALSE
39,ASV53,FALSE,FALSE
40,ASV54,FALSE,FALSE
41,ASV55,FALSE,FALSE
42,ASV56,FALSE,FALSE
43,ASV58,FALSE,FALSE
44,ASV59,FALSE,FALSE
45,ASV60,FALSE,FALSE
46,ASV61,FALSE,FALSE
47,ASV62,FALSE,FALSE
48,ASV63,FALSE,FALSE
49,ASV65,FALSE,FALSE
50,ASV66,FALSE,FALSE
51,ASV67,FALSE,FALSE
52,ASV68,FALSE,FALSE
53,ASV71,FALSE,FALSE
54,ASV72,FALSE,FALSE
55,ASV75,FALSE,FALSE
56,ASV76,FALSE,FALSE
57,ASV77,FALSE,FALSE
58,ASV79,FALSE,FALSE
59,ASV80,FALSE,FALSE
60,ASV82,FALSE,FALSE
61,ASV83,FALSE,FALSE
62,ASV88,FALSE,FALSE
63,ASV89,FALSE,FALSE
64,ASV91,FALSE,FALSE
65,ASV92,FALSE,FALSE
66,ASV93,FALSE,FALSE
67,ASV94,FALSE,FALSE
68,ASV97,FALSE,FALSE
69,ASV99,FALSE,FALSE
70,ASV100,FALSE,FALSE
71,ASV103,FALSE,FALSE
72,ASV104,FALSE,FALSE
73,ASV108,FALSE,FALSE
74,ASV109,FALSE,FALSE
75,ASV110,FALSE,FALSE
76,ASV111,FALSE,FALSE
77,ASV114,FALSE,FALSE
78,ASV115,FALSE,FALSE
79,ASV117,FALSE,FALSE
80,ASV120,FALSE,FALSE
81,ASV121,FALSE,FALSE
82,ASV122,FALSE,FALSE
83,ASV123,FALSE,FALSE
84,ASV124,FALSE,FALSE
85,ASV125,FALSE,FALSE
86,ASV126,FALSE,FALSE
87,ASV129,FALSE,FALSE
88,ASV130,FALSE,FALSE
89,ASV131,FALSE,FALSE
90,ASV133,FALSE,FALSE
91,ASV135,FALSE,FALSE
92,ASV136,FALSE,FALSE
93,ASV138,FALSE,FALSE
94,ASV139,FALSE,FALSE
95,ASV140,FALSE,FALSE
96,ASV141,FALSE,FALSE
97,ASV143,FALSE,FALSE
98,ASV144,FALSE,FALSE
99,ASV145,FALSE,FALSE
100,ASV146,FALSE,FALSE
101,ASV147,FALSE,FALSE
102,ASV148,FALSE,FALSE
103,ASV149,FALSE,FALSE
104,ASV150,FALSE,FALSE
105,ASV152,FALSE,FALSE
106,ASV153,FALSE,FALSE
107,ASV154,FALSE,FALSE
108,ASV156,FALSE,FALSE
109,ASV157,FALSE,FALSE
110,ASV158,FALSE,FALSE
111,ASV159,FALSE,FALSE
112,ASV161,FALSE,FALSE
113,ASV162,FALSE,FALSE
114,ASV163,FALSE,FALSE
115,ASV164,FALSE,FALSE
116,ASV165,FALSE,FALSE
117,ASV166,FALSE,FALSE
118,ASV170,FALSE,FALSE
119,ASV171,FALSE,FALSE
120,ASV172,FALSE,FALSE
121,ASV173,FALSE,FALSE
122,ASV174,FALSE,FALSE
123,ASV177,FALSE,FALSE
124,ASV179,FALSE,FALSE
125,ASV182,FALSE,FALSE
126,ASV183,FALSE,FALSE
127,ASV185,FALSE,FALSE
128,ASV186,FALSE,FALSE
129,ASV187,FALSE,FALSE
130,ASV188,FALSE,FALSE
131,ASV189,FALSE,FALSE
132,ASV190,FALSE,FALSE
133,ASV191,FALSE,FALSE
134,ASV193,FALSE,FALSE
135,ASV194,FALSE,FALSE
136,ASV196,FALSE,FALSE
137,ASV197,FALSE,FALSE
138,ASV198,FALSE,FALSE
139,ASV199,FALSE,FALSE
140,ASV200,FALSE,FALSE
141,ASV201,FALSE,FALSE
142,ASV203,FALSE,FALSE
143,ASV204,FALSE,FALSE
144,ASV205,FALSE,FALSE
145,ASV207,FALSE,FALSE
146,ASV209,FALSE,FALSE
147,ASV211,FALSE,FALSE
148,ASV214,FALSE,FALSE
149,ASV215,FALSE,FALSE
150,ASV218,FALSE,FALSE
151,ASV219,FALSE,FALSE
152,ASV220,FALSE,FALSE
153,ASV221,FALSE,FALSE
154,ASV222,FALSE,FALSE
155,ASV223,FALSE,FALSE
156,ASV224,FALSE,FALSE
157,ASV226,FALSE,FALSE
158,ASV228,FALSE,FALSE
159,ASV229,FALSE,FALSE
160,ASV230,FALSE,FALSE
161,ASV232,FALSE,FALSE
162,ASV233,FALSE,FALSE
163,ASV235,FALSE,FALSE
164,ASV241,FALSE,FALSE
165,ASV242,FALSE,FALSE
166,ASV243,FALSE,FALSE
167,ASV244,FALSE,FALSE
168,ASV245,FALSE,FALSE
169,ASV246,FALSE,FALSE
170,ASV247,FALSE,FALSE
171,ASV248,FALSE,FALSE
172,ASV249,FALSE,FALSE
173,ASV250,FALSE,FALSE
174,ASV253,FALSE,FALSE
175,ASV254,FALSE,FALSE
176,ASV255,FALSE,FALSE
177,ASV256,FALSE,FALSE
178,ASV257,FALSE,FALSE
179,ASV259,FALSE,FALSE
180,ASV260,FALSE,FALSE
181,ASV261,FALSE,FALSE
182,ASV262,FALSE,FALSE
183,ASV263,FALSE,FALSE
184,ASV264,FALSE,FALSE
185,ASV265,FALSE,FALSE
186,ASV266,FALSE,FALSE
187,ASV267,FALSE,FALSE
188,ASV268,FALSE,FALSE
189,ASV269,FALSE,FALSE
190,ASV270,FALSE,FALSE
191,ASV271,FALSE,FALSE
192,ASV272,FALSE,FALSE
193,ASV275,FALSE,FALSE
194,ASV277,FALSE,FALSE
195,ASV278,FALSE,FALSE
196,ASV279,FALSE,FALSE
197,ASV280,FALSE,FALSE
198,ASV281,FALSE,FALSE
199,ASV282,FALSE,FALSE
200,ASV283,FALSE,FALSE
201,ASV284,FALSE,FALSE
202,ASV285,FALSE,FALSE
203,ASV286,FALSE,FALSE
204,ASV287,FALSE,FALSE
205,ASV288,FALSE,FALSE
206,ASV291,FALSE,FALSE
207,ASV292,FALSE,FALSE
208,ASV293,FALSE,FALSE
209,ASV294,FALSE,FALSE
210,ASV295,FALSE,FALSE
211,ASV296,FALSE,FALSE
212,ASV297,FALSE,FALSE
213,ASV298,FALSE,FALSE
214,ASV300,FALSE,FALSE
215,ASV301,FALSE,FALSE
216,ASV302,FALSE,FALSE
217,ASV303,FALSE,FALSE
218,ASV304,FALSE,FALSE
219,ASV305,FALSE,FALSE
220,ASV306,FALSE,FALSE
221,ASV307,FALSE,FALSE
222,ASV308,FALSE,FALSE
223,ASV309,FALSE,FALSE
224,ASV310,FALSE,TRUE
225,ASV311,FALSE,FALSE
226,ASV314,FALSE,FALSE
227,ASV316,FALSE,FALSE
228,ASV317,FALSE,FALSE
229,ASV318,FALSE,FALSE
230,ASV319,FALSE,FALSE
231,ASV320,FALSE,FALSE
232,ASV321,FALSE,FALSE
233,ASV322,FALSE,FALSE
234,ASV323,FALSE,FALSE
235,ASV324,FALSE,FALSE
236,ASV325,FALSE,FALSE
237,ASV326,FALSE,FALSE
238,ASV327,FALSE,FALSE
239,ASV328,FALSE,FALSE
240,ASV330,FALSE,FALSE
241,ASV331,FALSE,FALSE
242,ASV332,FALSE,FALSE
243,ASV333,FALSE,FALSE
244,ASV334,FALSE,FALSE
245,ASV335,FALSE,FALSE
246,ASV336,FALSE,FALSE
247,ASV338,FALSE,FALSE
248,ASV339,FALSE,FALSE
249,ASV340,TRUE,FALSE
250,ASV341,FALSE,FALSE
251,ASV342,FALSE,FALSE
252,ASV344,FALSE,FALSE
253,ASV345,FALSE,FALSE
254,ASV348,FALSE,FALSE
255,ASV349,FALSE,FALSE
256,ASV351,FALSE,FALSE
257,ASV352,FALSE,FALSE
258,ASV353,FALSE,FALSE
259,ASV354,FALSE,FALSE
260,ASV355,FALSE,FALSE
261,ASV357,FALSE,FALSE
262,ASV359,FALSE,FALSE
263,ASV360,FALSE,FALSE
264,ASV361,FALSE,FALSE
265,ASV362,FALSE,FALSE
266,ASV363,FALSE,FALSE
267,ASV364,FALSE,FALSE
268,ASV365,FALSE,FALSE
269,ASV368,FALSE,FALSE
270,ASV370,FALSE,FALSE
271,ASV371,FALSE,FALSE
272,ASV372,FALSE,FALSE
273,ASV373,FALSE,FALSE
274,ASV375,FALSE,FALSE
275,ASV377,FALSE,FALSE
276,ASV378,FALSE,FALSE
277,ASV379,FALSE,FALSE
278,ASV380,FALSE,FALSE
279,ASV381,FALSE,FALSE
280,ASV382,FALSE,FALSE
281,ASV383,FALSE,FALSE
282,ASV385,FALSE,FALSE
283,ASV386,FALSE,FALSE
284,ASV387,FALSE,FALSE
285,ASV388,FALSE,FALSE
286,ASV389,FALSE,FALSE
287,ASV390,FALSE,FALSE
288,ASV391,FALSE,FALSE
289,ASV392,FALSE,FALSE
290,ASV393,FALSE,FALSE
291,ASV394,FALSE,FALSE
292,ASV395,FALSE,FALSE
293,ASV396,FALSE,FALSE
294,ASV397,FALSE,FALSE
295,ASV398,FALSE,FALSE
296,ASV399,FALSE,FALSE
297,ASV400,TRUE,FALSE
298,ASV401,FALSE,FALSE
299,ASV402,FALSE,FALSE
300,ASV404,FALSE,FALSE
301,ASV405,FALSE,FALSE
302,ASV406,FALSE,FALSE
303,ASV408,FALSE,FALSE
304,ASV410,FALSE,FALSE
305,ASV411,FALSE,FALSE
306,ASV412,FALSE,FALSE
307,ASV413,FALSE,FALSE
308,ASV415,FALSE,FALSE
309,ASV416,FALSE,FALSE
310,ASV417,FALSE,FALSE
311,ASV418,FALSE,FALSE
312,ASV419,FALSE,FALSE
313,ASV420,FALSE,FALSE
314,ASV421,FALSE,FALSE
315,ASV423,FALSE,FALSE
316,ASV424,FALSE,FALSE
317,ASV425,FALSE,FALSE
318,ASV426,FALSE,FALSE
319,ASV428,FALSE,FALSE
320,ASV429,FALSE,FALSE
321,ASV431,FALSE,FALSE
322,ASV432,FALSE,FALSE
323,ASV433,FALSE,FALSE
324,ASV434,FALSE,FALSE
325,ASV436,FALSE,FALSE
326,ASV437,FALSE,FALSE
327,ASV439,FALSE,FALSE
328,ASV440,FALSE,FALSE
329,ASV442,FALSE,FALSE
330,ASV443,FALSE,FALSE
331,ASV444,FALSE,FALSE
332,ASV445,FALSE,FALSE
333,ASV446,FALSE,FALSE
334,ASV447,FALSE,FALSE
335,ASV448,FALSE,FALSE
336,ASV449,FALSE,FALSE
337,ASV451,FALSE,FALSE
338,ASV453,FALSE,FALSE
339,ASV454,FALSE,FALSE
340,ASV456,FALSE,FALSE
341,ASV457,FALSE,FALSE
342,ASV458,FALSE,FALSE
343,ASV459,FALSE,FALSE
344,ASV460,FALSE,FALSE
345,ASV461,FALSE,FALSE
346,ASV465,FALSE,FALSE
347,ASV467,FALSE,FALSE
348,ASV470,FALSE,FALSE
349,ASV472,FALSE,FALSE
350,ASV473,FALSE,FALSE
351,ASV474,FALSE,FALSE
352,ASV475,FALSE,FALSE
353,ASV476,FALSE,FALSE
354,ASV477,FALSE,FALSE
355,ASV480,FALSE,FALSE
356,ASV481,FALSE,FALSE
357,ASV483,FALSE,FALSE
358,ASV484,FALSE,FALSE
359,ASV485,TRUE,FALSE
360,ASV486,FALSE,FALSE
361,ASV487,FALSE,FALSE
362,ASV488,FALSE,FALSE
363,ASV489,FALSE,FALSE
364,ASV490,FALSE,FALSE
365,ASV491,FALSE,FALSE
366,ASV492,FALSE,FALSE
367,ASV493,FALSE,FALSE
368,ASV494,FALSE,FALSE
369,ASV495,FALSE,FALSE
370,ASV497,FALSE,FALSE
371,ASV498,FALSE,FALSE
372,ASV500,FALSE,FALSE
373,ASV501,FALSE,FALSE
374,ASV502,FALSE,FALSE
375,ASV503,FALSE,FALSE
376,ASV504,FALSE,FALSE
377,ASV505,FALSE,FALSE
378,ASV506,FALSE,FALSE
379,ASV507,FALSE,FALSE
380,ASV508,FALSE,FALSE
381,ASV509,FALSE,FALSE
382,ASV510,FALSE,FALSE
383,ASV511,FALSE,FALSE
384,ASV513,FALSE,FALSE
385,ASV514,FALSE,FALSE
386,ASV515,FALSE,FALSE
387,ASV518,FALSE,FALSE
388,ASV519,FALSE,FALSE
389,ASV520,FALSE,FALSE
390,ASV521,FALSE,FALSE
391,ASV522,FALSE,FALSE
392,ASV524,FALSE,FALSE
393,ASV526,FALSE,FALSE
394,ASV528,FALSE,FALSE
395,ASV531,FALSE,FALSE
396,ASV532,FALSE,FALSE
397,ASV533,FALSE,FALSE
398,ASV534,FALSE,FALSE
399,ASV535,FALSE,FALSE
400,ASV536,FALSE,FALSE
401,ASV537,FALSE,FALSE
402,ASV538,FALSE,FALSE
403,ASV539,FALSE,FALSE
404,ASV540,FALSE,FALSE
405,ASV541,FALSE,FALSE
406,ASV542,FALSE,FALSE
407,ASV543,FALSE,FALSE
408,ASV544,FALSE,FALSE
409,ASV545,FALSE,FALSE
410,ASV546,FALSE,FALSE
411,ASV547,FALSE,FALSE
412,ASV548,FALSE,FALSE
413,ASV549,FALSE,FALSE
414,ASV551,FALSE,FALSE
415,ASV553,FALSE,FALSE
416,ASV554,FALSE,FALSE
417,ASV555,FALSE,FALSE
418,ASV557,FALSE,FALSE
419,ASV558,FALSE,FALSE
420,ASV559,FALSE,FALSE
421,ASV560,FALSE,FALSE
422,ASV561,FALSE,FALSE
423,ASV562,FALSE,FALSE
424,ASV563,FALSE,FALSE
425,ASV564,FALSE,FALSE
426,ASV565,FALSE,FALSE
427,ASV566,FALSE,FALSE
428,ASV567,FALSE,FALSE
429,ASV568,TRUE,FALSE
430,ASV569,FALSE,FALSE
431,ASV570,FALSE,FALSE
432,ASV571,FALSE,FALSE
433,ASV572,FALSE,FALSE
434,ASV573,FALSE,FALSE
435,ASV575,FALSE,FALSE
436,ASV576,FALSE,FALSE
437,ASV577,FALSE,FALSE
438,ASV578,FALSE,FALSE
439,ASV579,FALSE,FALSE
440,ASV580,FALSE,FALSE
441,ASV581,FALSE,FALSE
442,ASV582,FALSE,FALSE
443,ASV583,FALSE,FALSE
444,ASV584,FALSE,FALSE
445,ASV585,FALSE,FALSE
446,ASV586,FALSE,FALSE
447,ASV587,FALSE,FALSE
448,ASV588,FALSE,FALSE
449,ASV590,FALSE,FALSE
450,ASV591,FALSE,FALSE
451,ASV592,FALSE,FALSE
452,ASV593,FALSE,FALSE
453,ASV594,FALSE,FALSE
454,ASV595,FALSE,FALSE
455,ASV596,FALSE,FALSE
456,ASV598,FALSE,FALSE
457,ASV599,FALSE,FALSE
458,ASV600,FALSE,FALSE
459,ASV601,FALSE,FALSE
460,ASV602,FALSE,FALSE
461,ASV603,FALSE,FALSE
462,ASV604,FALSE,FALSE
463,ASV605,FALSE,FALSE
464,ASV606,FALSE,FALSE
465,ASV608,FALSE,FALSE
466,ASV610,FALSE,FALSE
467,ASV611,FALSE,FALSE
468,ASV612,FALSE,FALSE
469,ASV613,FALSE,FALSE
470,ASV614,FALSE,FALSE
471,ASV615,FALSE,FALSE
472,ASV616,FALSE,FALSE
473,ASV617,FALSE,FALSE
474,ASV618,FALSE,FALSE
475,ASV619,FALSE,FALSE
476,ASV620,FALSE,FALSE
477,ASV621,FALSE,FALSE
478,ASV622,FALSE,FALSE
479,ASV623,FALSE,FALSE
480,ASV624,FALSE,FALSE
481,ASV626,FALSE,FALSE
482,ASV627,FALSE,FALSE
483,ASV628,FALSE,FALSE
484,ASV629,FALSE,FALSE
485,ASV630,FALSE,FALSE
486,ASV631,FALSE,FALSE
487,ASV632,FALSE,FALSE
488,ASV633,FALSE,FALSE
489,ASV634,FALSE,FALSE
490,ASV635,FALSE,FALSE
491,ASV637,FALSE,FALSE
492,ASV638,FALSE,FALSE
493,ASV641,FALSE,FALSE
494,ASV642,FALSE,FALSE
495,ASV644,FALSE,FALSE
496,ASV645,FALSE,FALSE
497,ASV646,FALSE,FALSE
498,ASV648,FALSE,FALSE
499,ASV651,FALSE,FALSE
500,ASV652,FALSE,FALSE
501,ASV653,FALSE,FALSE
502,ASV654,FALSE,FALSE
503,ASV655,FALSE,FALSE
504,ASV657,FALSE,FALSE
505,ASV658,FALSE,FALSE
506,ASV659,FALSE,FALSE
507,ASV660,FALSE,FALSE
508,ASV661,FALSE,FALSE
509,ASV662,FALSE,FALSE
510,ASV663,FALSE,FALSE
511,ASV664,FALSE,FALSE
512,ASV667,FALSE,FALSE
513,ASV669,FALSE,FALSE
514,ASV670,FALSE,FALSE
515,ASV671,FALSE,FALSE
516,ASV672,FALSE,FALSE
517,ASV673,FALSE,FALSE
518,ASV674,FALSE,FALSE
519,ASV675,FALSE,FALSE
520,ASV676,FALSE,FALSE
521,ASV677,FALSE,FALSE
522,ASV678,TRUE,FALSE
523,ASV679,FALSE,FALSE
524,ASV680,FALSE,FALSE
525,ASV681,FALSE,FALSE
526,ASV682,FALSE,FALSE
527,ASV683,FALSE,FALSE
528,ASV684,FALSE,FALSE
529,ASV685,FALSE,FALSE
530,ASV687,FALSE,FALSE
531,ASV689,FALSE,FALSE
532,ASV690,FALSE,FALSE
533,ASV691,FALSE,FALSE
534,ASV692,FALSE,FALSE
535,ASV693,FALSE,FALSE
536,ASV694,FALSE,FALSE
537,ASV695,FALSE,FALSE
538,ASV696,FALSE,FALSE
539,ASV697,FALSE,FALSE
540,ASV699,FALSE,FALSE
541,ASV700,FALSE,FALSE
542,ASV701,FALSE,FALSE
543,ASV703,FALSE,FALSE
544,ASV704,FALSE,FALSE
545,ASV705,FALSE,FALSE
546,ASV706,FALSE,FALSE
547,ASV707,FALSE,FALSE
548,ASV709,FALSE,FALSE
549,ASV710,FALSE,FALSE
550,ASV711,FALSE,FALSE
551,ASV713,FALSE,FALSE
552,ASV714,FALSE,FALSE
553,ASV715,FALSE,FALSE
554,ASV716,FALSE,FALSE
555,ASV719,FALSE,FALSE
556,ASV720,FALSE,FALSE
557,ASV721,FALSE,FALSE
558,ASV722,FALSE,FALSE
559,ASV723,FALSE,FALSE
560,ASV724,FALSE,FALSE
561,ASV725,FALSE,FALSE
562,ASV726,FALSE,FALSE
563,ASV727,FALSE,FALSE
564,ASV728,FALSE,FALSE
565,ASV729,FALSE,FALSE
566,ASV730,FALSE,FALSE
567,ASV731,FALSE,FALSE
568,ASV732,FALSE,FALSE
569,ASV733,FALSE,FALSE
570,ASV734,FALSE,FALSE
571,ASV736,FALSE,FALSE
572,ASV738,FALSE,FALSE
573,ASV739,FALSE,FALSE
574,ASV740,FALSE,FALSE
575,ASV741,FALSE,FALSE
576,ASV742,FALSE,FALSE
577,ASV744,FALSE,FALSE
578,ASV745,FALSE,FALSE
579,ASV746,FALSE,FALSE
580,ASV747,FALSE,FALSE
581,ASV748,FALSE,FALSE
582,ASV749,FALSE,FALSE
583,ASV750,FALSE,FALSE
584,ASV751,FALSE,FALSE
585,ASV752,FALSE,FALSE
586,ASV753,FALSE,FALSE
587,ASV754,FALSE,FALSE
588,ASV755,FALSE,FALSE
589,ASV756,FALSE,FALSE
590,ASV757,FALSE,FALSE
591,ASV758,FALSE,FALSE
592,ASV759,FALSE,FALSE
593,ASV760,FALSE,FALSE
594,ASV761,FALSE,FALSE
595,ASV763,FALSE,FALSE
596,ASV764,FALSE,FALSE
597,ASV765,FALSE,FALSE
598,ASV767,FALSE,FALSE
599,ASV768,FALSE,FALSE
600,ASV769,FALSE,FALSE
601,ASV770,FALSE,FALSE
602,ASV772,FALSE,FALSE
603,ASV773,FALSE,FALSE
604,ASV774,FALSE,FALSE
605,ASV775,FALSE,FALSE
606,ASV777,FALSE,FALSE
607,ASV778,FALSE,FALSE
608,ASV779,TRUE,FALSE
609,ASV780,FALSE,FALSE
610,ASV781,FALSE,FALSE
611,ASV782,FALSE,FALSE
612,ASV784,FALSE,FALSE
613,ASV785,FALSE,FALSE
614,ASV786,FALSE,FALSE
615,ASV787,FALSE,FALSE
616,ASV788,FALSE,FALSE
617,ASV789,FALSE,FALSE
618,ASV790,FALSE,FALSE
619,ASV792,FALSE,FALSE
620,ASV793,FALSE,FALSE
621,ASV794,FALSE,FALSE
622,ASV796,FALSE,FALSE
623,ASV797,FALSE,FALSE
624,ASV798,FALSE,FALSE
625,ASV799,FALSE,FALSE
626,ASV800,FALSE,FALSE
627,ASV801,FALSE,FALSE
628,ASV802,FALSE,FALSE
629,ASV803,FALSE,FALSE
630,ASV804,FALSE,FALSE
631,ASV805,FALSE,FALSE
632,ASV806,FALSE,FALSE
633,ASV807,FALSE,FALSE
634,ASV808,FALSE,FALSE
635,ASV809,FALSE,FALSE
636,ASV810,FALSE,FALSE
637,ASV811,FALSE,FALSE
638,ASV812,FALSE,FALSE
639,ASV813,FALSE,FALSE
640,ASV814,FALSE,FALSE
641,ASV815,FALSE,FALSE
642,ASV816,FALSE,FALSE
643,ASV817,FALSE,FALSE
644,ASV818,FALSE,FALSE
645,ASV819,FALSE,FALSE
646,ASV820,FALSE,FALSE
647,ASV821,FALSE,FALSE
648,ASV822,FALSE,FALSE
649,ASV823,FALSE,FALSE
650,ASV824,FALSE,FALSE
651,ASV825,FALSE,FALSE
652,ASV826,FALSE,FALSE
653,ASV827,FALSE,FALSE
654,ASV828,FALSE,FALSE
655,ASV829,FALSE,FALSE
656,ASV830,FALSE,FALSE
657,ASV831,FALSE,FALSE
658,ASV832,FALSE,FALSE
659,ASV833,FALSE,FALSE
660,ASV834,FALSE,FALSE
661,ASV835,FALSE,FALSE
662,ASV836,FALSE,FALSE
663,ASV837,FALSE,FALSE
664,ASV839,FALSE,FALSE
665,ASV840,FALSE,FALSE
666,ASV841,FALSE,FALSE
667,ASV842,FALSE,FALSE
668,ASV844,FALSE,FALSE
669,ASV846,FALSE,FALSE
670,ASV847,FALSE,FALSE
671,ASV851,FALSE,FALSE
672,ASV852,FALSE,FALSE
673,ASV853,FALSE,FALSE
674,ASV855,FALSE,FALSE
675,ASV856,FALSE,FALSE
676,ASV857,FALSE,FALSE
677,ASV860,FALSE,FALSE
678,ASV861,FALSE,FALSE
679,ASV862,FALSE,FALSE
680,ASV863,FALSE,FALSE
681,ASV864,FALSE,FALSE
682,ASV866,FALSE,FALSE
683,ASV867,FALSE,FALSE
684,ASV868,FALSE,FALSE
685,ASV869,FALSE,FALSE
686,ASV870,FALSE,FALSE
687,ASV871,FALSE,FALSE
688,ASV872,FALSE,FALSE
689,ASV873,FALSE,FALSE
690,ASV874,FALSE,FALSE
691,ASV875,FALSE,FALSE
692,ASV876,FALSE,FALSE
693,ASV877,FALSE,FALSE
694,ASV878,FALSE,FALSE
695,ASV879,FALSE,FALSE
696,ASV880,FALSE,FALSE
697,ASV881,FALSE,FALSE
698,ASV882,FALSE,FALSE
699,ASV883,FALSE,FALSE
700,ASV884,FALSE,FALSE
701,ASV885,FALSE,FALSE
702,ASV886,FALSE,FALSE
703,ASV887,FALSE,FALSE
704,ASV888,FALSE,FALSE
705,ASV890,FALSE,FALSE
706,ASV891,FALSE,FALSE
707,ASV892,FALSE,FALSE
708,ASV893,FALSE,FALSE
709,ASV894,FALSE,FALSE
710,ASV895,FALSE,FALSE
711,ASV898,FALSE,FALSE
712,ASV899,FALSE,FALSE
713,ASV900,FALSE,FALSE
714,ASV902,FALSE,FALSE
715,ASV903,FALSE,FALSE
716,ASV904,FALSE,FALSE
717,ASV905,FALSE,FALSE
718,ASV906,FALSE,FALSE
719,ASV907,FALSE,FALSE
720,ASV908,FALSE,FALSE
721,ASV909,FALSE,FALSE
722,ASV910,FALSE,FALSE
723,ASV911,FALSE,FALSE
724,ASV912,FALSE,FALSE
725,ASV914,FALSE,FALSE
726,ASV915,FALSE,FALSE
727,ASV917,FALSE,FALSE
728,ASV918,FALSE,FALSE
729,ASV919,FALSE,FALSE
730,ASV920,FALSE,FALSE
731,ASV921,FALSE,FALSE
732,ASV922,FALSE,FALSE
733,ASV923,FALSE,FALSE
734,ASV924,FALSE,FALSE
735,ASV925,FALSE,FALSE
736,ASV926,FALSE,FALSE
737,ASV927,FALSE,FALSE
738,ASV930,FALSE,FALSE
739,ASV931,FALSE,FALSE
740,ASV932,FALSE,FALSE
741,ASV933,FALSE,FALSE
742,ASV934,FALSE,FALSE
743,ASV936,FALSE,FALSE
744,ASV938,FALSE,FALSE
745,ASV940,FALSE,FALSE
746,ASV941,FALSE,FALSE
747,ASV942,FALSE,FALSE
748,ASV943,FALSE,FALSE
749,ASV944,FALSE,FALSE
750,ASV945,FALSE,FALSE
751,ASV946,FALSE,FALSE
752,ASV947,FALSE,FALSE
753,ASV948,FALSE,FALSE
754,ASV951,FALSE,FALSE
755,ASV953,FALSE,FALSE
756,ASV954,FALSE,FALSE
757,ASV955,FALSE,FALSE
758,ASV957,FALSE,FALSE
759,ASV958,FALSE,FALSE
760,ASV959,FALSE,FALSE
761,ASV960,FALSE,FALSE
762,ASV961,FALSE,FALSE
763,ASV962,FALSE,FALSE
764,ASV963,FALSE,FALSE
765,ASV964,FALSE,FALSE
766,ASV965,FALSE,FALSE
767,ASV966,FALSE,FALSE
768,ASV967,FALSE,FALSE
769,ASV968,FALSE,FALSE
770,ASV969,FALSE,FALSE
771,ASV970,FALSE,FALSE
772,ASV971,FALSE,FALSE
773,ASV972,FALSE,FALSE
774,ASV973,FALSE,FALSE
775,ASV974,FALSE,FALSE
776,ASV975,FALSE,FALSE
777,ASV976,FALSE,FALSE
778,ASV977,FALSE,FALSE
779,ASV978,FALSE,FALSE
780,ASV979,FALSE,FALSE
781,ASV981,FALSE,FALSE
782,ASV982,FALSE,FALSE
783,ASV983,FALSE,FALSE
784,ASV984,FALSE,TRUE
785,ASV985,FALSE,FALSE
786,ASV986,FALSE,FALSE
787,ASV987,FALSE,FALSE
788,ASV988,FALSE,FALSE
789,ASV989,FALSE,FALSE
790,ASV990,FALSE,FALSE
791,ASV991,FALSE,FALSE
792,ASV992,FALSE,FALSE
793,ASV993,FALSE,FALSE
794,ASV994,FALSE,FALSE
795,ASV995,FALSE,FALSE
796,ASV996,FALSE,FALSE
797,ASV997,FALSE,FALSE
798,ASV998,FALSE,FALSE
799,ASV999,TRUE,FALSE
800,ASV1000,FALSE,FALSE
801,ASV1001,FALSE,FALSE
802,ASV1002,FALSE,FALSE
803,ASV1003,FALSE,FALSE
804,ASV1004,FALSE,FALSE
805,ASV1006,FALSE,FALSE
806,ASV1008,FALSE,FALSE
807,ASV1009,FALSE,FALSE
808,ASV1010,FALSE,FALSE
809,ASV1011,FALSE,FALSE
810,ASV1012,FALSE,FALSE
811,ASV1013,FALSE,FALSE
812,ASV1015,FALSE,FALSE
813,ASV1018,FALSE,FALSE
814,ASV1019,FALSE,FALSE
815,ASV1020,FALSE,FALSE
816,ASV1021,FALSE,FALSE
817,ASV1022,FALSE,FALSE
818,ASV1023,FALSE,FALSE
819,ASV1024,FALSE,FALSE
820,ASV1025,FALSE,FALSE
821,ASV1026,FALSE,FALSE
822,ASV1027,FALSE,FALSE
823,ASV1028,FALSE,FALSE
824,ASV1029,FALSE,FALSE
825,ASV1030,FALSE,FALSE
826,ASV1031,FALSE,FALSE
827,ASV1032,FALSE,FALSE
828,ASV1033,FALSE,FALSE
829,ASV1035,FALSE,FALSE
830,ASV1036,FALSE,FALSE
831,ASV1037,FALSE,FALSE
832,ASV1038,FALSE,FALSE
833,ASV1040,FALSE,TRUE
834,ASV1041,FALSE,FALSE
835,ASV1042,FALSE,FALSE
836,ASV1043,FALSE,FALSE
837,ASV1044,FALSE,FALSE
838,ASV1045,FALSE,FALSE
839,ASV1046,FALSE,FALSE
840,ASV1047,TRUE,FALSE
841,ASV1049,FALSE,FALSE
842,ASV1050,FALSE,FALSE
843,ASV1051,FALSE,FALSE
844,ASV1052,FALSE,FALSE
845,ASV1054,FALSE,FALSE
846,ASV1055,FALSE,FALSE
847,ASV1056,FALSE,FALSE
848,ASV1057,FALSE,FALSE
849,ASV1059,FALSE,FALSE
850,ASV1060,FALSE,FALSE
851,ASV1061,FALSE,FALSE
852,ASV1062,FALSE,FALSE
853,ASV1063,FALSE,FALSE
854,ASV1065,FALSE,FALSE
855,ASV1066,FALSE,FALSE
856,ASV1067,FALSE,FALSE
857,ASV1068,FALSE,FALSE
858,ASV1069,FALSE,FALSE
859,ASV1070,FALSE,FALSE
860,ASV1071,FALSE,FALSE
861,ASV1072,FALSE,FALSE
862,ASV1073,FALSE,FALSE
863,ASV1074,FALSE,FALSE
864,ASV1075,FALSE,FALSE
865,ASV1076,FALSE,FALSE
866,ASV1077,FALSE,FALSE
867,ASV1078,FALSE,FALSE
868,ASV1079,FALSE,FALSE
869,ASV1080,FALSE,FALSE
870,ASV1081,FALSE,FALSE
871,ASV1083,FALSE,FALSE
872,ASV1084,FALSE,FALSE
873,ASV1085,FALSE,FALSE
874,ASV1086,FALSE,FALSE
875,ASV1087,FALSE,FALSE
876,ASV1090,FALSE,FALSE
877,ASV1091,FALSE,FALSE
878,ASV1092,FALSE,FALSE
879,ASV1094,FALSE,FALSE
880,ASV1096,FALSE,FALSE
881,ASV1097,FALSE,FALSE
882,ASV1098,FALSE,TRUE
883,ASV1099,FALSE,FALSE
884,ASV1101,FALSE,FALSE
885,ASV1102,FALSE,FALSE
886,ASV1104,FALSE,FALSE
887,ASV1105,FALSE,FALSE
888,ASV1106,FALSE,FALSE
889,ASV1108,FALSE,FALSE
890,ASV1109,FALSE,FALSE
891,ASV1110,FALSE,FALSE
892,ASV1111,FALSE,FALSE
893,ASV1112,FALSE,FALSE
894,ASV1113,FALSE,FALSE
895,ASV1114,FALSE,FALSE
896,ASV1115,FALSE,FALSE
897,ASV1116,FALSE,FALSE
898,ASV1117,FALSE,FALSE
899,ASV1118,FALSE,FALSE
900,ASV1119,FALSE,FALSE
901,ASV1120,FALSE,FALSE
902,ASV1122,FALSE,FALSE
903,ASV1123,FALSE,FALSE
904,ASV1124,FALSE,FALSE
905,ASV1125,FALSE,FALSE
906,ASV1127,FALSE,FALSE
907,ASV1128,FALSE,FALSE
908,ASV1130,FALSE,FALSE
909,ASV1131,FALSE,FALSE
910,ASV1133,FALSE,FALSE
911,ASV1135,FALSE,FALSE
912,ASV1136,FALSE,FALSE
913,ASV1138,FALSE,FALSE
914,ASV1139,FALSE,FALSE
915,ASV1141,FALSE,FALSE
916,ASV1142,FALSE,FALSE
917,ASV1143,FALSE,FALSE
918,ASV1144,TRUE,FALSE
919,ASV1145,FALSE,FALSE
920,ASV1146,FALSE,FALSE
921,ASV1147,FALSE,FALSE
922,ASV1148,FALSE,FALSE
923,ASV1149,FALSE,FALSE
924,ASV1150,FALSE,FALSE
925,ASV1151,FALSE,FALSE
926,ASV1152,FALSE,FALSE
927,ASV1153,FALSE,FALSE
928,ASV1154,FALSE,FALSE
929,ASV1155,FALSE,FALSE
930,ASV1156,FALSE,FALSE
931,ASV1157,FALSE,FALSE
932,ASV1158,FALSE,FALSE
933,ASV1160,FALSE,FALSE
934,ASV1162,FALSE,FALSE
935,ASV1163,FALSE,FALSE
936,ASV1164,FALSE,FALSE
937,ASV1165,FALSE,FALSE
938,ASV1166,FALSE,FALSE
939,ASV1167,FALSE,FALSE
940,ASV1169,FALSE,FALSE
941,ASV1170,FALSE,FALSE
942,ASV1171,FALSE,FALSE
943,ASV1172,FALSE,FALSE
944,ASV1174,FALSE,FALSE
945,ASV1175,FALSE,FALSE
946,ASV1176,FALSE,FALSE
947,ASV1177,FALSE,FALSE
948,ASV1178,FALSE,FALSE
949,ASV1179,FALSE,FALSE
950,ASV1180,FALSE,FALSE
951,ASV1181,FALSE,FALSE
952,ASV1182,FALSE,FALSE
953,ASV1183,FALSE,TRUE
954,ASV1184,FALSE,FALSE
955,ASV1186,FALSE,FALSE
956,ASV1187,FALSE,FALSE
957,ASV1188,FALSE,FALSE
958,ASV1189,FALSE,FALSE
959,ASV1190,FALSE,FALSE
960,ASV1191,FALSE,FALSE
961,ASV1192,FALSE,FALSE
962,ASV1194,FALSE,FALSE
963,ASV1197,FALSE,FALSE
964,ASV1198,FALSE,FALSE
965,ASV1199,FALSE,TRUE
966,ASV1200,FALSE,FALSE
967,ASV1201,FALSE,FALSE
968,ASV1203,FALSE,FALSE
969,ASV1204,FALSE,FALSE
970,ASV1205,FALSE,FALSE
971,ASV1206,TRUE,FALSE
972,ASV1207,FALSE,FALSE
973,ASV1209,FALSE,FALSE
974,ASV1210,FALSE,FALSE
975,ASV1212,FALSE,FALSE
976,ASV1213,FALSE,FALSE
977,ASV1214,FALSE,FALSE
978,ASV1215,FALSE,FALSE
979,ASV1216,FALSE,FALSE
980,ASV1217,FALSE,FALSE
981,ASV1218,FALSE,FALSE
982,ASV1219,FALSE,FALSE
983,ASV1220,FALSE,FALSE
984,ASV1221,FALSE,FALSE
985,ASV1222,FALSE,FALSE
986,ASV1223,FALSE,FALSE
987,ASV1224,FALSE,FALSE
988,ASV1225,FALSE,FALSE
989,ASV1226,FALSE,FALSE
990,ASV1227,FALSE,FALSE
991,ASV1229,FALSE,FALSE
992,ASV1232,FALSE,FALSE
993,ASV1233,FALSE,FALSE
994,ASV1234,FALSE,FALSE
995,ASV1235,FALSE,FALSE
996,ASV1236,FALSE,FALSE
997,ASV1237,FALSE,FALSE
998,ASV1238,FALSE,FALSE
999,ASV1239,FALSE,FALSE
1000,ASV1240,FALSE,FALSE
1001,ASV1241,FALSE,FALSE
1002,ASV1243,FALSE,FALSE
1003,ASV1244,FALSE,FALSE
1004,ASV1245,FALSE,FALSE
1005,ASV1246,FALSE,FALSE
1006,ASV1247,FALSE,FALSE
1007,ASV1248,TRUE,FALSE
1008,ASV1249,FALSE,FALSE
1009,ASV1250,FALSE,FALSE
1010,ASV1251,FALSE,FALSE
1011,ASV1252,FALSE,FALSE
1012,ASV1253,FALSE,FALSE
1013,ASV1254,FALSE,FALSE
1014,ASV1255,FALSE,FALSE
1015,ASV1256,FALSE,FALSE
1016,ASV1257,FALSE,FALSE
1017,ASV1258,FALSE,FALSE
1018,ASV1259,FALSE,FALSE
1019,ASV1260,FALSE,FALSE
1020,ASV1261,FALSE,FALSE
1021,ASV1262,FALSE,FALSE
1022,ASV1263,FALSE,FALSE
1023,ASV1264,FALSE,FALSE
1024,ASV1265,FALSE,FALSE
1025,ASV1266,FALSE,FALSE
1026,ASV1267,FALSE,FALSE
1027,ASV1268,FALSE,FALSE
1028,ASV1269,FALSE,FALSE
1029,ASV1270,FALSE,FALSE
1030,ASV1271,FALSE,FALSE
1031,ASV1272,FALSE,FALSE
1032,ASV1273,FALSE,FALSE
1033,ASV1274,FALSE,FALSE
1034,ASV1275,FALSE,FALSE
1035,ASV1276,FALSE,FALSE
1036,ASV1278,FALSE,FALSE
1037,ASV1279,FALSE,FALSE
1038,ASV1281,FALSE,FALSE
1039,ASV1282,FALSE,FALSE
1040,ASV1283,FALSE,FALSE
1041,ASV1284,FALSE,FALSE
1042,ASV1285,FALSE,FALSE
1043,ASV1286,FALSE,FALSE
1044,ASV1288,FALSE,FALSE
1045,ASV1289,FALSE,FALSE
1046,ASV1290,FALSE,FALSE
1047,ASV1291,FALSE,FALSE
1048,ASV1292,FALSE,FALSE
1049,ASV1294,FALSE,FALSE
1050,ASV1295,FALSE,FALSE
1051,ASV1296,TRUE,FALSE
1052,ASV1297,FALSE,TRUE
1053,ASV1298,FALSE,FALSE
1054,ASV1299,FALSE,FALSE
1055,ASV1300,FALSE,FALSE
1056,ASV1301,FALSE,FALSE
1057,ASV1302,FALSE,FALSE
1058,ASV1303,FALSE,FALSE
1059,ASV1304,FALSE,FALSE
1060,ASV1305,FALSE,FALSE
1061,ASV1306,FALSE,FALSE
1062,ASV1308,FALSE,FALSE
1063,ASV1311,FALSE,FALSE
1064,ASV1312,FALSE,FALSE
1065,ASV1313,FALSE,FALSE
1066,ASV1315,FALSE,FALSE
1067,ASV1316,FALSE,FALSE
1068,ASV1317,FALSE,FALSE
1069,ASV1319,FALSE,FALSE
1070,ASV1320,FALSE,TRUE
1071,ASV1321,FALSE,TRUE
1072,ASV1322,FALSE,FALSE
1073,ASV1324,FALSE,FALSE
1074,ASV1326,FALSE,FALSE
1075,ASV1327,FALSE,FALSE
1076,ASV1328,FALSE,FALSE
1077,ASV1329,FALSE,FALSE
1078,ASV1331,FALSE,FALSE
1079,ASV1332,FALSE,FALSE
1080,ASV1334,FALSE,FALSE
1081,ASV1335,FALSE,FALSE
1082,ASV1338,TRUE,FALSE
1083,ASV1340,FALSE,FALSE
1084,ASV1341,FALSE,FALSE
1085,ASV1343,FALSE,TRUE
1086,ASV1344,FALSE,FALSE
1087,ASV1345,FALSE,FALSE
1088,ASV1346,FALSE,FALSE
1089,ASV1347,FALSE,TRUE
1090,ASV1348,FALSE,FALSE
1091,ASV1349,FALSE,FALSE
1092,ASV1350,FALSE,FALSE
1093,ASV1351,FALSE,FALSE
1094,ASV1354,FALSE,FALSE
1095,ASV1355,FALSE,FALSE
1096,ASV1356,FALSE,FALSE
1097,ASV1357,FALSE,FALSE
1098,ASV1358,FALSE,FALSE
1099,ASV1360,FALSE,FALSE
1100,ASV1361,FALSE,FALSE
1101,ASV1362,FALSE,FALSE
1102,ASV1364,FALSE,FALSE
1103,ASV1365,FALSE,FALSE
1104,ASV1366,FALSE,FALSE
1105,ASV1367,FALSE,FALSE
1106,ASV1368,FALSE,FALSE
1107,ASV1369,FALSE,FALSE
1108,ASV1370,FALSE,FALSE
1109,ASV1371,FALSE,FALSE
1110,ASV1372,FALSE,FALSE
1111,ASV1374,FALSE,TRUE
1112,ASV1375,FALSE,FALSE
1113,ASV1376,FALSE,FALSE
1114,ASV1377,FALSE,FALSE
1115,ASV1378,FALSE,FALSE
1116,ASV1380,FALSE,FALSE
1117,ASV1381,FALSE,FALSE
1118,ASV1382,FALSE,FALSE
1119,ASV1384,FALSE,FALSE
1120,ASV1385,FALSE,FALSE
1121,ASV1386,TRUE,FALSE
1122,ASV1388,FALSE,FALSE
1123,ASV1389,FALSE,FALSE
1124,ASV1390,FALSE,FALSE
1125,ASV1391,FALSE,FALSE
1126,ASV1392,FALSE,FALSE
1127,ASV1393,TRUE,FALSE
1128,ASV1394,FALSE,FALSE
1129,ASV1395,FALSE,FALSE
1130,ASV1396,FALSE,FALSE
1131,ASV1397,FALSE,FALSE
1132,ASV1398,FALSE,FALSE
1133,ASV1399,FALSE,FALSE
1134,ASV1400,FALSE,FALSE
1135,ASV1401,FALSE,FALSE
1136,ASV1402,FALSE,FALSE
1137,ASV1403,FALSE,FALSE
1138,ASV1404,FALSE,FALSE
1139,ASV1405,FALSE,FALSE
1140,ASV1407,FALSE,FALSE
1141,ASV1408,FALSE,FALSE
1142,ASV1409,FALSE,FALSE
1143,ASV1410,FALSE,FALSE
1144,ASV1412,FALSE,FALSE
1145,ASV1413,FALSE,FALSE
1146,ASV1414,FALSE,FALSE
1147,ASV1415,FALSE,FALSE
1148,ASV1419,FALSE,FALSE
1149,ASV1421,FALSE,FALSE
1150,ASV1422,FALSE,FALSE
1151,ASV1423,FALSE,FALSE
1152,ASV1424,FALSE,FALSE
1153,ASV1425,FALSE,FALSE
1154,ASV1426,FALSE,FALSE
1155,ASV1427,FALSE,FALSE
1156,ASV1429,FALSE,FALSE
1157,ASV1430,FALSE,FALSE
1158,ASV1431,FALSE,FALSE
1159,ASV1432,FALSE,FALSE
1160,ASV1433,FALSE,FALSE
1161,ASV1434,FALSE,FALSE
1162,ASV1436,FALSE,FALSE
1163,ASV1437,TRUE,FALSE
1164,ASV1438,FALSE,FALSE
1165,ASV1440,FALSE,FALSE
1166,ASV1441,FALSE,FALSE
1167,ASV1442,FALSE,FALSE
1168,ASV1443,FALSE,FALSE
1169,ASV1445,FALSE,FALSE
1170,ASV1446,FALSE,FALSE
1171,ASV1447,FALSE,FALSE
1172,ASV1449,FALSE,FALSE
1173,ASV1450,FALSE,FALSE
1174,ASV1451,FALSE,FALSE
1175,ASV1454,FALSE,FALSE
1176,ASV1455,FALSE,FALSE
1177,ASV1456,FALSE,FALSE
1178,ASV1457,FALSE,FALSE
1179,ASV1458,FALSE,FALSE
1180,ASV1459,FALSE,FALSE
1181,ASV1460,FALSE,FALSE
1182,ASV1461,FALSE,FALSE
1183,ASV1462,FALSE,FALSE
1184,ASV1463,FALSE,FALSE
1185,ASV1464,FALSE,FALSE
1186,ASV1465,TRUE,FALSE
1187,ASV1467,FALSE,FALSE
1188,ASV1468,FALSE,FALSE
1189,ASV1469,FALSE,FALSE
1190,ASV1471,FALSE,FALSE
1191,ASV1472,FALSE,FALSE
1192,ASV1473,FALSE,FALSE
1193,ASV1474,FALSE,FALSE
1194,ASV1475,FALSE,FALSE
1195,ASV1476,FALSE,FALSE
1196,ASV1477,FALSE,FALSE
1197,ASV1479,FALSE,FALSE
1198,ASV1481,TRUE,FALSE
1199,ASV1482,FALSE,FALSE
1200,ASV1483,FALSE,FALSE
1201,ASV1485,FALSE,FALSE
1202,ASV1486,FALSE,FALSE
1203,ASV1487,FALSE,FALSE
1204,ASV1488,FALSE,FALSE
1205,ASV1489,FALSE,FALSE
1206,ASV1490,FALSE,FALSE
1207,ASV1491,FALSE,TRUE
1208,ASV1492,TRUE,FALSE
1209,ASV1493,FALSE,FALSE
1210,ASV1494,FALSE,FALSE
1211,ASV1496,FALSE,FALSE
1212,ASV1497,FALSE,FALSE
1213,ASV1498,FALSE,TRUE
1214,ASV1500,FALSE,FALSE
1215,ASV1501,FALSE,FALSE
1216,ASV1502,FALSE,FALSE
1217,ASV1505,FALSE,FALSE
1218,ASV1507,FALSE,FALSE
1219,ASV1508,FALSE,FALSE
1220,ASV1510,FALSE,FALSE
1221,ASV1511,FALSE,FALSE
1222,ASV1512,FALSE,FALSE
1223,ASV1513,FALSE,FALSE
1224,ASV1514,FALSE,FALSE
1225,ASV1516,FALSE,FALSE
1226,ASV1517,FALSE,FALSE
1227,ASV1518,FALSE,FALSE
1228,ASV1519,FALSE,FALSE
1229,ASV1520,FALSE,FALSE
1230,ASV1521,FALSE,FALSE
1231,ASV1522,FALSE,FALSE
1232,ASV1523,FALSE,FALSE
1233,ASV1524,FALSE,FALSE
1234,ASV1526,FALSE,FALSE
1235,ASV1527,FALSE,FALSE
1236,ASV1528,TRUE,FALSE
1237,ASV1530,FALSE,FALSE
1238,ASV1531,FALSE,FALSE
1239,ASV1532,FALSE,FALSE
1240,ASV1534,FALSE,FALSE
1241,ASV1535,FALSE,FALSE
1242,ASV1536,FALSE,FALSE
1243,ASV1537,FALSE,FALSE
1244,ASV1538,FALSE,FALSE
1245,ASV1539,FALSE,FALSE
1246,ASV1540,FALSE,FALSE
1247,ASV1541,FALSE,FALSE
1248,ASV1542,FALSE,FALSE
1249,ASV1543,FALSE,FALSE
1250,ASV1544,FALSE,FALSE
1251,ASV1545,FALSE,FALSE
1252,ASV1546,TRUE,FALSE
1253,ASV1547,FALSE,FALSE
1254,ASV1548,TRUE,FALSE
1255,ASV1550,FALSE,FALSE
1256,ASV1551,FALSE,FALSE
1257,ASV1552,FALSE,FALSE
1258,ASV1553,FALSE,FALSE
1259,ASV1554,FALSE,FALSE
1260,ASV1555,FALSE,FALSE
1261,ASV1556,FALSE,FALSE
1262,ASV1557,FALSE,FALSE
1263,ASV1558,TRUE,FALSE
1264,ASV1559,FALSE,FALSE
1265,ASV1560,FALSE,FALSE
1266,ASV1561,FALSE,FALSE
1267,ASV1562,FALSE,FALSE
1268,ASV1563,FALSE,FALSE
1269,ASV1564,FALSE,FALSE
1270,ASV1565,FALSE,FALSE
1271,ASV1568,FALSE,FALSE
1272,ASV1569,FALSE,FALSE
1273,ASV1571,FALSE,FALSE
1274,ASV1572,FALSE,FALSE
1275,ASV1573,FALSE,FALSE
1276,ASV1574,FALSE,FALSE
1277,ASV1576,FALSE,FALSE
1278,ASV1577,FALSE,FALSE
1279,ASV1578,TRUE,FALSE
1280,ASV1579,FALSE,FALSE
1281,ASV1580,FALSE,FALSE
1282,ASV1581,FALSE,FALSE
1283,ASV1582,FALSE,FALSE
1284,ASV1584,FALSE,FALSE
1285,ASV1585,FALSE,FALSE
1286,ASV1586,FALSE,FALSE
1287,ASV1587,FALSE,FALSE
1288,ASV1588,FALSE,FALSE
1289,ASV1589,FALSE,FALSE
1290,ASV1590,FALSE,FALSE
1291,ASV1592,FALSE,FALSE
1292,ASV1593,FALSE,FALSE
1293,ASV1594,FALSE,FALSE
1294,ASV1595,FALSE,FALSE
1295,ASV1596,FALSE,FALSE
1296,ASV1597,FALSE,FALSE
1297,ASV1598,FALSE,FALSE
1298,ASV1599,FALSE,FALSE
1299,ASV1601,FALSE,FALSE
1300,ASV1602,FALSE,FALSE
1301,ASV1604,FALSE,FALSE
1302,ASV1605,FALSE,FALSE
1303,ASV1608,FALSE,FALSE
1304,ASV1609,FALSE,FALSE
1305,ASV1610,FALSE,FALSE
1306,ASV1611,FALSE,FALSE
1307,ASV1612,FALSE,FALSE
1308,ASV1613,TRUE,FALSE
1309,ASV1614,FALSE,TRUE
1310,ASV1617,FALSE,FALSE
1311,ASV1618,FALSE,FALSE
1312,ASV1619,FALSE,FALSE
1313,ASV1620,FALSE,TRUE
1314,ASV1621,FALSE,FALSE
1315,ASV1622,FALSE,FALSE
1316,ASV1623,FALSE,FALSE
1317,ASV1624,FALSE,FALSE
1318,ASV1625,FALSE,FALSE
1319,ASV1626,FALSE,FALSE
1320,ASV1630,FALSE,FALSE
1321,ASV1632,FALSE,FALSE
1322,ASV1633,FALSE,TRUE
1323,ASV1634,FALSE,FALSE
1324,ASV1635,FALSE,FALSE
1325,ASV1636,FALSE,FALSE
1326,ASV1637,FALSE,FALSE
1327,ASV1639,FALSE,FALSE
1328,ASV1640,FALSE,FALSE
1329,ASV1641,FALSE,FALSE
1330,ASV1642,FALSE,FALSE
1331,ASV1643,FALSE,FALSE
1332,ASV1646,FALSE,FALSE
1333,ASV1647,FALSE,FALSE
1334,ASV1648,FALSE,FALSE
1335,ASV1649,FALSE,FALSE
1336,ASV1650,FALSE,FALSE
1337,ASV1651,FALSE,FALSE
1338,ASV1652,FALSE,TRUE
1339,ASV1653,FALSE,FALSE
1340,ASV1654,TRUE,FALSE
1341,ASV1655,FALSE,FALSE
1342,ASV1656,FALSE,FALSE
1343,ASV1657,FALSE,FALSE
1344,ASV1658,FALSE,FALSE
1345,ASV1659,FALSE,FALSE
1346,ASV1660,FALSE,FALSE
1347,ASV1661,FALSE,FALSE
1348,ASV1662,FALSE,FALSE
1349,ASV1663,FALSE,FALSE
1350,ASV1665,FALSE,FALSE
1351,ASV1668,FALSE,FALSE
1352,ASV1669,FALSE,FALSE
1353,ASV1670,FALSE,FALSE
1354,ASV1671,FALSE,FALSE
1355,ASV1672,FALSE,FALSE
1356,ASV1673,FALSE,FALSE
1357,ASV1674,FALSE,FALSE
1358,ASV1675,FALSE,FALSE
1359,ASV1676,FALSE,FALSE
1360,ASV1677,FALSE,FALSE
1361,ASV1678,FALSE,FALSE
1362,ASV1679,FALSE,FALSE
1363,ASV1681,FALSE,FALSE
1364,ASV1682,FALSE,FALSE
1365,ASV1683,FALSE,FALSE
1366,ASV1684,FALSE,FALSE
1367,ASV1685,FALSE,FALSE
1368,ASV1686,FALSE,FALSE
1369,ASV1687,FALSE,FALSE
1370,ASV1688,FALSE,FALSE
1371,ASV1689,FALSE,FALSE
1372,ASV1690,FALSE,FALSE
1373,ASV1691,FALSE,FALSE
1374,ASV1692,FALSE,FALSE
1375,ASV1693,FALSE,FALSE
1376,ASV1694,FALSE,FALSE
1377,ASV1695,FALSE,FALSE
1378,ASV1696,FALSE,FALSE
1379,ASV1697,FALSE,FALSE
1380,ASV1698,FALSE,FALSE
1381,ASV1699,FALSE,FALSE
1382,ASV1700,FALSE,FALSE
1383,ASV1701,FALSE,FALSE
1384,ASV1702,FALSE,FALSE
1385,ASV1703,FALSE,FALSE
1386,ASV1705,FALSE,FALSE
1387,ASV1706,FALSE,FALSE
1388,ASV1707,FALSE,TRUE
1389,ASV1708,FALSE,FALSE
1390,ASV1709,FALSE,FALSE
1391,ASV1710,TRUE,FALSE
1392,ASV1711,FALSE,FALSE
1393,ASV1712,FALSE,FALSE
1394,ASV1713,FALSE,FALSE
1395,ASV1715,FALSE,FALSE
1396,ASV1716,FALSE,FALSE
1397,ASV1717,FALSE,FALSE
1398,ASV1718,FALSE,FALSE
1399,ASV1719,FALSE,FALSE
1400,ASV1720,FALSE,FALSE
1401,ASV1723,FALSE,FALSE
1402,ASV1724,TRUE,FALSE
1403,ASV1725,FALSE,FALSE
1404,ASV1726,FALSE,FALSE
1405,ASV1727,FALSE,FALSE
1406,ASV1728,FALSE,FALSE
1407,ASV1729,FALSE,FALSE
1408,ASV1730,FALSE,FALSE
1409,ASV1731,FALSE,FALSE
1410,ASV1732,FALSE,FALSE
1411,ASV1733,FALSE,FALSE
1412,ASV1734,FALSE,FALSE
1413,ASV1735,FALSE,FALSE
1414,ASV1736,FALSE,FALSE
1415,ASV1737,FALSE,FALSE
1416,ASV1739,FALSE,FALSE
1417,ASV1740,FALSE,FALSE
1418,ASV1741,FALSE,FALSE
1419,ASV1742,FALSE,FALSE
1420,ASV1743,FALSE,FALSE
1421,ASV1744,FALSE,FALSE
1422,ASV1745,FALSE,FALSE
1423,ASV1746,FALSE,FALSE
1424,ASV1747,FALSE,FALSE
1425,ASV1748,FALSE,FALSE
1426,ASV1749,TRUE,FALSE
1427,ASV1750,FALSE,FALSE
1428,ASV1751,FALSE,FALSE
1429,ASV1753,FALSE,FALSE
1430,ASV1754,FALSE,FALSE
1431,ASV1755,FALSE,FALSE
1432,ASV1756,FALSE,FALSE
1433,ASV1757,FALSE,FALSE
1434,ASV1758,FALSE,TRUE
1435,ASV1759,FALSE,FALSE
1436,ASV1761,FALSE,FALSE
1437,ASV1763,FALSE,FALSE
1438,ASV1764,FALSE,FALSE
1439,ASV1765,TRUE,FALSE
1440,ASV1766,FALSE,FALSE
1441,ASV1767,FALSE,FALSE
1442,ASV1768,FALSE,FALSE
1443,ASV1770,FALSE,FALSE
1444,ASV1771,FALSE,FALSE
1445,ASV1773,FALSE,FALSE
1446,ASV1774,FALSE,FALSE
1447,ASV1775,FALSE,FALSE
1448,ASV1776,FALSE,FALSE
1449,ASV1777,FALSE,FALSE
1450,ASV1779,FALSE,FALSE
1451,ASV1780,FALSE,FALSE
1452,ASV1781,FALSE,FALSE
1453,ASV1782,FALSE,FALSE
1454,ASV1783,TRUE,FALSE
1455,ASV1786,FALSE,FALSE
1456,ASV1789,FALSE,FALSE
1457,ASV1790,FALSE,TRUE
1458,ASV1792,FALSE,TRUE
1459,ASV1793,FALSE,FALSE
1460,ASV1794,FALSE,FALSE
1461,ASV1795,FALSE,FALSE
1462,ASV1796,TRUE,FALSE
1463,ASV1797,FALSE,FALSE
1464,ASV1799,FALSE,FALSE
1465,ASV1801,FALSE,FALSE
1466,ASV1802,FALSE,FALSE
1467,ASV1803,FALSE,FALSE
1468,ASV1806,FALSE,FALSE
1469,ASV1807,FALSE,FALSE
1470,ASV1808,FALSE,FALSE
1471,ASV1809,FALSE,FALSE
1472,ASV1810,FALSE,FALSE
1473,ASV1811,FALSE,FALSE
1474,ASV1812,FALSE,FALSE
1475,ASV1813,FALSE,FALSE
1476,ASV1814,TRUE,FALSE
1477,ASV1815,FALSE,TRUE
1478,ASV1816,FALSE,FALSE
1479,ASV1818,FALSE,FALSE
1480,ASV1819,TRUE,FALSE
1481,ASV1820,FALSE,FALSE
1482,ASV1822,FALSE,FALSE
1483,ASV1823,FALSE,FALSE
1484,ASV1824,FALSE,FALSE
1485,ASV1825,FALSE,FALSE
1486,ASV1826,FALSE,FALSE
1487,ASV1827,FALSE,FALSE
1488,ASV1828,FALSE,FALSE
1489,ASV1829,FALSE,FALSE
1490,ASV1830,FALSE,FALSE
1491,ASV1831,FALSE,FALSE
1492,ASV1832,FALSE,TRUE
1493,ASV1833,FALSE,FALSE
1494,ASV1834,FALSE,FALSE
1495,ASV1835,FALSE,FALSE
1496,ASV1836,FALSE,FALSE
1497,ASV1837,TRUE,FALSE
1498,ASV1838,FALSE,FALSE
1499,ASV1839,FALSE,FALSE
1500,ASV1840,FALSE,FALSE
1501,ASV1841,TRUE,FALSE
1502,ASV1842,FALSE,FALSE
1503,ASV1843,FALSE,FALSE
1504,ASV1844,FALSE,FALSE
1505,ASV1845,FALSE,FALSE
1506,ASV1846,FALSE,FALSE
1507,ASV1847,FALSE,FALSE
1508,ASV1848,FALSE,FALSE
1509,ASV1849,FALSE,FALSE
1510,ASV1850,FALSE,FALSE
1511,ASV1852,FALSE,FALSE
1512,ASV1853,FALSE,FALSE
1513,ASV1854,FALSE,FALSE
1514,ASV1856,FALSE,FALSE
1515,ASV1857,FALSE,FALSE
1516,ASV1859,FALSE,FALSE
1517,ASV1860,FALSE,FALSE
1518,ASV1862,FALSE,FALSE
1519,ASV1863,FALSE,FALSE
1520,ASV1864,FALSE,FALSE
1521,ASV1866,FALSE,FALSE
1522,ASV1867,FALSE,FALSE
1523,ASV1868,FALSE,FALSE
1524,ASV1869,FALSE,FALSE
1525,ASV1870,FALSE,FALSE
1526,ASV1871,FALSE,FALSE
1527,ASV1872,FALSE,FALSE
1528,ASV1874,FALSE,FALSE
1529,ASV1875,FALSE,FALSE
1530,ASV1876,FALSE,FALSE
1531,ASV1877,FALSE,FALSE
1532,ASV1878,TRUE,FALSE
1533,ASV1879,FALSE,FALSE
1534,ASV1880,FALSE,FALSE
1535,ASV1881,FALSE,FALSE
1536,ASV1882,FALSE,FALSE
1537,ASV1884,FALSE,FALSE
1538,ASV1886,FALSE,FALSE
1539,ASV1888,FALSE,FALSE
1540,ASV1891,FALSE,FALSE
1541,ASV1892,FALSE,FALSE
1542,ASV1893,FALSE,FALSE
1543,ASV1894,FALSE,FALSE
1544,ASV1895,FALSE,FALSE
1545,ASV1896,FALSE,FALSE
1546,ASV1897,FALSE,TRUE
1547,ASV1898,FALSE,FALSE
1548,ASV1899,FALSE,FALSE
1549,ASV1900,FALSE,FALSE
1550,ASV1901,FALSE,FALSE
1551,ASV1902,FALSE,TRUE
1552,ASV1903,FALSE,FALSE
1553,ASV1904,FALSE,FALSE
1554,ASV1905,FALSE,FALSE
1555,ASV1906,FALSE,FALSE
1556,ASV1908,FALSE,FALSE
1557,ASV1909,FALSE,FALSE
1558,ASV1910,FALSE,FALSE
1559,ASV1911,FALSE,FALSE
1560,ASV1912,FALSE,FALSE
1561,ASV1913,TRUE,FALSE
1562,ASV1915,FALSE,FALSE
1563,ASV1917,FALSE,FALSE
1564,ASV1918,FALSE,TRUE
1565,ASV1919,FALSE,FALSE
1566,ASV1922,FALSE,FALSE
1567,ASV1923,FALSE,FALSE
1568,ASV1925,FALSE,FALSE
1569,ASV1926,FALSE,FALSE
1570,ASV1928,FALSE,FALSE
1571,ASV1929,FALSE,FALSE
1572,ASV1930,FALSE,FALSE
1573,ASV1931,FALSE,FALSE
1574,ASV1932,FALSE,FALSE
1575,ASV1933,FALSE,FALSE
1576,ASV1934,FALSE,FALSE
1577,ASV1935,FALSE,FALSE
1578,ASV1936,FALSE,FALSE
1579,ASV1937,FALSE,FALSE
1580,ASV1938,TRUE,FALSE
1581,ASV1939,FALSE,FALSE
1582,ASV1940,FALSE,FALSE
1583,ASV1941,FALSE,FALSE
1584,ASV1942,FALSE,FALSE
1585,ASV1943,FALSE,FALSE
1586,ASV1944,TRUE,FALSE
1587,ASV1945,FALSE,FALSE
1588,ASV1946,FALSE,FALSE
1589,ASV1947,FALSE,FALSE
1590,ASV1948,FALSE,FALSE
1591,ASV1949,FALSE,FALSE
1592,ASV1950,FALSE,TRUE
1593,ASV1952,FALSE,FALSE
1594,ASV1953,FALSE,FALSE
1595,ASV1954,FALSE,FALSE
1596,ASV1955,FALSE,FALSE
1597,ASV1958,FALSE,FALSE
1598,ASV1959,FALSE,FALSE
1599,ASV1961,FALSE,FALSE
1600,ASV1962,FALSE,FALSE
1601,ASV1963,FALSE,FALSE
1602,ASV1964,FALSE,FALSE
1603,ASV1965,FALSE,TRUE
1604,ASV1966,FALSE,TRUE
1605,ASV1968,FALSE,FALSE
1606,ASV1969,FALSE,FALSE
1607,ASV1970,FALSE,FALSE
1608,ASV1971,FALSE,FALSE
1609,ASV1972,FALSE,FALSE
1610,ASV1974,FALSE,FALSE
1611,ASV1975,FALSE,FALSE
1612,ASV1977,FALSE,FALSE
1613,ASV1978,FALSE,FALSE
1614,ASV1979,TRUE,FALSE
1615,ASV1980,FALSE,FALSE
1616,ASV1981,FALSE,FALSE
1617,ASV1982,FALSE,FALSE
1618,ASV1983,TRUE,FALSE
1619,ASV1984,FALSE,FALSE
1620,ASV1986,FALSE,FALSE
1621,ASV1987,FALSE,FALSE
1622,ASV1988,FALSE,FALSE
1623,ASV1990,FALSE,FALSE
1624,ASV1992,FALSE,FALSE
1625,ASV1993,FALSE,FALSE
1626,ASV1994,FALSE,FALSE
1627,ASV1995,FALSE,FALSE
1628,ASV1996,FALSE,FALSE
1629,ASV1997,FALSE,FALSE
1630,ASV1998,FALSE,FALSE
1631,ASV1999,FALSE,FALSE
1632,ASV2000,FALSE,FALSE
1633,ASV2001,FALSE,FALSE
1634,ASV2003,FALSE,FALSE
1635,ASV2004,FALSE,FALSE
1636,ASV2006,FALSE,FALSE
1637,ASV2007,FALSE,FALSE
1638,ASV2008,FALSE,FALSE
1639,ASV2009,FALSE,FALSE
1640,ASV2010,FALSE,FALSE
1641,ASV2011,TRUE,FALSE
1642,ASV2013,FALSE,FALSE
1643,ASV2016,FALSE,FALSE
1644,ASV2017,FALSE,FALSE
1645,ASV2018,FALSE,FALSE
1646,ASV2019,FALSE,TRUE
1647,ASV2020,FALSE,FALSE
1648,ASV2021,FALSE,FALSE
1649,ASV2023,FALSE,FALSE
1650,ASV2024,FALSE,FALSE
1651,ASV2026,FALSE,FALSE
1652,ASV2028,FALSE,FALSE
1653,ASV2029,FALSE,FALSE
1654,ASV2030,FALSE,FALSE
1655,ASV2031,FALSE,FALSE
1656,ASV2033,FALSE,FALSE
1657,ASV2034,FALSE,TRUE
1658,ASV2035,FALSE,FALSE
1659,ASV2037,FALSE,FALSE
1660,ASV2038,FALSE,FALSE
1661,ASV2039,FALSE,FALSE
1662,ASV2040,TRUE,FALSE
1663,ASV2041,FALSE,FALSE
1664,ASV2043,FALSE,FALSE
1665,ASV2046,FALSE,FALSE
1666,ASV2047,FALSE,FALSE
1667,ASV2049,FALSE,FALSE
1668,ASV2051,FALSE,FALSE
1669,ASV2052,FALSE,FALSE
1670,ASV2053,FALSE,FALSE
1671,ASV2054,FALSE,FALSE
1672,ASV2055,FALSE,TRUE
1673,ASV2056,FALSE,FALSE
1674,ASV2057,FALSE,FALSE
1675,ASV2059,FALSE,FALSE
1676,ASV2060,FALSE,FALSE
1677,ASV2061,FALSE,FALSE
1678,ASV2063,FALSE,FALSE
1679,ASV2064,FALSE,FALSE
1680,ASV2065,FALSE,FALSE
1681,ASV2066,FALSE,FALSE
1682,ASV2067,FALSE,FALSE
1683,ASV2068,FALSE,FALSE
1684,ASV2069,FALSE,FALSE
1685,ASV2070,FALSE,FALSE
1686,ASV2071,FALSE,FALSE
1687,ASV2073,TRUE,FALSE
1688,ASV2076,FALSE,FALSE
1689,ASV2077,FALSE,FALSE
1690,ASV2078,FALSE,FALSE
1691,ASV2079,FALSE,FALSE
1692,ASV2080,FALSE,FALSE
1693,ASV2081,FALSE,FALSE
1694,ASV2082,FALSE,FALSE
1695,ASV2083,FALSE,FALSE
1696,ASV2084,FALSE,FALSE
1697,ASV2085,FALSE,FALSE
1698,ASV2086,FALSE,FALSE
1699,ASV2087,TRUE,FALSE
1700,ASV2088,FALSE,FALSE
1701,ASV2089,FALSE,FALSE
1702,ASV2090,FALSE,FALSE
1703,ASV2091,FALSE,FALSE
1704,ASV2092,FALSE,FALSE
1705,ASV2093,FALSE,FALSE
1706,ASV2094,FALSE,FALSE
1707,ASV2095,FALSE,FALSE
1708,ASV2096,FALSE,FALSE
1709,ASV2100,FALSE,FALSE
1710,ASV2101,FALSE,FALSE
1711,ASV2102,FALSE,FALSE
1712,ASV2104,FALSE,FALSE
1713,ASV2107,FALSE,FALSE
1714,ASV2108,FALSE,FALSE
1715,ASV2109,FALSE,FALSE
1716,ASV2110,FALSE,FALSE
1717,ASV2111,FALSE,FALSE
1718,ASV2112,FALSE,TRUE
1719,ASV2113,TRUE,FALSE
1720,ASV2116,FALSE,FALSE
1721,ASV2117,FALSE,FALSE
1722,ASV2118,FALSE,FALSE
1723,ASV2119,FALSE,FALSE
1724,ASV2120,FALSE,FALSE
1725,ASV2121,FALSE,FALSE
1726,ASV2122,FALSE,FALSE
1727,ASV2123,FALSE,FALSE
1728,ASV2125,FALSE,FALSE
1729,ASV2126,FALSE,FALSE
1730,ASV2127,FALSE,FALSE
1731,ASV2128,FALSE,FALSE
1732,ASV2130,FALSE,FALSE
1733,ASV2131,FALSE,FALSE
1734,ASV2132,FALSE,FALSE
1735,ASV2133,FALSE,FALSE
1736,ASV2134,FALSE,FALSE
1737,ASV2135,FALSE,FALSE
1738,ASV2136,FALSE,FALSE
1739,ASV2137,FALSE,FALSE
1740,ASV2138,FALSE,FALSE
1741,ASV2139,FALSE,FALSE
1742,ASV2140,FALSE,FALSE
1743,ASV2141,FALSE,FALSE
1744,ASV2143,FALSE,TRUE
1745,ASV2144,FALSE,FALSE
1746,ASV2145,TRUE,FALSE
1747,ASV2146,FALSE,TRUE
1748,ASV2150,FALSE,FALSE
1749,ASV2151,FALSE,FALSE
1750,ASV2152,FALSE,FALSE
1751,ASV2154,FALSE,FALSE
1752,ASV2155,FALSE,FALSE
1753,ASV2156,FALSE,FALSE
1754,ASV2157,FALSE,TRUE
1755,ASV2159,FALSE,FALSE
1756,ASV2160,FALSE,TRUE
1757,ASV2162,FALSE,FALSE
1758,ASV2163,FALSE,FALSE
1759,ASV2164,FALSE,FALSE
1760,ASV2165,FALSE,FALSE
1761,ASV2166,FALSE,FALSE
1762,ASV2167,FALSE,FALSE
1763,ASV2168,FALSE,TRUE
1764,ASV2169,FALSE,FALSE
1765,ASV2170,FALSE,FALSE
1766,ASV2171,FALSE,FALSE
1767,ASV2172,FALSE,FALSE
1768,ASV2173,FALSE,FALSE
1769,ASV2174,FALSE,FALSE
1770,ASV2175,TRUE,FALSE
1771,ASV2176,FALSE,FALSE
1772,ASV2177,FALSE,FALSE
1773,ASV2178,FALSE,FALSE
1774,ASV2179,FALSE,FALSE
1775,ASV2180,FALSE,FALSE
1776,ASV2181,FALSE,FALSE
1777,ASV2182,FALSE,FALSE
1778,ASV2185,FALSE,FALSE
1779,ASV2186,FALSE,FALSE
1780,ASV2188,FALSE,FALSE
1781,ASV2190,FALSE,FALSE
1782,ASV2191,FALSE,FALSE
1783,ASV2192,FALSE,FALSE
1784,ASV2193,FALSE,FALSE
1785,ASV2194,FALSE,FALSE
1786,ASV2195,FALSE,FALSE
1787,ASV2196,FALSE,FALSE
1788,ASV2197,FALSE,FALSE
1789,ASV2198,FALSE,FALSE
1790,ASV2199,FALSE,FALSE
1791,ASV2201,FALSE,FALSE
1792,ASV2202,FALSE,FALSE
1793,ASV2204,FALSE,FALSE
1794,ASV2205,FALSE,FALSE
1795,ASV2206,FALSE,FALSE
1796,ASV2207,FALSE,FALSE
1797,ASV2208,FALSE,FALSE
1798,ASV2209,FALSE,FALSE
1799,ASV2211,FALSE,FALSE
1800,ASV2212,FALSE,FALSE
1801,ASV2213,FALSE,FALSE
1802,ASV2214,FALSE,FALSE
1803,ASV2215,TRUE,FALSE
1804,ASV2216,FALSE,FALSE
1805,ASV2219,FALSE,FALSE
1806,ASV2220,FALSE,FALSE
1807,ASV2221,FALSE,TRUE
1808,ASV2222,FALSE,FALSE
1809,ASV2223,FALSE,FALSE
1810,ASV2225,FALSE,FALSE
1811,ASV2226,FALSE,FALSE
1812,ASV2227,FALSE,FALSE
1813,ASV2228,FALSE,FALSE
1814,ASV2229,FALSE,FALSE
1815,ASV2230,FALSE,FALSE
1816,ASV2231,FALSE,FALSE
1817,ASV2234,FALSE,FALSE
1818,ASV2235,FALSE,FALSE
1819,ASV2236,FALSE,FALSE
1820,ASV2239,TRUE,FALSE
1821,ASV2240,FALSE,FALSE
1822,ASV2241,FALSE,TRUE
1823,ASV2242,FALSE,FALSE
1824,ASV2243,FALSE,FALSE
1825,ASV2244,FALSE,FALSE
1826,ASV2245,FALSE,FALSE
1827,ASV2246,FALSE,FALSE
1828,ASV2247,FALSE,FALSE
1829,ASV2248,FALSE,TRUE
1830,ASV2250,FALSE,FALSE
1831,ASV2251,FALSE,FALSE
1832,ASV2253,FALSE,FALSE
1833,ASV2254,FALSE,FALSE
1834,ASV2255,FALSE,FALSE
1835,ASV2256,FALSE,FALSE
1836,ASV2258,FALSE,FALSE
1837,ASV2259,FALSE,FALSE
1838,ASV2260,FALSE,FALSE
1839,ASV2261,FALSE,FALSE
1840,ASV2262,FALSE,FALSE
1841,ASV2263,FALSE,FALSE
1842,ASV2264,FALSE,FALSE
1843,ASV2266,FALSE,FALSE
1844,ASV2267,FALSE,FALSE
1845,ASV2268,FALSE,FALSE
1846,ASV2269,FALSE,FALSE
1847,ASV2272,FALSE,FALSE
1848,ASV2273,FALSE,FALSE
1849,ASV2274,FALSE,FALSE
1850,ASV2275,FALSE,FALSE
1851,ASV2276,FALSE,FALSE
1852,ASV2280,FALSE,FALSE
1853,ASV2281,FALSE,FALSE
1854,ASV2282,FALSE,FALSE
1855,ASV2283,TRUE,FALSE
1856,ASV2284,FALSE,FALSE
1857,ASV2285,FALSE,FALSE
1858,ASV2286,FALSE,FALSE
1859,ASV2287,FALSE,FALSE
1860,ASV2288,FALSE,FALSE
1861,ASV2290,FALSE,FALSE
1862,ASV2291,FALSE,FALSE
1863,ASV2293,FALSE,FALSE
1864,ASV2294,FALSE,FALSE
1865,ASV2295,FALSE,FALSE
1866,ASV2296,FALSE,FALSE
1867,ASV2297,FALSE,FALSE
1868,ASV2298,FALSE,FALSE
1869,ASV2301,FALSE,FALSE
1870,ASV2303,FALSE,FALSE
1871,ASV2304,FALSE,FALSE
1872,ASV2305,FALSE,FALSE
1873,ASV2306,TRUE,FALSE
1874,ASV2307,FALSE,FALSE
1875,ASV2308,FALSE,FALSE
1876,ASV2309,FALSE,FALSE
1877,ASV2310,FALSE,FALSE
1878,ASV2311,FALSE,FALSE
1879,ASV2312,FALSE,FALSE
1880,ASV2313,FALSE,FALSE
1881,ASV2314,FALSE,FALSE
1882,ASV2315,FALSE,FALSE
1883,ASV2316,FALSE,FALSE
1884,ASV2317,FALSE,FALSE
1885,ASV2318,FALSE,FALSE
1886,ASV2319,FALSE,FALSE
1887,ASV2320,FALSE,FALSE
1888,ASV2321,FALSE,FALSE
1889,ASV2322,FALSE,FALSE
1890,ASV2323,FALSE,FALSE
1891,ASV2324,FALSE,FALSE
1892,ASV2325,FALSE,TRUE
1893,ASV2326,FALSE,FALSE
1894,ASV2328,FALSE,FALSE
1895,ASV2329,FALSE,FALSE
1896,ASV2330,FALSE,FALSE
1897,ASV2331,FALSE,FALSE
1898,ASV2332,FALSE,TRUE
1899,ASV2333,FALSE,FALSE
1900,ASV2334,FALSE,FALSE
1901,ASV2336,FALSE,FALSE
1902,ASV2338,FALSE,FALSE
1903,ASV2339,FALSE,FALSE
1904,ASV2340,FALSE,FALSE
1905,ASV2341,FALSE,FALSE
1906,ASV2342,FALSE,FALSE
1907,ASV2343,FALSE,TRUE
1908,ASV2344,FALSE,FALSE
1909,ASV2345,FALSE,FALSE
1910,ASV2347,FALSE,TRUE
1911,ASV2348,FALSE,TRUE
1912,ASV2349,FALSE,FALSE
1913,ASV2350,FALSE,FALSE
1914,ASV2353,FALSE,FALSE
1915,ASV2354,FALSE,TRUE
1916,ASV2355,FALSE,FALSE
1917,ASV2356,TRUE,FALSE
1918,ASV2357,TRUE,FALSE
1919,ASV2358,FALSE,FALSE
1920,ASV2360,FALSE,FALSE
1921,ASV2361,FALSE,FALSE
1922,ASV2362,FALSE,FALSE
1923,ASV2363,FALSE,FALSE
1924,ASV2364,FALSE,FALSE
1925,ASV2365,FALSE,FALSE
1926,ASV2366,FALSE,FALSE
1927,ASV2367,FALSE,FALSE
1928,ASV2369,FALSE,FALSE
1929,ASV2370,FALSE,FALSE
1930,ASV2371,FALSE,FALSE
1931,ASV2373,FALSE,FALSE
1932,ASV2374,FALSE,FALSE
1933,ASV2375,TRUE,FALSE
1934,ASV2376,FALSE,FALSE
1935,ASV2378,FALSE,FALSE
1936,ASV2379,FALSE,FALSE
1937,ASV2380,FALSE,FALSE
1938,ASV2381,FALSE,FALSE
1939,ASV2382,FALSE,FALSE
1940,ASV2383,FALSE,FALSE
1941,ASV2384,FALSE,FALSE
1942,ASV2386,FALSE,FALSE
1943,ASV2387,FALSE,FALSE
1944,ASV2388,FALSE,FALSE
1945,ASV2391,FALSE,FALSE
1946,ASV2393,FALSE,FALSE
1947,ASV2394,FALSE,FALSE
1948,ASV2395,FALSE,FALSE
1949,ASV2396,FALSE,FALSE
1950,ASV2397,TRUE,FALSE
1951,ASV2398,TRUE,FALSE
1952,ASV2400,FALSE,FALSE
1953,ASV2401,FALSE,FALSE
1954,ASV2403,TRUE,FALSE
1955,ASV2404,FALSE,FALSE
1956,ASV2405,FALSE,FALSE
1957,ASV2406,FALSE,FALSE
1958,ASV2407,FALSE,TRUE
1959,ASV2408,TRUE,FALSE
1960,ASV2409,FALSE,FALSE
1961,ASV2410,FALSE,FALSE
1962,ASV2411,FALSE,FALSE
1963,ASV2412,FALSE,FALSE
1964,ASV2413,FALSE,FALSE
1965,ASV2414,FALSE,FALSE
1966,ASV2415,FALSE,FALSE
1967,ASV2416,FALSE,FALSE
1968,ASV2417,TRUE,FALSE
1969,ASV2418,FALSE,FALSE
1970,ASV2419,FALSE,FALSE
1971,ASV2421,FALSE,FALSE
1972,ASV2422,FALSE,FALSE
1973,ASV2423,FALSE,FALSE
1974,ASV2424,FALSE,FALSE
1975,ASV2425,FALSE,FALSE
1976,ASV2426,FALSE,FALSE
1977,ASV2427,FALSE,FALSE
1978,ASV2428,FALSE,FALSE
1979,ASV2429,FALSE,FALSE
1980,ASV2430,FALSE,FALSE
1981,ASV2431,FALSE,FALSE
1982,ASV2433,FALSE,FALSE
1983,ASV2434,FALSE,FALSE
1984,ASV2435,FALSE,FALSE
1985,ASV2436,FALSE,TRUE
1986,ASV2438,FALSE,FALSE
1987,ASV2439,FALSE,FALSE
1988,ASV2440,FALSE,FALSE
1989,ASV2441,FALSE,FALSE
1990,ASV2443,FALSE,FALSE
1991,ASV2444,FALSE,FALSE
1992,ASV2445,FALSE,FALSE
1993,ASV2446,FALSE,FALSE
1994,ASV2447,FALSE,FALSE
1995,ASV2448,FALSE,FALSE
1996,ASV2449,FALSE,FALSE
1997,ASV2450,FALSE,FALSE
1998,ASV2451,FALSE,FALSE
1999,ASV2452,FALSE,FALSE
2000,ASV2453,FALSE,FALSE
2001,ASV2454,FALSE,FALSE
2002,ASV2455,FALSE,FALSE
2003,ASV2456,FALSE,FALSE
2004,ASV2460,FALSE,FALSE
2005,ASV2461,FALSE,FALSE
2006,ASV2464,FALSE,FALSE
2007,ASV2465,FALSE,FALSE
2008,ASV2466,FALSE,FALSE
2009,ASV2468,FALSE,TRUE
2010,ASV2469,TRUE,FALSE
2011,ASV2470,FALSE,FALSE
2012,ASV2471,FALSE,FALSE
2013,ASV2472,FALSE,FALSE
2014,ASV2474,FALSE,FALSE
2015,ASV2476,FALSE,FALSE
2016,ASV2478,FALSE,FALSE
2017,ASV2479,FALSE,FALSE
2018,ASV2480,FALSE,TRUE
2019,ASV2481,TRUE,FALSE
2020,ASV2482,FALSE,FALSE
2021,ASV2483,FALSE,FALSE
2022,ASV2485,FALSE,FALSE
2023,ASV2486,FALSE,FALSE
2024,ASV2487,FALSE,FALSE
2025,ASV2488,FALSE,FALSE
2026,ASV2490,FALSE,FALSE
2027,ASV2491,FALSE,FALSE
2028,ASV2492,FALSE,FALSE
2029,ASV2493,FALSE,FALSE
2030,ASV2495,FALSE,FALSE
2031,ASV2498,FALSE,FALSE
2032,ASV2499,FALSE,FALSE
2033,ASV2500,FALSE,FALSE
2034,ASV2501,FALSE,FALSE
2035,ASV2502,FALSE,FALSE
2036,ASV2503,TRUE,FALSE
2037,ASV2504,FALSE,FALSE
2038,ASV2507,FALSE,FALSE
2039,ASV2508,FALSE,FALSE
2040,ASV2509,FALSE,FALSE
2041,ASV2510,FALSE,FALSE
2042,ASV2511,FALSE,FALSE
2043,ASV2512,FALSE,FALSE
2044,ASV2513,FALSE,FALSE
2045,ASV2514,FALSE,FALSE
2046,ASV2516,FALSE,FALSE
2047,ASV2517,FALSE,FALSE
2048,ASV2518,FALSE,TRUE
2049,ASV2520,FALSE,TRUE
2050,ASV2521,FALSE,FALSE
2051,ASV2523,FALSE,FALSE
2052,ASV2524,FALSE,FALSE
2053,ASV2525,FALSE,FALSE
2054,ASV2527,FALSE,FALSE
2055,ASV2528,FALSE,FALSE
2056,ASV2529,FALSE,FALSE
2057,ASV2530,FALSE,FALSE
2058,ASV2531,FALSE,FALSE
2059,ASV2533,FALSE,TRUE
2060,ASV2534,TRUE,FALSE
2061,ASV2535,FALSE,FALSE
2062,ASV2536,FALSE,FALSE
2063,ASV2537,FALSE,FALSE
2064,ASV2539,FALSE,FALSE
2065,ASV2540,FALSE,FALSE
2066,ASV2541,FALSE,FALSE
2067,ASV2542,FALSE,FALSE
2068,ASV2543,FALSE,TRUE
2069,ASV2544,FALSE,FALSE
2070,ASV2545,FALSE,FALSE
2071,ASV2547,TRUE,FALSE
2072,ASV2549,FALSE,FALSE
2073,ASV2550,FALSE,FALSE
2074,ASV2551,FALSE,FALSE
2075,ASV2552,FALSE,FALSE
2076,ASV2553,FALSE,FALSE
2077,ASV2554,FALSE,FALSE
2078,ASV2556,FALSE,FALSE
2079,ASV2557,FALSE,TRUE
2080,ASV2558,FALSE,FALSE
2081,ASV2559,FALSE,FALSE
2082,ASV2560,FALSE,FALSE
2083,ASV2561,FALSE,FALSE
2084,ASV2562,FALSE,FALSE
2085,ASV2563,FALSE,TRUE
2086,ASV2564,FALSE,TRUE
2087,ASV2565,FALSE,FALSE
2088,ASV2566,FALSE,FALSE
2089,ASV2567,FALSE,FALSE
2090,ASV2568,FALSE,FALSE
2091,ASV2570,FALSE,FALSE
2092,ASV2571,FALSE,FALSE
2093,ASV2572,FALSE,FALSE
2094,ASV2573,FALSE,FALSE
2095,ASV2574,FALSE,FALSE
2096,ASV2575,TRUE,FALSE
2097,ASV2576,FALSE,FALSE
2098,ASV2577,FALSE,FALSE
2099,ASV2578,FALSE,FALSE
2100,ASV2581,FALSE,FALSE
2101,ASV2582,FALSE,FALSE
2102,ASV2583,FALSE,FALSE
2103,ASV2584,FALSE,FALSE
2104,ASV2585,FALSE,FALSE
2105,ASV2586,FALSE,FALSE
2106,ASV2587,FALSE,FALSE
2107,ASV2588,FALSE,TRUE
2108,ASV2590,FALSE,FALSE
2109,ASV2593,FALSE,FALSE
2110,ASV2595,FALSE,FALSE
2111,ASV2596,FALSE,FALSE
2112,ASV2597,FALSE,FALSE
2113,ASV2598,FALSE,TRUE
2114,ASV2599,FALSE,FALSE
2115,ASV2600,FALSE,FALSE
2116,ASV2601,FALSE,FALSE
2117,ASV2603,FALSE,FALSE
2118,ASV2604,FALSE,FALSE
2119,ASV2606,FALSE,FALSE
2120,ASV2607,FALSE,FALSE
2121,ASV2608,FALSE,FALSE
2122,ASV2609,TRUE,FALSE
2123,ASV2610,FALSE,FALSE
2124,ASV2611,FALSE,FALSE
2125,ASV2612,FALSE,FALSE
2126,ASV2613,FALSE,FALSE
2127,ASV2614,FALSE,FALSE
2128,ASV2615,FALSE,FALSE
2129,ASV2616,FALSE,FALSE
2130,ASV2617,FALSE,FALSE
2131,ASV2618,FALSE,TRUE
2132,ASV2619,FALSE,FALSE
2133,ASV2620,FALSE,FALSE
2134,ASV2621,FALSE,FALSE
2135,ASV2622,FALSE,FALSE
2136,ASV2623,FALSE,FALSE
2137,ASV2624,FALSE,FALSE
2138,ASV2626,FALSE,FALSE
2139,ASV2627,FALSE,FALSE
2140,ASV2628,FALSE,FALSE
2141,ASV2629,FALSE,FALSE
2142,ASV2630,FALSE,FALSE
2143,ASV2631,FALSE,FALSE
2144,ASV2632,FALSE,FALSE
2145,ASV2633,FALSE,FALSE
2146,ASV2634,FALSE,FALSE
2147,ASV2635,FALSE,FALSE
2148,ASV2636,FALSE,FALSE
2149,ASV2638,FALSE,FALSE
2150,ASV2639,FALSE,FALSE
2151,ASV2640,FALSE,FALSE
2152,ASV2641,FALSE,FALSE
2153,ASV2642,FALSE,FALSE
2154,ASV2643,FALSE,FALSE
2155,ASV2644,FALSE,FALSE
2156,ASV2646,TRUE,FALSE
2157,ASV2647,FALSE,FALSE
2158,ASV2648,TRUE,FALSE
2159,ASV2649,FALSE,FALSE
2160,ASV2651,FALSE,FALSE
2161,ASV2652,FALSE,FALSE
2162,ASV2653,FALSE,FALSE
2163,ASV2654,TRUE,FALSE
2164,ASV2655,FALSE,FALSE
2165,ASV2657,FALSE,FALSE
2166,ASV2658,FALSE,FALSE
2167,ASV2659,FALSE,FALSE
2168,ASV2660,FALSE,FALSE
2169,ASV2661,FALSE,FALSE
2170,ASV2663,FALSE,FALSE
2171,ASV2664,FALSE,FALSE
2172,ASV2665,FALSE,FALSE
2173,ASV2667,FALSE,FALSE
2174,ASV2668,FALSE,FALSE
2175,ASV2670,FALSE,FALSE
2176,ASV2671,TRUE,FALSE
2177,ASV2672,FALSE,FALSE
2178,ASV2673,FALSE,FALSE
2179,ASV2675,FALSE,FALSE
2180,ASV2676,FALSE,FALSE
2181,ASV2677,FALSE,FALSE
2182,ASV2678,FALSE,FALSE
2183,ASV2679,FALSE,FALSE
2184,ASV2680,FALSE,FALSE
2185,ASV2682,FALSE,FALSE
2186,ASV2684,FALSE,FALSE
2187,ASV2685,FALSE,FALSE
2188,ASV2686,FALSE,FALSE
2189,ASV2687,FALSE,FALSE
2190,ASV2690,FALSE,FALSE
2191,ASV2691,FALSE,FALSE
2192,ASV2693,FALSE,FALSE
2193,ASV2694,FALSE,FALSE
2194,ASV2695,FALSE,FALSE
2195,ASV2696,FALSE,FALSE
2196,ASV2697,FALSE,FALSE
2197,ASV2698,FALSE,FALSE
2198,ASV2699,FALSE,FALSE
2199,ASV2700,FALSE,FALSE
2200,ASV2702,FALSE,FALSE
2201,ASV2703,FALSE,FALSE
2202,ASV2704,TRUE,FALSE
2203,ASV2706,FALSE,FALSE
2204,ASV2707,FALSE,FALSE
2205,ASV2708,FALSE,FALSE
2206,ASV2709,FALSE,FALSE
2207,ASV2710,FALSE,FALSE
2208,ASV2711,FALSE,FALSE
2209,ASV2712,FALSE,FALSE
2210,ASV2713,FALSE,FALSE
2211,ASV2714,FALSE,FALSE
2212,ASV2715,FALSE,FALSE
2213,ASV2717,FALSE,FALSE
2214,ASV2718,FALSE,FALSE
2215,ASV2719,FALSE,FALSE
2216,ASV2720,FALSE,FALSE
2217,ASV2721,FALSE,FALSE
2218,ASV2722,FALSE,FALSE
2219,ASV2723,FALSE,FALSE
2220,ASV2724,FALSE,TRUE
2221,ASV2725,FALSE,FALSE
2222,ASV2726,FALSE,FALSE
2223,ASV2727,FALSE,FALSE
2224,ASV2729,FALSE,FALSE
2225,ASV2730,FALSE,FALSE
2226,ASV2731,FALSE,FALSE
2227,ASV2732,FALSE,FALSE
2228,ASV2733,TRUE,FALSE
2229,ASV2734,FALSE,FALSE
2230,ASV2736,FALSE,FALSE
2231,ASV2737,FALSE,FALSE
2232,ASV2738,FALSE,FALSE
2233,ASV2739,FALSE,FALSE
2234,ASV2740,FALSE,FALSE
2235,ASV2741,FALSE,FALSE
2236,ASV2742,FALSE,FALSE
2237,ASV2743,FALSE,FALSE
2238,ASV2744,FALSE,FALSE
2239,ASV2745,FALSE,TRUE
2240,ASV2746,TRUE,FALSE
2241,ASV2749,FALSE,FALSE
2242,ASV2751,FALSE,FALSE
2243,ASV2752,FALSE,FALSE
2244,ASV2753,FALSE,FALSE
2245,ASV2754,FALSE,FALSE
2246,ASV2755,FALSE,TRUE
2247,ASV2756,FALSE,FALSE
2248,ASV2758,FALSE,FALSE
2249,ASV2759,FALSE,FALSE
2250,ASV2760,FALSE,FALSE
2251,ASV2761,FALSE,FALSE
2252,ASV2762,FALSE,FALSE
2253,ASV2763,FALSE,TRUE
2254,ASV2764,TRUE,FALSE
2255,ASV2767,FALSE,FALSE
2256,ASV2769,FALSE,FALSE
2257,ASV2770,TRUE,FALSE
2258,ASV2771,FALSE,FALSE
2259,ASV2772,FALSE,TRUE
2260,ASV2773,FALSE,FALSE
2261,ASV2775,FALSE,TRUE
2262,ASV2776,FALSE,FALSE
2263,ASV2777,FALSE,FALSE
2264,ASV2778,FALSE,FALSE
2265,ASV2779,FALSE,FALSE
2266,ASV2780,FALSE,FALSE
2267,ASV2781,FALSE,TRUE
2268,ASV2782,FALSE,FALSE
2269,ASV2783,FALSE,FALSE
2270,ASV2784,FALSE,FALSE
2271,ASV2786,FALSE,FALSE
2272,ASV2787,FALSE,FALSE
2273,ASV2788,FALSE,FALSE
2274,ASV2789,FALSE,FALSE
2275,ASV2791,FALSE,FALSE
2276,ASV2792,FALSE,FALSE
2277,ASV2793,FALSE,FALSE
2278,ASV2794,FALSE,FALSE
2279,ASV2795,FALSE,FALSE
2280,ASV2796,FALSE,FALSE
2281,ASV2797,FALSE,FALSE
2282,ASV2798,TRUE,FALSE
2283,ASV2799,FALSE,FALSE
2284,ASV2800,FALSE,FALSE
2285,ASV2801,FALSE,FALSE
2286,ASV2802,FALSE,TRUE
2287,ASV2803,FALSE,FALSE
2288,ASV2804,FALSE,FALSE
2289,ASV2806,FALSE,TRUE
2290,ASV2807,FALSE,FALSE
2291,ASV2808,TRUE,FALSE
2292,ASV2809,FALSE,FALSE
2293,ASV2810,FALSE,FALSE
2294,ASV2811,FALSE,FALSE
2295,ASV2812,FALSE,FALSE
2296,ASV2813,FALSE,FALSE
2297,ASV2815,FALSE,FALSE
2298,ASV2816,FALSE,FALSE
2299,ASV2817,FALSE,FALSE
2300,ASV2819,FALSE,FALSE
2301,ASV2822,FALSE,FALSE
2302,ASV2824,FALSE,FALSE
2303,ASV2825,FALSE,FALSE
2304,ASV2826,FALSE,FALSE
2305,ASV2827,FALSE,TRUE
2306,ASV2829,FALSE,FALSE
2307,ASV2830,TRUE,FALSE
2308,ASV2831,FALSE,FALSE
2309,ASV2832,FALSE,FALSE
2310,ASV2833,FALSE,FALSE
2311,ASV2834,FALSE,FALSE
2312,ASV2836,TRUE,FALSE
2313,ASV2837,TRUE,FALSE
2314,ASV2838,FALSE,FALSE
2315,ASV2839,FALSE,FALSE
2316,ASV2840,FALSE,FALSE
2317,ASV2841,FALSE,TRUE
2318,ASV2843,FALSE,FALSE
2319,ASV2846,FALSE,FALSE
2320,ASV2847,FALSE,FALSE
2321,ASV2848,FALSE,FALSE
2322,ASV2849,FALSE,FALSE
2323,ASV2851,FALSE,TRUE
2324,ASV2852,TRUE,FALSE
2325,ASV2853,FALSE,FALSE
2326,ASV2854,FALSE,FALSE
2327,ASV2855,FALSE,FALSE
2328,ASV2857,FALSE,FALSE
2329,ASV2859,TRUE,FALSE
2330,ASV2860,FALSE,FALSE
2331,ASV2861,TRUE,FALSE
2332,ASV2863,FALSE,FALSE
2333,ASV2864,TRUE,FALSE
2334,ASV2865,FALSE,FALSE
2335,ASV2866,FALSE,FALSE
2336,ASV2867,FALSE,FALSE
2337,ASV2868,FALSE,FALSE
2338,ASV2869,FALSE,FALSE
2339,ASV2871,FALSE,FALSE
2340,ASV2872,FALSE,FALSE
2341,ASV2873,FALSE,FALSE
2342,ASV2874,FALSE,FALSE
2343,ASV2875,FALSE,FALSE
2344,ASV2876,FALSE,FALSE
2345,ASV2877,FALSE,TRUE
2346,ASV2879,FALSE,FALSE
2347,ASV2880,FALSE,FALSE
2348,ASV2881,FALSE,FALSE
2349,ASV2882,FALSE,FALSE
2350,ASV2883,FALSE,FALSE
2351,ASV2884,FALSE,FALSE
2352,ASV2885,FALSE,FALSE
2353,ASV2886,FALSE,TRUE
2354,ASV2887,FALSE,FALSE
2355,ASV2888,FALSE,FALSE
2356,ASV2889,TRUE,FALSE
2357,ASV2890,FALSE,FALSE
2358,ASV2891,FALSE,FALSE
2359,ASV2892,FALSE,FALSE
2360,ASV2893,FALSE,FALSE
2361,ASV2894,FALSE,FALSE
2362,ASV2895,FALSE,FALSE
2363,ASV2896,FALSE,FALSE
2364,ASV2897,FALSE,TRUE
2365,ASV2898,FALSE,FALSE
2366,ASV2899,FALSE,FALSE
2367,ASV2900,FALSE,FALSE
2368,ASV2901,FALSE,FALSE
2369,ASV2903,FALSE,FALSE
2370,ASV2904,FALSE,FALSE
2371,ASV2905,FALSE,FALSE
2372,ASV2906,FALSE,FALSE
2373,ASV2907,FALSE,FALSE
2374,ASV2908,FALSE,FALSE
2375,ASV2909,FALSE,TRUE
2376,ASV2910,FALSE,TRUE
2377,ASV2911,FALSE,FALSE
2378,ASV2912,FALSE,FALSE
2379,ASV2914,FALSE,FALSE
2380,ASV2915,FALSE,FALSE
2381,ASV2916,FALSE,FALSE
2382,ASV2917,FALSE,FALSE
2383,ASV2918,FALSE,FALSE
2384,ASV2919,TRUE,FALSE
2385,ASV2920,FALSE,FALSE
2386,ASV2922,FALSE,FALSE
2387,ASV2923,TRUE,FALSE
2388,ASV2924,FALSE,FALSE
2389,ASV2927,FALSE,FALSE
2390,ASV2928,FALSE,FALSE
2391,ASV2929,FALSE,FALSE
2392,ASV2933,FALSE,FALSE
2393,ASV2934,TRUE,FALSE
2394,ASV2935,FALSE,FALSE
2395,ASV2936,FALSE,FALSE
2396,ASV2937,FALSE,FALSE
2397,ASV2938,FALSE,FALSE
2398,ASV2939,FALSE,FALSE
2399,ASV2940,FALSE,FALSE
2400,ASV2941,FALSE,FALSE
2401,ASV2942,FALSE,FALSE
2402,ASV2943,FALSE,FALSE
2403,ASV2945,TRUE,FALSE
2404,ASV2946,FALSE,FALSE
2405,ASV2949,FALSE,FALSE
2406,ASV2950,FALSE,FALSE
2407,ASV2951,FALSE,FALSE
2408,ASV2952,FALSE,FALSE
2409,ASV2953,FALSE,FALSE
2410,ASV2955,FALSE,FALSE
2411,ASV2956,FALSE,FALSE
2412,ASV2958,FALSE,FALSE
2413,ASV2959,FALSE,TRUE
2414,ASV2960,FALSE,FALSE
2415,ASV2961,FALSE,FALSE
2416,ASV2963,FALSE,FALSE
2417,ASV2964,TRUE,FALSE
2418,ASV2965,FALSE,FALSE
2419,ASV2966,FALSE,FALSE
2420,ASV2967,FALSE,FALSE
2421,ASV2970,FALSE,FALSE
2422,ASV2971,FALSE,FALSE
2423,ASV2972,FALSE,FALSE
2424,ASV2974,FALSE,FALSE
2425,ASV2976,FALSE,FALSE
2426,ASV2977,FALSE,FALSE
2427,ASV2979,FALSE,FALSE
2428,ASV2980,TRUE,FALSE
2429,ASV2981,FALSE,FALSE
2430,ASV2982,FALSE,FALSE
2431,ASV2983,FALSE,FALSE
2432,ASV2984,TRUE,FALSE
2433,ASV2985,FALSE,FALSE
2434,ASV2986,TRUE,FALSE
2435,ASV2988,FALSE,FALSE
2436,ASV2990,FALSE,FALSE
2437,ASV2991,FALSE,FALSE
2438,ASV2992,FALSE,FALSE
2439,ASV2994,FALSE,FALSE
2440,ASV2995,FALSE,FALSE
2441,ASV2996,FALSE,TRUE
2442,ASV2997,TRUE,FALSE
2443,ASV2998,FALSE,FALSE
2444,ASV2999,FALSE,FALSE
2445,ASV3000,FALSE,FALSE
2446,ASV3002,FALSE,FALSE
2447,ASV3004,FALSE,FALSE
2448,ASV3005,FALSE,FALSE
2449,ASV3007,FALSE,FALSE
2450,ASV3008,FALSE,FALSE
2451,ASV3010,FALSE,FALSE
2452,ASV3012,FALSE,FALSE
2453,ASV3013,FALSE,FALSE
2454,ASV3014,FALSE,FALSE
2455,ASV3015,FALSE,FALSE
2456,ASV3016,FALSE,FALSE
2457,ASV3017,FALSE,FALSE
2458,ASV3018,FALSE,FALSE
2459,ASV3019,FALSE,FALSE
2460,ASV3020,FALSE,FALSE
2461,ASV3021,FALSE,FALSE
2462,ASV3022,FALSE,FALSE
2463,ASV3023,FALSE,FALSE
2464,ASV3024,FALSE,FALSE
2465,ASV3025,FALSE,FALSE
2466,ASV3026,FALSE,FALSE
2467,ASV3029,FALSE,FALSE
2468,ASV3030,FALSE,FALSE
2469,ASV3032,FALSE,TRUE
2470,ASV3033,FALSE,TRUE
2471,ASV3035,TRUE,FALSE
2472,ASV3036,FALSE,FALSE
2473,ASV3037,FALSE,FALSE
2474,ASV3038,FALSE,FALSE
2475,ASV3039,FALSE,FALSE
2476,ASV3040,TRUE,FALSE
2477,ASV3042,FALSE,FALSE
2478,ASV3043,TRUE,FALSE
2479,ASV3045,FALSE,FALSE
2480,ASV3046,FALSE,FALSE
2481,ASV3047,FALSE,TRUE
2482,ASV3048,TRUE,FALSE
2483,ASV3049,TRUE,FALSE
2484,ASV3052,FALSE,FALSE
2485,ASV3053,FALSE,FALSE
2486,ASV3054,FALSE,FALSE
2487,ASV3055,FALSE,FALSE
2488,ASV3056,FALSE,FALSE
2489,ASV3057,FALSE,FALSE
2490,ASV3058,TRUE,FALSE
2491,ASV3059,FALSE,FALSE
2492,ASV3061,FALSE,FALSE
2493,ASV3062,FALSE,FALSE
2494,ASV3064,FALSE,FALSE
2495,ASV3065,FALSE,FALSE
2496,ASV3066,FALSE,FALSE
2497,ASV3067,FALSE,FALSE
2498,ASV3069,FALSE,FALSE
2499,ASV3071,FALSE,FALSE
2500,ASV3073,FALSE,FALSE
2501,ASV3074,FALSE,FALSE
2502,ASV3075,TRUE,FALSE
2503,ASV3076,FALSE,FALSE
2504,ASV3077,TRUE,FALSE
2505,ASV3080,FALSE,FALSE
2506,ASV3082,FALSE,FALSE
2507,ASV3083,FALSE,TRUE
2508,ASV3084,FALSE,TRUE
2509,ASV3086,TRUE,FALSE
2510,ASV3087,FALSE,FALSE
2511,ASV3088,FALSE,FALSE
2512,ASV3090,FALSE,FALSE
2513,ASV3091,FALSE,FALSE
2514,ASV3092,TRUE,FALSE
2515,ASV3093,FALSE,FALSE
2516,ASV3094,FALSE,TRUE
2517,ASV3095,FALSE,FALSE
2518,ASV3096,FALSE,FALSE
2519,ASV3097,FALSE,FALSE
2520,ASV3098,FALSE,TRUE
2521,ASV3099,FALSE,FALSE
2522,ASV3100,FALSE,FALSE
2523,ASV3101,FALSE,FALSE
2524,ASV3102,FALSE,FALSE
2525,ASV3103,FALSE,FALSE
2526,ASV3104,FALSE,TRUE
2527,ASV3105,FALSE,TRUE
2528,ASV3106,FALSE,FALSE
2529,ASV3107,FALSE,FALSE
2530,ASV3109,TRUE,FALSE
2531,ASV3110,FALSE,FALSE
2532,ASV3111,FALSE,FALSE
2533,ASV3112,FALSE,FALSE
2534,ASV3113,FALSE,TRUE
2535,ASV3114,FALSE,FALSE
2536,ASV3115,FALSE,FALSE
2537,ASV3116,FALSE,FALSE
2538,ASV3118,FALSE,FALSE
2539,ASV3119,FALSE,FALSE
2540,ASV3120,FALSE,TRUE
2541,ASV3121,TRUE,FALSE
2542,ASV3122,FALSE,FALSE
2543,ASV3123,FALSE,FALSE
2544,ASV3125,FALSE,FALSE
2545,ASV3127,FALSE,FALSE
2546,ASV3128,FALSE,FALSE
2547,ASV3129,FALSE,FALSE
2548,ASV3130,FALSE,TRUE
2549,ASV3132,TRUE,FALSE
2550,ASV3133,TRUE,FALSE
2551,ASV3134,TRUE,FALSE
2552,ASV3135,FALSE,FALSE
2553,ASV3137,FALSE,FALSE
2554,ASV3138,FALSE,FALSE
2555,ASV3139,FALSE,FALSE
2556,ASV3140,FALSE,FALSE
2557,ASV3141,FALSE,FALSE
2558,ASV3142,FALSE,FALSE
2559,ASV3143,FALSE,FALSE
2560,ASV3144,FALSE,FALSE
2561,ASV3145,FALSE,FALSE
2562,ASV3146,FALSE,FALSE
2563,ASV3147,FALSE,FALSE
2564,ASV3148,FALSE,FALSE
2565,ASV3149,FALSE,FALSE
2566,ASV3151,FALSE,FALSE
2567,ASV3152,FALSE,FALSE
2568,ASV3153,FALSE,FALSE
2569,ASV3154,FALSE,FALSE
2570,ASV3156,TRUE,FALSE
2571,ASV3157,FALSE,FALSE
2572,ASV3158,FALSE,FALSE
2573,ASV3159,FALSE,FALSE
2574,ASV3160,FALSE,FALSE
2575,ASV3161,FALSE,FALSE
2576,ASV3162,FALSE,TRUE
2577,ASV3163,TRUE,FALSE
2578,ASV3164,FALSE,FALSE
2579,ASV3166,FALSE,FALSE
2580,ASV3167,FALSE,TRUE
2581,ASV3168,FALSE,TRUE
2582,ASV3169,FALSE,TRUE
2583,ASV3170,FALSE,FALSE
2584,ASV3171,FALSE,FALSE
2585,ASV3172,FALSE,TRUE
2586,ASV3173,FALSE,FALSE
2587,ASV3174,TRUE,FALSE
2588,ASV3176,FALSE,FALSE
2589,ASV3177,FALSE,FALSE
2590,ASV3178,FALSE,FALSE
2591,ASV3179,FALSE,FALSE
2592,ASV3180,FALSE,FALSE
2593,ASV3181,TRUE,FALSE
2594,ASV3182,FALSE,FALSE
2595,ASV3183,FALSE,TRUE
2596,ASV3184,TRUE,FALSE
2597,ASV3185,TRUE,FALSE
2598,ASV3188,FALSE,FALSE
2599,ASV3189,FALSE,FALSE
2600,ASV3190,FALSE,FALSE
2601,ASV3191,FALSE,FALSE
2602,ASV3192,FALSE,FALSE
2603,ASV3193,FALSE,TRUE
2604,ASV3194,FALSE,FALSE
2605,ASV3195,FALSE,FALSE
2606,ASV3196,FALSE,FALSE
2607,ASV3197,FALSE,FALSE
2608,ASV3199,FALSE,FALSE
2609,ASV3200,FALSE,FALSE
2610,ASV3201,FALSE,FALSE
2611,ASV3202,TRUE,FALSE
2612,ASV3203,FALSE,FALSE
2613,ASV3204,TRUE,FALSE
2614,ASV3205,FALSE,FALSE
2615,ASV3206,FALSE,FALSE
2616,ASV3207,FALSE,FALSE
2617,ASV3208,TRUE,FALSE
2618,ASV3210,FALSE,FALSE
2619,ASV3211,FALSE,TRUE
2620,ASV3212,FALSE,FALSE
2621,ASV3213,FALSE,FALSE
2622,ASV3218,FALSE,TRUE
2623,ASV3220,FALSE,FALSE
2624,ASV3221,FALSE,FALSE
2625,ASV3222,FALSE,FALSE
2626,ASV3223,FALSE,FALSE
2627,ASV3224,FALSE,FALSE
2628,ASV3226,FALSE,FALSE
2629,ASV3227,FALSE,FALSE
2630,ASV3228,FALSE,FALSE
2631,ASV3229,FALSE,TRUE
2632,ASV3230,FALSE,TRUE
2633,ASV3231,FALSE,FALSE
2634,ASV3232,FALSE,FALSE
2635,ASV3233,FALSE,TRUE
2636,ASV3234,FALSE,FALSE
2637,ASV3235,FALSE,FALSE
2638,ASV3236,FALSE,FALSE
2639,ASV3237,FALSE,FALSE
2640,ASV3238,FALSE,FALSE
2641,ASV3239,FALSE,FALSE
2642,ASV3241,FALSE,FALSE
2643,ASV3244,FALSE,FALSE
2644,ASV3245,FALSE,FALSE
2645,ASV3246,FALSE,FALSE
2646,ASV3247,FALSE,FALSE
2647,ASV3248,FALSE,FALSE
2648,ASV3249,FALSE,FALSE
2649,ASV3250,FALSE,FALSE
2650,ASV3253,FALSE,FALSE
2651,ASV3254,FALSE,FALSE
2652,ASV3255,FALSE,FALSE
2653,ASV3256,FALSE,FALSE
2654,ASV3257,FALSE,FALSE
2655,ASV3259,FALSE,FALSE
2656,ASV3260,FALSE,FALSE
2657,ASV3261,FALSE,FALSE
2658,ASV3262,FALSE,FALSE
2659,ASV3263,FALSE,FALSE
2660,ASV3265,FALSE,FALSE
2661,ASV3267,FALSE,TRUE
2662,ASV3268,FALSE,TRUE
2663,ASV3269,FALSE,FALSE
2664,ASV3270,TRUE,FALSE
2665,ASV3271,FALSE,FALSE
2666,ASV3273,FALSE,FALSE
2667,ASV3275,FALSE,FALSE
2668,ASV3277,FALSE,FALSE
2669,ASV3278,TRUE,FALSE
2670,ASV3279,TRUE,FALSE
2671,ASV3280,FALSE,FALSE
2672,ASV3281,FALSE,FALSE
2673,ASV3282,FALSE,FALSE
2674,ASV3284,FALSE,FALSE
2675,ASV3285,FALSE,TRUE
2676,ASV3286,FALSE,TRUE
2677,ASV3287,TRUE,FALSE
2678,ASV3288,FALSE,FALSE
2679,ASV3289,TRUE,FALSE
2680,ASV3291,FALSE,FALSE
2681,ASV3293,FALSE,FALSE
2682,ASV3294,FALSE,FALSE
2683,ASV3295,FALSE,TRUE
2684,ASV3297,FALSE,FALSE
2685,ASV3299,FALSE,FALSE
2686,ASV3300,TRUE,FALSE
2687,ASV3301,FALSE,FALSE
2688,ASV3302,FALSE,FALSE
2689,ASV3303,FALSE,TRUE
2690,ASV3304,TRUE,FALSE
2691,ASV3305,FALSE,FALSE
2692,ASV3306,TRUE,FALSE
2693,ASV3307,FALSE,FALSE
2694,ASV3310,FALSE,FALSE
2695,ASV3311,FALSE,FALSE
2696,ASV3312,FALSE,FALSE
2697,ASV3313,FALSE,FALSE
2698,ASV3314,FALSE,TRUE
2699,ASV3315,FALSE,TRUE
2700,ASV3316,FALSE,FALSE
2701,ASV3317,FALSE,FALSE
2702,ASV3318,FALSE,FALSE
2703,ASV3319,FALSE,FALSE
2704,ASV3321,FALSE,FALSE
2705,ASV3322,FALSE,FALSE
2706,ASV3323,FALSE,FALSE
2707,ASV3324,FALSE,TRUE
2708,ASV3326,FALSE,FALSE
2709,ASV3327,TRUE,FALSE
2710,ASV3328,FALSE,FALSE
2711,ASV3329,FALSE,FALSE
2712,ASV3330,FALSE,FALSE
2713,ASV3331,TRUE,FALSE
2714,ASV3335,FALSE,FALSE
2715,ASV3336,FALSE,FALSE
2716,ASV3337,FALSE,FALSE
2717,ASV3338,FALSE,FALSE
2718,ASV3339,FALSE,FALSE
2719,ASV3340,FALSE,FALSE
2720,ASV3341,FALSE,FALSE
2721,ASV3342,FALSE,FALSE
2722,ASV3343,FALSE,FALSE
2723,ASV3344,FALSE,FALSE
2724,ASV3345,FALSE,FALSE
2725,ASV3347,FALSE,FALSE
2726,ASV3348,FALSE,FALSE
2727,ASV3349,FALSE,FALSE
2728,ASV3350,TRUE,FALSE
2729,ASV3351,FALSE,TRUE
2730,ASV3352,FALSE,FALSE
2731,ASV3353,FALSE,FALSE
2732,ASV3354,FALSE,FALSE
2733,ASV3355,FALSE,FALSE
2734,ASV3356,FALSE,FALSE
2735,ASV3357,FALSE,FALSE
2736,ASV3359,FALSE,FALSE
2737,ASV3360,FALSE,FALSE
2738,ASV3361,FALSE,FALSE
2739,ASV3362,FALSE,FALSE
2740,ASV3363,FALSE,FALSE
2741,ASV3364,FALSE,FALSE
2742,ASV3365,FALSE,FALSE
2743,ASV3366,FALSE,FALSE
2744,ASV3367,FALSE,FALSE
2745,ASV3368,FALSE,FALSE
2746,ASV3369,FALSE,FALSE
2747,ASV3370,FALSE,FALSE
2748,ASV3371,FALSE,FALSE
2749,ASV3372,FALSE,FALSE
2750,ASV3373,FALSE,FALSE
2751,ASV3375,FALSE,FALSE
2752,ASV3376,FALSE,FALSE
2753,ASV3377,FALSE,TRUE
2754,ASV3380,FALSE,FALSE
2755,ASV3381,FALSE,FALSE
2756,ASV3383,FALSE,FALSE
2757,ASV3384,FALSE,FALSE
2758,ASV3385,FALSE,FALSE
2759,ASV3386,FALSE,FALSE
2760,ASV3387,FALSE,FALSE
2761,ASV3388,FALSE,FALSE
2762,ASV3390,FALSE,TRUE
2763,ASV3391,FALSE,FALSE
2764,ASV3392,TRUE,FALSE
2765,ASV3393,TRUE,FALSE
2766,ASV3394,FALSE,FALSE
2767,ASV3395,FALSE,TRUE
2768,ASV3396,FALSE,TRUE
2769,ASV3397,FALSE,FALSE
2770,ASV3398,FALSE,FALSE
2771,ASV3399,FALSE,FALSE
2772,ASV3400,FALSE,FALSE
2773,ASV3402,TRUE,FALSE
2774,ASV3403,FALSE,FALSE
2775,ASV3404,TRUE,FALSE
2776,ASV3406,FALSE,FALSE
2777,ASV3407,FALSE,TRUE
2778,ASV3408,FALSE,FALSE
2779,ASV3409,FALSE,FALSE
2780,ASV3410,FALSE,FALSE
2781,ASV3412,FALSE,FALSE
2782,ASV3413,FALSE,FALSE
2783,ASV3415,FALSE,FALSE
2784,ASV3416,FALSE,FALSE
2785,ASV3417,FALSE,FALSE
2786,ASV3418,FALSE,FALSE
2787,ASV3419,FALSE,FALSE
2788,ASV3420,FALSE,FALSE
2789,ASV3421,FALSE,TRUE
2790,ASV3424,FALSE,FALSE
2791,ASV3425,FALSE,FALSE
2792,ASV3426,FALSE,FALSE
2793,ASV3428,FALSE,FALSE
2794,ASV3429,FALSE,FALSE
2795,ASV3430,FALSE,FALSE
2796,ASV3431,FALSE,FALSE
2797,ASV3433,FALSE,TRUE
2798,ASV3434,FALSE,FALSE
2799,ASV3435,FALSE,FALSE
2800,ASV3436,FALSE,FALSE
2801,ASV3437,FALSE,FALSE
2802,ASV3438,TRUE,FALSE
2803,ASV3439,FALSE,FALSE
2804,ASV3440,FALSE,FALSE
2805,ASV3441,FALSE,FALSE
2806,ASV3443,FALSE,FALSE
2807,ASV3444,FALSE,FALSE
2808,ASV3445,FALSE,FALSE
2809,ASV3446,TRUE,FALSE
2810,ASV3447,FALSE,FALSE
2811,ASV3448,FALSE,TRUE
2812,ASV3451,FALSE,FALSE
2813,ASV3452,FALSE,FALSE
2814,ASV3453,FALSE,FALSE
2815,ASV3454,FALSE,FALSE
2816,ASV3457,TRUE,FALSE
2817,ASV3458,FALSE,FALSE
2818,ASV3459,FALSE,FALSE
2819,ASV3460,FALSE,FALSE
2820,ASV3461,FALSE,TRUE
2821,ASV3462,FALSE,TRUE
2822,ASV3463,FALSE,FALSE
2823,ASV3464,TRUE,FALSE
2824,ASV3465,FALSE,FALSE
2825,ASV3466,FALSE,FALSE
2826,ASV3467,FALSE,FALSE
2827,ASV3469,FALSE,FALSE
2828,ASV3471,FALSE,FALSE
2829,ASV3473,FALSE,FALSE
2830,ASV3474,FALSE,FALSE
2831,ASV3476,FALSE,TRUE
2832,ASV3477,FALSE,TRUE
2833,ASV3478,TRUE,FALSE
2834,ASV3479,TRUE,FALSE
2835,ASV3480,FALSE,FALSE
2836,ASV3482,FALSE,FALSE
2837,ASV3483,FALSE,FALSE
2838,ASV3484,FALSE,FALSE
2839,ASV3485,FALSE,FALSE
2840,ASV3486,FALSE,FALSE
2841,ASV3487,TRUE,FALSE
2842,ASV3488,FALSE,FALSE
2843,ASV3489,FALSE,FALSE
2844,ASV3490,FALSE,FALSE
2845,ASV3491,FALSE,FALSE
2846,ASV3492,FALSE,FALSE
2847,ASV3493,FALSE,TRUE
2848,ASV3494,FALSE,TRUE
2849,ASV3496,FALSE,FALSE
2850,ASV3497,FALSE,FALSE
2851,ASV3498,FALSE,FALSE
2852,ASV3499,FALSE,FALSE
2853,ASV3500,FALSE,FALSE
2854,ASV3501,FALSE,FALSE
2855,ASV3502,TRUE,FALSE
2856,ASV3503,FALSE,FALSE
2857,ASV3504,FALSE,FALSE
2858,ASV3506,FALSE,TRUE
2859,ASV3507,FALSE,FALSE
2860,ASV3508,TRUE,FALSE
2861,ASV3509,FALSE,FALSE
2862,ASV3510,FALSE,FALSE
2863,ASV3511,FALSE,FALSE
2864,ASV3512,FALSE,FALSE
2865,ASV3513,FALSE,FALSE
2866,ASV3516,FALSE,FALSE
2867,ASV3517,FALSE,FALSE
2868,ASV3518,FALSE,FALSE
2869,ASV3519,FALSE,TRUE
2870,ASV3520,FALSE,TRUE
2871,ASV3521,FALSE,FALSE
2872,ASV3522,FALSE,FALSE
2873,ASV3524,FALSE,FALSE
2874,ASV3527,FALSE,FALSE
2875,ASV3528,FALSE,FALSE
2876,ASV3529,FALSE,FALSE
2877,ASV3530,FALSE,FALSE
2878,ASV3531,TRUE,FALSE
2879,ASV3532,FALSE,FALSE
2880,ASV3535,FALSE,FALSE
2881,ASV3536,FALSE,FALSE
2882,ASV3538,FALSE,FALSE
2883,ASV3539,FALSE,TRUE
2884,ASV3540,FALSE,TRUE
2885,ASV3541,FALSE,TRUE
2886,ASV3542,FALSE,TRUE
2887,ASV3543,FALSE,FALSE
2888,ASV3545,FALSE,FALSE
2889,ASV3547,FALSE,FALSE
2890,ASV3548,FALSE,TRUE
2891,ASV3549,FALSE,FALSE
2892,ASV3551,TRUE,FALSE
2893,ASV3552,FALSE,FALSE
2894,ASV3553,FALSE,FALSE
2895,ASV3554,FALSE,FALSE
2896,ASV3555,FALSE,TRUE
2897,ASV3556,FALSE,FALSE
2898,ASV3557,TRUE,FALSE
2899,ASV3558,TRUE,FALSE
2900,ASV3559,TRUE,FALSE
2901,ASV3560,TRUE,FALSE
2902,ASV3561,FALSE,FALSE
2903,ASV3562,FALSE,FALSE
2904,ASV3563,FALSE,FALSE
2905,ASV3565,FALSE,FALSE
2906,ASV3566,FALSE,FALSE
2907,ASV3568,FALSE,FALSE
2908,ASV3569,FALSE,FALSE
2909,ASV3570,FALSE,TRUE
2910,ASV3571,FALSE,FALSE
2911,ASV3572,FALSE,FALSE
2912,ASV3573,FALSE,FALSE
2913,ASV3574,FALSE,FALSE
2914,ASV3575,FALSE,FALSE
2915,ASV3578,FALSE,FALSE
2916,ASV3580,FALSE,FALSE
2917,ASV3581,FALSE,FALSE
2918,ASV3582,FALSE,FALSE
2919,ASV3583,FALSE,FALSE
2920,ASV3585,FALSE,FALSE
2921,ASV3586,FALSE,FALSE
2922,ASV3587,TRUE,FALSE
2923,ASV3588,FALSE,FALSE
2924,ASV3589,FALSE,FALSE
2925,ASV3590,FALSE,FALSE
2926,ASV3591,TRUE,FALSE
2927,ASV3592,FALSE,FALSE
2928,ASV3595,FALSE,FALSE
2929,ASV3596,FALSE,FALSE
2930,ASV3597,FALSE,FALSE
2931,ASV3598,FALSE,FALSE
2932,ASV3599,FALSE,FALSE
2933,ASV3600,FALSE,FALSE
2934,ASV3601,FALSE,FALSE
2935,ASV3602,FALSE,FALSE
2936,ASV3603,TRUE,FALSE
2937,ASV3605,FALSE,FALSE
2938,ASV3606,FALSE,FALSE
2939,ASV3607,FALSE,FALSE
2940,ASV3608,FALSE,FALSE
2941,ASV3609,FALSE,FALSE
2942,ASV3611,FALSE,FALSE
2943,ASV3613,FALSE,FALSE
2944,ASV3614,FALSE,FALSE
2945,ASV3616,FALSE,FALSE
2946,ASV3617,TRUE,FALSE
2947,ASV3618,TRUE,FALSE
2948,ASV3619,TRUE,FALSE
2949,ASV3620,FALSE,FALSE
2950,ASV3621,FALSE,FALSE
2951,ASV3624,TRUE,FALSE
2952,ASV3625,FALSE,FALSE
2953,ASV3626,FALSE,FALSE
2954,ASV3627,FALSE,FALSE
2955,ASV3628,FALSE,FALSE
2956,ASV3629,FALSE,TRUE
2957,ASV3630,FALSE,FALSE
2958,ASV3631,FALSE,FALSE
2959,ASV3632,FALSE,FALSE
2960,ASV3633,FALSE,FALSE
2961,ASV3634,FALSE,FALSE
2962,ASV3635,FALSE,FALSE
2963,ASV3636,FALSE,FALSE
2964,ASV3637,FALSE,TRUE
2965,ASV3638,FALSE,TRUE
2966,ASV3639,FALSE,FALSE
2967,ASV3641,FALSE,FALSE
2968,ASV3642,TRUE,FALSE
2969,ASV3644,FALSE,FALSE
2970,ASV3645,FALSE,FALSE
2971,ASV3646,FALSE,FALSE
2972,ASV3647,FALSE,FALSE
2973,ASV3648,TRUE,FALSE
2974,ASV3649,FALSE,FALSE
2975,ASV3650,FALSE,FALSE
2976,ASV3651,FALSE,FALSE
2977,ASV3653,FALSE,FALSE
2978,ASV3654,FALSE,FALSE
2979,ASV3655,FALSE,TRUE
2980,ASV3656,FALSE,TRUE
2981,ASV3657,FALSE,TRUE
2982,ASV3658,FALSE,FALSE
2983,ASV3660,FALSE,FALSE
2984,ASV3661,FALSE,FALSE
2985,ASV3662,FALSE,FALSE
2986,ASV3663,FALSE,FALSE
2987,ASV3664,FALSE,FALSE
2988,ASV3666,FALSE,FALSE
2989,ASV3667,FALSE,FALSE
2990,ASV3668,FALSE,FALSE
2991,ASV3669,FALSE,FALSE
2992,ASV3670,FALSE,FALSE
2993,ASV3671,FALSE,FALSE
2994,ASV3672,FALSE,TRUE
2995,ASV3673,FALSE,FALSE
2996,ASV3674,TRUE,FALSE
2997,ASV3677,FALSE,FALSE
2998,ASV3678,FALSE,FALSE
2999,ASV3680,FALSE,FALSE
3000,ASV3681,FALSE,FALSE
3001,ASV3683,FALSE,FALSE
3002,ASV3686,FALSE,FALSE
3003,ASV3687,FALSE,FALSE
3004,ASV3688,FALSE,FALSE
3005,ASV3690,TRUE,FALSE
3006,ASV3692,FALSE,FALSE
3007,ASV3693,FALSE,FALSE
3008,ASV3694,FALSE,FALSE
3009,ASV3695,FALSE,FALSE
3010,ASV3697,FALSE,FALSE
3011,ASV3698,FALSE,FALSE
3012,ASV3699,FALSE,FALSE
3013,ASV3700,FALSE,FALSE
3014,ASV3701,FALSE,FALSE
3015,ASV3702,FALSE,FALSE
3016,ASV3704,FALSE,FALSE
3017,ASV3705,FALSE,FALSE
3018,ASV3706,FALSE,TRUE
3019,ASV3707,FALSE,TRUE
3020,ASV3708,FALSE,FALSE
3021,ASV3709,FALSE,TRUE
3022,ASV3710,FALSE,TRUE
3023,ASV3711,FALSE,TRUE
3024,ASV3712,FALSE,TRUE
3025,ASV3713,TRUE,FALSE
3026,ASV3715,FALSE,FALSE
3027,ASV3716,FALSE,FALSE
3028,ASV3717,FALSE,FALSE
3029,ASV3718,FALSE,FALSE
3030,ASV3719,FALSE,FALSE
3031,ASV3720,FALSE,FALSE
3032,ASV3721,TRUE,FALSE
3033,ASV3722,FALSE,FALSE
3034,ASV3723,FALSE,FALSE
3035,ASV3727,FALSE,TRUE
3036,ASV3728,FALSE,FALSE
3037,ASV3729,FALSE,FALSE
3038,ASV3730,TRUE,FALSE
3039,ASV3731,FALSE,FALSE
3040,ASV3732,FALSE,FALSE
3041,ASV3733,FALSE,FALSE
3042,ASV3734,FALSE,FALSE
3043,ASV3736,TRUE,FALSE
3044,ASV3737,FALSE,FALSE
3045,ASV3738,FALSE,FALSE
3046,ASV3739,FALSE,FALSE
3047,ASV3740,FALSE,FALSE
3048,ASV3741,FALSE,FALSE
3049,ASV3742,FALSE,FALSE
3050,ASV3743,FALSE,FALSE
3051,ASV3744,FALSE,FALSE
3052,ASV3745,FALSE,FALSE
3053,ASV3746,FALSE,FALSE
3054,ASV3748,FALSE,FALSE
3055,ASV3749,TRUE,FALSE
3056,ASV3750,FALSE,TRUE
3057,ASV3751,FALSE,FALSE
3058,ASV3752,TRUE,FALSE
3059,ASV3753,FALSE,TRUE
3060,ASV3755,TRUE,FALSE
3061,ASV3756,FALSE,TRUE
3062,ASV3757,FALSE,FALSE
3063,ASV3758,FALSE,FALSE
3064,ASV3759,FALSE,FALSE
3065,ASV3760,TRUE,FALSE
3066,ASV3761,FALSE,FALSE
3067,ASV3762,FALSE,FALSE
3068,ASV3763,FALSE,FALSE
3069,ASV3764,TRUE,FALSE
3070,ASV3765,FALSE,FALSE
3071,ASV3766,FALSE,FALSE
3072,ASV3767,FALSE,FALSE
3073,ASV3769,TRUE,FALSE
3074,ASV3770,FALSE,FALSE
3075,ASV3772,FALSE,TRUE
3076,ASV3773,FALSE,FALSE
3077,ASV3774,FALSE,TRUE
3078,ASV3775,FALSE,FALSE
3079,ASV3776,FALSE,FALSE
3080,ASV3777,FALSE,FALSE
3081,ASV3778,FALSE,FALSE
3082,ASV3780,FALSE,FALSE
3083,ASV3781,FALSE,FALSE
3084,ASV3782,FALSE,FALSE
3085,ASV3783,FALSE,FALSE
3086,ASV3785,FALSE,FALSE
3087,ASV3786,FALSE,FALSE
3088,ASV3787,FALSE,FALSE
3089,ASV3788,FALSE,FALSE
3090,ASV3789,FALSE,FALSE
3091,ASV3790,FALSE,FALSE
3092,ASV3791,FALSE,FALSE
3093,ASV3792,FALSE,TRUE
3094,ASV3793,FALSE,TRUE
3095,ASV3794,FALSE,FALSE
3096,ASV3795,TRUE,FALSE
3097,ASV3796,FALSE,FALSE
3098,ASV3797,FALSE,FALSE
3099,ASV3798,FALSE,FALSE
3100,ASV3799,FALSE,FALSE
3101,ASV3800,FALSE,FALSE
3102,ASV3802,FALSE,FALSE
3103,ASV3803,FALSE,TRUE
3104,ASV3804,FALSE,TRUE
3105,ASV3805,FALSE,FALSE
3106,ASV3807,FALSE,FALSE
3107,ASV3809,FALSE,FALSE
3108,ASV3810,FALSE,TRUE
3109,ASV3811,TRUE,FALSE
3110,ASV3812,TRUE,FALSE
3111,ASV3813,FALSE,TRUE
3112,ASV3814,TRUE,FALSE
3113,ASV3815,FALSE,FALSE
3114,ASV3818,FALSE,FALSE
3115,ASV3819,FALSE,FALSE
3116,ASV3820,TRUE,FALSE
3117,ASV3821,FALSE,FALSE
3118,ASV3822,FALSE,FALSE
3119,ASV3823,FALSE,TRUE
3120,ASV3824,FALSE,TRUE
3121,ASV3825,FALSE,FALSE
3122,ASV3827,FALSE,FALSE
3123,ASV3828,FALSE,TRUE
3124,ASV3830,TRUE,FALSE
3125,ASV3831,FALSE,FALSE
3126,ASV3832,FALSE,FALSE
3127,ASV3833,FALSE,FALSE
3128,ASV3834,FALSE,FALSE
3129,ASV3835,TRUE,FALSE
3130,ASV3836,FALSE,FALSE
3131,ASV3838,FALSE,FALSE
3132,ASV3839,FALSE,FALSE
3133,ASV3841,FALSE,FALSE
3134,ASV3842,FALSE,FALSE
3135,ASV3843,FALSE,TRUE
3136,ASV3844,TRUE,FALSE
3137,ASV3845,FALSE,FALSE
3138,ASV3846,TRUE,FALSE
3139,ASV3847,FALSE,FALSE
3140,ASV3848,FALSE,FALSE
3141,ASV3849,FALSE,FALSE
3142,ASV3850,FALSE,FALSE
3143,ASV3851,FALSE,FALSE
3144,ASV3853,FALSE,FALSE
3145,ASV3854,FALSE,FALSE
3146,ASV3857,FALSE,FALSE
3147,ASV3860,FALSE,FALSE
3148,ASV3862,FALSE,TRUE
3149,ASV3863,FALSE,TRUE
3150,ASV3864,FALSE,TRUE
3151,ASV3865,FALSE,TRUE
3152,ASV3866,FALSE,FALSE
3153,ASV3867,FALSE,FALSE
3154,ASV3868,FALSE,FALSE
3155,ASV3870,FALSE,FALSE
3156,ASV3871,FALSE,FALSE
3157,ASV3872,FALSE,FALSE
3158,ASV3873,TRUE,FALSE
3159,ASV3874,FALSE,FALSE
3160,ASV3875,FALSE,FALSE
3161,ASV3876,FALSE,FALSE
3162,ASV3877,FALSE,FALSE
3163,ASV3878,FALSE,FALSE
3164,ASV3879,FALSE,FALSE
3165,ASV3880,FALSE,FALSE
3166,ASV3881,FALSE,FALSE
3167,ASV3882,FALSE,TRUE
3168,ASV3883,FALSE,TRUE
3169,ASV3884,FALSE,FALSE
3170,ASV3885,FALSE,TRUE
3171,ASV3887,TRUE,FALSE
3172,ASV3888,FALSE,TRUE
3173,ASV3890,TRUE,FALSE
3174,ASV3891,FALSE,FALSE
3175,ASV3892,FALSE,FALSE
3176,ASV3895,FALSE,TRUE
3177,ASV3896,FALSE,FALSE
3178,ASV3897,FALSE,FALSE
3179,ASV3898,TRUE,FALSE
3180,ASV3899,FALSE,FALSE
3181,ASV3900,FALSE,FALSE
3182,ASV3902,FALSE,FALSE
3183,ASV3903,FALSE,FALSE
3184,ASV3904,FALSE,FALSE
3185,ASV3905,FALSE,FALSE
3186,ASV3907,FALSE,FALSE
3187,ASV3908,FALSE,FALSE
3188,ASV3909,FALSE,FALSE
3189,ASV3910,FALSE,FALSE
3190,ASV3911,FALSE,FALSE
3191,ASV3913,FALSE,FALSE
3192,ASV3914,FALSE,FALSE
3193,ASV3916,FALSE,FALSE
3194,ASV3917,FALSE,FALSE
3195,ASV3918,FALSE,FALSE
3196,ASV3919,FALSE,FALSE
3197,ASV3920,FALSE,FALSE
3198,ASV3921,FALSE,FALSE
3199,ASV3923,FALSE,FALSE
3200,ASV3924,FALSE,TRUE
3201,ASV3925,FALSE,TRUE
3202,ASV3926,FALSE,FALSE
3203,ASV3927,FALSE,TRUE
3204,ASV3928,TRUE,FALSE
3205,ASV3929,TRUE,FALSE
3206,ASV3931,FALSE,FALSE
3207,ASV3935,TRUE,FALSE
3208,ASV3936,TRUE,FALSE
3209,ASV3937,FALSE,FALSE
3210,ASV3938,FALSE,FALSE
3211,ASV3939,FALSE,FALSE
3212,ASV3940,FALSE,FALSE
3213,ASV3941,FALSE,FALSE
3214,ASV3942,FALSE,TRUE
3215,ASV3943,FALSE,TRUE
3216,ASV3944,FALSE,TRUE
3217,ASV3945,FALSE,TRUE
3218,ASV3946,FALSE,TRUE
3219,ASV3947,TRUE,FALSE
3220,ASV3948,TRUE,FALSE
3221,ASV3949,FALSE,FALSE
3222,ASV3951,FALSE,FALSE
3223,ASV3952,FALSE,FALSE
3224,ASV3956,FALSE,FALSE
3225,ASV3957,FALSE,FALSE
3226,ASV3958,FALSE,FALSE
3227,ASV3959,FALSE,FALSE
3228,ASV3960,FALSE,FALSE
3229,ASV3961,FALSE,FALSE
3230,ASV3962,FALSE,FALSE
3231,ASV3963,FALSE,FALSE
3232,ASV3964,FALSE,FALSE
3233,ASV3965,FALSE,TRUE
3234,ASV3966,FALSE,TRUE
3235,ASV3967,FALSE,TRUE
3236,ASV3968,FALSE,TRUE
3237,ASV3969,TRUE,FALSE
3238,ASV3971,FALSE,FALSE
3239,ASV3972,FALSE,FALSE
3240,ASV3973,FALSE,FALSE
3241,ASV3974,FALSE,FALSE
3242,ASV3975,FALSE,FALSE
3243,ASV3976,FALSE,FALSE
3244,ASV3977,FALSE,FALSE
3245,ASV3978,FALSE,FALSE
3246,ASV3979,FALSE,FALSE
3247,ASV3980,FALSE,FALSE
3248,ASV3981,FALSE,FALSE
3249,ASV3982,FALSE,FALSE
3250,ASV3983,FALSE,FALSE
3251,ASV3984,FALSE,FALSE
3252,ASV3985,FALSE,TRUE
3253,ASV3986,FALSE,TRUE
3254,ASV3987,FALSE,TRUE
3255,ASV3988,TRUE,FALSE
3256,ASV3989,FALSE,FALSE
3257,ASV3991,FALSE,FALSE
3258,ASV3993,FALSE,FALSE
3259,ASV3994,FALSE,FALSE
3260,ASV3995,FALSE,FALSE
3261,ASV3996,FALSE,FALSE
3262,ASV3997,FALSE,FALSE
3263,ASV3998,FALSE,FALSE
3264,ASV3999,TRUE,FALSE
3265,ASV4000,FALSE,TRUE
3266,ASV4001,FALSE,FALSE
3267,ASV4002,FALSE,FALSE
3268,ASV4003,FALSE,FALSE
3269,ASV4004,FALSE,FALSE
3270,ASV4005,FALSE,FALSE
3271,ASV4006,FALSE,TRUE
3272,ASV4007,FALSE,TRUE
3273,ASV4008,FALSE,FALSE
3274,ASV4009,FALSE,FALSE
3275,ASV4010,FALSE,TRUE
3276,ASV4011,FALSE,TRUE
3277,ASV4013,FALSE,TRUE
3278,ASV4014,TRUE,FALSE
3279,ASV4015,FALSE,FALSE
3280,ASV4016,TRUE,FALSE
3281,ASV4017,FALSE,FALSE
3282,ASV4018,FALSE,FALSE
3283,ASV4021,TRUE,FALSE
3284,ASV4022,FALSE,FALSE
3285,ASV4023,FALSE,FALSE
3286,ASV4024,FALSE,FALSE
3287,ASV4025,FALSE,FALSE
3288,ASV4027,FALSE,FALSE
3289,ASV4029,FALSE,TRUE
3290,ASV4031,TRUE,FALSE
3291,ASV4032,FALSE,FALSE
3292,ASV4033,FALSE,FALSE
3293,ASV4034,FALSE,FALSE
3294,ASV4035,FALSE,FALSE
3295,ASV4036,TRUE,FALSE
3296,ASV4037,TRUE,FALSE
3297,ASV4038,FALSE,FALSE
3298,ASV4039,FALSE,TRUE
3299,ASV4040,FALSE,FALSE
3300,ASV4041,FALSE,FALSE
3301,ASV4042,TRUE,FALSE
3302,ASV4043,FALSE,TRUE
3303,ASV4045,FALSE,FALSE
3304,ASV4046,FALSE,FALSE
3305,ASV4047,FALSE,FALSE
3306,ASV4050,FALSE,FALSE
3307,ASV4053,FALSE,FALSE
3308,ASV4054,FALSE,FALSE
3309,ASV4055,FALSE,FALSE
3310,ASV4056,FALSE,FALSE
3311,ASV4057,TRUE,FALSE
3312,ASV4058,FALSE,FALSE
3313,ASV4059,FALSE,FALSE
3314,ASV4060,FALSE,FALSE
3315,ASV4061,FALSE,FALSE
3316,ASV4062,FALSE,FALSE
3317,ASV4063,FALSE,TRUE
3318,ASV4064,FALSE,TRUE
3319,ASV4065,FALSE,TRUE
3320,ASV4066,TRUE,FALSE
3321,ASV4067,FALSE,FALSE
3322,ASV4068,TRUE,FALSE
3323,ASV4070,FALSE,FALSE
3324,ASV4071,FALSE,FALSE
3325,ASV4072,FALSE,FALSE
3326,ASV4073,FALSE,FALSE
3327,ASV4075,FALSE,FALSE
3328,ASV4076,TRUE,FALSE
3329,ASV4077,FALSE,FALSE
3330,ASV4078,FALSE,FALSE
3331,ASV4081,TRUE,FALSE
3332,ASV4082,FALSE,FALSE
3333,ASV4083,FALSE,FALSE
3334,ASV4085,FALSE,TRUE
3335,ASV4086,FALSE,TRUE
3336,ASV4087,FALSE,TRUE
3337,ASV4089,FALSE,TRUE
3338,ASV4090,FALSE,FALSE
3339,ASV4091,TRUE,FALSE
3340,ASV4092,FALSE,TRUE
3341,ASV4093,FALSE,TRUE
3342,ASV4094,FALSE,FALSE
3343,ASV4095,TRUE,FALSE
3344,ASV4097,TRUE,FALSE
3345,ASV4098,TRUE,FALSE
3346,ASV4099,FALSE,FALSE
3347,ASV4100,TRUE,FALSE
3348,ASV4101,FALSE,FALSE
3349,ASV4102,FALSE,FALSE
3350,ASV4103,TRUE,FALSE
3351,ASV4105,FALSE,FALSE
3352,ASV4106,FALSE,FALSE
3353,ASV4107,FALSE,FALSE
3354,ASV4108,FALSE,FALSE
3355,ASV4109,FALSE,FALSE
3356,ASV4110,FALSE,FALSE
3357,ASV4111,FALSE,TRUE
3358,ASV4112,FALSE,FALSE
3359,ASV4114,FALSE,TRUE
3360,ASV4115,FALSE,FALSE
3361,ASV4116,TRUE,FALSE
3362,ASV4118,FALSE,FALSE
3363,ASV4121,FALSE,FALSE
3364,ASV4122,FALSE,FALSE
3365,ASV4123,TRUE,FALSE
3366,ASV4124,FALSE,FALSE
3367,ASV4128,FALSE,FALSE
3368,ASV4130,FALSE,FALSE
3369,ASV4131,FALSE,FALSE
3370,ASV4132,TRUE,FALSE
3371,ASV4133,FALSE,TRUE
3372,ASV4135,FALSE,TRUE
3373,ASV4136,TRUE,FALSE
3374,ASV4138,TRUE,FALSE
3375,ASV4139,FALSE,FALSE
3376,ASV4141,FALSE,FALSE
3377,ASV4142,FALSE,FALSE
3378,ASV4143,FALSE,TRUE
3379,ASV4144,FALSE,FALSE
3380,ASV4145,FALSE,FALSE
3381,ASV4146,FALSE,FALSE
3382,ASV4148,FALSE,FALSE
3383,ASV4149,FALSE,FALSE
3384,ASV4151,FALSE,TRUE
3385,ASV4152,FALSE,FALSE
3386,ASV4153,TRUE,FALSE
3387,ASV4154,TRUE,FALSE
3388,ASV4155,TRUE,FALSE
3389,ASV4156,FALSE,FALSE
3390,ASV4157,FALSE,FALSE
3391,ASV4158,FALSE,FALSE
3392,ASV4161,FALSE,FALSE
3393,ASV4163,FALSE,FALSE
3394,ASV4165,FALSE,FALSE
3395,ASV4167,FALSE,FALSE
3396,ASV4170,FALSE,FALSE
3397,ASV4171,FALSE,FALSE
3398,ASV4172,TRUE,FALSE
3399,ASV4173,FALSE,FALSE
3400,ASV4174,FALSE,FALSE
3401,ASV4175,FALSE,TRUE
3402,ASV4176,FALSE,FALSE
3403,ASV4177,TRUE,FALSE
3404,ASV4178,TRUE,FALSE
3405,ASV4179,FALSE,FALSE
3406,ASV4180,FALSE,FALSE
3407,ASV4181,TRUE,FALSE
3408,ASV4182,FALSE,FALSE
3409,ASV4183,FALSE,FALSE
3410,ASV4184,FALSE,FALSE
3411,ASV4185,FALSE,FALSE
3412,ASV4186,FALSE,FALSE
3413,ASV4187,FALSE,FALSE
3414,ASV4188,TRUE,FALSE
3415,ASV4189,FALSE,FALSE
3416,ASV4191,FALSE,FALSE
3417,ASV4192,FALSE,FALSE
3418,ASV4193,FALSE,FALSE
3419,ASV4194,FALSE,FALSE
3420,ASV4195,FALSE,FALSE
3421,ASV4196,FALSE,FALSE
3422,ASV4197,FALSE,TRUE
3423,ASV4198,FALSE,TRUE
3424,ASV4200,FALSE,FALSE
3425,ASV4201,FALSE,FALSE
3426,ASV4202,FALSE,FALSE
3427,ASV4203,FALSE,FALSE
3428,ASV4204,FALSE,FALSE
3429,ASV4206,FALSE,TRUE
3430,ASV4207,FALSE,FALSE
3431,ASV4209,TRUE,FALSE
3432,ASV4210,FALSE,FALSE
3433,ASV4211,FALSE,FALSE
3434,ASV4212,FALSE,FALSE
3435,ASV4213,FALSE,FALSE
3436,ASV4214,FALSE,FALSE
3437,ASV4215,FALSE,FALSE
3438,ASV4216,FALSE,FALSE
3439,ASV4217,FALSE,FALSE
3440,ASV4219,FALSE,TRUE
3441,ASV4220,FALSE,TRUE
3442,ASV4221,FALSE,FALSE
3443,ASV4222,FALSE,TRUE
3444,ASV4223,FALSE,TRUE
3445,ASV4224,FALSE,TRUE
3446,ASV4225,TRUE,FALSE
3447,ASV4226,TRUE,FALSE
3448,ASV4228,TRUE,FALSE
3449,ASV4229,FALSE,FALSE
3450,ASV4230,FALSE,FALSE
3451,ASV4231,FALSE,FALSE
3452,ASV4232,FALSE,FALSE
3453,ASV4233,FALSE,FALSE
3454,ASV4234,FALSE,FALSE
3455,ASV4235,FALSE,FALSE
3456,ASV4236,FALSE,FALSE
3457,ASV4237,FALSE,FALSE
3458,ASV4238,FALSE,TRUE
3459,ASV4240,FALSE,FALSE
3460,ASV4241,FALSE,FALSE
3461,ASV4242,FALSE,FALSE
3462,ASV4244,FALSE,FALSE
3463,ASV4245,FALSE,FALSE
3464,ASV4246,FALSE,FALSE
3465,ASV4247,TRUE,FALSE
3466,ASV4248,FALSE,FALSE
3467,ASV4249,FALSE,FALSE
3468,ASV4251,FALSE,FALSE
3469,ASV4253,FALSE,FALSE
3470,ASV4255,FALSE,FALSE
3471,ASV4256,FALSE,FALSE
3472,ASV4257,FALSE,FALSE
3473,ASV4258,FALSE,FALSE
3474,ASV4259,FALSE,FALSE
3475,ASV4260,FALSE,FALSE
3476,ASV4263,FALSE,FALSE
3477,ASV4264,FALSE,FALSE
3478,ASV4265,FALSE,FALSE
3479,ASV4266,FALSE,FALSE
3480,ASV4268,FALSE,TRUE
3481,ASV4269,FALSE,TRUE
3482,ASV4270,TRUE,FALSE
3483,ASV4271,FALSE,FALSE
3484,ASV4272,TRUE,FALSE
3485,ASV4273,FALSE,FALSE
3486,ASV4276,FALSE,FALSE
3487,ASV4277,FALSE,FALSE
3488,ASV4279,FALSE,FALSE
3489,ASV4280,FALSE,FALSE
3490,ASV4281,FALSE,FALSE
3491,ASV4283,TRUE,FALSE
3492,ASV4284,FALSE,FALSE
3493,ASV4285,FALSE,FALSE
3494,ASV4287,FALSE,FALSE
3495,ASV4288,TRUE,FALSE
3496,ASV4289,FALSE,FALSE
3497,ASV4290,FALSE,FALSE
3498,ASV4291,FALSE,FALSE
3499,ASV4292,FALSE,FALSE
3500,ASV4293,TRUE,FALSE
3501,ASV4294,TRUE,FALSE
3502,ASV4296,FALSE,FALSE
3503,ASV4297,TRUE,FALSE
3504,ASV4299,FALSE,FALSE
3505,ASV4300,FALSE,FALSE
3506,ASV4301,FALSE,FALSE
3507,ASV4304,FALSE,FALSE
3508,ASV4305,FALSE,FALSE
3509,ASV4307,FALSE,TRUE
3510,ASV4309,FALSE,FALSE
3511,ASV4310,FALSE,TRUE
3512,ASV4311,FALSE,FALSE
3513,ASV4312,TRUE,FALSE
3514,ASV4313,TRUE,FALSE
3515,ASV4314,TRUE,FALSE
3516,ASV4316,FALSE,FALSE
3517,ASV4317,FALSE,FALSE
3518,ASV4318,FALSE,FALSE
3519,ASV4319,TRUE,FALSE
3520,ASV4320,TRUE,FALSE
3521,ASV4321,TRUE,FALSE
3522,ASV4322,FALSE,FALSE
3523,ASV4324,FALSE,FALSE
3524,ASV4325,FALSE,FALSE
3525,ASV4326,TRUE,FALSE
3526,ASV4327,TRUE,FALSE
3527,ASV4328,TRUE,FALSE
3528,ASV4329,FALSE,FALSE
3529,ASV4330,FALSE,FALSE
3530,ASV4331,FALSE,FALSE
3531,ASV4332,FALSE,FALSE
3532,ASV4333,FALSE,FALSE
3533,ASV4334,FALSE,FALSE
3534,ASV4335,TRUE,FALSE
3535,ASV4336,TRUE,FALSE
3536,ASV4337,FALSE,FALSE
3537,ASV4338,FALSE,FALSE
3538,ASV4341,FALSE,FALSE
3539,ASV4343,FALSE,FALSE
3540,ASV4344,FALSE,FALSE
3541,ASV4345,FALSE,FALSE
3542,ASV4346,FALSE,FALSE
3543,ASV4347,TRUE,FALSE
3544,ASV4348,FALSE,FALSE
3545,ASV4349,FALSE,FALSE
3546,ASV4350,FALSE,FALSE
3547,ASV4351,FALSE,FALSE
3548,ASV4352,TRUE,FALSE
3549,ASV4353,FALSE,FALSE
3550,ASV4354,FALSE,TRUE
3551,ASV4355,TRUE,FALSE
3552,ASV4356,FALSE,FALSE
3553,ASV4357,FALSE,FALSE
3554,ASV4359,FALSE,FALSE
3555,ASV4361,TRUE,FALSE
3556,ASV4362,FALSE,FALSE
3557,ASV4364,FALSE,FALSE
3558,ASV4365,FALSE,FALSE
3559,ASV4366,FALSE,FALSE
3560,ASV4367,FALSE,FALSE
3561,ASV4369,FALSE,FALSE
3562,ASV4371,TRUE,FALSE
3563,ASV4372,TRUE,FALSE
3564,ASV4373,FALSE,FALSE
3565,ASV4374,FALSE,FALSE
3566,ASV4375,FALSE,FALSE
3567,ASV4376,FALSE,FALSE
3568,ASV4377,FALSE,FALSE
3569,ASV4378,FALSE,FALSE
3570,ASV4379,FALSE,FALSE
3571,ASV4380,FALSE,FALSE
3572,ASV4381,FALSE,FALSE
3573,ASV4382,FALSE,TRUE
3574,ASV4383,FALSE,TRUE
3575,ASV4385,FALSE,TRUE
3576,ASV4387,TRUE,FALSE
3577,ASV4389,FALSE,TRUE
3578,ASV4390,FALSE,TRUE
3579,ASV4391,TRUE,FALSE
3580,ASV4392,FALSE,TRUE
3581,ASV4393,TRUE,FALSE
3582,ASV4395,FALSE,FALSE
3583,ASV4397,FALSE,FALSE
3584,ASV4398,TRUE,FALSE
3585,ASV4399,TRUE,FALSE
3586,ASV4400,FALSE,FALSE
3587,ASV4401,FALSE,FALSE
3588,ASV4403,FALSE,TRUE
3589,ASV4404,FALSE,TRUE
3590,ASV4405,FALSE,TRUE
3591,ASV4406,FALSE,TRUE
3592,ASV4407,FALSE,TRUE
3593,ASV4408,TRUE,FALSE
3594,ASV4410,FALSE,TRUE
3595,ASV4411,FALSE,FALSE
3596,ASV4413,FALSE,FALSE
3597,ASV4414,TRUE,FALSE
3598,ASV4416,FALSE,FALSE
3599,ASV4419,TRUE,FALSE
3600,ASV4422,FALSE,FALSE
3601,ASV4423,FALSE,FALSE
3602,ASV4424,FALSE,TRUE
3603,ASV4425,FALSE,FALSE
3604,ASV4426,TRUE,FALSE
3605,ASV4428,FALSE,FALSE
3606,ASV4429,TRUE,FALSE
3607,ASV4430,TRUE,FALSE
3608,ASV4432,FALSE,FALSE
3609,ASV4433,FALSE,FALSE
3610,ASV4434,FALSE,FALSE
3611,ASV4436,FALSE,TRUE
3612,ASV4437,FALSE,TRUE
3613,ASV4438,FALSE,TRUE
3614,ASV4439,FALSE,TRUE
3615,ASV4440,FALSE,TRUE
3616,ASV4442,TRUE,FALSE
3617,ASV4443,FALSE,FALSE
3618,ASV4444,TRUE,FALSE
3619,ASV4446,TRUE,FALSE
3620,ASV4447,FALSE,FALSE
3621,ASV4448,FALSE,FALSE
3622,ASV4449,FALSE,FALSE
3623,ASV4450,FALSE,FALSE
3624,ASV4452,FALSE,FALSE
3625,ASV4455,TRUE,FALSE
3626,ASV4457,FALSE,FALSE
3627,ASV4459,FALSE,TRUE
3628,ASV4460,FALSE,TRUE
3629,ASV4461,FALSE,TRUE
3630,ASV4462,FALSE,FALSE
3631,ASV4463,FALSE,FALSE
3632,ASV4464,FALSE,FALSE
3633,ASV4465,FALSE,FALSE
3634,ASV4468,FALSE,FALSE
3635,ASV4469,FALSE,FALSE
3636,ASV4470,FALSE,FALSE
3637,ASV4472,FALSE,FALSE
3638,ASV4474,FALSE,FALSE
3639,ASV4475,FALSE,FALSE
3640,ASV4476,TRUE,FALSE
3641,ASV4477,FALSE,FALSE
3642,ASV4478,FALSE,FALSE
3643,ASV4479,FALSE,FALSE
3644,ASV4480,FALSE,FALSE
3645,ASV4482,TRUE,FALSE
3646,ASV4483,FALSE,TRUE
3647,ASV4484,FALSE,TRUE
3648,ASV4485,FALSE,FALSE
3649,ASV4486,TRUE,FALSE
3650,ASV4487,TRUE,FALSE
3651,ASV4489,FALSE,FALSE
3652,ASV4490,FALSE,FALSE
3653,ASV4491,FALSE,FALSE
3654,ASV4492,TRUE,FALSE
3655,ASV4493,FALSE,FALSE
3656,ASV4494,FALSE,FALSE
3657,ASV4495,FALSE,FALSE
3658,ASV4496,FALSE,FALSE
3659,ASV4497,FALSE,FALSE
3660,ASV4499,FALSE,FALSE
3661,ASV4500,FALSE,FALSE
3662,ASV4501,FALSE,FALSE
3663,ASV4502,FALSE,FALSE
3664,ASV4503,TRUE,FALSE
3665,ASV4505,FALSE,FALSE
3666,ASV4506,TRUE,FALSE
3667,ASV4507,FALSE,TRUE
3668,ASV4508,FALSE,TRUE
3669,ASV4509,FALSE,TRUE
3670,ASV4510,FALSE,TRUE
3671,ASV4511,FALSE,TRUE
3672,ASV4512,FALSE,FALSE
3673,ASV4513,TRUE,FALSE
3674,ASV4514,FALSE,TRUE
3675,ASV4515,FALSE,TRUE
3676,ASV4516,FALSE,TRUE
3677,ASV4518,FALSE,FALSE
3678,ASV4520,FALSE,FALSE
3679,ASV4521,FALSE,FALSE
3680,ASV4522,FALSE,FALSE
3681,ASV4525,FALSE,FALSE
3682,ASV4526,TRUE,FALSE
3683,ASV4527,FALSE,FALSE
3684,ASV4528,FALSE,FALSE
3685,ASV4529,FALSE,FALSE
3686,ASV4530,TRUE,FALSE
3687,ASV4531,FALSE,TRUE
3688,ASV4532,FALSE,FALSE
3689,ASV4533,FALSE,FALSE
3690,ASV4534,FALSE,FALSE
3691,ASV4535,FALSE,FALSE
3692,ASV4537,FALSE,FALSE
3693,ASV4538,FALSE,FALSE
3694,ASV4539,FALSE,FALSE
3695,ASV4541,FALSE,FALSE
3696,ASV4543,FALSE,FALSE
3697,ASV4544,FALSE,FALSE
3698,ASV4545,FALSE,TRUE
3699,ASV4546,TRUE,FALSE
3700,ASV4549,FALSE,FALSE
3701,ASV4550,FALSE,FALSE
3702,ASV4551,FALSE,FALSE
3703,ASV4554,TRUE,FALSE
3704,ASV4555,FALSE,FALSE
3705,ASV4556,FALSE,TRUE
3706,ASV4557,FALSE,TRUE
3707,ASV4558,TRUE,FALSE
3708,ASV4559,FALSE,FALSE
3709,ASV4560,FALSE,FALSE
3710,ASV4561,FALSE,FALSE
3711,ASV4562,FALSE,FALSE
3712,ASV4563,FALSE,FALSE
3713,ASV4564,FALSE,FALSE
3714,ASV4566,FALSE,FALSE
3715,ASV4567,FALSE,TRUE
3716,ASV4568,TRUE,FALSE
3717,ASV4569,FALSE,TRUE
3718,ASV4570,FALSE,TRUE
3719,ASV4571,FALSE,TRUE
3720,ASV4572,FALSE,TRUE
3721,ASV4573,FALSE,TRUE
3722,ASV4575,FALSE,FALSE
3723,ASV4577,TRUE,FALSE
3724,ASV4578,FALSE,FALSE
3725,ASV4579,TRUE,FALSE
3726,ASV4580,FALSE,FALSE
3727,ASV4581,FALSE,FALSE
3728,ASV4583,TRUE,FALSE
3729,ASV4584,FALSE,FALSE
3730,ASV4585,TRUE,FALSE
3731,ASV4586,FALSE,FALSE
3732,ASV4587,FALSE,FALSE
3733,ASV4588,TRUE,FALSE
3734,ASV4589,FALSE,TRUE
3735,ASV4590,FALSE,TRUE
3736,ASV4591,FALSE,TRUE
3737,ASV4592,FALSE,TRUE
3738,ASV4593,FALSE,FALSE
3739,ASV4594,FALSE,TRUE
3740,ASV4595,FALSE,FALSE
3741,ASV4596,TRUE,FALSE
3742,ASV4597,FALSE,TRUE
3743,ASV4598,TRUE,FALSE
3744,ASV4599,FALSE,FALSE
3745,ASV4600,TRUE,FALSE
3746,ASV4602,FALSE,FALSE
3747,ASV4603,FALSE,FALSE
3748,ASV4604,FALSE,FALSE
3749,ASV4606,TRUE,FALSE
3750,ASV4607,FALSE,FALSE
3751,ASV4608,FALSE,FALSE
3752,ASV4609,FALSE,FALSE
3753,ASV4611,FALSE,FALSE
3754,ASV4613,FALSE,FALSE
3755,ASV4614,FALSE,FALSE
3756,ASV4615,FALSE,TRUE
3757,ASV4616,FALSE,TRUE
3758,ASV4617,FALSE,FALSE
3759,ASV4618,FALSE,TRUE
3760,ASV4620,TRUE,FALSE
3761,ASV4621,FALSE,TRUE
3762,ASV4622,TRUE,FALSE
3763,ASV4623,FALSE,FALSE
3764,ASV4624,FALSE,FALSE
3765,ASV4628,FALSE,FALSE
3766,ASV4629,TRUE,FALSE
3767,ASV4631,FALSE,FALSE
3768,ASV4632,FALSE,FALSE
3769,ASV4633,FALSE,FALSE
3770,ASV4635,TRUE,FALSE
3771,ASV4637,FALSE,FALSE
3772,ASV4638,FALSE,FALSE
3773,ASV4639,FALSE,TRUE
3774,ASV4640,FALSE,TRUE
3775,ASV4641,FALSE,TRUE
3776,ASV4642,FALSE,TRUE
3777,ASV4643,FALSE,FALSE
3778,ASV4644,FALSE,FALSE
3779,ASV4645,FALSE,TRUE
3780,ASV4646,FALSE,TRUE
3781,ASV4647,FALSE,FALSE
3782,ASV4648,FALSE,FALSE
3783,ASV4649,FALSE,FALSE
3784,ASV4651,FALSE,FALSE
3785,ASV4652,FALSE,FALSE
3786,ASV4653,FALSE,FALSE
3787,ASV4654,FALSE,FALSE
3788,ASV4655,FALSE,FALSE
3789,ASV4656,TRUE,FALSE
3790,ASV4657,FALSE,FALSE
3791,ASV4658,TRUE,FALSE
3792,ASV4659,FALSE,FALSE
3793,ASV4660,FALSE,FALSE
3794,ASV4661,FALSE,FALSE
3795,ASV4662,FALSE,FALSE
3796,ASV4663,FALSE,FALSE
3797,ASV4664,FALSE,TRUE
3798,ASV4665,FALSE,TRUE
3799,ASV4666,FALSE,TRUE
3800,ASV4667,FALSE,TRUE
3801,ASV4668,FALSE,TRUE
3802,ASV4669,FALSE,FALSE
3803,ASV4670,TRUE,FALSE
3804,ASV4671,TRUE,FALSE
3805,ASV4672,FALSE,TRUE
3806,ASV4673,TRUE,FALSE
3807,ASV4675,TRUE,FALSE
3808,ASV4676,FALSE,FALSE
3809,ASV4677,FALSE,FALSE
3810,ASV4680,FALSE,FALSE
3811,ASV4681,FALSE,FALSE
3812,ASV4682,TRUE,FALSE
3813,ASV4683,FALSE,FALSE
3814,ASV4684,FALSE,FALSE
3815,ASV4685,TRUE,FALSE
3816,ASV4686,FALSE,FALSE
3817,ASV4687,FALSE,FALSE
3818,ASV4688,FALSE,FALSE
3819,ASV4690,TRUE,FALSE
3820,ASV4691,FALSE,FALSE
3821,ASV4692,FALSE,FALSE
3822,ASV4694,FALSE,FALSE
3823,ASV4695,FALSE,FALSE
3824,ASV4696,FALSE,FALSE
3825,ASV4697,FALSE,FALSE
3826,ASV4698,FALSE,TRUE
3827,ASV4699,FALSE,TRUE
3828,ASV4700,FALSE,TRUE
3829,ASV4701,FALSE,TRUE
3830,ASV4702,FALSE,TRUE
3831,ASV4703,FALSE,TRUE
3832,ASV4704,FALSE,TRUE
3833,ASV4705,FALSE,TRUE
3834,ASV4706,FALSE,TRUE
3835,ASV4707,FALSE,TRUE
3836,ASV4708,TRUE,FALSE
3837,ASV4709,TRUE,FALSE
3838,ASV4710,FALSE,TRUE
3839,ASV4712,FALSE,FALSE
3840,ASV4713,FALSE,FALSE
3841,ASV4714,TRUE,FALSE
3842,ASV4716,FALSE,FALSE
3843,ASV4717,FALSE,FALSE
3844,ASV4718,FALSE,FALSE
3845,ASV4719,FALSE,TRUE
3846,ASV4720,FALSE,FALSE
3847,ASV4721,FALSE,FALSE
3848,ASV4722,FALSE,FALSE
3849,ASV4724,FALSE,FALSE
3850,ASV4725,FALSE,FALSE
3851,ASV4726,FALSE,FALSE
3852,ASV4729,FALSE,FALSE
3853,ASV4730,FALSE,TRUE
3854,ASV4732,FALSE,TRUE
3855,ASV4733,FALSE,TRUE
3856,ASV4734,FALSE,FALSE
3857,ASV4735,FALSE,TRUE
3858,ASV4736,TRUE,FALSE
3859,ASV4737,TRUE,FALSE
3860,ASV4740,FALSE,FALSE
3861,ASV4741,TRUE,FALSE
3862,ASV4742,FALSE,FALSE
3863,ASV4743,TRUE,FALSE
3864,ASV4744,FALSE,FALSE
3865,ASV4745,FALSE,FALSE
3866,ASV4746,FALSE,FALSE
3867,ASV4747,FALSE,FALSE
3868,ASV4748,FALSE,FALSE
3869,ASV4749,FALSE,FALSE
3870,ASV4750,FALSE,FALSE
3871,ASV4751,TRUE,FALSE
3872,ASV4752,FALSE,FALSE
3873,ASV4753,TRUE,FALSE
3874,ASV4754,FALSE,FALSE
3875,ASV4755,TRUE,FALSE
3876,ASV4756,FALSE,FALSE
3877,ASV4757,FALSE,FALSE
3878,ASV4759,FALSE,TRUE
3879,ASV4760,FALSE,TRUE
3880,ASV4761,FALSE,TRUE
3881,ASV4762,FALSE,FALSE
3882,ASV4763,TRUE,FALSE
3883,ASV4764,FALSE,TRUE
3884,ASV4765,FALSE,TRUE
3885,ASV4766,FALSE,TRUE
3886,ASV4767,FALSE,TRUE
3887,ASV4768,FALSE,FALSE
3888,ASV4769,FALSE,FALSE
3889,ASV4771,FALSE,FALSE
3890,ASV4773,FALSE,TRUE
3891,ASV4774,TRUE,FALSE
3892,ASV4775,TRUE,FALSE
3893,ASV4778,FALSE,FALSE
3894,ASV4779,FALSE,FALSE
3895,ASV4780,FALSE,TRUE
3896,ASV4781,FALSE,FALSE
3897,ASV4782,FALSE,TRUE
3898,ASV4783,FALSE,TRUE
3899,ASV4785,FALSE,TRUE
3900,ASV4786,TRUE,FALSE
3901,ASV4787,TRUE,FALSE
3902,ASV4788,TRUE,FALSE
3903,ASV4789,FALSE,FALSE
3904,ASV4790,FALSE,TRUE
3905,ASV4792,FALSE,FALSE
3906,ASV4794,TRUE,FALSE
3907,ASV4795,FALSE,FALSE
3908,ASV4796,TRUE,FALSE
3909,ASV4797,TRUE,FALSE
3910,ASV4798,FALSE,FALSE
3911,ASV4800,FALSE,FALSE
3912,ASV4801,FALSE,FALSE
3913,ASV4802,FALSE,FALSE
3914,ASV4805,FALSE,FALSE
3915,ASV4807,FALSE,FALSE
3916,ASV4809,FALSE,FALSE
3917,ASV4810,FALSE,FALSE
3918,ASV4811,FALSE,FALSE
3919,ASV4812,FALSE,FALSE
3920,ASV4813,FALSE,FALSE
3921,ASV4814,FALSE,FALSE
3922,ASV4815,FALSE,FALSE
3923,ASV4816,FALSE,FALSE
3924,ASV4818,TRUE,FALSE
3925,ASV4819,FALSE,FALSE
3926,ASV4820,FALSE,FALSE
3927,ASV4821,FALSE,TRUE
3928,ASV4822,FALSE,FALSE
3929,ASV4823,FALSE,TRUE
3930,ASV4824,FALSE,FALSE
3931,ASV4825,FALSE,FALSE
3932,ASV4826,TRUE,FALSE
3933,ASV4827,TRUE,FALSE
3934,ASV4828,FALSE,FALSE
3935,ASV4829,FALSE,FALSE
3936,ASV4830,FALSE,FALSE
3937,ASV4831,FALSE,FALSE
3938,ASV4832,FALSE,FALSE
3939,ASV4834,FALSE,FALSE
3940,ASV4836,TRUE,FALSE
3941,ASV4837,TRUE,FALSE
3942,ASV4838,FALSE,FALSE
3943,ASV4839,FALSE,FALSE
3944,ASV4840,FALSE,FALSE
3945,ASV4841,FALSE,FALSE
3946,ASV4842,FALSE,FALSE
3947,ASV4844,TRUE,FALSE
3948,ASV4845,FALSE,FALSE
3949,ASV4846,FALSE,FALSE
3950,ASV4847,FALSE,TRUE
3951,ASV4848,TRUE,FALSE
3952,ASV4849,TRUE,FALSE
3953,ASV4850,FALSE,TRUE
3954,ASV4851,FALSE,TRUE
3955,ASV4852,TRUE,FALSE
3956,ASV4854,FALSE,FALSE
3957,ASV4856,TRUE,FALSE
3958,ASV4858,FALSE,FALSE
3959,ASV4859,FALSE,FALSE
3960,ASV4860,FALSE,FALSE
3961,ASV4862,FALSE,FALSE
3962,ASV4863,FALSE,FALSE
3963,ASV4864,TRUE,FALSE
3964,ASV4865,FALSE,FALSE
3965,ASV4866,FALSE,TRUE
3966,ASV4867,FALSE,FALSE
3967,ASV4869,FALSE,FALSE
3968,ASV4870,FALSE,FALSE
3969,ASV4871,TRUE,FALSE
3970,ASV4872,FALSE,FALSE
3971,ASV4873,FALSE,FALSE
3972,ASV4874,FALSE,FALSE
3973,ASV4875,FALSE,TRUE
3974,ASV4877,FALSE,TRUE
3975,ASV4878,FALSE,TRUE
3976,ASV4879,FALSE,TRUE
3977,ASV4881,FALSE,FALSE
3978,ASV4882,FALSE,TRUE
3979,ASV4883,FALSE,TRUE
3980,ASV4884,FALSE,TRUE
3981,ASV4885,FALSE,TRUE
3982,ASV4886,FALSE,TRUE
3983,ASV4888,FALSE,FALSE
3984,ASV4889,FALSE,FALSE
3985,ASV4890,FALSE,FALSE
3986,ASV4892,FALSE,FALSE
3987,ASV4893,TRUE,FALSE
3988,ASV4894,TRUE,FALSE
3989,ASV4895,FALSE,FALSE
3990,ASV4896,FALSE,FALSE
3991,ASV4897,TRUE,FALSE
3992,ASV4898,TRUE,FALSE
3993,ASV4899,FALSE,FALSE
3994,ASV4900,FALSE,FALSE
3995,ASV4901,FALSE,FALSE
3996,ASV4902,FALSE,FALSE
3997,ASV4903,FALSE,FALSE
3998,ASV4904,TRUE,FALSE
3999,ASV4905,TRUE,FALSE
4000,ASV4906,FALSE,FALSE
4001,ASV4908,FALSE,FALSE
4002,ASV4909,FALSE,FALSE
4003,ASV4913,FALSE,FALSE
4004,ASV4914,FALSE,FALSE
4005,ASV4916,FALSE,TRUE
4006,ASV4917,FALSE,TRUE
4007,ASV4918,FALSE,TRUE
4008,ASV4919,FALSE,TRUE
4009,ASV4920,FALSE,TRUE
4010,ASV4921,FALSE,TRUE
4011,ASV4922,FALSE,FALSE
4012,ASV4923,TRUE,FALSE
4013,ASV4924,FALSE,TRUE
4014,ASV4927,FALSE,FALSE
4015,ASV4930,TRUE,FALSE
4016,ASV4931,FALSE,FALSE
4017,ASV4933,FALSE,FALSE
4018,ASV4937,TRUE,FALSE
4019,ASV4938,FALSE,FALSE
4020,ASV4939,TRUE,FALSE
4021,ASV4941,FALSE,FALSE
4022,ASV4942,FALSE,FALSE
4023,ASV4943,FALSE,FALSE
4024,ASV4944,FALSE,FALSE
4025,ASV4947,FALSE,TRUE
4026,ASV4948,FALSE,FALSE
4027,ASV4949,FALSE,TRUE
4028,ASV4951,FALSE,FALSE
4029,ASV4953,FALSE,FALSE
4030,ASV4954,TRUE,FALSE
4031,ASV4955,TRUE,FALSE
4032,ASV4956,FALSE,TRUE
4033,ASV4957,FALSE,TRUE
4034,ASV4958,FALSE,TRUE
4035,ASV4959,FALSE,TRUE
4036,ASV4961,TRUE,FALSE
4037,ASV4962,FALSE,FALSE
4038,ASV4963,TRUE,FALSE
4039,ASV4964,FALSE,FALSE
4040,ASV4965,FALSE,FALSE
4041,ASV4967,FALSE,FALSE
4042,ASV4968,FALSE,FALSE
4043,ASV4970,FALSE,FALSE
4044,ASV4972,FALSE,FALSE
4045,ASV4973,FALSE,FALSE
4046,ASV4974,FALSE,FALSE
4047,ASV4975,FALSE,FALSE
4048,ASV4976,FALSE,FALSE
4049,ASV4977,TRUE,FALSE
4050,ASV4980,FALSE,FALSE
4051,ASV4981,FALSE,FALSE
4052,ASV4982,FALSE,TRUE
4053,ASV4983,FALSE,TRUE
4054,ASV4984,FALSE,TRUE
4055,ASV4986,FALSE,TRUE
4056,ASV4987,FALSE,TRUE
4057,ASV4989,FALSE,TRUE
4058,ASV4990,TRUE,FALSE
4059,ASV4991,FALSE,FALSE
4060,ASV4992,TRUE,FALSE
4061,ASV4993,FALSE,TRUE
4062,ASV4994,FALSE,TRUE
4063,ASV4996,FALSE,FALSE
4064,ASV4997,FALSE,FALSE
4065,ASV4998,FALSE,FALSE
4066,ASV5001,FALSE,FALSE
4067,ASV5003,FALSE,FALSE
4068,ASV5004,FALSE,TRUE
4069,ASV5005,FALSE,FALSE
4070,ASV5006,TRUE,FALSE
4071,ASV5007,FALSE,FALSE
4072,ASV5008,FALSE,FALSE
4073,ASV5010,FALSE,FALSE
4074,ASV5011,FALSE,FALSE
4075,ASV5013,TRUE,FALSE
4076,ASV5014,TRUE,FALSE
4077,ASV5015,FALSE,FALSE
4078,ASV5017,FALSE,FALSE
4079,ASV5018,FALSE,TRUE
4080,ASV5020,FALSE,TRUE
4081,ASV5021,FALSE,TRUE
4082,ASV5022,FALSE,TRUE
4083,ASV5023,FALSE,TRUE
4084,ASV5024,FALSE,FALSE
4085,ASV5025,FALSE,FALSE
4086,ASV5026,TRUE,FALSE
4087,ASV5027,FALSE,TRUE
4088,ASV5028,FALSE,TRUE
4089,ASV5029,FALSE,TRUE
4090,ASV5030,FALSE,FALSE
4091,ASV5031,FALSE,FALSE
4092,ASV5032,TRUE,FALSE
4093,ASV5033,FALSE,FALSE
4094,ASV5035,FALSE,FALSE
4095,ASV5036,FALSE,FALSE
4096,ASV5037,FALSE,FALSE
4097,ASV5038,FALSE,FALSE
4098,ASV5039,TRUE,FALSE
4099,ASV5041,TRUE,FALSE
4100,ASV5042,FALSE,FALSE
4101,ASV5044,FALSE,FALSE
4102,ASV5046,TRUE,FALSE
4103,ASV5047,FALSE,FALSE
4104,ASV5048,FALSE,FALSE
4105,ASV5053,TRUE,FALSE
4106,ASV5054,FALSE,TRUE
4107,ASV5055,FALSE,FALSE
4108,ASV5057,FALSE,TRUE
4109,ASV5058,FALSE,FALSE
4110,ASV5059,FALSE,FALSE
4111,ASV5060,FALSE,TRUE
4112,ASV5061,FALSE,TRUE
4113,ASV5062,TRUE,FALSE
4114,ASV5063,TRUE,FALSE
4115,ASV5064,TRUE,FALSE
4116,ASV5065,FALSE,TRUE
4117,ASV5066,FALSE,TRUE
4118,ASV5067,TRUE,FALSE
4119,ASV5068,TRUE,FALSE
4120,ASV5069,FALSE,FALSE
4121,ASV5072,FALSE,FALSE
4122,ASV5074,TRUE,FALSE
4123,ASV5076,FALSE,FALSE
4124,ASV5077,FALSE,FALSE
4125,ASV5079,FALSE,FALSE
4126,ASV5080,TRUE,FALSE
4127,ASV5081,FALSE,FALSE
4128,ASV5082,FALSE,FALSE
4129,ASV5084,FALSE,FALSE
4130,ASV5085,FALSE,FALSE
4131,ASV5087,FALSE,FALSE
4132,ASV5088,FALSE,FALSE
4133,ASV5089,FALSE,FALSE
4134,ASV5090,FALSE,FALSE
4135,ASV5091,TRUE,FALSE
4136,ASV5093,FALSE,FALSE
4137,ASV5094,FALSE,TRUE
4138,ASV5095,FALSE,TRUE
4139,ASV5096,FALSE,TRUE
4140,ASV5097,FALSE,TRUE
4141,ASV5098,FALSE,FALSE
4142,ASV5099,TRUE,FALSE
4143,ASV5100,FALSE,FALSE
4144,ASV5101,TRUE,FALSE
4145,ASV5102,FALSE,FALSE
4146,ASV5104,FALSE,FALSE
4147,ASV5105,FALSE,FALSE
4148,ASV5106,FALSE,FALSE
4149,ASV5107,TRUE,FALSE
4150,ASV5108,FALSE,FALSE
4151,ASV5109,FALSE,FALSE
4152,ASV5110,FALSE,FALSE
4153,ASV5111,FALSE,TRUE
4154,ASV5114,FALSE,FALSE
4155,ASV5115,FALSE,FALSE
4156,ASV5116,FALSE,FALSE
4157,ASV5117,FALSE,FALSE
4158,ASV5118,FALSE,FALSE
4159,ASV5119,FALSE,FALSE
4160,ASV5120,FALSE,FALSE
4161,ASV5122,FALSE,FALSE
4162,ASV5123,FALSE,FALSE
4163,ASV5124,FALSE,FALSE
4164,ASV5125,FALSE,FALSE
4165,ASV5126,FALSE,FALSE
4166,ASV5128,FALSE,TRUE
4167,ASV5129,FALSE,TRUE
4168,ASV5130,FALSE,TRUE
4169,ASV5131,FALSE,TRUE
4170,ASV5132,FALSE,FALSE
4171,ASV5134,FALSE,FALSE
4172,ASV5135,TRUE,FALSE
4173,ASV5136,TRUE,FALSE
4174,ASV5137,FALSE,FALSE
4175,ASV5138,TRUE,FALSE
4176,ASV5140,FALSE,TRUE
4177,ASV5141,FALSE,TRUE
4178,ASV5143,TRUE,FALSE
4179,ASV5144,FALSE,FALSE
4180,ASV5145,FALSE,FALSE
4181,ASV5146,FALSE,FALSE
4182,ASV5147,FALSE,FALSE
4183,ASV5148,FALSE,FALSE
4184,ASV5149,FALSE,FALSE
4185,ASV5150,FALSE,FALSE
4186,ASV5153,FALSE,FALSE
4187,ASV5155,FALSE,FALSE
4188,ASV5156,TRUE,FALSE
4189,ASV5157,FALSE,FALSE
4190,ASV5160,FALSE,FALSE
4191,ASV5162,FALSE,FALSE
4192,ASV5163,FALSE,FALSE
4193,ASV5164,FALSE,TRUE
4194,ASV5165,FALSE,TRUE
4195,ASV5166,TRUE,FALSE
4196,ASV5167,TRUE,FALSE
4197,ASV5168,TRUE,FALSE
4198,ASV5169,TRUE,FALSE
4199,ASV5170,FALSE,FALSE
4200,ASV5171,FALSE,FALSE
4201,ASV5172,FALSE,FALSE
4202,ASV5174,FALSE,FALSE
4203,ASV5175,FALSE,FALSE
4204,ASV5177,FALSE,FALSE
4205,ASV5178,FALSE,FALSE
4206,ASV5179,TRUE,FALSE
4207,ASV5180,FALSE,FALSE
4208,ASV5182,FALSE,FALSE
4209,ASV5184,FALSE,FALSE
4210,ASV5185,TRUE,FALSE
4211,ASV5186,FALSE,FALSE
4212,ASV5187,TRUE,FALSE
4213,ASV5188,FALSE,FALSE
4214,ASV5190,TRUE,FALSE
4215,ASV5193,FALSE,FALSE
4216,ASV5194,FALSE,FALSE
4217,ASV5195,FALSE,FALSE
4218,ASV5196,FALSE,FALSE
4219,ASV5197,FALSE,TRUE
4220,ASV5198,FALSE,TRUE
4221,ASV5199,TRUE,FALSE
4222,ASV5200,FALSE,FALSE
4223,ASV5202,FALSE,FALSE
4224,ASV5203,FALSE,FALSE
4225,ASV5204,TRUE,FALSE
4226,ASV5205,FALSE,FALSE
4227,ASV5206,TRUE,FALSE
4228,ASV5207,FALSE,TRUE
4229,ASV5208,TRUE,FALSE
4230,ASV5209,TRUE,FALSE
4231,ASV5210,TRUE,FALSE
4232,ASV5211,TRUE,FALSE
4233,ASV5214,FALSE,FALSE
4234,ASV5216,FALSE,FALSE
4235,ASV5217,FALSE,FALSE
4236,ASV5218,FALSE,FALSE
4237,ASV5219,FALSE,TRUE
4238,ASV5220,FALSE,TRUE
4239,ASV5221,FALSE,TRUE
4240,ASV5222,FALSE,TRUE
4241,ASV5223,FALSE,TRUE
4242,ASV5224,FALSE,TRUE
4243,ASV5227,FALSE,FALSE
4244,ASV5228,FALSE,FALSE
4245,ASV5229,TRUE,FALSE
4246,ASV5230,FALSE,FALSE
4247,ASV5233,FALSE,FALSE
4248,ASV5235,FALSE,FALSE
4249,ASV5236,FALSE,FALSE
4250,ASV5238,TRUE,FALSE
4251,ASV5239,FALSE,TRUE
4252,ASV5240,TRUE,FALSE
4253,ASV5241,TRUE,FALSE
4254,ASV5242,FALSE,FALSE
4255,ASV5243,FALSE,FALSE
4256,ASV5244,TRUE,FALSE
4257,ASV5245,FALSE,FALSE
4258,ASV5246,FALSE,FALSE
4259,ASV5247,FALSE,FALSE
4260,ASV5250,FALSE,TRUE
4261,ASV5251,FALSE,TRUE
4262,ASV5252,FALSE,TRUE
4263,ASV5253,FALSE,TRUE
4264,ASV5254,FALSE,TRUE
4265,ASV5255,FALSE,TRUE
4266,ASV5256,TRUE,FALSE
4267,ASV5257,TRUE,FALSE
4268,ASV5258,TRUE,FALSE
4269,ASV5259,TRUE,FALSE
4270,ASV5260,FALSE,FALSE
4271,ASV5261,FALSE,FALSE
4272,ASV5265,FALSE,FALSE
4273,ASV5267,FALSE,FALSE
4274,ASV5270,FALSE,FALSE
4275,ASV5272,FALSE,FALSE
4276,ASV5273,FALSE,FALSE
4277,ASV5274,TRUE,FALSE
4278,ASV5275,FALSE,TRUE
4279,ASV5277,FALSE,TRUE
4280,ASV5278,FALSE,TRUE
4281,ASV5279,FALSE,FALSE
4282,ASV5280,FALSE,FALSE
4283,ASV5281,FALSE,TRUE
4284,ASV5282,FALSE,TRUE
4285,ASV5283,FALSE,TRUE
4286,ASV5284,TRUE,FALSE
4287,ASV5285,TRUE,FALSE
4288,ASV5286,FALSE,TRUE
4289,ASV5288,FALSE,FALSE
4290,ASV5289,TRUE,FALSE
4291,ASV5291,FALSE,FALSE
4292,ASV5293,FALSE,FALSE
4293,ASV5296,FALSE,FALSE
4294,ASV5298,FALSE,FALSE
4295,ASV5299,FALSE,FALSE
4296,ASV5300,FALSE,FALSE
4297,ASV5302,TRUE,FALSE
4298,ASV5303,TRUE,FALSE
4299,ASV5305,TRUE,FALSE
4300,ASV5306,FALSE,FALSE
4301,ASV5308,TRUE,FALSE
4302,ASV5309,FALSE,FALSE
4303,ASV5310,FALSE,FALSE
4304,ASV5311,FALSE,FALSE
4305,ASV5313,FALSE,TRUE
4306,ASV5314,FALSE,FALSE
4307,ASV5315,FALSE,TRUE
4308,ASV5316,FALSE,TRUE
4309,ASV5317,FALSE,TRUE
4310,ASV5318,FALSE,TRUE
4311,ASV5319,FALSE,FALSE
4312,ASV5320,FALSE,TRUE
4313,ASV5325,FALSE,FALSE
4314,ASV5326,FALSE,FALSE
4315,ASV5327,TRUE,FALSE
4316,ASV5329,TRUE,FALSE
4317,ASV5331,FALSE,TRUE
4318,ASV5332,FALSE,TRUE
4319,ASV5334,TRUE,FALSE
4320,ASV5336,FALSE,FALSE
4321,ASV5337,FALSE,FALSE
4322,ASV5338,FALSE,FALSE
4323,ASV5339,FALSE,FALSE
4324,ASV5340,FALSE,FALSE
4325,ASV5341,FALSE,FALSE
4326,ASV5342,FALSE,FALSE
4327,ASV5343,FALSE,FALSE
4328,ASV5344,FALSE,FALSE
4329,ASV5345,FALSE,FALSE
4330,ASV5346,TRUE,FALSE
4331,ASV5347,FALSE,FALSE
4332,ASV5348,FALSE,TRUE
4333,ASV5349,FALSE,TRUE
4334,ASV5350,FALSE,TRUE
4335,ASV5351,FALSE,FALSE
4336,ASV5352,FALSE,TRUE
4337,ASV5353,FALSE,TRUE
4338,ASV5354,FALSE,TRUE
4339,ASV5355,FALSE,FALSE
4340,ASV5356,TRUE,FALSE
4341,ASV5357,TRUE,FALSE
4342,ASV5358,TRUE,FALSE
4343,ASV5359,FALSE,TRUE
4344,ASV5360,TRUE,FALSE
4345,ASV5362,FALSE,FALSE
4346,ASV5363,TRUE,FALSE
4347,ASV5364,TRUE,FALSE
4348,ASV5365,FALSE,FALSE
4349,ASV5367,TRUE,FALSE
4350,ASV5368,FALSE,FALSE
4351,ASV5371,TRUE,FALSE
4352,ASV5372,TRUE,FALSE
4353,ASV5374,FALSE,FALSE
4354,ASV5375,TRUE,FALSE
4355,ASV5378,TRUE,FALSE
4356,ASV5379,FALSE,FALSE
4357,ASV5380,FALSE,FALSE
4358,ASV5383,FALSE,TRUE
4359,ASV5384,FALSE,TRUE
4360,ASV5385,FALSE,TRUE
4361,ASV5386,FALSE,TRUE
4362,ASV5387,FALSE,TRUE
4363,ASV5388,FALSE,FALSE
4364,ASV5389,FALSE,TRUE
4365,ASV5390,FALSE,TRUE
4366,ASV5391,FALSE,TRUE
4367,ASV5392,FALSE,TRUE
4368,ASV5393,FALSE,TRUE
4369,ASV5394,TRUE,FALSE
4370,ASV5395,TRUE,FALSE
4371,ASV5398,FALSE,FALSE
4372,ASV5399,TRUE,FALSE
4373,ASV5400,TRUE,FALSE
4374,ASV5403,FALSE,FALSE
4375,ASV5404,TRUE,FALSE
4376,ASV5405,FALSE,FALSE
4377,ASV5406,FALSE,FALSE
4378,ASV5407,FALSE,FALSE
4379,ASV5408,TRUE,FALSE
4380,ASV5409,FALSE,FALSE
4381,ASV5410,FALSE,FALSE
4382,ASV5414,FALSE,FALSE
4383,ASV5416,FALSE,FALSE
4384,ASV5417,FALSE,TRUE
4385,ASV5418,FALSE,FALSE
4386,ASV5419,FALSE,TRUE
4387,ASV5420,TRUE,FALSE
4388,ASV5421,TRUE,FALSE
4389,ASV5422,TRUE,FALSE
4390,ASV5423,FALSE,FALSE
4391,ASV5425,FALSE,FALSE
4392,ASV5426,FALSE,FALSE
4393,ASV5427,TRUE,FALSE
4394,ASV5428,FALSE,FALSE
4395,ASV5429,FALSE,FALSE
4396,ASV5430,TRUE,FALSE
4397,ASV5431,FALSE,FALSE
4398,ASV5432,FALSE,FALSE
4399,ASV5433,FALSE,TRUE
4400,ASV5434,FALSE,TRUE
4401,ASV5436,FALSE,FALSE
4402,ASV5437,FALSE,TRUE
4403,ASV5439,FALSE,TRUE
4404,ASV5440,FALSE,FALSE
4405,ASV5441,FALSE,TRUE
4406,ASV5442,FALSE,TRUE
4407,ASV5444,TRUE,FALSE
4408,ASV5445,TRUE,FALSE
4409,ASV5446,FALSE,FALSE
4410,ASV5447,FALSE,TRUE
4411,ASV5451,FALSE,FALSE
4412,ASV5452,TRUE,FALSE
4413,ASV5453,FALSE,FALSE
4414,ASV5454,FALSE,FALSE
4415,ASV5455,TRUE,FALSE
4416,ASV5456,FALSE,FALSE
4417,ASV5457,FALSE,FALSE
4418,ASV5459,TRUE,FALSE
4419,ASV5460,TRUE,FALSE
4420,ASV5461,TRUE,FALSE
4421,ASV5462,TRUE,FALSE
4422,ASV5463,FALSE,FALSE
4423,ASV5465,FALSE,FALSE
4424,ASV5466,TRUE,FALSE
4425,ASV5467,FALSE,FALSE
4426,ASV5468,TRUE,FALSE
4427,ASV5469,FALSE,FALSE
4428,ASV5470,FALSE,FALSE
4429,ASV5471,FALSE,FALSE
4430,ASV5472,FALSE,FALSE
4431,ASV5473,FALSE,FALSE
4432,ASV5474,FALSE,FALSE
4433,ASV5475,FALSE,TRUE
4434,ASV5476,FALSE,TRUE
4435,ASV5478,FALSE,TRUE
4436,ASV5479,FALSE,FALSE
4437,ASV5480,FALSE,TRUE
4438,ASV5481,FALSE,TRUE
4439,ASV5482,FALSE,TRUE
4440,ASV5483,TRUE,FALSE
4441,ASV5484,TRUE,FALSE
4442,ASV5486,FALSE,TRUE
4443,ASV5487,FALSE,TRUE
4444,ASV5488,FALSE,TRUE
4445,ASV5489,TRUE,FALSE
4446,ASV5492,FALSE,FALSE
4447,ASV5493,FALSE,FALSE
4448,ASV5495,FALSE,FALSE
4449,ASV5497,FALSE,FALSE
4450,ASV5498,FALSE,FALSE
4451,ASV5499,FALSE,FALSE
4452,ASV5500,FALSE,FALSE
4453,ASV5501,FALSE,FALSE
4454,ASV5502,TRUE,FALSE
4455,ASV5503,FALSE,FALSE
4456,ASV5504,FALSE,TRUE
4457,ASV5505,FALSE,FALSE
4458,ASV5506,FALSE,FALSE
4459,ASV5507,TRUE,FALSE
4460,ASV5508,FALSE,FALSE
4461,ASV5509,TRUE,FALSE
4462,ASV5510,FALSE,FALSE
4463,ASV5511,FALSE,FALSE
4464,ASV5512,TRUE,FALSE
4465,ASV5515,FALSE,TRUE
4466,ASV5516,FALSE,FALSE
4467,ASV5517,FALSE,FALSE
4468,ASV5518,FALSE,FALSE
4469,ASV5519,FALSE,TRUE
4470,ASV5520,TRUE,FALSE
4471,ASV5521,FALSE,TRUE
4472,ASV5522,FALSE,FALSE
4473,ASV5523,FALSE,FALSE
4474,ASV5524,FALSE,FALSE
4475,ASV5526,FALSE,FALSE
4476,ASV5528,FALSE,FALSE
4477,ASV5529,FALSE,FALSE
4478,ASV5530,FALSE,FALSE
4479,ASV5531,TRUE,FALSE
4480,ASV5532,TRUE,FALSE
4481,ASV5533,FALSE,FALSE
4482,ASV5535,FALSE,FALSE
4483,ASV5536,FALSE,TRUE
4484,ASV5537,FALSE,FALSE
4485,ASV5538,FALSE,FALSE
4486,ASV5539,FALSE,FALSE
4487,ASV5540,FALSE,FALSE
4488,ASV5541,TRUE,FALSE
4489,ASV5542,FALSE,FALSE
4490,ASV5544,FALSE,FALSE
4491,ASV5545,TRUE,FALSE
4492,ASV5546,FALSE,FALSE
4493,ASV5548,FALSE,FALSE
4494,ASV5549,FALSE,FALSE
4495,ASV5550,FALSE,TRUE
4496,ASV5552,FALSE,TRUE
4497,ASV5555,FALSE,FALSE
4498,ASV5556,FALSE,TRUE
4499,ASV5557,FALSE,TRUE
4500,ASV5559,FALSE,TRUE
4501,ASV5561,FALSE,TRUE
4502,ASV5562,FALSE,FALSE
4503,ASV5563,FALSE,TRUE
4504,ASV5565,FALSE,TRUE
4505,ASV5566,FALSE,FALSE
4506,ASV5567,FALSE,FALSE
4507,ASV5568,TRUE,FALSE
4508,ASV5569,TRUE,FALSE
4509,ASV5571,FALSE,FALSE
4510,ASV5572,FALSE,FALSE
4511,ASV5573,FALSE,FALSE
4512,ASV5574,TRUE,FALSE
4513,ASV5575,FALSE,FALSE
4514,ASV5576,FALSE,FALSE
4515,ASV5577,FALSE,FALSE
4516,ASV5578,FALSE,FALSE
4517,ASV5580,FALSE,FALSE
4518,ASV5583,FALSE,FALSE
4519,ASV5584,FALSE,FALSE
4520,ASV5587,FALSE,FALSE
4521,ASV5590,TRUE,FALSE
4522,ASV5591,FALSE,TRUE
4523,ASV5592,FALSE,TRUE
4524,ASV5596,TRUE,FALSE
4525,ASV5597,TRUE,FALSE
4526,ASV5598,TRUE,FALSE
4527,ASV5599,FALSE,FALSE
4528,ASV5601,FALSE,FALSE
4529,ASV5602,FALSE,FALSE
4530,ASV5603,FALSE,FALSE
4531,ASV5604,FALSE,FALSE
4532,ASV5605,FALSE,FALSE
4533,ASV5606,FALSE,TRUE
4534,ASV5608,FALSE,FALSE
4535,ASV5609,FALSE,TRUE
4536,ASV5610,FALSE,FALSE
4537,ASV5611,FALSE,FALSE
4538,ASV5612,FALSE,TRUE
4539,ASV5613,FALSE,TRUE
4540,ASV5614,FALSE,TRUE
4541,ASV5615,FALSE,TRUE
4542,ASV5617,FALSE,TRUE
4543,ASV5618,TRUE,FALSE
4544,ASV5619,TRUE,FALSE
4545,ASV5620,FALSE,FALSE
4546,ASV5622,FALSE,FALSE
4547,ASV5623,FALSE,FALSE
4548,ASV5625,TRUE,FALSE
4549,ASV5626,FALSE,FALSE
4550,ASV5627,FALSE,FALSE
4551,ASV5628,TRUE,FALSE
4552,ASV5629,FALSE,FALSE
4553,ASV5630,FALSE,FALSE
4554,ASV5631,FALSE,FALSE
4555,ASV5632,FALSE,FALSE
4556,ASV5634,TRUE,FALSE
4557,ASV5635,FALSE,FALSE
4558,ASV5636,TRUE,FALSE
4559,ASV5638,FALSE,FALSE
4560,ASV5639,FALSE,FALSE
4561,ASV5640,FALSE,FALSE
4562,ASV5641,TRUE,FALSE
4563,ASV5642,FALSE,FALSE
4564,ASV5644,FALSE,FALSE
4565,ASV5645,FALSE,FALSE
4566,ASV5647,FALSE,TRUE
4567,ASV5648,FALSE,TRUE
4568,ASV5649,FALSE,FALSE
4569,ASV5650,FALSE,TRUE
4570,ASV5651,FALSE,TRUE
4571,ASV5652,FALSE,TRUE
4572,ASV5653,FALSE,TRUE
4573,ASV5654,FALSE,TRUE
4574,ASV5655,TRUE,FALSE
4575,ASV5656,TRUE,FALSE
4576,ASV5657,TRUE,FALSE
4577,ASV5659,TRUE,FALSE
4578,ASV5662,FALSE,FALSE
4579,ASV5666,FALSE,FALSE
4580,ASV5667,FALSE,FALSE
4581,ASV5668,FALSE,FALSE
4582,ASV5669,FALSE,FALSE
4583,ASV5670,FALSE,FALSE
4584,ASV5672,FALSE,FALSE
4585,ASV5673,TRUE,FALSE
4586,ASV5674,FALSE,FALSE
4587,ASV5675,FALSE,FALSE
4588,ASV5676,FALSE,TRUE
4589,ASV5677,FALSE,FALSE
4590,ASV5678,TRUE,FALSE
4591,ASV5679,TRUE,FALSE
4592,ASV5680,TRUE,FALSE
4593,ASV5681,TRUE,FALSE
4594,ASV5682,FALSE,FALSE
4595,ASV5683,TRUE,FALSE
4596,ASV5684,FALSE,FALSE
4597,ASV5689,FALSE,TRUE
4598,ASV5691,FALSE,TRUE
4599,ASV5692,FALSE,TRUE
4600,ASV5693,FALSE,TRUE
4601,ASV5695,FALSE,TRUE
4602,ASV5696,FALSE,FALSE
4603,ASV5697,TRUE,FALSE
4604,ASV5698,TRUE,FALSE
4605,ASV5699,FALSE,TRUE
4606,ASV5700,TRUE,FALSE
4607,ASV5702,FALSE,FALSE
4608,ASV5703,FALSE,FALSE
4609,ASV5704,TRUE,FALSE
4610,ASV5705,FALSE,FALSE
4611,ASV5710,FALSE,FALSE
4612,ASV5711,FALSE,TRUE
4613,ASV5712,TRUE,FALSE
4614,ASV5713,FALSE,FALSE
4615,ASV5715,FALSE,FALSE
4616,ASV5716,FALSE,FALSE
4617,ASV5717,FALSE,FALSE
4618,ASV5719,TRUE,FALSE
4619,ASV5720,FALSE,FALSE
4620,ASV5721,FALSE,FALSE
4621,ASV5722,FALSE,FALSE
4622,ASV5723,FALSE,TRUE
4623,ASV5724,FALSE,TRUE
4624,ASV5725,FALSE,TRUE
4625,ASV5727,FALSE,TRUE
4626,ASV5728,FALSE,TRUE
4627,ASV5729,FALSE,TRUE
4628,ASV5731,FALSE,TRUE
4629,ASV5732,FALSE,TRUE
4630,ASV5733,FALSE,TRUE
4631,ASV5734,TRUE,FALSE
4632,ASV5735,FALSE,FALSE
4633,ASV5736,FALSE,TRUE
4634,ASV5737,FALSE,FALSE
4635,ASV5739,FALSE,FALSE
4636,ASV5740,FALSE,FALSE
4637,ASV5741,FALSE,FALSE
4638,ASV5743,FALSE,FALSE
4639,ASV5744,TRUE,FALSE
4640,ASV5745,FALSE,TRUE
4641,ASV5746,TRUE,FALSE
4642,ASV5748,FALSE,FALSE
4643,ASV5749,FALSE,FALSE
4644,ASV5752,FALSE,FALSE
4645,ASV5753,FALSE,FALSE
4646,ASV5755,FALSE,FALSE
4647,ASV5756,FALSE,TRUE
4648,ASV5757,FALSE,TRUE
4649,ASV5758,FALSE,TRUE
4650,ASV5759,FALSE,TRUE
4651,ASV5760,FALSE,TRUE
4652,ASV5761,FALSE,TRUE
4653,ASV5762,FALSE,TRUE
4654,ASV5763,FALSE,TRUE
4655,ASV5764,FALSE,TRUE
4656,ASV5765,FALSE,TRUE
4657,ASV5768,TRUE,FALSE
4658,ASV5769,TRUE,FALSE
4659,ASV5770,TRUE,FALSE
4660,ASV5771,TRUE,FALSE
4661,ASV5772,FALSE,TRUE
4662,ASV5773,FALSE,TRUE
4663,ASV5775,TRUE,FALSE
4664,ASV5776,TRUE,FALSE
4665,ASV5777,FALSE,FALSE
4666,ASV5778,FALSE,FALSE
4667,ASV5779,FALSE,FALSE
4668,ASV5781,TRUE,FALSE
4669,ASV5783,FALSE,FALSE
4670,ASV5785,TRUE,FALSE
4671,ASV5788,FALSE,FALSE
4672,ASV5789,FALSE,TRUE
4673,ASV5790,FALSE,TRUE
4674,ASV5791,FALSE,TRUE
4675,ASV5792,TRUE,FALSE
4676,ASV5793,TRUE,FALSE
4677,ASV5794,TRUE,FALSE
4678,ASV5795,TRUE,FALSE
4679,ASV5797,FALSE,FALSE
4680,ASV5798,FALSE,FALSE
4681,ASV5800,TRUE,FALSE
4682,ASV5801,FALSE,FALSE
4683,ASV5802,FALSE,FALSE
4684,ASV5803,FALSE,FALSE
4685,ASV5804,FALSE,TRUE
4686,ASV5805,FALSE,FALSE
4687,ASV5806,FALSE,TRUE
4688,ASV5808,FALSE,TRUE
4689,ASV5809,FALSE,TRUE
4690,ASV5810,FALSE,TRUE
4691,ASV5812,FALSE,FALSE
4692,ASV5813,FALSE,TRUE
4693,ASV5814,FALSE,TRUE
4694,ASV5815,FALSE,TRUE
4695,ASV5816,FALSE,TRUE
4696,ASV5817,FALSE,TRUE
4697,ASV5818,FALSE,TRUE
4698,ASV5819,TRUE,FALSE
4699,ASV5820,TRUE,FALSE
4700,ASV5821,TRUE,FALSE
4701,ASV5822,TRUE,FALSE
4702,ASV5823,TRUE,FALSE
4703,ASV5827,TRUE,FALSE
4704,ASV5828,FALSE,FALSE
4705,ASV5829,FALSE,FALSE
4706,ASV5831,FALSE,FALSE
4707,ASV5833,TRUE,FALSE
4708,ASV5834,FALSE,TRUE
4709,ASV5835,TRUE,FALSE
4710,ASV5836,TRUE,FALSE
4711,ASV5838,FALSE,FALSE
4712,ASV5839,FALSE,FALSE
4713,ASV5840,FALSE,FALSE
4714,ASV5842,FALSE,FALSE
4715,ASV5843,TRUE,FALSE
4716,ASV5844,FALSE,FALSE
4717,ASV5845,FALSE,FALSE
4718,ASV5846,FALSE,FALSE
4719,ASV5849,FALSE,FALSE
4720,ASV5850,FALSE,FALSE
4721,ASV5851,FALSE,TRUE
4722,ASV5852,FALSE,TRUE
4723,ASV5853,FALSE,FALSE
4724,ASV5854,FALSE,TRUE
4725,ASV5855,FALSE,TRUE
4726,ASV5856,FALSE,TRUE
4727,ASV5857,FALSE,TRUE
4728,ASV5858,FALSE,TRUE
4729,ASV5859,FALSE,TRUE
4730,ASV5860,TRUE,FALSE
4731,ASV5862,TRUE,FALSE
4732,ASV5863,FALSE,TRUE
4733,ASV5864,FALSE,TRUE
4734,ASV5866,FALSE,FALSE
4735,ASV5867,FALSE,FALSE
4736,ASV5868,FALSE,FALSE
4737,ASV5869,FALSE,FALSE
4738,ASV5870,TRUE,FALSE
4739,ASV5871,FALSE,FALSE
4740,ASV5873,TRUE,FALSE
4741,ASV5874,FALSE,FALSE
4742,ASV5875,FALSE,FALSE
4743,ASV5876,FALSE,FALSE
4744,ASV5877,FALSE,FALSE
4745,ASV5879,FALSE,TRUE
4746,ASV5880,FALSE,FALSE
4747,ASV5881,FALSE,TRUE
4748,ASV5882,TRUE,FALSE
4749,ASV5883,TRUE,FALSE
4750,ASV5884,FALSE,FALSE
4751,ASV5885,FALSE,FALSE
4752,ASV5886,FALSE,FALSE
4753,ASV5888,TRUE,FALSE
4754,ASV5889,FALSE,FALSE
4755,ASV5890,FALSE,FALSE
4756,ASV5891,TRUE,FALSE
4757,ASV5894,FALSE,FALSE
4758,ASV5895,FALSE,FALSE
4759,ASV5896,TRUE,FALSE
4760,ASV5897,FALSE,FALSE
4761,ASV5898,FALSE,FALSE
4762,ASV5899,FALSE,TRUE
4763,ASV5900,FALSE,TRUE
4764,ASV5901,FALSE,TRUE
4765,ASV5902,FALSE,TRUE
4766,ASV5903,FALSE,FALSE
4767,ASV5904,FALSE,TRUE
4768,ASV5905,FALSE,TRUE
4769,ASV5906,FALSE,FALSE
4770,ASV5907,FALSE,FALSE
4771,ASV5908,FALSE,TRUE
4772,ASV5909,FALSE,TRUE
4773,ASV5910,FALSE,TRUE
4774,ASV5911,FALSE,FALSE
4775,ASV5912,TRUE,FALSE
4776,ASV5913,TRUE,FALSE
4777,ASV5914,FALSE,TRUE
4778,ASV5915,TRUE,FALSE
4779,ASV5916,TRUE,FALSE
4780,ASV5917,FALSE,FALSE
4781,ASV5918,FALSE,FALSE
4782,ASV5919,FALSE,FALSE
4783,ASV5920,TRUE,FALSE
4784,ASV5921,FALSE,FALSE
4785,ASV5922,FALSE,FALSE
4786,ASV5924,TRUE,FALSE
4787,ASV5926,FALSE,FALSE
4788,ASV5927,FALSE,TRUE
4789,ASV5928,FALSE,TRUE
4790,ASV5929,TRUE,FALSE
4791,ASV5930,FALSE,FALSE
4792,ASV5931,FALSE,FALSE
4793,ASV5932,TRUE,FALSE
4794,ASV5934,TRUE,FALSE
4795,ASV5935,FALSE,FALSE
4796,ASV5936,TRUE,FALSE
4797,ASV5937,FALSE,FALSE
4798,ASV5938,TRUE,FALSE
4799,ASV5939,FALSE,FALSE
4800,ASV5940,FALSE,FALSE
4801,ASV5941,FALSE,FALSE
4802,ASV5945,FALSE,TRUE
4803,ASV5946,FALSE,TRUE
4804,ASV5947,FALSE,TRUE
4805,ASV5948,FALSE,TRUE
4806,ASV5949,FALSE,TRUE
4807,ASV5950,FALSE,TRUE
4808,ASV5951,FALSE,TRUE
4809,ASV5952,FALSE,FALSE
4810,ASV5953,FALSE,TRUE
4811,ASV5954,TRUE,FALSE
4812,ASV5955,FALSE,TRUE
4813,ASV5956,FALSE,TRUE
4814,ASV5957,TRUE,FALSE
4815,ASV5961,FALSE,FALSE
4816,ASV5962,FALSE,FALSE
4817,ASV5963,FALSE,FALSE
4818,ASV5964,FALSE,FALSE
4819,ASV5965,TRUE,FALSE
4820,ASV5966,FALSE,FALSE
4821,ASV5967,FALSE,FALSE
4822,ASV5970,TRUE,FALSE
4823,ASV5971,FALSE,FALSE
4824,ASV5972,FALSE,FALSE
4825,ASV5973,FALSE,FALSE
4826,ASV5976,FALSE,TRUE
4827,ASV5978,FALSE,FALSE
4828,ASV5979,TRUE,FALSE
4829,ASV5980,TRUE,FALSE
4830,ASV5981,TRUE,FALSE
4831,ASV5982,FALSE,FALSE
4832,ASV5983,FALSE,FALSE
4833,ASV5984,FALSE,FALSE
4834,ASV5986,FALSE,FALSE
4835,ASV5987,FALSE,FALSE
4836,ASV5988,FALSE,TRUE
4837,ASV5989,FALSE,TRUE
4838,ASV5990,FALSE,TRUE
4839,ASV5991,FALSE,TRUE
4840,ASV5992,FALSE,TRUE
4841,ASV5993,FALSE,TRUE
4842,ASV5994,FALSE,TRUE
4843,ASV5995,FALSE,TRUE
4844,ASV5996,FALSE,FALSE
4845,ASV5997,FALSE,TRUE
4846,ASV5998,FALSE,FALSE
4847,ASV5999,FALSE,TRUE
4848,ASV6000,FALSE,TRUE
4849,ASV6001,FALSE,TRUE
4850,ASV6002,FALSE,FALSE
4851,ASV6003,FALSE,TRUE
4852,ASV6005,TRUE,FALSE
4853,ASV6006,FALSE,FALSE
4854,ASV6007,FALSE,TRUE
4855,ASV6008,FALSE,TRUE
4856,ASV6011,TRUE,FALSE
4857,ASV6012,FALSE,FALSE
4858,ASV6013,FALSE,FALSE
4859,ASV6014,FALSE,FALSE
4860,ASV6016,FALSE,FALSE
4861,ASV6017,FALSE,FALSE
4862,ASV6018,FALSE,FALSE
4863,ASV6019,TRUE,FALSE
4864,ASV6020,FALSE,FALSE
4865,ASV6021,FALSE,FALSE
4866,ASV6022,TRUE,FALSE
4867,ASV6024,FALSE,FALSE
4868,ASV6025,FALSE,FALSE
4869,ASV6026,FALSE,FALSE
4870,ASV6027,TRUE,FALSE
4871,ASV6028,TRUE,FALSE
4872,ASV6029,FALSE,FALSE
4873,ASV6030,TRUE,FALSE
4874,ASV6031,FALSE,FALSE
4875,ASV6034,FALSE,FALSE
4876,ASV6035,FALSE,FALSE
4877,ASV6037,FALSE,FALSE
4878,ASV6038,FALSE,FALSE
4879,ASV6041,FALSE,TRUE
4880,ASV6043,FALSE,TRUE
4881,ASV6044,FALSE,TRUE
4882,ASV6045,FALSE,TRUE
4883,ASV6046,FALSE,TRUE
4884,ASV6047,FALSE,TRUE
4885,ASV6048,FALSE,TRUE
4886,ASV6049,FALSE,TRUE
4887,ASV6050,FALSE,TRUE
4888,ASV6051,FALSE,FALSE
4889,ASV6052,FALSE,TRUE
4890,ASV6053,FALSE,FALSE
4891,ASV6055,FALSE,FALSE
4892,ASV6056,TRUE,FALSE
4893,ASV6057,TRUE,FALSE
4894,ASV6059,FALSE,TRUE
4895,ASV6060,TRUE,FALSE
4896,ASV6061,TRUE,FALSE
4897,ASV6065,FALSE,FALSE
4898,ASV6066,FALSE,FALSE
4899,ASV6067,TRUE,FALSE
4900,ASV6068,FALSE,FALSE
4901,ASV6069,FALSE,FALSE
4902,ASV6070,FALSE,FALSE
4903,ASV6071,FALSE,FALSE
4904,ASV6072,FALSE,FALSE
4905,ASV6073,FALSE,FALSE
4906,ASV6074,FALSE,TRUE
4907,ASV6075,TRUE,FALSE
4908,ASV6076,FALSE,FALSE
4909,ASV6077,FALSE,FALSE
4910,ASV6079,FALSE,FALSE
4911,ASV6080,TRUE,FALSE
4912,ASV6081,TRUE,FALSE
4913,ASV6082,FALSE,FALSE
4914,ASV6083,FALSE,TRUE
4915,ASV6086,FALSE,TRUE
4916,ASV6087,FALSE,TRUE
4917,ASV6089,FALSE,TRUE
4918,ASV6090,FALSE,TRUE
4919,ASV6091,FALSE,TRUE
4920,ASV6092,FALSE,TRUE
4921,ASV6093,FALSE,TRUE
4922,ASV6095,FALSE,TRUE
4923,ASV6096,FALSE,TRUE
4924,ASV6097,TRUE,FALSE
4925,ASV6098,FALSE,FALSE
4926,ASV6099,FALSE,FALSE
4927,ASV6100,TRUE,FALSE
4928,ASV6101,FALSE,TRUE
4929,ASV6102,FALSE,TRUE
4930,ASV6103,FALSE,TRUE
4931,ASV6104,FALSE,TRUE
4932,ASV6107,FALSE,FALSE
4933,ASV6108,FALSE,FALSE
4934,ASV6110,TRUE,FALSE
4935,ASV6111,FALSE,FALSE
4936,ASV6113,TRUE,FALSE
4937,ASV6114,TRUE,FALSE
4938,ASV6115,TRUE,FALSE
4939,ASV6116,FALSE,FALSE
4940,ASV6117,FALSE,FALSE
4941,ASV6118,FALSE,TRUE
4942,ASV6120,FALSE,FALSE
4943,ASV6122,TRUE,FALSE
4944,ASV6123,FALSE,FALSE
4945,ASV6125,FALSE,FALSE
4946,ASV6126,FALSE,FALSE
4947,ASV6127,TRUE,FALSE
4948,ASV6128,TRUE,FALSE
4949,ASV6129,TRUE,FALSE
4950,ASV6130,FALSE,FALSE
4951,ASV6131,FALSE,FALSE
4952,ASV6133,TRUE,FALSE
4953,ASV6135,FALSE,FALSE
4954,ASV6136,FALSE,FALSE
4955,ASV6137,FALSE,FALSE
4956,ASV6138,FALSE,FALSE
4957,ASV6139,FALSE,FALSE
4958,ASV6140,FALSE,TRUE
4959,ASV6141,FALSE,TRUE
4960,ASV6145,FALSE,TRUE
4961,ASV6146,FALSE,TRUE
4962,ASV6147,FALSE,TRUE
4963,ASV6148,FALSE,FALSE
4964,ASV6149,FALSE,TRUE
4965,ASV6152,FALSE,FALSE
4966,ASV6155,FALSE,TRUE
4967,ASV6156,FALSE,TRUE
4968,ASV6157,FALSE,TRUE
4969,ASV6159,FALSE,TRUE
4970,ASV6164,FALSE,FALSE
4971,ASV6165,FALSE,FALSE
4972,ASV6166,TRUE,FALSE
4973,ASV6167,TRUE,FALSE
4974,ASV6170,FALSE,FALSE
4975,ASV6173,FALSE,FALSE
4976,ASV6174,FALSE,TRUE
4977,ASV6175,FALSE,TRUE
4978,ASV6177,FALSE,TRUE
4979,ASV6180,TRUE,FALSE
4980,ASV6182,FALSE,FALSE
4981,ASV6183,FALSE,FALSE
4982,ASV6184,FALSE,FALSE
4983,ASV6185,FALSE,FALSE
4984,ASV6186,FALSE,FALSE
4985,ASV6187,FALSE,TRUE
4986,ASV6188,FALSE,TRUE
4987,ASV6189,FALSE,TRUE
4988,ASV6191,FALSE,TRUE
4989,ASV6192,FALSE,TRUE
4990,ASV6193,FALSE,TRUE
4991,ASV6194,FALSE,TRUE
4992,ASV6196,FALSE,FALSE
4993,ASV6197,FALSE,TRUE
4994,ASV6199,FALSE,TRUE
4995,ASV6200,FALSE,TRUE
4996,ASV6201,FALSE,TRUE
4997,ASV6202,FALSE,TRUE
4998,ASV6203,FALSE,TRUE
4999,ASV6204,TRUE,FALSE
5000,ASV6205,TRUE,FALSE
5001,ASV6206,TRUE,FALSE
5002,ASV6207,TRUE,FALSE
5003,ASV6208,TRUE,FALSE
5004,ASV6209,FALSE,TRUE
5005,ASV6210,FALSE,TRUE
5006,ASV6211,TRUE,FALSE
5007,ASV6212,FALSE,FALSE
5008,ASV6213,TRUE,FALSE
5009,ASV6214,FALSE,FALSE
5010,ASV6216,TRUE,FALSE
5011,ASV6217,FALSE,FALSE
5012,ASV6218,FALSE,FALSE
5013,ASV6219,FALSE,FALSE
5014,ASV6220,TRUE,FALSE
5015,ASV6221,TRUE,FALSE
5016,ASV6222,FALSE,FALSE
5017,ASV6224,FALSE,FALSE
5018,ASV6225,FALSE,FALSE
5019,ASV6226,FALSE,FALSE
5020,ASV6227,FALSE,FALSE
5021,ASV6228,FALSE,TRUE
5022,ASV6229,FALSE,FALSE
5023,ASV6230,FALSE,FALSE
5024,ASV6231,TRUE,FALSE
5025,ASV6232,FALSE,FALSE
5026,ASV6233,FALSE,FALSE
5027,ASV6234,FALSE,FALSE
5028,ASV6235,FALSE,FALSE
5029,ASV6236,TRUE,FALSE
5030,ASV6237,FALSE,FALSE
5031,ASV6239,FALSE,FALSE
5032,ASV6240,TRUE,FALSE
5033,ASV6241,TRUE,FALSE
5034,ASV6242,FALSE,FALSE
5035,ASV6243,FALSE,FALSE
5036,ASV6244,FALSE,FALSE
5037,ASV6245,FALSE,FALSE
5038,ASV6246,FALSE,FALSE
5039,ASV6247,FALSE,TRUE
5040,ASV6248,FALSE,TRUE
5041,ASV6251,FALSE,FALSE
5042,ASV6252,FALSE,TRUE
5043,ASV6253,FALSE,TRUE
5044,ASV6254,FALSE,TRUE
5045,ASV6255,FALSE,TRUE
5046,ASV6256,FALSE,TRUE
5047,ASV6257,FALSE,TRUE
5048,ASV6258,FALSE,TRUE
5049,ASV6259,FALSE,TRUE
5050,ASV6260,FALSE,TRUE
5051,ASV6261,FALSE,TRUE
5052,ASV6262,FALSE,TRUE
5053,ASV6263,FALSE,FALSE
5054,ASV6266,TRUE,FALSE
5055,ASV6267,FALSE,FALSE
5056,ASV6268,TRUE,FALSE
5057,ASV6269,FALSE,TRUE
5058,ASV6270,FALSE,TRUE
5059,ASV6271,FALSE,TRUE
5060,ASV6272,FALSE,TRUE
5061,ASV6273,TRUE,FALSE
5062,ASV6274,TRUE,FALSE
5063,ASV6275,FALSE,FALSE
5064,ASV6276,TRUE,FALSE
5065,ASV6277,FALSE,FALSE
5066,ASV6280,TRUE,FALSE
5067,ASV6281,FALSE,FALSE
5068,ASV6282,FALSE,FALSE
5069,ASV6283,FALSE,FALSE
5070,ASV6284,FALSE,FALSE
5071,ASV6286,FALSE,FALSE
5072,ASV6288,TRUE,FALSE
5073,ASV6289,FALSE,FALSE
5074,ASV6290,TRUE,FALSE
5075,ASV6291,TRUE,FALSE
5076,ASV6292,FALSE,FALSE
5077,ASV6293,FALSE,FALSE
5078,ASV6294,TRUE,FALSE
5079,ASV6295,TRUE,FALSE
5080,ASV6298,FALSE,FALSE
5081,ASV6300,FALSE,FALSE
5082,ASV6301,FALSE,FALSE
5083,ASV6302,TRUE,FALSE
5084,ASV6303,FALSE,FALSE
5085,ASV6304,FALSE,FALSE
5086,ASV6305,FALSE,FALSE
5087,ASV6306,FALSE,FALSE
5088,ASV6307,FALSE,TRUE
5089,ASV6308,FALSE,TRUE
5090,ASV6309,FALSE,TRUE
5091,ASV6310,FALSE,TRUE
5092,ASV6313,FALSE,TRUE
5093,ASV6314,FALSE,TRUE
5094,ASV6316,FALSE,FALSE
5095,ASV6319,FALSE,TRUE
5096,ASV6320,TRUE,FALSE
5097,ASV6321,TRUE,FALSE
5098,ASV6322,TRUE,FALSE
5099,ASV6324,TRUE,FALSE
5100,ASV6325,TRUE,FALSE
5101,ASV6326,FALSE,FALSE
5102,ASV6327,FALSE,TRUE
5103,ASV6330,FALSE,FALSE
5104,ASV6331,FALSE,FALSE
5105,ASV6333,FALSE,FALSE
5106,ASV6334,FALSE,FALSE
5107,ASV6335,FALSE,FALSE
5108,ASV6336,FALSE,FALSE
5109,ASV6337,TRUE,FALSE
5110,ASV6339,TRUE,FALSE
5111,ASV6340,FALSE,FALSE
5112,ASV6341,FALSE,FALSE
5113,ASV6343,FALSE,FALSE
5114,ASV6344,FALSE,FALSE
5115,ASV6345,FALSE,FALSE
5116,ASV6346,FALSE,FALSE
5117,ASV6347,FALSE,FALSE
5118,ASV6348,TRUE,FALSE
5119,ASV6349,TRUE,FALSE
5120,ASV6351,TRUE,FALSE
5121,ASV6352,TRUE,FALSE
5122,ASV6353,FALSE,FALSE
5123,ASV6354,FALSE,FALSE
5124,ASV6355,FALSE,FALSE
5125,ASV6359,TRUE,FALSE
5126,ASV6361,TRUE,FALSE
5127,ASV6362,FALSE,FALSE
5128,ASV6363,FALSE,FALSE
5129,ASV6364,FALSE,TRUE
5130,ASV6366,FALSE,TRUE
5131,ASV6367,FALSE,TRUE
5132,ASV6368,FALSE,TRUE
5133,ASV6370,FALSE,TRUE
5134,ASV6371,FALSE,TRUE
5135,ASV6372,FALSE,TRUE
5136,ASV6373,FALSE,TRUE
5137,ASV6374,FALSE,TRUE
5138,ASV6375,FALSE,TRUE
5139,ASV6377,FALSE,TRUE
5140,ASV6378,FALSE,TRUE
5141,ASV6379,FALSE,TRUE
5142,ASV6380,TRUE,FALSE
5143,ASV6381,TRUE,FALSE
5144,ASV6382,FALSE,TRUE
5145,ASV6383,FALSE,TRUE
5146,ASV6384,FALSE,TRUE
5147,ASV6385,FALSE,TRUE
5148,ASV6387,TRUE,FALSE
5149,ASV6388,FALSE,FALSE
5150,ASV6392,FALSE,FALSE
5151,ASV6393,FALSE,FALSE
5152,ASV6395,TRUE,FALSE
5153,ASV6396,TRUE,FALSE
5154,ASV6397,FALSE,FALSE
5155,ASV6398,FALSE,FALSE
5156,ASV6400,TRUE,FALSE
5157,ASV6401,FALSE,FALSE
5158,ASV6403,FALSE,TRUE
5159,ASV6404,FALSE,TRUE
5160,ASV6405,FALSE,FALSE
5161,ASV6406,FALSE,TRUE
5162,ASV6407,FALSE,FALSE
5163,ASV6408,FALSE,FALSE
5164,ASV6410,TRUE,FALSE
5165,ASV6411,FALSE,FALSE
5166,ASV6412,FALSE,FALSE
5167,ASV6413,FALSE,FALSE
5168,ASV6414,TRUE,FALSE
5169,ASV6415,TRUE,FALSE
5170,ASV6416,TRUE,FALSE
5171,ASV6418,TRUE,FALSE
5172,ASV6419,TRUE,FALSE
5173,ASV6420,TRUE,FALSE
5174,ASV6421,FALSE,FALSE
5175,ASV6422,FALSE,FALSE
5176,ASV6423,FALSE,FALSE
5177,ASV6424,FALSE,TRUE
5178,ASV6425,FALSE,TRUE
5179,ASV6427,FALSE,TRUE
5180,ASV6428,FALSE,TRUE
5181,ASV6429,FALSE,TRUE
5182,ASV6430,FALSE,FALSE
5183,ASV6431,FALSE,TRUE
5184,ASV6432,FALSE,FALSE
5185,ASV6433,FALSE,TRUE
5186,ASV6434,FALSE,TRUE
5187,ASV6435,FALSE,TRUE
5188,ASV6437,FALSE,TRUE
5189,ASV6438,FALSE,TRUE
5190,ASV6439,FALSE,TRUE
5191,ASV6440,FALSE,TRUE
5192,ASV6441,FALSE,FALSE
5193,ASV6442,FALSE,TRUE
5194,ASV6443,TRUE,FALSE
5195,ASV6444,TRUE,FALSE
5196,ASV6445,TRUE,FALSE
5197,ASV6447,FALSE,TRUE
5198,ASV6448,FALSE,TRUE
5199,ASV6449,FALSE,TRUE
5200,ASV6456,FALSE,FALSE
5201,ASV6459,TRUE,FALSE
5202,ASV6460,FALSE,FALSE
5203,ASV6461,TRUE,FALSE
5204,ASV6463,TRUE,FALSE
5205,ASV6464,TRUE,FALSE
5206,ASV6465,FALSE,FALSE
5207,ASV6466,FALSE,FALSE
5208,ASV6468,FALSE,FALSE
5209,ASV6469,FALSE,FALSE
5210,ASV6470,FALSE,FALSE
5211,ASV6471,FALSE,FALSE
5212,ASV6472,TRUE,FALSE
5213,ASV6475,TRUE,FALSE
5214,ASV6476,FALSE,FALSE
5215,ASV6477,FALSE,FALSE
5216,ASV6478,TRUE,FALSE
5217,ASV6480,TRUE,FALSE
5218,ASV6481,FALSE,FALSE
5219,ASV6482,FALSE,FALSE
5220,ASV6483,FALSE,FALSE
5221,ASV6484,FALSE,FALSE
5222,ASV6486,TRUE,FALSE
5223,ASV6487,TRUE,FALSE
5224,ASV6488,TRUE,FALSE
5225,ASV6491,FALSE,FALSE
5226,ASV6492,FALSE,FALSE
5227,ASV6493,FALSE,FALSE
5228,ASV6494,TRUE,FALSE
5229,ASV6496,FALSE,FALSE
5230,ASV6497,FALSE,TRUE
5231,ASV6498,FALSE,TRUE
5232,ASV6501,FALSE,FALSE
5233,ASV6502,FALSE,TRUE
5234,ASV6503,FALSE,TRUE
5235,ASV6504,FALSE,TRUE
5236,ASV6505,FALSE,TRUE
5237,ASV6506,FALSE,TRUE
5238,ASV6507,FALSE,TRUE
5239,ASV6508,FALSE,FALSE
5240,ASV6509,FALSE,TRUE
5241,ASV6512,TRUE,FALSE
5242,ASV6514,TRUE,FALSE
5243,ASV6515,TRUE,FALSE
5244,ASV6516,TRUE,FALSE
5245,ASV6517,TRUE,FALSE
5246,ASV6518,TRUE,FALSE
5247,ASV6519,FALSE,FALSE
5248,ASV6520,FALSE,FALSE
5249,ASV6521,FALSE,FALSE
5250,ASV6523,TRUE,FALSE
5251,ASV6524,FALSE,FALSE
5252,ASV6525,FALSE,FALSE
5253,ASV6526,FALSE,FALSE
5254,ASV6528,TRUE,FALSE
5255,ASV6529,FALSE,FALSE
5256,ASV6530,TRUE,FALSE
5257,ASV6531,FALSE,FALSE
5258,ASV6535,FALSE,FALSE
5259,ASV6537,FALSE,FALSE
5260,ASV6540,TRUE,FALSE
5261,ASV6541,TRUE,FALSE
5262,ASV6547,FALSE,FALSE
5263,ASV6548,FALSE,FALSE
5264,ASV6549,FALSE,FALSE
5265,ASV6551,FALSE,TRUE
5266,ASV6552,FALSE,TRUE
5267,ASV6553,FALSE,TRUE
5268,ASV6554,FALSE,TRUE
5269,ASV6555,FALSE,TRUE
5270,ASV6556,FALSE,TRUE
5271,ASV6557,FALSE,TRUE
5272,ASV6558,FALSE,TRUE
5273,ASV6560,FALSE,TRUE
5274,ASV6561,FALSE,TRUE
5275,ASV6562,FALSE,TRUE
5276,ASV6564,FALSE,TRUE
5277,ASV6565,FALSE,TRUE
5278,ASV6566,FALSE,TRUE
5279,ASV6567,FALSE,TRUE
5280,ASV6568,TRUE,FALSE
5281,ASV6569,FALSE,FALSE
5282,ASV6570,TRUE,FALSE
5283,ASV6571,TRUE,FALSE
5284,ASV6572,FALSE,TRUE
5285,ASV6573,FALSE,TRUE
5286,ASV6574,FALSE,TRUE
5287,ASV6577,TRUE,FALSE
5288,ASV6579,FALSE,FALSE
5289,ASV6581,TRUE,FALSE
5290,ASV6582,TRUE,FALSE
5291,ASV6583,TRUE,FALSE
5292,ASV6586,TRUE,FALSE
5293,ASV6588,TRUE,FALSE
5294,ASV6589,FALSE,FALSE
5295,ASV6591,TRUE,FALSE
5296,ASV6592,TRUE,FALSE
5297,ASV6593,FALSE,FALSE
5298,ASV6594,TRUE,FALSE
5299,ASV6598,FALSE,TRUE
5300,ASV6599,TRUE,FALSE
5301,ASV6600,FALSE,FALSE
5302,ASV6601,FALSE,FALSE
5303,ASV6602,FALSE,FALSE
5304,ASV6604,TRUE,FALSE
5305,ASV6605,TRUE,FALSE
5306,ASV6606,FALSE,TRUE
5307,ASV6607,FALSE,TRUE
5308,ASV6608,FALSE,TRUE
5309,ASV6609,FALSE,TRUE
5310,ASV6610,FALSE,TRUE
5311,ASV6611,FALSE,TRUE
5312,ASV6612,FALSE,TRUE
5313,ASV6613,FALSE,FALSE
5314,ASV6614,FALSE,TRUE
5315,ASV6615,FALSE,TRUE
5316,ASV6616,FALSE,TRUE
5317,ASV6617,FALSE,TRUE
5318,ASV6618,FALSE,TRUE
5319,ASV6619,FALSE,TRUE
5320,ASV6620,FALSE,TRUE
5321,ASV6623,FALSE,TRUE
5322,ASV6624,FALSE,TRUE
5323,ASV6625,FALSE,TRUE
5324,ASV6626,FALSE,FALSE
5325,ASV6627,FALSE,FALSE
5326,ASV6628,TRUE,FALSE
5327,ASV6629,FALSE,TRUE
5328,ASV6631,FALSE,TRUE
5329,ASV6632,FALSE,TRUE
5330,ASV6637,FALSE,FALSE
5331,ASV6638,FALSE,FALSE
5332,ASV6639,FALSE,FALSE
5333,ASV6641,FALSE,FALSE
5334,ASV6642,FALSE,FALSE
5335,ASV6643,TRUE,FALSE
5336,ASV6644,FALSE,FALSE
5337,ASV6647,FALSE,FALSE
5338,ASV6648,FALSE,FALSE
5339,ASV6649,FALSE,FALSE
5340,ASV6650,FALSE,FALSE
5341,ASV6652,FALSE,TRUE
5342,ASV6653,FALSE,FALSE
5343,ASV6654,TRUE,FALSE
5344,ASV6655,TRUE,FALSE
5345,ASV6657,FALSE,FALSE
5346,ASV6658,FALSE,FALSE
5347,ASV6660,FALSE,FALSE
5348,ASV6661,TRUE,FALSE
5349,ASV6662,FALSE,FALSE
5350,ASV6664,TRUE,FALSE
5351,ASV6667,FALSE,FALSE
5352,ASV6668,FALSE,FALSE
5353,ASV6669,FALSE,FALSE
5354,ASV6670,FALSE,FALSE
5355,ASV6671,FALSE,FALSE
5356,ASV6672,FALSE,TRUE
5357,ASV6673,FALSE,TRUE
5358,ASV6675,FALSE,TRUE
5359,ASV6676,FALSE,TRUE
5360,ASV6677,FALSE,TRUE
5361,ASV6678,FALSE,TRUE
5362,ASV6679,FALSE,TRUE
5363,ASV6680,FALSE,TRUE
5364,ASV6681,FALSE,TRUE
5365,ASV6682,FALSE,TRUE
5366,ASV6683,FALSE,TRUE
5367,ASV6685,FALSE,TRUE
5368,ASV6686,FALSE,TRUE
5369,ASV6687,FALSE,TRUE
5370,ASV6688,FALSE,FALSE
5371,ASV6689,FALSE,FALSE
5372,ASV6690,TRUE,FALSE
5373,ASV6692,TRUE,FALSE
5374,ASV6693,FALSE,FALSE
5375,ASV6695,TRUE,FALSE
5376,ASV6698,FALSE,FALSE
5377,ASV6700,TRUE,FALSE
5378,ASV6701,FALSE,FALSE
5379,ASV6702,TRUE,FALSE
5380,ASV6704,TRUE,FALSE
5381,ASV6705,TRUE,FALSE
5382,ASV6706,TRUE,FALSE
5383,ASV6707,TRUE,FALSE
5384,ASV6711,FALSE,FALSE
5385,ASV6712,FALSE,FALSE
5386,ASV6714,TRUE,FALSE
5387,ASV6715,TRUE,FALSE
5388,ASV6716,TRUE,FALSE
5389,ASV6717,FALSE,FALSE
5390,ASV6718,FALSE,FALSE
5391,ASV6719,TRUE,FALSE
5392,ASV6720,TRUE,FALSE
5393,ASV6721,FALSE,FALSE
5394,ASV6722,FALSE,FALSE
5395,ASV6724,FALSE,TRUE
5396,ASV6726,FALSE,TRUE
5397,ASV6727,FALSE,TRUE
5398,ASV6730,FALSE,TRUE
5399,ASV6731,FALSE,TRUE
5400,ASV6732,FALSE,TRUE
5401,ASV6734,FALSE,TRUE
5402,ASV6735,FALSE,TRUE
5403,ASV6736,FALSE,TRUE
5404,ASV6737,FALSE,TRUE
5405,ASV6738,FALSE,TRUE
5406,ASV6739,FALSE,TRUE
5407,ASV6740,FALSE,TRUE
5408,ASV6741,FALSE,TRUE
5409,ASV6743,FALSE,TRUE
5410,ASV6744,FALSE,FALSE
5411,ASV6745,FALSE,TRUE
5412,ASV6746,TRUE,FALSE
5413,ASV6747,TRUE,FALSE
5414,ASV6748,TRUE,FALSE
5415,ASV6749,TRUE,FALSE
5416,ASV6750,TRUE,FALSE
5417,ASV6751,TRUE,FALSE
5418,ASV6752,FALSE,TRUE
5419,ASV6753,FALSE,TRUE
5420,ASV6754,FALSE,TRUE
5421,ASV6755,FALSE,TRUE
5422,ASV6756,FALSE,TRUE
5423,ASV6757,FALSE,TRUE
5424,ASV6761,FALSE,FALSE
5425,ASV6762,TRUE,FALSE
5426,ASV6763,FALSE,FALSE
5427,ASV6764,TRUE,FALSE
5428,ASV6765,FALSE,FALSE
5429,ASV6766,FALSE,FALSE
5430,ASV6767,TRUE,FALSE
5431,ASV6768,FALSE,FALSE
5432,ASV6770,FALSE,FALSE
5433,ASV6774,TRUE,FALSE
5434,ASV6776,FALSE,FALSE
5435,ASV6777,TRUE,FALSE
5436,ASV6778,FALSE,FALSE
5437,ASV6779,TRUE,FALSE
5438,ASV6780,TRUE,FALSE
5439,ASV6781,FALSE,FALSE
5440,ASV6782,FALSE,FALSE
5441,ASV6783,FALSE,FALSE
5442,ASV6785,FALSE,FALSE
5443,ASV6786,FALSE,FALSE
5444,ASV6787,FALSE,FALSE
5445,ASV6788,FALSE,FALSE
5446,ASV6789,FALSE,TRUE
5447,ASV6790,FALSE,TRUE
5448,ASV6791,FALSE,TRUE
5449,ASV6793,FALSE,TRUE
5450,ASV6794,FALSE,TRUE
5451,ASV6795,FALSE,TRUE
5452,ASV6796,FALSE,TRUE
5453,ASV6797,FALSE,FALSE
5454,ASV6798,FALSE,TRUE
5455,ASV6799,FALSE,TRUE
5456,ASV6800,FALSE,TRUE
5457,ASV6802,FALSE,TRUE
5458,ASV6803,TRUE,FALSE
5459,ASV6804,FALSE,FALSE
5460,ASV6806,FALSE,FALSE
5461,ASV6807,TRUE,FALSE
5462,ASV6809,FALSE,FALSE
5463,ASV6811,TRUE,FALSE
5464,ASV6812,FALSE,FALSE
5465,ASV6814,TRUE,FALSE
5466,ASV6815,FALSE,FALSE
5467,ASV6818,FALSE,FALSE
5468,ASV6820,TRUE,FALSE
5469,ASV6824,TRUE,FALSE
5470,ASV6825,TRUE,FALSE
5471,ASV6826,FALSE,FALSE
5472,ASV6831,TRUE,FALSE
5473,ASV6832,FALSE,FALSE
5474,ASV6833,FALSE,FALSE
5475,ASV6835,FALSE,FALSE
5476,ASV6836,FALSE,FALSE
5477,ASV6837,TRUE,FALSE
5478,ASV6838,TRUE,FALSE
5479,ASV6839,TRUE,FALSE
5480,ASV6840,FALSE,FALSE
5481,ASV6841,TRUE,FALSE
5482,ASV6843,TRUE,FALSE
5483,ASV6845,TRUE,FALSE
5484,ASV6846,FALSE,TRUE
5485,ASV6847,FALSE,TRUE
5486,ASV6848,FALSE,TRUE
5487,ASV6849,FALSE,TRUE
5488,ASV6851,FALSE,FALSE
5489,ASV6853,FALSE,TRUE
5490,ASV6854,FALSE,FALSE
5491,ASV6858,FALSE,TRUE
5492,ASV6859,FALSE,TRUE
5493,ASV6860,FALSE,TRUE
5494,ASV6861,FALSE,TRUE
5495,ASV6862,FALSE,TRUE
5496,ASV6863,TRUE,FALSE
5497,ASV6864,FALSE,TRUE
5498,ASV6865,FALSE,TRUE
5499,ASV6867,TRUE,FALSE
5500,ASV6871,FALSE,FALSE
5501,ASV6872,FALSE,FALSE
5502,ASV6873,TRUE,FALSE
5503,ASV6877,FALSE,FALSE
5504,ASV6878,FALSE,FALSE
5505,ASV6879,TRUE,FALSE
5506,ASV6881,TRUE,FALSE
5507,ASV6882,TRUE,FALSE
5508,ASV6884,FALSE,FALSE
5509,ASV6885,TRUE,FALSE
5510,ASV6890,FALSE,FALSE
5511,ASV6891,FALSE,FALSE
5512,ASV6892,FALSE,FALSE
5513,ASV6893,FALSE,TRUE
5514,ASV6894,FALSE,FALSE
5515,ASV6895,TRUE,FALSE
5516,ASV6896,TRUE,FALSE
5517,ASV6897,TRUE,FALSE
5518,ASV6898,FALSE,FALSE
5519,ASV6899,FALSE,FALSE
5520,ASV6901,FALSE,FALSE
5521,ASV6902,FALSE,FALSE
5522,ASV6904,TRUE,FALSE
5523,ASV6905,TRUE,FALSE
5524,ASV6906,TRUE,FALSE
5525,ASV6907,FALSE,FALSE
5526,ASV6908,TRUE,FALSE
5527,ASV6909,TRUE,FALSE
5528,ASV6910,TRUE,FALSE
5529,ASV6911,FALSE,FALSE
5530,ASV6913,FALSE,TRUE
5531,ASV6914,FALSE,TRUE
5532,ASV6915,FALSE,TRUE
5533,ASV6917,FALSE,TRUE
5534,ASV6919,FALSE,TRUE
5535,ASV6920,FALSE,TRUE
5536,ASV6921,FALSE,TRUE
5537,ASV6922,FALSE,TRUE
5538,ASV6924,FALSE,TRUE
5539,ASV6926,FALSE,TRUE
5540,ASV6927,FALSE,TRUE
5541,ASV6928,FALSE,FALSE
5542,ASV6929,FALSE,TRUE
5543,ASV6930,FALSE,TRUE
5544,ASV6931,FALSE,FALSE
5545,ASV6932,TRUE,FALSE
5546,ASV6933,FALSE,FALSE
5547,ASV6934,FALSE,TRUE
5548,ASV6935,FALSE,FALSE
5549,ASV6938,FALSE,FALSE
5550,ASV6939,FALSE,FALSE
5551,ASV6940,TRUE,FALSE
5552,ASV6943,FALSE,FALSE
5553,ASV6947,FALSE,FALSE
5554,ASV6948,FALSE,FALSE
5555,ASV6949,FALSE,FALSE
5556,ASV6950,TRUE,FALSE
5557,ASV6951,TRUE,FALSE
5558,ASV6952,FALSE,FALSE
5559,ASV6953,FALSE,TRUE
5560,ASV6954,FALSE,TRUE
5561,ASV6956,TRUE,FALSE
5562,ASV6958,FALSE,FALSE
5563,ASV6960,FALSE,FALSE
5564,ASV6963,TRUE,FALSE
5565,ASV6965,FALSE,FALSE
5566,ASV6966,TRUE,FALSE
5567,ASV6968,FALSE,FALSE
5568,ASV6970,FALSE,FALSE
5569,ASV6972,FALSE,FALSE
5570,ASV6973,FALSE,FALSE
5571,ASV6974,FALSE,FALSE
5572,ASV6975,FALSE,FALSE
5573,ASV6978,FALSE,TRUE
5574,ASV6980,FALSE,TRUE
5575,ASV6981,FALSE,TRUE
5576,ASV6983,FALSE,TRUE
5577,ASV6984,FALSE,TRUE
5578,ASV6985,FALSE,TRUE
5579,ASV6986,FALSE,FALSE
5580,ASV6988,FALSE,TRUE
5581,ASV6989,FALSE,TRUE
5582,ASV6990,FALSE,TRUE
5583,ASV6991,FALSE,TRUE
5584,ASV6993,FALSE,TRUE
5585,ASV6994,FALSE,TRUE
5586,ASV6995,FALSE,TRUE
5587,ASV6996,FALSE,TRUE
5588,ASV6997,FALSE,TRUE
5589,ASV6998,FALSE,FALSE
5590,ASV6999,TRUE,FALSE
5591,ASV7000,TRUE,FALSE
5592,ASV7001,TRUE,FALSE
5593,ASV7003,FALSE,TRUE
5594,ASV7004,FALSE,TRUE
5595,ASV7005,FALSE,TRUE
5596,ASV7008,FALSE,FALSE
5597,ASV7009,FALSE,FALSE
5598,ASV7010,TRUE,FALSE
5599,ASV7011,FALSE,FALSE
5600,ASV7012,FALSE,FALSE
5601,ASV7014,FALSE,FALSE
5602,ASV7017,FALSE,FALSE
5603,ASV7018,TRUE,FALSE
5604,ASV7022,FALSE,FALSE
5605,ASV7023,TRUE,FALSE
5606,ASV7025,TRUE,FALSE
5607,ASV7026,TRUE,FALSE
5608,ASV7027,TRUE,FALSE
5609,ASV7030,FALSE,FALSE
5610,ASV7032,FALSE,TRUE
5611,ASV7033,FALSE,FALSE
5612,ASV7034,TRUE,FALSE
5613,ASV7035,TRUE,FALSE
5614,ASV7036,FALSE,FALSE
5615,ASV7038,TRUE,FALSE
5616,ASV7039,TRUE,FALSE
5617,ASV7042,TRUE,FALSE
5618,ASV7044,FALSE,FALSE
5619,ASV7045,FALSE,FALSE
5620,ASV7046,TRUE,FALSE
5621,ASV7047,FALSE,FALSE
5622,ASV7048,FALSE,FALSE
5623,ASV7049,FALSE,FALSE
5624,ASV7050,FALSE,FALSE
5625,ASV7052,FALSE,FALSE
5626,ASV7053,FALSE,TRUE
5627,ASV7054,FALSE,TRUE
5628,ASV7055,FALSE,TRUE
5629,ASV7056,FALSE,TRUE
5630,ASV7057,FALSE,FALSE
5631,ASV7060,FALSE,TRUE
5632,ASV7061,FALSE,TRUE
5633,ASV7062,FALSE,TRUE
5634,ASV7063,FALSE,TRUE
5635,ASV7064,FALSE,TRUE
5636,ASV7065,FALSE,TRUE
5637,ASV7066,FALSE,TRUE
5638,ASV7068,FALSE,TRUE
5639,ASV7069,FALSE,TRUE
5640,ASV7070,TRUE,FALSE
5641,ASV7071,TRUE,FALSE
5642,ASV7074,FALSE,TRUE
5643,ASV7075,FALSE,TRUE
5644,ASV7076,FALSE,TRUE
5645,ASV7078,FALSE,FALSE
5646,ASV7079,FALSE,FALSE
5647,ASV7080,TRUE,FALSE
5648,ASV7082,FALSE,FALSE
5649,ASV7083,TRUE,FALSE
5650,ASV7084,TRUE,FALSE
5651,ASV7086,FALSE,FALSE
5652,ASV7088,FALSE,FALSE
5653,ASV7092,FALSE,FALSE
5654,ASV7093,FALSE,FALSE
5655,ASV7094,TRUE,FALSE
5656,ASV7095,TRUE,FALSE
5657,ASV7096,TRUE,FALSE
5658,ASV7097,TRUE,FALSE
5659,ASV7098,TRUE,FALSE
5660,ASV7100,FALSE,FALSE
5661,ASV7101,TRUE,FALSE
5662,ASV7102,TRUE,FALSE
5663,ASV7103,FALSE,FALSE
5664,ASV7105,FALSE,FALSE
5665,ASV7107,FALSE,FALSE
5666,ASV7108,TRUE,FALSE
5667,ASV7111,FALSE,FALSE
5668,ASV7112,TRUE,FALSE
5669,ASV7113,FALSE,FALSE
5670,ASV7114,FALSE,FALSE
5671,ASV7115,FALSE,TRUE
5672,ASV7116,FALSE,TRUE
5673,ASV7117,FALSE,TRUE
5674,ASV7119,FALSE,TRUE
5675,ASV7120,FALSE,TRUE
5676,ASV7121,FALSE,TRUE
5677,ASV7122,FALSE,TRUE
5678,ASV7123,FALSE,TRUE
5679,ASV7124,FALSE,TRUE
5680,ASV7125,FALSE,TRUE
5681,ASV7126,FALSE,FALSE
5682,ASV7127,FALSE,FALSE
5683,ASV7128,FALSE,TRUE
5684,ASV7129,FALSE,TRUE
5685,ASV7130,FALSE,TRUE
5686,ASV7131,FALSE,TRUE
5687,ASV7133,FALSE,TRUE
5688,ASV7134,FALSE,FALSE
5689,ASV7135,TRUE,FALSE
5690,ASV7136,FALSE,FALSE
5691,ASV7137,TRUE,FALSE
5692,ASV7138,FALSE,FALSE
5693,ASV7139,FALSE,TRUE
5694,ASV7140,FALSE,TRUE
5695,ASV7141,FALSE,TRUE
5696,ASV7142,TRUE,FALSE
5697,ASV7143,TRUE,FALSE
5698,ASV7144,FALSE,TRUE
5699,ASV7148,TRUE,FALSE
5700,ASV7149,TRUE,FALSE
5701,ASV7152,FALSE,FALSE
5702,ASV7156,TRUE,FALSE
5703,ASV7158,TRUE,FALSE
5704,ASV7159,TRUE,FALSE
5705,ASV7161,FALSE,FALSE
5706,ASV7164,FALSE,FALSE
5707,ASV7165,TRUE,FALSE
5708,ASV7166,TRUE,FALSE
5709,ASV7167,FALSE,FALSE
5710,ASV7168,TRUE,FALSE
5711,ASV7169,FALSE,FALSE
5712,ASV7170,FALSE,TRUE
5713,ASV7171,FALSE,TRUE
5714,ASV7172,FALSE,TRUE
5715,ASV7173,FALSE,TRUE
5716,ASV7175,FALSE,FALSE
5717,ASV7176,TRUE,FALSE
5718,ASV7177,TRUE,FALSE
5719,ASV7180,FALSE,FALSE
5720,ASV7181,FALSE,FALSE
5721,ASV7182,FALSE,FALSE
5722,ASV7183,FALSE,FALSE
5723,ASV7184,TRUE,FALSE
5724,ASV7185,FALSE,FALSE
5725,ASV7186,FALSE,FALSE
5726,ASV7187,TRUE,FALSE
5727,ASV7188,FALSE,FALSE
5728,ASV7189,FALSE,FALSE
5729,ASV7190,FALSE,FALSE
5730,ASV7191,FALSE,FALSE
5731,ASV7192,FALSE,FALSE
5732,ASV7193,FALSE,FALSE
5733,ASV7194,FALSE,FALSE
5734,ASV7195,FALSE,TRUE
5735,ASV7196,FALSE,TRUE
5736,ASV7197,FALSE,TRUE
5737,ASV7198,FALSE,TRUE
5738,ASV7199,FALSE,TRUE
5739,ASV7200,FALSE,TRUE
5740,ASV7201,FALSE,TRUE
5741,ASV7202,FALSE,TRUE
5742,ASV7203,FALSE,TRUE
5743,ASV7204,FALSE,FALSE
5744,ASV7206,FALSE,TRUE
5745,ASV7208,FALSE,TRUE
5746,ASV7209,FALSE,TRUE
5747,ASV7210,FALSE,FALSE
5748,ASV7211,FALSE,TRUE
5749,ASV7212,FALSE,TRUE
5750,ASV7213,FALSE,TRUE
5751,ASV7214,FALSE,TRUE
5752,ASV7215,FALSE,TRUE
5753,ASV7216,FALSE,TRUE
5754,ASV7217,TRUE,FALSE
5755,ASV7218,TRUE,FALSE
5756,ASV7219,FALSE,FALSE
5757,ASV7220,TRUE,FALSE
5758,ASV7221,TRUE,FALSE
5759,ASV7223,FALSE,TRUE
5760,ASV7224,FALSE,TRUE
5761,ASV7225,FALSE,TRUE
5762,ASV7226,TRUE,FALSE
5763,ASV7228,TRUE,FALSE
5764,ASV7229,TRUE,FALSE
5765,ASV7230,TRUE,FALSE
5766,ASV7232,FALSE,FALSE
5767,ASV7234,FALSE,FALSE
5768,ASV7235,TRUE,FALSE
5769,ASV7236,FALSE,FALSE
5770,ASV7238,FALSE,FALSE
5771,ASV7239,FALSE,FALSE
5772,ASV7241,FALSE,FALSE
5773,ASV7243,FALSE,FALSE
5774,ASV7244,FALSE,FALSE
5775,ASV7245,FALSE,TRUE
5776,ASV7246,FALSE,FALSE
5777,ASV7248,FALSE,FALSE
5778,ASV7250,FALSE,FALSE
5779,ASV7251,TRUE,FALSE
5780,ASV7253,FALSE,FALSE
5781,ASV7254,FALSE,FALSE
5782,ASV7256,TRUE,FALSE
5783,ASV7257,TRUE,FALSE
5784,ASV7258,TRUE,FALSE
5785,ASV7259,FALSE,FALSE
5786,ASV7260,FALSE,TRUE
5787,ASV7261,FALSE,TRUE
5788,ASV7262,FALSE,TRUE
5789,ASV7264,FALSE,TRUE
5790,ASV7266,FALSE,FALSE
5791,ASV7267,FALSE,TRUE
5792,ASV7269,FALSE,TRUE
5793,ASV7271,FALSE,TRUE
5794,ASV7272,FALSE,TRUE
5795,ASV7273,FALSE,TRUE
5796,ASV7275,FALSE,TRUE
5797,ASV7276,FALSE,TRUE
5798,ASV7277,FALSE,TRUE
5799,ASV7278,FALSE,TRUE
5800,ASV7279,FALSE,TRUE
5801,ASV7280,FALSE,TRUE
5802,ASV7281,FALSE,TRUE
5803,ASV7282,FALSE,TRUE
5804,ASV7283,TRUE,FALSE
5805,ASV7284,TRUE,FALSE
5806,ASV7285,TRUE,FALSE
5807,ASV7287,TRUE,FALSE
5808,ASV7288,FALSE,TRUE
5809,ASV7289,FALSE,TRUE
5810,ASV7291,TRUE,FALSE
5811,ASV7294,TRUE,FALSE
5812,ASV7296,FALSE,FALSE
5813,ASV7297,FALSE,FALSE
5814,ASV7298,FALSE,FALSE
5815,ASV7300,TRUE,FALSE
5816,ASV7302,TRUE,FALSE
5817,ASV7305,FALSE,FALSE
5818,ASV7306,FALSE,FALSE
5819,ASV7308,FALSE,FALSE
5820,ASV7309,FALSE,FALSE
5821,ASV7310,TRUE,FALSE
5822,ASV7311,FALSE,FALSE
5823,ASV7312,TRUE,FALSE
5824,ASV7313,TRUE,FALSE
5825,ASV7314,TRUE,FALSE
5826,ASV7315,FALSE,FALSE
5827,ASV7317,FALSE,FALSE
5828,ASV7318,FALSE,FALSE
5829,ASV7319,FALSE,FALSE
5830,ASV7320,TRUE,FALSE
5831,ASV7321,TRUE,FALSE
5832,ASV7322,FALSE,FALSE
5833,ASV7324,TRUE,FALSE
5834,ASV7329,TRUE,FALSE
5835,ASV7331,FALSE,FALSE
5836,ASV7332,FALSE,FALSE
5837,ASV7333,TRUE,FALSE
5838,ASV7334,FALSE,FALSE
5839,ASV7335,FALSE,TRUE
5840,ASV7337,FALSE,TRUE
5841,ASV7338,FALSE,TRUE
5842,ASV7339,FALSE,TRUE
5843,ASV7340,FALSE,TRUE
5844,ASV7341,FALSE,TRUE
5845,ASV7342,FALSE,TRUE
5846,ASV7343,FALSE,TRUE
5847,ASV7345,FALSE,TRUE
5848,ASV7346,FALSE,TRUE
5849,ASV7347,FALSE,TRUE
5850,ASV7348,FALSE,TRUE
5851,ASV7349,FALSE,TRUE
5852,ASV7350,FALSE,TRUE
5853,ASV7351,FALSE,TRUE
5854,ASV7352,FALSE,TRUE
5855,ASV7353,FALSE,TRUE
5856,ASV7354,FALSE,FALSE
5857,ASV7355,FALSE,FALSE
5858,ASV7356,FALSE,TRUE
5859,ASV7358,TRUE,FALSE
5860,ASV7359,FALSE,FALSE
5861,ASV7360,FALSE,FALSE
5862,ASV7361,FALSE,TRUE
5863,ASV7362,FALSE,TRUE
5864,ASV7363,FALSE,TRUE
5865,ASV7364,TRUE,FALSE
5866,ASV7369,FALSE,FALSE
5867,ASV7370,FALSE,FALSE
5868,ASV7371,FALSE,FALSE
5869,ASV7374,FALSE,FALSE
5870,ASV7375,FALSE,FALSE
5871,ASV7377,TRUE,FALSE
5872,ASV7378,TRUE,FALSE
5873,ASV7379,FALSE,FALSE
5874,ASV7381,TRUE,FALSE
5875,ASV7382,FALSE,TRUE
5876,ASV7383,FALSE,TRUE
5877,ASV7384,TRUE,FALSE
5878,ASV7385,TRUE,FALSE
5879,ASV7386,TRUE,FALSE
5880,ASV7387,TRUE,FALSE
5881,ASV7388,FALSE,FALSE
5882,ASV7389,FALSE,FALSE
5883,ASV7390,FALSE,FALSE
5884,ASV7391,FALSE,FALSE
5885,ASV7392,TRUE,FALSE
5886,ASV7393,TRUE,FALSE
5887,ASV7394,TRUE,FALSE
5888,ASV7395,TRUE,FALSE
5889,ASV7396,TRUE,FALSE
5890,ASV7397,FALSE,FALSE
5891,ASV7401,TRUE,FALSE
5892,ASV7402,TRUE,FALSE
5893,ASV7404,FALSE,FALSE
5894,ASV7406,FALSE,TRUE
5895,ASV7407,FALSE,TRUE
5896,ASV7408,FALSE,TRUE
5897,ASV7411,FALSE,TRUE
5898,ASV7412,FALSE,TRUE
5899,ASV7413,FALSE,TRUE
5900,ASV7414,FALSE,TRUE
5901,ASV7415,FALSE,TRUE
5902,ASV7416,FALSE,TRUE
5903,ASV7417,FALSE,TRUE
5904,ASV7418,FALSE,FALSE
5905,ASV7419,FALSE,TRUE
5906,ASV7420,FALSE,TRUE
5907,ASV7421,FALSE,TRUE
5908,ASV7422,FALSE,TRUE
5909,ASV7423,FALSE,TRUE
5910,ASV7425,FALSE,TRUE
5911,ASV7426,FALSE,TRUE
5912,ASV7427,FALSE,FALSE
5913,ASV7428,FALSE,TRUE
5914,ASV7430,FALSE,TRUE
5915,ASV7431,FALSE,TRUE
5916,ASV7433,FALSE,TRUE
5917,ASV7434,FALSE,TRUE
5918,ASV7437,FALSE,TRUE
5919,ASV7438,FALSE,TRUE
5920,ASV7439,FALSE,TRUE
5921,ASV7442,FALSE,TRUE
5922,ASV7443,FALSE,TRUE
5923,ASV7444,FALSE,TRUE
5924,ASV7446,FALSE,TRUE
5925,ASV7447,TRUE,FALSE
5926,ASV7448,TRUE,FALSE
5927,ASV7449,FALSE,TRUE
5928,ASV7454,FALSE,FALSE
5929,ASV7457,FALSE,FALSE
5930,ASV7458,FALSE,FALSE
5931,ASV7460,FALSE,FALSE
5932,ASV7461,TRUE,FALSE
5933,ASV7462,TRUE,FALSE
5934,ASV7464,FALSE,FALSE
5935,ASV7466,TRUE,FALSE
5936,ASV7467,TRUE,FALSE
5937,ASV7468,TRUE,FALSE
5938,ASV7469,FALSE,FALSE
5939,ASV7470,FALSE,FALSE
5940,ASV7471,FALSE,FALSE
5941,ASV7472,FALSE,TRUE
5942,ASV7473,FALSE,FALSE
5943,ASV7474,TRUE,FALSE
5944,ASV7476,TRUE,FALSE
5945,ASV7478,FALSE,FALSE
5946,ASV7479,TRUE,FALSE
5947,ASV7481,FALSE,FALSE
5948,ASV7484,FALSE,FALSE
5949,ASV7485,TRUE,FALSE
5950,ASV7487,TRUE,FALSE
5951,ASV7488,FALSE,FALSE
5952,ASV7490,FALSE,FALSE
5953,ASV7491,FALSE,FALSE
5954,ASV7492,FALSE,FALSE
5955,ASV7495,FALSE,TRUE
5956,ASV7497,FALSE,TRUE
5957,ASV7499,FALSE,TRUE
5958,ASV7500,FALSE,TRUE
5959,ASV7501,FALSE,TRUE
5960,ASV7502,FALSE,TRUE
5961,ASV7504,FALSE,TRUE
5962,ASV7505,FALSE,FALSE
5963,ASV7506,FALSE,TRUE
5964,ASV7507,FALSE,TRUE
5965,ASV7508,FALSE,TRUE
5966,ASV7509,FALSE,TRUE
5967,ASV7510,FALSE,TRUE
5968,ASV7511,FALSE,TRUE
5969,ASV7512,FALSE,TRUE
5970,ASV7513,FALSE,TRUE
5971,ASV7514,FALSE,TRUE
5972,ASV7515,FALSE,FALSE
5973,ASV7519,FALSE,TRUE
5974,ASV7520,FALSE,FALSE
5975,ASV7522,FALSE,FALSE
5976,ASV7523,FALSE,TRUE
5977,ASV7524,FALSE,TRUE
5978,ASV7525,FALSE,TRUE
5979,ASV7526,FALSE,FALSE
5980,ASV7527,TRUE,FALSE
5981,ASV7528,TRUE,FALSE
5982,ASV7530,TRUE,FALSE
5983,ASV7531,TRUE,FALSE
5984,ASV7532,TRUE,FALSE
5985,ASV7534,FALSE,TRUE
5986,ASV7535,FALSE,TRUE
5987,ASV7536,FALSE,TRUE
5988,ASV7538,FALSE,FALSE
5989,ASV7542,TRUE,FALSE
5990,ASV7544,FALSE,FALSE
5991,ASV7546,FALSE,FALSE
5992,ASV7547,FALSE,FALSE
5993,ASV7549,TRUE,FALSE
5994,ASV7550,TRUE,FALSE
5995,ASV7551,TRUE,FALSE
5996,ASV7552,TRUE,FALSE
5997,ASV7553,FALSE,FALSE
5998,ASV7554,TRUE,FALSE
5999,ASV7556,FALSE,FALSE
6000,ASV7558,TRUE,FALSE
6001,ASV7559,FALSE,TRUE
6002,ASV7560,FALSE,FALSE
6003,ASV7561,FALSE,TRUE
6004,ASV7565,TRUE,FALSE
6005,ASV7566,TRUE,FALSE
6006,ASV7568,TRUE,FALSE
6007,ASV7569,TRUE,FALSE
6008,ASV7570,TRUE,FALSE
6009,ASV7571,TRUE,FALSE
6010,ASV7572,TRUE,FALSE
6011,ASV7573,FALSE,FALSE
6012,ASV7575,TRUE,FALSE
6013,ASV7577,TRUE,FALSE
6014,ASV7578,TRUE,FALSE
6015,ASV7579,TRUE,FALSE
6016,ASV7582,FALSE,TRUE
6017,ASV7583,FALSE,TRUE
6018,ASV7584,FALSE,TRUE
6019,ASV7585,FALSE,TRUE
6020,ASV7588,FALSE,TRUE
6021,ASV7589,FALSE,TRUE
6022,ASV7590,FALSE,TRUE
6023,ASV7591,FALSE,TRUE
6024,ASV7592,FALSE,TRUE
6025,ASV7593,FALSE,TRUE
6026,ASV7595,FALSE,TRUE
6027,ASV7596,FALSE,TRUE
6028,ASV7597,FALSE,TRUE
6029,ASV7598,FALSE,TRUE
6030,ASV7599,FALSE,TRUE
6031,ASV7600,FALSE,TRUE
6032,ASV7601,FALSE,TRUE
6033,ASV7602,FALSE,TRUE
6034,ASV7603,FALSE,TRUE
6035,ASV7604,FALSE,TRUE
6036,ASV7605,FALSE,TRUE
6037,ASV7608,FALSE,TRUE
6038,ASV7610,FALSE,TRUE
6039,ASV7611,FALSE,TRUE
6040,ASV7613,FALSE,FALSE
6041,ASV7614,FALSE,FALSE
6042,ASV7615,FALSE,TRUE
6043,ASV7616,TRUE,FALSE
6044,ASV7617,TRUE,FALSE
6045,ASV7618,TRUE,FALSE
6046,ASV7619,TRUE,FALSE
6047,ASV7620,FALSE,TRUE
6048,ASV7621,FALSE,TRUE
6049,ASV7622,FALSE,TRUE
6050,ASV7623,FALSE,TRUE
6051,ASV7624,FALSE,TRUE
6052,ASV7625,FALSE,TRUE
6053,ASV7626,FALSE,TRUE
6054,ASV7627,FALSE,TRUE
6055,ASV7630,FALSE,FALSE
6056,ASV7631,TRUE,FALSE
6057,ASV7632,FALSE,FALSE
6058,ASV7633,FALSE,FALSE
6059,ASV7635,TRUE,FALSE
6060,ASV7636,FALSE,FALSE
6061,ASV7638,FALSE,FALSE
6062,ASV7641,FALSE,FALSE
6063,ASV7642,TRUE,FALSE
6064,ASV7643,FALSE,FALSE
6065,ASV7644,FALSE,TRUE
6066,ASV7645,TRUE,FALSE
6067,ASV7646,TRUE,FALSE
6068,ASV7647,TRUE,FALSE
6069,ASV7648,TRUE,FALSE
6070,ASV7650,TRUE,FALSE
6071,ASV7651,TRUE,FALSE
6072,ASV7652,FALSE,FALSE
6073,ASV7653,TRUE,FALSE
6074,ASV7654,TRUE,FALSE
6075,ASV7656,TRUE,FALSE
6076,ASV7660,TRUE,FALSE
6077,ASV7661,FALSE,FALSE
6078,ASV7662,FALSE,FALSE
6079,ASV7663,FALSE,FALSE
6080,ASV7665,FALSE,FALSE
6081,ASV7666,FALSE,FALSE
6082,ASV7667,FALSE,TRUE
6083,ASV7668,FALSE,FALSE
6084,ASV7669,FALSE,TRUE
6085,ASV7670,FALSE,TRUE
6086,ASV7671,FALSE,TRUE
6087,ASV7672,FALSE,TRUE
6088,ASV7673,FALSE,TRUE
6089,ASV7674,FALSE,TRUE
6090,ASV7675,FALSE,TRUE
6091,ASV7677,FALSE,TRUE
6092,ASV7678,FALSE,TRUE
6093,ASV7679,FALSE,TRUE
6094,ASV7680,FALSE,TRUE
6095,ASV7682,FALSE,TRUE
6096,ASV7683,FALSE,TRUE
6097,ASV7684,FALSE,TRUE
6098,ASV7685,FALSE,TRUE
6099,ASV7686,FALSE,TRUE
6100,ASV7687,FALSE,TRUE
6101,ASV7688,FALSE,TRUE
6102,ASV7689,FALSE,TRUE
6103,ASV7690,FALSE,TRUE
6104,ASV7691,FALSE,TRUE
6105,ASV7693,FALSE,TRUE
6106,ASV7694,FALSE,FALSE
6107,ASV7695,FALSE,TRUE
6108,ASV7696,TRUE,FALSE
6109,ASV7697,TRUE,FALSE
6110,ASV7698,FALSE,FALSE
6111,ASV7699,FALSE,TRUE
6112,ASV7700,FALSE,TRUE
6113,ASV7701,FALSE,TRUE
6114,ASV7702,FALSE,TRUE
6115,ASV7703,TRUE,FALSE
6116,ASV7704,FALSE,TRUE
6117,ASV7715,FALSE,FALSE
6118,ASV7716,TRUE,FALSE
6119,ASV7718,TRUE,FALSE
6120,ASV7719,FALSE,FALSE
6121,ASV7721,FALSE,FALSE
6122,ASV7722,FALSE,FALSE
6123,ASV7724,FALSE,FALSE
6124,ASV7725,TRUE,FALSE
6125,ASV7726,TRUE,FALSE
6126,ASV7728,TRUE,FALSE
6127,ASV7729,FALSE,FALSE
6128,ASV7731,FALSE,FALSE
6129,ASV7733,TRUE,FALSE
6130,ASV7736,TRUE,FALSE
6131,ASV7737,FALSE,FALSE
6132,ASV7738,FALSE,FALSE
6133,ASV7740,FALSE,TRUE
6134,ASV7742,FALSE,TRUE
6135,ASV7745,FALSE,TRUE
6136,ASV7746,FALSE,TRUE
6137,ASV7747,FALSE,TRUE
6138,ASV7748,FALSE,TRUE
6139,ASV7749,FALSE,TRUE
6140,ASV7752,FALSE,FALSE
6141,ASV7753,FALSE,TRUE
6142,ASV7754,FALSE,TRUE
6143,ASV7755,FALSE,TRUE
6144,ASV7756,FALSE,TRUE
6145,ASV7757,FALSE,TRUE
6146,ASV7758,FALSE,TRUE
6147,ASV7759,FALSE,TRUE
6148,ASV7760,FALSE,TRUE
6149,ASV7762,FALSE,TRUE
6150,ASV7763,FALSE,FALSE
6151,ASV7764,FALSE,TRUE
6152,ASV7765,FALSE,TRUE
6153,ASV7766,FALSE,TRUE
6154,ASV7768,FALSE,TRUE
6155,ASV7769,FALSE,TRUE
6156,ASV7770,FALSE,TRUE
6157,ASV7771,TRUE,FALSE
6158,ASV7772,TRUE,FALSE
6159,ASV7773,FALSE,FALSE
6160,ASV7774,TRUE,FALSE
6161,ASV7775,TRUE,FALSE
6162,ASV7777,FALSE,TRUE
6163,ASV7778,TRUE,FALSE
6164,ASV7779,FALSE,TRUE
6165,ASV7780,FALSE,TRUE
6166,ASV7787,FALSE,FALSE
6167,ASV7788,FALSE,FALSE
6168,ASV7790,TRUE,FALSE
6169,ASV7791,FALSE,FALSE
6170,ASV7792,FALSE,FALSE
6171,ASV7793,FALSE,FALSE
6172,ASV7794,TRUE,FALSE
6173,ASV7795,TRUE,FALSE
6174,ASV7796,TRUE,FALSE
6175,ASV7798,FALSE,FALSE
6176,ASV7800,FALSE,FALSE
6177,ASV7801,FALSE,FALSE
6178,ASV7803,TRUE,FALSE
6179,ASV7805,TRUE,FALSE
6180,ASV7806,TRUE,FALSE
6181,ASV7807,TRUE,FALSE
6182,ASV7808,TRUE,FALSE
6183,ASV7809,TRUE,FALSE
6184,ASV7810,FALSE,FALSE
6185,ASV7814,FALSE,FALSE
6186,ASV7815,FALSE,FALSE
6187,ASV7816,FALSE,FALSE
6188,ASV7818,FALSE,TRUE
6189,ASV7819,FALSE,TRUE
6190,ASV7821,FALSE,FALSE
6191,ASV7822,FALSE,TRUE
6192,ASV7823,FALSE,TRUE
6193,ASV7824,FALSE,TRUE
6194,ASV7825,FALSE,TRUE
6195,ASV7826,FALSE,TRUE
6196,ASV7827,FALSE,TRUE
6197,ASV7828,FALSE,TRUE
6198,ASV7830,FALSE,TRUE
6199,ASV7832,FALSE,TRUE
6200,ASV7833,FALSE,TRUE
6201,ASV7834,FALSE,TRUE
6202,ASV7836,FALSE,FALSE
6203,ASV7837,TRUE,FALSE
6204,ASV7838,FALSE,TRUE
6205,ASV7839,FALSE,TRUE
6206,ASV7840,FALSE,TRUE
6207,ASV7841,FALSE,TRUE
6208,ASV7842,FALSE,TRUE
6209,ASV7847,FALSE,FALSE
6210,ASV7850,FALSE,FALSE
6211,ASV7851,FALSE,FALSE
6212,ASV7852,FALSE,FALSE
6213,ASV7853,FALSE,FALSE
6214,ASV7854,FALSE,FALSE
6215,ASV7855,FALSE,FALSE
6216,ASV7856,FALSE,FALSE
6217,ASV7858,TRUE,FALSE
6218,ASV7860,TRUE,FALSE
6219,ASV7861,TRUE,FALSE
6220,ASV7864,FALSE,FALSE
6221,ASV7865,FALSE,FALSE
6222,ASV7866,FALSE,TRUE
6223,ASV7867,FALSE,FALSE
6224,ASV7868,FALSE,TRUE
6225,ASV7869,TRUE,FALSE
6226,ASV7870,TRUE,FALSE
6227,ASV7871,TRUE,FALSE
6228,ASV7872,TRUE,FALSE
6229,ASV7873,TRUE,FALSE
6230,ASV7874,TRUE,FALSE
6231,ASV7876,FALSE,FALSE
6232,ASV7877,FALSE,FALSE
6233,ASV7880,TRUE,FALSE
6234,ASV7881,TRUE,FALSE
6235,ASV7882,TRUE,FALSE
6236,ASV7883,TRUE,FALSE
6237,ASV7884,TRUE,FALSE
6238,ASV7886,FALSE,FALSE
6239,ASV7887,FALSE,FALSE
6240,ASV7888,TRUE,FALSE
6241,ASV7889,TRUE,FALSE
6242,ASV7890,FALSE,FALSE
6243,ASV7891,FALSE,TRUE
6244,ASV7892,FALSE,TRUE
6245,ASV7893,FALSE,TRUE
6246,ASV7894,FALSE,TRUE
6247,ASV7895,FALSE,TRUE
6248,ASV7896,FALSE,TRUE
6249,ASV7897,FALSE,TRUE
6250,ASV7898,FALSE,TRUE
6251,ASV7899,FALSE,TRUE
6252,ASV7900,FALSE,TRUE
6253,ASV7901,FALSE,TRUE
6254,ASV7902,FALSE,TRUE
6255,ASV7903,FALSE,TRUE
6256,ASV7904,FALSE,TRUE
6257,ASV7906,FALSE,TRUE
6258,ASV7907,FALSE,TRUE
6259,ASV7909,FALSE,TRUE
6260,ASV7910,FALSE,TRUE
6261,ASV7911,FALSE,TRUE
6262,ASV7912,FALSE,TRUE
6263,ASV7914,FALSE,TRUE
6264,ASV7915,FALSE,TRUE
6265,ASV7917,FALSE,TRUE
6266,ASV7918,FALSE,FALSE
6267,ASV7919,TRUE,FALSE
6268,ASV7921,TRUE,FALSE
6269,ASV7922,FALSE,TRUE
6270,ASV7923,FALSE,TRUE
6271,ASV7924,FALSE,TRUE
6272,ASV7928,TRUE,FALSE
6273,ASV7929,TRUE,FALSE
6274,ASV7930,FALSE,FALSE
6275,ASV7932,TRUE,FALSE
6276,ASV7934,FALSE,FALSE
6277,ASV7936,FALSE,FALSE
6278,ASV7939,TRUE,FALSE
6279,ASV7940,TRUE,FALSE
6280,ASV7941,FALSE,FALSE
6281,ASV7942,TRUE,FALSE
6282,ASV7943,FALSE,FALSE
6283,ASV7946,FALSE,FALSE
6284,ASV7948,FALSE,FALSE
6285,ASV7951,FALSE,TRUE
6286,ASV7952,TRUE,FALSE
6287,ASV7953,TRUE,FALSE
6288,ASV7955,TRUE,FALSE
6289,ASV7957,TRUE,FALSE
6290,ASV7959,TRUE,FALSE
6291,ASV7960,TRUE,FALSE
6292,ASV7962,FALSE,FALSE
6293,ASV7963,TRUE,FALSE
6294,ASV7964,FALSE,FALSE
6295,ASV7965,TRUE,FALSE
6296,ASV7967,TRUE,FALSE
6297,ASV7970,FALSE,FALSE
6298,ASV7971,TRUE,FALSE
6299,ASV7974,FALSE,TRUE
6300,ASV7975,FALSE,TRUE
6301,ASV7976,FALSE,TRUE
6302,ASV7977,FALSE,TRUE
6303,ASV7978,FALSE,TRUE
6304,ASV7979,FALSE,TRUE
6305,ASV7980,FALSE,TRUE
6306,ASV7981,FALSE,TRUE
6307,ASV7983,FALSE,TRUE
6308,ASV7984,FALSE,TRUE
6309,ASV7986,FALSE,TRUE
6310,ASV7987,FALSE,TRUE
6311,ASV7988,FALSE,TRUE
6312,ASV7989,FALSE,TRUE
6313,ASV7990,FALSE,TRUE
6314,ASV7991,FALSE,TRUE
6315,ASV7992,FALSE,TRUE
6316,ASV7993,FALSE,TRUE
6317,ASV7996,FALSE,TRUE
6318,ASV7997,FALSE,TRUE
6319,ASV7998,FALSE,TRUE
6320,ASV7999,FALSE,FALSE
6321,ASV8001,FALSE,FALSE
6322,ASV8002,TRUE,FALSE
6323,ASV8003,TRUE,FALSE
6324,ASV8004,TRUE,FALSE
6325,ASV8005,TRUE,FALSE
6326,ASV8006,FALSE,TRUE
6327,ASV8007,FALSE,TRUE
6328,ASV8008,FALSE,TRUE
6329,ASV8009,FALSE,TRUE
6330,ASV8010,FALSE,TRUE
6331,ASV8011,FALSE,TRUE
6332,ASV8012,FALSE,TRUE
6333,ASV8013,FALSE,TRUE
6334,ASV8014,TRUE,FALSE
6335,ASV8015,TRUE,FALSE
6336,ASV8016,FALSE,TRUE
6337,ASV8021,FALSE,FALSE
6338,ASV8022,FALSE,FALSE
6339,ASV8024,FALSE,FALSE
6340,ASV8025,FALSE,FALSE
6341,ASV8026,TRUE,FALSE
6342,ASV8027,TRUE,FALSE
6343,ASV8028,TRUE,FALSE
6344,ASV8029,TRUE,FALSE
6345,ASV8030,TRUE,FALSE
6346,ASV8031,FALSE,FALSE
6347,ASV8032,FALSE,FALSE
6348,ASV8033,FALSE,FALSE
6349,ASV8034,FALSE,FALSE
6350,ASV8035,FALSE,FALSE
6351,ASV8037,TRUE,FALSE
6352,ASV8038,TRUE,FALSE
6353,ASV8039,FALSE,FALSE
6354,ASV8040,FALSE,FALSE
6355,ASV8041,FALSE,FALSE
6356,ASV8042,FALSE,FALSE
6357,ASV8044,FALSE,TRUE
6358,ASV8046,TRUE,FALSE
6359,ASV8047,TRUE,FALSE
6360,ASV8048,TRUE,FALSE
6361,ASV8050,TRUE,FALSE
6362,ASV8051,TRUE,FALSE
6363,ASV8052,TRUE,FALSE
6364,ASV8053,FALSE,FALSE
6365,ASV8054,FALSE,FALSE
6366,ASV8055,TRUE,FALSE
6367,ASV8056,TRUE,FALSE
6368,ASV8057,TRUE,FALSE
6369,ASV8058,FALSE,FALSE
6370,ASV8059,FALSE,FALSE
6371,ASV8060,FALSE,FALSE
6372,ASV8064,FALSE,FALSE
6373,ASV8066,FALSE,FALSE
6374,ASV8067,FALSE,TRUE
6375,ASV8068,FALSE,TRUE
6376,ASV8070,FALSE,TRUE
6377,ASV8071,FALSE,TRUE
6378,ASV8072,FALSE,TRUE
6379,ASV8074,FALSE,TRUE
6380,ASV8075,FALSE,TRUE
6381,ASV8076,FALSE,TRUE
6382,ASV8077,FALSE,TRUE
6383,ASV8078,FALSE,TRUE
6384,ASV8079,FALSE,FALSE
6385,ASV8080,FALSE,FALSE
6386,ASV8081,FALSE,TRUE
6387,ASV8082,FALSE,TRUE
6388,ASV8083,FALSE,TRUE
6389,ASV8085,FALSE,TRUE
6390,ASV8086,FALSE,TRUE
6391,ASV8087,FALSE,TRUE
6392,ASV8089,FALSE,TRUE
6393,ASV8090,FALSE,TRUE
6394,ASV8091,FALSE,TRUE
6395,ASV8092,FALSE,TRUE
6396,ASV8093,FALSE,TRUE
6397,ASV8094,FALSE,TRUE
6398,ASV8095,TRUE,FALSE
6399,ASV8096,TRUE,FALSE
6400,ASV8097,FALSE,FALSE
6401,ASV8098,TRUE,FALSE
6402,ASV8099,TRUE,FALSE
6403,ASV8100,TRUE,FALSE
6404,ASV8101,TRUE,FALSE
6405,ASV8102,FALSE,TRUE
6406,ASV8103,FALSE,TRUE
6407,ASV8104,FALSE,TRUE
6408,ASV8107,TRUE,FALSE
6409,ASV8108,FALSE,FALSE
6410,ASV8109,FALSE,FALSE
6411,ASV8112,TRUE,FALSE
6412,ASV8116,TRUE,FALSE
6413,ASV8119,FALSE,FALSE
6414,ASV8120,TRUE,FALSE
6415,ASV8123,FALSE,FALSE
6416,ASV8124,FALSE,FALSE
6417,ASV8125,FALSE,FALSE
6418,ASV8126,FALSE,TRUE
6419,ASV8127,FALSE,FALSE
6420,ASV8128,FALSE,TRUE
6421,ASV8129,FALSE,FALSE
6422,ASV8130,TRUE,FALSE
6423,ASV8131,TRUE,FALSE
6424,ASV8133,TRUE,FALSE
6425,ASV8134,TRUE,FALSE
6426,ASV8136,FALSE,FALSE
6427,ASV8137,TRUE,FALSE
6428,ASV8138,TRUE,FALSE
6429,ASV8141,TRUE,FALSE
6430,ASV8142,TRUE,FALSE
6431,ASV8143,TRUE,FALSE
6432,ASV8145,TRUE,FALSE
6433,ASV8146,TRUE,FALSE
6434,ASV8147,TRUE,FALSE
6435,ASV8148,FALSE,FALSE
6436,ASV8150,FALSE,FALSE
6437,ASV8153,FALSE,TRUE
6438,ASV8156,FALSE,TRUE
6439,ASV8157,FALSE,TRUE
6440,ASV8158,FALSE,TRUE
6441,ASV8160,FALSE,TRUE
6442,ASV8161,FALSE,TRUE
6443,ASV8163,FALSE,FALSE
6444,ASV8164,FALSE,FALSE
6445,ASV8165,FALSE,TRUE
6446,ASV8166,FALSE,TRUE
6447,ASV8167,FALSE,TRUE
6448,ASV8168,FALSE,FALSE
6449,ASV8171,FALSE,TRUE
6450,ASV8172,FALSE,TRUE
6451,ASV8174,FALSE,TRUE
6452,ASV8175,FALSE,TRUE
6453,ASV8176,FALSE,TRUE
6454,ASV8177,FALSE,TRUE
6455,ASV8178,FALSE,TRUE
6456,ASV8179,FALSE,TRUE
6457,ASV8181,FALSE,TRUE
6458,ASV8182,FALSE,TRUE
6459,ASV8185,FALSE,TRUE
6460,ASV8186,FALSE,TRUE
6461,ASV8187,FALSE,TRUE
6462,ASV8189,FALSE,TRUE
6463,ASV8190,FALSE,TRUE
6464,ASV8191,FALSE,TRUE
6465,ASV8192,FALSE,TRUE
6466,ASV8193,FALSE,TRUE
6467,ASV8194,FALSE,FALSE
6468,ASV8195,FALSE,TRUE
6469,ASV8196,FALSE,TRUE
6470,ASV8197,FALSE,TRUE
6471,ASV8198,FALSE,TRUE
6472,ASV8199,FALSE,TRUE
6473,ASV8200,FALSE,TRUE
6474,ASV8201,FALSE,TRUE
6475,ASV8202,FALSE,TRUE
6476,ASV8203,TRUE,FALSE
6477,ASV8204,TRUE,FALSE
6478,ASV8205,FALSE,TRUE
6479,ASV8207,FALSE,TRUE
6480,ASV8209,TRUE,FALSE
6481,ASV8211,FALSE,FALSE
6482,ASV8216,FALSE,FALSE
6483,ASV8218,FALSE,FALSE
6484,ASV8220,FALSE,FALSE
6485,ASV8221,TRUE,FALSE
6486,ASV8223,FALSE,FALSE
6487,ASV8225,FALSE,FALSE
6488,ASV8227,TRUE,FALSE
6489,ASV8229,TRUE,FALSE
6490,ASV8230,FALSE,FALSE
6491,ASV8231,FALSE,FALSE
6492,ASV8232,FALSE,FALSE
6493,ASV8233,FALSE,FALSE
6494,ASV8237,TRUE,FALSE
6495,ASV8238,FALSE,FALSE
6496,ASV8239,FALSE,FALSE
6497,ASV8241,FALSE,FALSE
6498,ASV8243,TRUE,FALSE
6499,ASV8244,TRUE,FALSE
6500,ASV8246,FALSE,FALSE
6501,ASV8247,TRUE,FALSE
6502,ASV8250,TRUE,FALSE
6503,ASV8251,TRUE,FALSE
6504,ASV8252,TRUE,FALSE
6505,ASV8253,TRUE,FALSE
6506,ASV8254,FALSE,FALSE
6507,ASV8255,FALSE,TRUE
6508,ASV8256,FALSE,TRUE
6509,ASV8260,FALSE,TRUE
6510,ASV8261,FALSE,TRUE
6511,ASV8263,FALSE,TRUE
6512,ASV8264,FALSE,TRUE
6513,ASV8266,FALSE,TRUE
6514,ASV8267,FALSE,TRUE
6515,ASV8268,FALSE,TRUE
6516,ASV8269,FALSE,TRUE
6517,ASV8270,FALSE,TRUE
6518,ASV8271,FALSE,TRUE
6519,ASV8272,FALSE,TRUE
6520,ASV8273,FALSE,TRUE
6521,ASV8274,FALSE,TRUE
6522,ASV8275,FALSE,TRUE
6523,ASV8276,FALSE,TRUE
6524,ASV8277,FALSE,TRUE
6525,ASV8278,FALSE,TRUE
6526,ASV8280,FALSE,TRUE
6527,ASV8281,FALSE,TRUE
6528,ASV8282,FALSE,TRUE
6529,ASV8283,FALSE,TRUE
6530,ASV8284,FALSE,TRUE
6531,ASV8285,FALSE,TRUE
6532,ASV8286,FALSE,TRUE
6533,ASV8287,FALSE,TRUE
6534,ASV8288,FALSE,TRUE
6535,ASV8289,FALSE,TRUE
6536,ASV8291,FALSE,TRUE
6537,ASV8292,FALSE,TRUE
6538,ASV8294,FALSE,TRUE
6539,ASV8296,TRUE,FALSE
6540,ASV8297,TRUE,FALSE
6541,ASV8298,FALSE,FALSE
6542,ASV8299,FALSE,TRUE
6543,ASV8300,FALSE,TRUE
6544,ASV8301,FALSE,TRUE
6545,ASV8302,TRUE,FALSE
6546,ASV8303,FALSE,TRUE
6547,ASV8304,FALSE,TRUE
6548,ASV8305,FALSE,TRUE
6549,ASV8308,TRUE,FALSE
6550,ASV8310,FALSE,FALSE
6551,ASV8311,TRUE,FALSE
6552,ASV8312,TRUE,FALSE
6553,ASV8313,TRUE,FALSE
6554,ASV8319,TRUE,FALSE
6555,ASV8320,TRUE,FALSE
6556,ASV8322,FALSE,FALSE
6557,ASV8323,TRUE,FALSE
6558,ASV8324,TRUE,FALSE
6559,ASV8325,FALSE,FALSE
6560,ASV8326,FALSE,FALSE
6561,ASV8329,FALSE,FALSE
6562,ASV8330,FALSE,TRUE
6563,ASV8331,FALSE,TRUE
6564,ASV8333,TRUE,FALSE
6565,ASV8334,TRUE,FALSE
6566,ASV8336,FALSE,FALSE
6567,ASV8338,TRUE,FALSE
6568,ASV8339,TRUE,FALSE
6569,ASV8340,FALSE,FALSE
6570,ASV8341,FALSE,FALSE
6571,ASV8343,FALSE,FALSE
6572,ASV8344,FALSE,FALSE
6573,ASV8345,TRUE,FALSE
6574,ASV8346,TRUE,FALSE
6575,ASV8348,TRUE,FALSE
6576,ASV8349,TRUE,FALSE
6577,ASV8351,TRUE,FALSE
6578,ASV8353,FALSE,FALSE
6579,ASV8354,FALSE,FALSE
6580,ASV8355,TRUE,FALSE
6581,ASV8356,TRUE,FALSE
6582,ASV8357,TRUE,FALSE
6583,ASV8359,TRUE,FALSE
6584,ASV8360,FALSE,FALSE
6585,ASV8361,FALSE,FALSE
6586,ASV8363,FALSE,FALSE
6587,ASV8364,FALSE,FALSE
6588,ASV8365,FALSE,FALSE
6589,ASV8367,FALSE,TRUE
6590,ASV8368,FALSE,TRUE
6591,ASV8369,FALSE,TRUE
6592,ASV8370,FALSE,TRUE
6593,ASV8374,FALSE,TRUE
6594,ASV8375,FALSE,TRUE
6595,ASV8376,FALSE,TRUE
6596,ASV8377,FALSE,TRUE
6597,ASV8378,FALSE,TRUE
6598,ASV8379,FALSE,TRUE
6599,ASV8380,FALSE,TRUE
6600,ASV8384,FALSE,TRUE
6601,ASV8385,FALSE,TRUE
6602,ASV8386,FALSE,TRUE
6603,ASV8387,FALSE,TRUE
6604,ASV8388,FALSE,TRUE
6605,ASV8389,FALSE,TRUE
6606,ASV8390,FALSE,TRUE
6607,ASV8392,FALSE,TRUE
6608,ASV8394,FALSE,TRUE
6609,ASV8395,FALSE,TRUE
6610,ASV8396,FALSE,TRUE
6611,ASV8397,FALSE,TRUE
6612,ASV8399,FALSE,TRUE
6613,ASV8400,TRUE,FALSE
6614,ASV8401,TRUE,FALSE
6615,ASV8402,FALSE,FALSE
6616,ASV8403,TRUE,FALSE
6617,ASV8404,FALSE,TRUE
6618,ASV8405,FALSE,TRUE
6619,ASV8406,FALSE,TRUE
6620,ASV8407,FALSE,TRUE
6621,ASV8408,FALSE,TRUE
6622,ASV8409,FALSE,TRUE
6623,ASV8410,FALSE,TRUE
6624,ASV8411,FALSE,TRUE
6625,ASV8413,TRUE,FALSE
6626,ASV8414,FALSE,FALSE
6627,ASV8415,TRUE,FALSE
6628,ASV8416,FALSE,TRUE
6629,ASV8422,TRUE,FALSE
6630,ASV8423,FALSE,FALSE
6631,ASV8424,FALSE,FALSE
6632,ASV8427,FALSE,FALSE
6633,ASV8428,TRUE,FALSE
6634,ASV8429,FALSE,FALSE
6635,ASV8430,FALSE,FALSE
6636,ASV8432,FALSE,FALSE
6637,ASV8433,FALSE,FALSE
6638,ASV8436,TRUE,FALSE
6639,ASV8437,TRUE,FALSE
6640,ASV8438,TRUE,FALSE
6641,ASV8440,FALSE,FALSE
6642,ASV8441,FALSE,FALSE
6643,ASV8444,TRUE,FALSE
6644,ASV8446,TRUE,FALSE
6645,ASV8448,FALSE,FALSE
6646,ASV8449,FALSE,FALSE
6647,ASV8450,FALSE,TRUE
6648,ASV8451,FALSE,FALSE
6649,ASV8452,FALSE,FALSE
6650,ASV8453,FALSE,FALSE
6651,ASV8454,FALSE,TRUE
6652,ASV8455,FALSE,FALSE
6653,ASV8456,FALSE,FALSE
6654,ASV8458,TRUE,FALSE
6655,ASV8459,TRUE,FALSE
6656,ASV8460,TRUE,FALSE
6657,ASV8461,TRUE,FALSE
6658,ASV8462,FALSE,FALSE
6659,ASV8463,FALSE,FALSE
6660,ASV8464,TRUE,FALSE
6661,ASV8465,TRUE,FALSE
6662,ASV8466,FALSE,FALSE
6663,ASV8467,TRUE,FALSE
6664,ASV8469,FALSE,FALSE
6665,ASV8470,TRUE,FALSE
6666,ASV8471,TRUE,FALSE
6667,ASV8472,TRUE,FALSE
6668,ASV8473,TRUE,FALSE
6669,ASV8475,FALSE,FALSE
6670,ASV8477,FALSE,FALSE
6671,ASV8478,FALSE,TRUE
6672,ASV8481,FALSE,TRUE
6673,ASV8482,FALSE,TRUE
6674,ASV8485,FALSE,TRUE
6675,ASV8487,FALSE,TRUE
6676,ASV8488,FALSE,TRUE
6677,ASV8489,FALSE,TRUE
6678,ASV8490,FALSE,TRUE
6679,ASV8491,FALSE,TRUE
6680,ASV8494,FALSE,TRUE
6681,ASV8496,FALSE,TRUE
6682,ASV8497,FALSE,TRUE
6683,ASV8498,FALSE,TRUE
6684,ASV8500,FALSE,TRUE
6685,ASV8501,FALSE,TRUE
6686,ASV8502,FALSE,TRUE
6687,ASV8503,FALSE,TRUE
6688,ASV8506,FALSE,FALSE
6689,ASV8508,FALSE,TRUE
6690,ASV8509,FALSE,TRUE
6691,ASV8511,FALSE,TRUE
6692,ASV8512,FALSE,TRUE
6693,ASV8513,FALSE,TRUE
6694,ASV8515,FALSE,TRUE
6695,ASV8516,FALSE,TRUE
6696,ASV8517,FALSE,TRUE
6697,ASV8519,FALSE,FALSE
6698,ASV8520,TRUE,FALSE
6699,ASV8521,TRUE,FALSE
6700,ASV8522,TRUE,FALSE
6701,ASV8523,FALSE,FALSE
6702,ASV8524,TRUE,FALSE
6703,ASV8525,TRUE,FALSE
6704,ASV8529,FALSE,FALSE
6705,ASV8531,FALSE,FALSE
6706,ASV8532,TRUE,FALSE
6707,ASV8533,FALSE,FALSE
6708,ASV8534,FALSE,FALSE
6709,ASV8535,FALSE,FALSE
6710,ASV8536,FALSE,FALSE
6711,ASV8539,TRUE,FALSE
6712,ASV8540,FALSE,FALSE
6713,ASV8542,TRUE,FALSE
6714,ASV8545,TRUE,FALSE
6715,ASV8547,FALSE,FALSE
6716,ASV8549,FALSE,TRUE
6717,ASV8550,FALSE,FALSE
6718,ASV8551,FALSE,TRUE
6719,ASV8552,FALSE,TRUE
6720,ASV8553,FALSE,FALSE
6721,ASV8554,TRUE,FALSE
6722,ASV8555,TRUE,FALSE
6723,ASV8556,TRUE,FALSE
6724,ASV8558,TRUE,FALSE
6725,ASV8560,TRUE,FALSE
6726,ASV8561,FALSE,FALSE
6727,ASV8562,TRUE,FALSE
6728,ASV8563,TRUE,FALSE
6729,ASV8565,TRUE,FALSE
6730,ASV8568,FALSE,FALSE
6731,ASV8571,TRUE,FALSE
6732,ASV8573,TRUE,FALSE
6733,ASV8576,FALSE,TRUE
6734,ASV8577,FALSE,TRUE
6735,ASV8578,FALSE,TRUE
6736,ASV8579,FALSE,TRUE
6737,ASV8580,FALSE,TRUE
6738,ASV8581,FALSE,TRUE
6739,ASV8582,FALSE,TRUE
6740,ASV8583,FALSE,TRUE
6741,ASV8584,FALSE,TRUE
6742,ASV8585,FALSE,FALSE
6743,ASV8586,FALSE,TRUE
6744,ASV8588,FALSE,TRUE
6745,ASV8589,FALSE,TRUE
6746,ASV8590,FALSE,TRUE
6747,ASV8591,FALSE,TRUE
6748,ASV8592,FALSE,TRUE
6749,ASV8593,FALSE,TRUE
6750,ASV8594,FALSE,TRUE
6751,ASV8595,FALSE,TRUE
6752,ASV8596,FALSE,FALSE
6753,ASV8597,FALSE,TRUE
6754,ASV8598,FALSE,TRUE
6755,ASV8599,FALSE,TRUE
6756,ASV8600,FALSE,TRUE
6757,ASV8601,FALSE,TRUE
6758,ASV8602,FALSE,TRUE
6759,ASV8603,FALSE,TRUE
6760,ASV8605,FALSE,TRUE
6761,ASV8606,FALSE,TRUE
6762,ASV8607,FALSE,TRUE
6763,ASV8611,FALSE,TRUE
6764,ASV8612,FALSE,TRUE
6765,ASV8613,FALSE,FALSE
6766,ASV8614,FALSE,TRUE
6767,ASV8615,FALSE,TRUE
6768,ASV8616,FALSE,TRUE
6769,ASV8617,FALSE,TRUE
6770,ASV8620,FALSE,TRUE
6771,ASV8621,FALSE,TRUE
6772,ASV8623,TRUE,FALSE
6773,ASV8624,TRUE,FALSE
6774,ASV8625,FALSE,TRUE
6775,ASV8626,FALSE,TRUE
6776,ASV8627,FALSE,TRUE
6777,ASV8628,FALSE,TRUE
6778,ASV8629,FALSE,TRUE
6779,ASV8630,FALSE,TRUE
6780,ASV8631,FALSE,TRUE
6781,ASV8632,FALSE,FALSE
6782,ASV8633,FALSE,TRUE
6783,ASV8639,FALSE,FALSE
6784,ASV8641,TRUE,FALSE
6785,ASV8642,FALSE,FALSE
6786,ASV8643,TRUE,FALSE
6787,ASV8644,TRUE,FALSE
6788,ASV8645,TRUE,FALSE
6789,ASV8646,TRUE,FALSE
6790,ASV8647,TRUE,FALSE
6791,ASV8649,TRUE,FALSE
6792,ASV8651,TRUE,FALSE
6793,ASV8652,TRUE,FALSE
6794,ASV8653,TRUE,FALSE
6795,ASV8654,TRUE,FALSE
6796,ASV8656,FALSE,FALSE
6797,ASV8657,FALSE,TRUE
6798,ASV8658,TRUE,FALSE
6799,ASV8660,FALSE,FALSE
6800,ASV8661,TRUE,FALSE
6801,ASV8663,FALSE,FALSE
6802,ASV8664,FALSE,FALSE
6803,ASV8665,FALSE,FALSE
6804,ASV8666,TRUE,FALSE
6805,ASV8667,FALSE,FALSE
6806,ASV8669,FALSE,FALSE
6807,ASV8670,TRUE,FALSE
6808,ASV8671,TRUE,FALSE
6809,ASV8672,FALSE,FALSE
6810,ASV8673,TRUE,FALSE
6811,ASV8674,FALSE,FALSE
6812,ASV8675,TRUE,FALSE
6813,ASV8676,TRUE,FALSE
6814,ASV8677,TRUE,FALSE
6815,ASV8678,TRUE,FALSE
6816,ASV8679,TRUE,FALSE
6817,ASV8682,FALSE,TRUE
6818,ASV8683,FALSE,TRUE
6819,ASV8684,FALSE,TRUE
6820,ASV8685,FALSE,TRUE
6821,ASV8686,FALSE,TRUE
6822,ASV8687,FALSE,TRUE
6823,ASV8689,FALSE,TRUE
6824,ASV8690,FALSE,TRUE
6825,ASV8691,FALSE,TRUE
6826,ASV8692,FALSE,TRUE
6827,ASV8694,FALSE,TRUE
6828,ASV8695,FALSE,TRUE
6829,ASV8696,FALSE,TRUE
6830,ASV8697,FALSE,TRUE
6831,ASV8700,FALSE,TRUE
6832,ASV8701,FALSE,FALSE
6833,ASV8702,FALSE,TRUE
6834,ASV8703,FALSE,TRUE
6835,ASV8704,FALSE,TRUE
6836,ASV8707,FALSE,TRUE
6837,ASV8708,FALSE,TRUE
6838,ASV8709,FALSE,TRUE
6839,ASV8710,FALSE,TRUE
6840,ASV8711,FALSE,TRUE
6841,ASV8712,FALSE,TRUE
6842,ASV8714,FALSE,TRUE
6843,ASV8715,FALSE,TRUE
6844,ASV8716,FALSE,TRUE
6845,ASV8717,FALSE,FALSE
6846,ASV8718,FALSE,TRUE
6847,ASV8719,FALSE,TRUE
6848,ASV8720,FALSE,TRUE
6849,ASV8721,FALSE,TRUE
6850,ASV8722,FALSE,TRUE
6851,ASV8723,FALSE,TRUE
6852,ASV8725,FALSE,TRUE
6853,ASV8726,FALSE,TRUE
6854,ASV8727,FALSE,TRUE
6855,ASV8728,FALSE,TRUE
6856,ASV8729,FALSE,TRUE
6857,ASV8731,FALSE,TRUE
6858,ASV8732,FALSE,FALSE
6859,ASV8733,TRUE,FALSE
6860,ASV8734,TRUE,FALSE
6861,ASV8735,TRUE,FALSE
6862,ASV8736,TRUE,FALSE
6863,ASV8737,FALSE,TRUE
6864,ASV8738,FALSE,TRUE
6865,ASV8739,FALSE,TRUE
6866,ASV8740,FALSE,FALSE
6867,ASV8741,FALSE,TRUE
6868,ASV8745,FALSE,FALSE
6869,ASV8747,FALSE,FALSE
6870,ASV8749,TRUE,FALSE
6871,ASV8750,TRUE,FALSE
6872,ASV8751,TRUE,FALSE
6873,ASV8755,TRUE,FALSE
6874,ASV8756,FALSE,FALSE
6875,ASV8758,TRUE,FALSE
6876,ASV8759,FALSE,FALSE
6877,ASV8761,FALSE,TRUE
6878,ASV8763,TRUE,FALSE
6879,ASV8765,TRUE,FALSE
6880,ASV8766,TRUE,FALSE
6881,ASV8767,TRUE,FALSE
6882,ASV8769,TRUE,FALSE
6883,ASV8770,TRUE,FALSE
6884,ASV8771,TRUE,FALSE
6885,ASV8773,TRUE,FALSE
6886,ASV8774,TRUE,FALSE
6887,ASV8775,TRUE,FALSE
6888,ASV8777,TRUE,FALSE
6889,ASV8778,TRUE,FALSE
6890,ASV8779,TRUE,FALSE
6891,ASV8781,FALSE,TRUE
6892,ASV8782,FALSE,TRUE
6893,ASV8783,FALSE,TRUE
6894,ASV8785,FALSE,TRUE
6895,ASV8786,FALSE,TRUE
6896,ASV8787,FALSE,TRUE
6897,ASV8790,FALSE,TRUE
6898,ASV8791,FALSE,TRUE
6899,ASV8792,FALSE,TRUE
6900,ASV8793,FALSE,TRUE
6901,ASV8795,FALSE,FALSE
6902,ASV8796,FALSE,TRUE
6903,ASV8799,FALSE,TRUE
6904,ASV8800,FALSE,TRUE
6905,ASV8801,FALSE,TRUE
6906,ASV8802,FALSE,TRUE
6907,ASV8803,FALSE,TRUE
6908,ASV8805,FALSE,TRUE
6909,ASV8807,FALSE,TRUE
6910,ASV8809,FALSE,TRUE
6911,ASV8810,FALSE,TRUE
6912,ASV8811,FALSE,TRUE
6913,ASV8814,FALSE,TRUE
6914,ASV8815,FALSE,TRUE
6915,ASV8816,FALSE,TRUE
6916,ASV8817,FALSE,TRUE
6917,ASV8818,FALSE,TRUE
6918,ASV8819,FALSE,TRUE
6919,ASV8820,FALSE,TRUE
6920,ASV8821,FALSE,TRUE
6921,ASV8822,FALSE,FALSE
6922,ASV8823,FALSE,TRUE
6923,ASV8826,FALSE,TRUE
6924,ASV8827,FALSE,TRUE
6925,ASV8828,FALSE,FALSE
6926,ASV8829,TRUE,FALSE
6927,ASV8830,TRUE,FALSE
6928,ASV8831,TRUE,FALSE
6929,ASV8832,TRUE,FALSE
6930,ASV8833,FALSE,TRUE
6931,ASV8834,FALSE,TRUE
6932,ASV8835,FALSE,TRUE
6933,ASV8836,TRUE,FALSE
6934,ASV8838,FALSE,TRUE
6935,ASV8839,FALSE,TRUE
6936,ASV8843,FALSE,FALSE
6937,ASV8844,TRUE,FALSE
6938,ASV8845,FALSE,FALSE
6939,ASV8846,TRUE,FALSE
6940,ASV8848,FALSE,FALSE
6941,ASV8849,TRUE,FALSE
6942,ASV8852,TRUE,FALSE
6943,ASV8853,TRUE,FALSE
6944,ASV8854,TRUE,FALSE
6945,ASV8855,FALSE,FALSE
6946,ASV8857,TRUE,FALSE
6947,ASV8858,TRUE,FALSE
6948,ASV8862,TRUE,FALSE
6949,ASV8863,TRUE,FALSE
6950,ASV8865,TRUE,FALSE
6951,ASV8867,FALSE,FALSE
6952,ASV8868,FALSE,TRUE
6953,ASV8870,TRUE,FALSE
6954,ASV8871,TRUE,FALSE
6955,ASV8872,TRUE,FALSE
6956,ASV8873,TRUE,FALSE
6957,ASV8877,FALSE,FALSE
6958,ASV8879,TRUE,FALSE
6959,ASV8880,TRUE,FALSE
6960,ASV8881,FALSE,FALSE
6961,ASV8882,TRUE,FALSE
6962,ASV8883,FALSE,FALSE
6963,ASV8884,FALSE,FALSE
6964,ASV8886,TRUE,FALSE
6965,ASV8888,FALSE,FALSE
6966,ASV8889,FALSE,FALSE
6967,ASV8890,FALSE,FALSE
6968,ASV8891,FALSE,TRUE
6969,ASV8892,FALSE,TRUE
6970,ASV8894,FALSE,TRUE
6971,ASV8895,FALSE,TRUE
6972,ASV8896,FALSE,TRUE
6973,ASV8897,FALSE,TRUE
6974,ASV8898,FALSE,TRUE
6975,ASV8899,FALSE,TRUE
6976,ASV8900,FALSE,TRUE
6977,ASV8901,FALSE,FALSE
6978,ASV8902,FALSE,TRUE
6979,ASV8903,FALSE,TRUE
6980,ASV8906,FALSE,TRUE
6981,ASV8907,FALSE,TRUE
6982,ASV8908,FALSE,TRUE
6983,ASV8910,FALSE,TRUE
6984,ASV8911,FALSE,TRUE
6985,ASV8912,FALSE,TRUE
6986,ASV8913,FALSE,TRUE
6987,ASV8914,FALSE,TRUE
6988,ASV8915,FALSE,TRUE
6989,ASV8916,FALSE,TRUE
6990,ASV8917,FALSE,TRUE
6991,ASV8919,FALSE,TRUE
6992,ASV8920,FALSE,TRUE
6993,ASV8922,FALSE,TRUE
6994,ASV8923,FALSE,TRUE
6995,ASV8924,FALSE,TRUE
6996,ASV8925,FALSE,TRUE
6997,ASV8927,FALSE,TRUE
6998,ASV8928,FALSE,TRUE
6999,ASV8929,FALSE,TRUE
7000,ASV8930,FALSE,TRUE
7001,ASV8931,FALSE,FALSE
7002,ASV8932,TRUE,FALSE
7003,ASV8933,TRUE,FALSE
7004,ASV8934,TRUE,FALSE
7005,ASV8937,FALSE,TRUE
7006,ASV8938,FALSE,TRUE
7007,ASV8939,FALSE,TRUE
7008,ASV8940,FALSE,TRUE
7009,ASV8941,FALSE,TRUE
7010,ASV8942,TRUE,FALSE
7011,ASV8944,FALSE,TRUE
7012,ASV8946,FALSE,FALSE
7013,ASV8948,TRUE,FALSE
7014,ASV8949,FALSE,FALSE
7015,ASV8950,FALSE,FALSE
7016,ASV8954,TRUE,FALSE
7017,ASV8955,TRUE,FALSE
7018,ASV8956,TRUE,FALSE
7019,ASV8957,FALSE,FALSE
7020,ASV8960,TRUE,FALSE
7021,ASV8961,TRUE,FALSE
7022,ASV8962,TRUE,FALSE
7023,ASV8963,TRUE,FALSE
7024,ASV8964,TRUE,FALSE
7025,ASV8965,TRUE,FALSE
7026,ASV8966,FALSE,FALSE
7027,ASV8969,FALSE,FALSE
7028,ASV8970,FALSE,FALSE
7029,ASV8971,TRUE,FALSE
7030,ASV8972,TRUE,FALSE
7031,ASV8973,TRUE,FALSE
7032,ASV8974,TRUE,FALSE
7033,ASV8976,TRUE,FALSE
7034,ASV8978,FALSE,FALSE
7035,ASV8979,FALSE,FALSE
7036,ASV8980,FALSE,FALSE
7037,ASV8981,FALSE,FALSE
7038,ASV8982,FALSE,FALSE
7039,ASV8983,FALSE,TRUE
7040,ASV8985,FALSE,TRUE
7041,ASV8987,TRUE,FALSE
7042,ASV8988,TRUE,FALSE
7043,ASV8989,TRUE,FALSE
7044,ASV8990,TRUE,FALSE
7045,ASV8991,TRUE,FALSE
7046,ASV8992,TRUE,FALSE
7047,ASV8994,TRUE,FALSE
7048,ASV8995,TRUE,FALSE
7049,ASV8996,TRUE,FALSE
7050,ASV8999,FALSE,FALSE
7051,ASV9000,FALSE,FALSE
7052,ASV9004,TRUE,FALSE
7053,ASV9006,TRUE,FALSE
7054,ASV9007,TRUE,FALSE
7055,ASV9008,TRUE,FALSE
7056,ASV9009,FALSE,TRUE
7057,ASV9010,FALSE,TRUE
7058,ASV9011,FALSE,TRUE
7059,ASV9012,FALSE,TRUE
7060,ASV9014,FALSE,TRUE
7061,ASV9015,FALSE,TRUE
7062,ASV9017,FALSE,TRUE
7063,ASV9018,FALSE,TRUE
7064,ASV9019,FALSE,TRUE
7065,ASV9020,FALSE,TRUE
7066,ASV9021,FALSE,TRUE
7067,ASV9022,FALSE,TRUE
7068,ASV9023,FALSE,TRUE
7069,ASV9025,FALSE,TRUE
7070,ASV9026,FALSE,TRUE
7071,ASV9027,FALSE,TRUE
7072,ASV9028,FALSE,TRUE
7073,ASV9030,FALSE,TRUE
7074,ASV9032,FALSE,TRUE
7075,ASV9033,FALSE,TRUE
7076,ASV9035,FALSE,TRUE
7077,ASV9036,FALSE,TRUE
7078,ASV9037,FALSE,TRUE
7079,ASV9038,FALSE,TRUE
7080,ASV9039,FALSE,TRUE
7081,ASV9040,FALSE,TRUE
7082,ASV9041,FALSE,TRUE
7083,ASV9042,FALSE,TRUE
7084,ASV9043,FALSE,TRUE
7085,ASV9045,FALSE,TRUE
7086,ASV9046,FALSE,TRUE
7087,ASV9047,FALSE,TRUE
7088,ASV9048,FALSE,TRUE
7089,ASV9049,FALSE,TRUE
7090,ASV9051,FALSE,TRUE
7091,ASV9052,FALSE,TRUE
7092,ASV9053,FALSE,TRUE
7093,ASV9054,FALSE,TRUE
7094,ASV9056,TRUE,FALSE
7095,ASV9058,TRUE,FALSE
7096,ASV9059,TRUE,FALSE
7097,ASV9060,FALSE,FALSE
7098,ASV9061,TRUE,FALSE
7099,ASV9062,TRUE,FALSE
7100,ASV9063,TRUE,FALSE
7101,ASV9065,FALSE,TRUE
7102,ASV9068,FALSE,TRUE
7103,ASV9069,TRUE,FALSE
7104,ASV9070,TRUE,FALSE
7105,ASV9071,FALSE,TRUE
7106,ASV9072,FALSE,TRUE
7107,ASV9079,FALSE,FALSE
7108,ASV9080,TRUE,FALSE
7109,ASV9081,TRUE,FALSE
7110,ASV9082,FALSE,FALSE
7111,ASV9084,FALSE,FALSE
7112,ASV9085,TRUE,FALSE
7113,ASV9086,FALSE,FALSE
7114,ASV9087,TRUE,FALSE
7115,ASV9088,TRUE,FALSE
7116,ASV9089,TRUE,FALSE
7117,ASV9090,FALSE,FALSE
7118,ASV9091,FALSE,FALSE
7119,ASV9093,TRUE,FALSE
7120,ASV9094,TRUE,FALSE
7121,ASV9095,TRUE,FALSE
7122,ASV9096,TRUE,FALSE
7123,ASV9097,TRUE,FALSE
7124,ASV9099,FALSE,FALSE
7125,ASV9100,FALSE,TRUE
7126,ASV9102,FALSE,TRUE
7127,ASV9103,FALSE,FALSE
7128,ASV9105,TRUE,FALSE
7129,ASV9106,TRUE,FALSE
7130,ASV9107,TRUE,FALSE
7131,ASV9110,TRUE,FALSE
7132,ASV9111,TRUE,FALSE
7133,ASV9113,FALSE,FALSE
7134,ASV9114,FALSE,FALSE
7135,ASV9115,TRUE,FALSE
7136,ASV9117,TRUE,FALSE
7137,ASV9118,TRUE,FALSE
7138,ASV9120,FALSE,FALSE
7139,ASV9121,TRUE,FALSE
7140,ASV9122,TRUE,FALSE
7141,ASV9123,TRUE,FALSE
7142,ASV9124,TRUE,FALSE
7143,ASV9125,TRUE,FALSE
7144,ASV9126,TRUE,FALSE
7145,ASV9127,TRUE,FALSE
7146,ASV9128,FALSE,FALSE
7147,ASV9130,FALSE,FALSE
7148,ASV9131,FALSE,FALSE
7149,ASV9132,FALSE,TRUE
7150,ASV9133,FALSE,TRUE
7151,ASV9135,FALSE,TRUE
7152,ASV9136,FALSE,TRUE
7153,ASV9137,FALSE,TRUE
7154,ASV9140,FALSE,TRUE
7155,ASV9141,FALSE,TRUE
7156,ASV9142,FALSE,TRUE
7157,ASV9144,FALSE,TRUE
7158,ASV9145,FALSE,TRUE
7159,ASV9146,FALSE,TRUE
7160,ASV9147,FALSE,TRUE
7161,ASV9148,FALSE,TRUE
7162,ASV9149,FALSE,TRUE
7163,ASV9151,FALSE,TRUE
7164,ASV9153,FALSE,TRUE
7165,ASV9155,FALSE,TRUE
7166,ASV9159,FALSE,TRUE
7167,ASV9160,FALSE,TRUE
7168,ASV9161,FALSE,TRUE
7169,ASV9162,FALSE,TRUE
7170,ASV9163,FALSE,TRUE
7171,ASV9164,FALSE,TRUE
7172,ASV9166,FALSE,FALSE
7173,ASV9167,FALSE,TRUE
7174,ASV9169,FALSE,TRUE
7175,ASV9170,FALSE,TRUE
7176,ASV9171,FALSE,TRUE
7177,ASV9172,FALSE,TRUE
7178,ASV9173,FALSE,TRUE
7179,ASV9175,FALSE,TRUE
7180,ASV9176,FALSE,TRUE
7181,ASV9177,FALSE,TRUE
7182,ASV9178,FALSE,TRUE
7183,ASV9179,FALSE,TRUE
7184,ASV9180,FALSE,TRUE
7185,ASV9181,FALSE,TRUE
7186,ASV9182,TRUE,FALSE
7187,ASV9183,TRUE,FALSE
7188,ASV9184,TRUE,FALSE
7189,ASV9185,TRUE,FALSE
7190,ASV9186,FALSE,TRUE
7191,ASV9187,FALSE,TRUE
7192,ASV9188,FALSE,TRUE
7193,ASV9189,TRUE,FALSE
7194,ASV9190,TRUE,FALSE
7195,ASV9192,FALSE,TRUE
7196,ASV9199,TRUE,FALSE
7197,ASV9202,TRUE,FALSE
7198,ASV9203,TRUE,FALSE
7199,ASV9204,TRUE,FALSE
7200,ASV9205,TRUE,FALSE
7201,ASV9206,TRUE,FALSE
7202,ASV9209,FALSE,FALSE
7203,ASV9210,FALSE,FALSE
7204,ASV9211,TRUE,FALSE
7205,ASV9212,TRUE,FALSE
7206,ASV9213,TRUE,FALSE
7207,ASV9214,TRUE,FALSE
7208,ASV9215,TRUE,FALSE
7209,ASV9216,TRUE,FALSE
7210,ASV9217,TRUE,FALSE
7211,ASV9218,FALSE,FALSE
7212,ASV9220,FALSE,FALSE
7213,ASV9221,TRUE,FALSE
7214,ASV9222,TRUE,FALSE
7215,ASV9223,FALSE,FALSE
7216,ASV9224,TRUE,FALSE
7217,ASV9225,TRUE,FALSE
7218,ASV9226,TRUE,FALSE
7219,ASV9227,FALSE,FALSE
7220,ASV9228,FALSE,FALSE
7221,ASV9229,TRUE,FALSE
7222,ASV9230,TRUE,FALSE
7223,ASV9231,FALSE,FALSE
7224,ASV9232,TRUE,FALSE
7225,ASV9234,TRUE,FALSE
7226,ASV9237,FALSE,FALSE
7227,ASV9238,FALSE,FALSE
7228,ASV9239,FALSE,FALSE
7229,ASV9240,TRUE,FALSE
7230,ASV9242,FALSE,FALSE
7231,ASV9243,FALSE,FALSE
7232,ASV9246,FALSE,FALSE
7233,ASV9247,FALSE,FALSE
7234,ASV9253,FALSE,TRUE
7235,ASV9255,FALSE,TRUE
7236,ASV9256,FALSE,TRUE
7237,ASV9257,FALSE,TRUE
7238,ASV9258,FALSE,TRUE
7239,ASV9259,FALSE,TRUE
7240,ASV9260,FALSE,TRUE
7241,ASV9261,FALSE,TRUE
7242,ASV9262,FALSE,TRUE
7243,ASV9264,FALSE,TRUE
7244,ASV9266,FALSE,TRUE
7245,ASV9270,FALSE,TRUE
7246,ASV9271,FALSE,TRUE
7247,ASV9272,FALSE,TRUE
7248,ASV9273,FALSE,TRUE
7249,ASV9274,FALSE,FALSE
7250,ASV9277,FALSE,TRUE
7251,ASV9278,FALSE,TRUE
7252,ASV9281,FALSE,TRUE
7253,ASV9282,FALSE,TRUE
7254,ASV9283,FALSE,TRUE
7255,ASV9286,FALSE,TRUE
7256,ASV9288,FALSE,TRUE
7257,ASV9289,FALSE,TRUE
7258,ASV9290,FALSE,TRUE
7259,ASV9293,FALSE,TRUE
7260,ASV9296,FALSE,TRUE
7261,ASV9297,FALSE,TRUE
7262,ASV9298,FALSE,TRUE
7263,ASV9299,FALSE,TRUE
7264,ASV9300,FALSE,FALSE
7265,ASV9301,TRUE,FALSE
7266,ASV9302,TRUE,FALSE
7267,ASV9304,TRUE,FALSE
7268,ASV9305,TRUE,FALSE
7269,ASV9306,TRUE,FALSE
7270,ASV9307,FALSE,TRUE
7271,ASV9308,FALSE,TRUE
7272,ASV9309,FALSE,TRUE
7273,ASV9310,FALSE,TRUE
7274,ASV9311,FALSE,TRUE
7275,ASV9312,FALSE,TRUE
7276,ASV9313,FALSE,TRUE
7277,ASV9314,FALSE,TRUE
7278,ASV9315,FALSE,TRUE
7279,ASV9317,FALSE,TRUE
7280,ASV9318,TRUE,FALSE
7281,ASV9319,TRUE,FALSE
7282,ASV9325,TRUE,FALSE
7283,ASV9327,FALSE,FALSE
7284,ASV9328,FALSE,FALSE
7285,ASV9329,FALSE,FALSE
7286,ASV9330,FALSE,FALSE
7287,ASV9332,FALSE,FALSE
7288,ASV9333,TRUE,FALSE
7289,ASV9334,TRUE,FALSE
7290,ASV9335,TRUE,FALSE
7291,ASV9336,TRUE,FALSE
7292,ASV9337,FALSE,FALSE
7293,ASV9338,TRUE,FALSE
7294,ASV9339,TRUE,FALSE
7295,ASV9340,TRUE,FALSE
7296,ASV9341,TRUE,FALSE
7297,ASV9342,TRUE,FALSE
7298,ASV9345,FALSE,FALSE
7299,ASV9346,FALSE,FALSE
7300,ASV9348,TRUE,FALSE
7301,ASV9349,TRUE,FALSE
7302,ASV9350,TRUE,FALSE
7303,ASV9351,FALSE,FALSE
7304,ASV9352,FALSE,FALSE
7305,ASV9354,FALSE,TRUE
7306,ASV9355,FALSE,FALSE
7307,ASV9356,TRUE,FALSE
7308,ASV9357,TRUE,FALSE
7309,ASV9358,TRUE,FALSE
7310,ASV9359,TRUE,FALSE
7311,ASV9361,TRUE,FALSE
7312,ASV9363,TRUE,FALSE
7313,ASV9364,TRUE,FALSE
7314,ASV9365,TRUE,FALSE
7315,ASV9366,FALSE,FALSE
7316,ASV9369,TRUE,FALSE
7317,ASV9370,TRUE,FALSE
7318,ASV9371,FALSE,FALSE
7319,ASV9373,FALSE,FALSE
7320,ASV9375,TRUE,FALSE
7321,ASV9376,TRUE,FALSE
7322,ASV9377,TRUE,FALSE
7323,ASV9379,TRUE,FALSE
7324,ASV9380,FALSE,FALSE
7325,ASV9381,TRUE,FALSE
7326,ASV9382,TRUE,FALSE
7327,ASV9383,TRUE,FALSE
7328,ASV9384,TRUE,FALSE
7329,ASV9385,TRUE,FALSE
7330,ASV9387,TRUE,FALSE
7331,ASV9388,TRUE,FALSE
7332,ASV9389,TRUE,FALSE
7333,ASV9391,FALSE,FALSE
7334,ASV9393,FALSE,FALSE
7335,ASV9394,FALSE,FALSE
7336,ASV9395,FALSE,FALSE
7337,ASV9396,FALSE,FALSE
7338,ASV9398,FALSE,TRUE
7339,ASV9399,FALSE,TRUE
7340,ASV9400,FALSE,TRUE
7341,ASV9401,FALSE,TRUE
7342,ASV9402,FALSE,TRUE
7343,ASV9403,FALSE,TRUE
7344,ASV9404,FALSE,TRUE
7345,ASV9405,FALSE,TRUE
7346,ASV9406,FALSE,TRUE
7347,ASV9407,FALSE,TRUE
7348,ASV9410,FALSE,TRUE
7349,ASV9413,FALSE,TRUE
7350,ASV9414,FALSE,TRUE
7351,ASV9415,FALSE,TRUE
7352,ASV9416,FALSE,TRUE
7353,ASV9417,FALSE,TRUE
7354,ASV9418,FALSE,TRUE
7355,ASV9419,FALSE,TRUE
7356,ASV9420,FALSE,TRUE
7357,ASV9421,FALSE,TRUE
7358,ASV9422,FALSE,TRUE
7359,ASV9423,FALSE,TRUE
7360,ASV9424,FALSE,TRUE
7361,ASV9425,FALSE,TRUE
7362,ASV9426,FALSE,TRUE
7363,ASV9427,FALSE,TRUE
7364,ASV9428,FALSE,TRUE
7365,ASV9430,FALSE,TRUE
7366,ASV9431,FALSE,TRUE
7367,ASV9432,FALSE,TRUE
7368,ASV9433,FALSE,TRUE
7369,ASV9434,FALSE,TRUE
7370,ASV9435,FALSE,TRUE
7371,ASV9436,FALSE,TRUE
7372,ASV9437,FALSE,TRUE
7373,ASV9438,FALSE,TRUE
7374,ASV9440,FALSE,TRUE
7375,ASV9441,FALSE,TRUE
7376,ASV9442,FALSE,TRUE
7377,ASV9443,FALSE,TRUE
7378,ASV9444,TRUE,FALSE
7379,ASV9445,TRUE,FALSE
7380,ASV9446,TRUE,FALSE
7381,ASV9447,TRUE,FALSE
7382,ASV9448,TRUE,FALSE
7383,ASV9449,TRUE,FALSE
7384,ASV9450,TRUE,FALSE
7385,ASV9452,TRUE,FALSE
7386,ASV9453,TRUE,FALSE
7387,ASV9454,FALSE,FALSE
7388,ASV9455,FALSE,TRUE
7389,ASV9456,FALSE,TRUE
7390,ASV9457,FALSE,TRUE
7391,ASV9458,FALSE,TRUE
7392,ASV9459,FALSE,TRUE
7393,ASV9460,FALSE,TRUE
7394,ASV9461,FALSE,TRUE
7395,ASV9467,FALSE,FALSE
7396,ASV9469,FALSE,FALSE
7397,ASV9470,TRUE,FALSE
7398,ASV9473,FALSE,FALSE
7399,ASV9474,FALSE,FALSE
7400,ASV9475,FALSE,FALSE
7401,ASV9476,FALSE,FALSE
7402,ASV9478,FALSE,FALSE
7403,ASV9479,TRUE,FALSE
7404,ASV9480,TRUE,FALSE
7405,ASV9481,FALSE,FALSE
7406,ASV9482,TRUE,FALSE
7407,ASV9483,TRUE,FALSE
7408,ASV9484,TRUE,FALSE
7409,ASV9485,TRUE,FALSE
7410,ASV9486,TRUE,FALSE
7411,ASV9489,TRUE,FALSE
7412,ASV9491,FALSE,FALSE
7413,ASV9492,FALSE,TRUE
7414,ASV9493,FALSE,TRUE
7415,ASV9494,FALSE,TRUE
7416,ASV9496,FALSE,FALSE
7417,ASV9497,TRUE,FALSE
7418,ASV9499,TRUE,FALSE
7419,ASV9500,TRUE,FALSE
7420,ASV9502,FALSE,FALSE
7421,ASV9505,TRUE,FALSE
7422,ASV9508,TRUE,FALSE
7423,ASV9509,FALSE,FALSE
7424,ASV9510,TRUE,FALSE
7425,ASV9511,FALSE,FALSE
7426,ASV9513,FALSE,FALSE
7427,ASV9514,TRUE,FALSE
7428,ASV9515,TRUE,FALSE
7429,ASV9516,TRUE,FALSE
7430,ASV9517,TRUE,FALSE
7431,ASV9519,TRUE,FALSE
7432,ASV9520,TRUE,FALSE
7433,ASV9521,FALSE,FALSE
7434,ASV9522,FALSE,FALSE
7435,ASV9525,FALSE,TRUE
7436,ASV9528,FALSE,TRUE
7437,ASV9529,FALSE,TRUE
7438,ASV9530,FALSE,TRUE
7439,ASV9531,FALSE,TRUE
7440,ASV9533,FALSE,TRUE
7441,ASV9534,FALSE,TRUE
7442,ASV9535,FALSE,TRUE
7443,ASV9536,FALSE,TRUE
7444,ASV9537,FALSE,TRUE
7445,ASV9538,FALSE,TRUE
7446,ASV9539,FALSE,TRUE
7447,ASV9540,FALSE,TRUE
7448,ASV9541,FALSE,TRUE
7449,ASV9542,FALSE,TRUE
7450,ASV9544,FALSE,TRUE
7451,ASV9546,FALSE,TRUE
7452,ASV9547,FALSE,TRUE
7453,ASV9549,FALSE,TRUE
7454,ASV9551,FALSE,TRUE
7455,ASV9552,FALSE,TRUE
7456,ASV9553,FALSE,TRUE
7457,ASV9556,FALSE,TRUE
7458,ASV9557,FALSE,TRUE
7459,ASV9558,FALSE,TRUE
7460,ASV9559,FALSE,TRUE
7461,ASV9560,FALSE,TRUE
7462,ASV9562,FALSE,TRUE
7463,ASV9564,FALSE,TRUE
7464,ASV9565,FALSE,TRUE
7465,ASV9566,FALSE,TRUE
7466,ASV9568,FALSE,TRUE
7467,ASV9569,FALSE,TRUE
7468,ASV9570,FALSE,TRUE
7469,ASV9571,FALSE,TRUE
7470,ASV9572,FALSE,TRUE
7471,ASV9573,FALSE,TRUE
7472,ASV9574,FALSE,TRUE
7473,ASV9577,FALSE,FALSE
7474,ASV9578,TRUE,FALSE
7475,ASV9579,TRUE,FALSE
7476,ASV9580,TRUE,FALSE
7477,ASV9581,FALSE,FALSE
7478,ASV9582,TRUE,FALSE
7479,ASV9584,TRUE,FALSE
7480,ASV9585,TRUE,FALSE
7481,ASV9586,FALSE,TRUE
7482,ASV9587,FALSE,TRUE
7483,ASV9589,FALSE,TRUE
7484,ASV9590,FALSE,TRUE
7485,ASV9591,FALSE,TRUE
7486,ASV9592,FALSE,TRUE
7487,ASV9593,FALSE,TRUE
7488,ASV9594,FALSE,TRUE
7489,ASV9595,FALSE,TRUE
7490,ASV9607,TRUE,FALSE
7491,ASV9608,FALSE,FALSE
7492,ASV9610,FALSE,FALSE
7493,ASV9611,TRUE,FALSE
7494,ASV9613,TRUE,FALSE
7495,ASV9614,FALSE,FALSE
7496,ASV9615,TRUE,FALSE
7497,ASV9616,TRUE,FALSE
7498,ASV9617,TRUE,FALSE
7499,ASV9622,FALSE,FALSE
7500,ASV9623,FALSE,FALSE
7501,ASV9624,FALSE,FALSE
7502,ASV9625,FALSE,FALSE
7503,ASV9626,TRUE,FALSE
7504,ASV9627,TRUE,FALSE
7505,ASV9628,TRUE,FALSE
7506,ASV9629,TRUE,FALSE
7507,ASV9630,FALSE,FALSE
7508,ASV9633,FALSE,FALSE
7509,ASV9635,TRUE,FALSE
7510,ASV9637,TRUE,FALSE
7511,ASV9638,TRUE,FALSE
7512,ASV9639,TRUE,FALSE
7513,ASV9641,TRUE,FALSE
7514,ASV9644,FALSE,TRUE
7515,ASV9646,TRUE,FALSE
7516,ASV9647,TRUE,FALSE
7517,ASV9648,FALSE,FALSE
7518,ASV9649,TRUE,FALSE
7519,ASV9650,FALSE,FALSE
7520,ASV9651,TRUE,FALSE
7521,ASV9652,FALSE,FALSE
7522,ASV9653,FALSE,FALSE
7523,ASV9654,FALSE,FALSE
7524,ASV9655,TRUE,FALSE
7525,ASV9656,FALSE,FALSE
7526,ASV9657,TRUE,FALSE
7527,ASV9658,TRUE,FALSE
7528,ASV9662,TRUE,FALSE
7529,ASV9663,TRUE,FALSE
7530,ASV9664,TRUE,FALSE
7531,ASV9665,FALSE,FALSE
7532,ASV9668,TRUE,FALSE
7533,ASV9670,TRUE,FALSE
7534,ASV9672,TRUE,FALSE
7535,ASV9674,TRUE,FALSE
7536,ASV9677,TRUE,FALSE
7537,ASV9678,FALSE,FALSE
7538,ASV9679,FALSE,FALSE
7539,ASV9680,FALSE,FALSE
7540,ASV9682,FALSE,TRUE
7541,ASV9683,FALSE,TRUE
7542,ASV9684,FALSE,TRUE
7543,ASV9685,FALSE,TRUE
7544,ASV9687,FALSE,TRUE
7545,ASV9688,FALSE,TRUE
7546,ASV9689,FALSE,TRUE
7547,ASV9690,FALSE,TRUE
7548,ASV9692,FALSE,TRUE
7549,ASV9693,FALSE,TRUE
7550,ASV9694,FALSE,TRUE
7551,ASV9695,FALSE,TRUE
7552,ASV9696,FALSE,TRUE
7553,ASV9697,FALSE,FALSE
7554,ASV9698,FALSE,TRUE
7555,ASV9699,FALSE,TRUE
7556,ASV9700,FALSE,TRUE
7557,ASV9702,FALSE,TRUE
7558,ASV9703,FALSE,TRUE
7559,ASV9704,FALSE,TRUE
7560,ASV9705,FALSE,TRUE
7561,ASV9706,FALSE,TRUE
7562,ASV9707,FALSE,TRUE
7563,ASV9708,FALSE,TRUE
7564,ASV9709,FALSE,TRUE
7565,ASV9710,FALSE,TRUE
7566,ASV9711,FALSE,TRUE
7567,ASV9712,FALSE,TRUE
7568,ASV9714,FALSE,FALSE
7569,ASV9715,FALSE,TRUE
7570,ASV9716,FALSE,TRUE
7571,ASV9718,FALSE,TRUE
7572,ASV9719,FALSE,TRUE
7573,ASV9720,FALSE,TRUE
7574,ASV9723,FALSE,FALSE
7575,ASV9724,FALSE,TRUE
7576,ASV9726,FALSE,TRUE
7577,ASV9729,FALSE,TRUE
7578,ASV9730,FALSE,TRUE
7579,ASV9731,FALSE,TRUE
7580,ASV9732,FALSE,TRUE
7581,ASV9733,FALSE,TRUE
7582,ASV9734,FALSE,FALSE
7583,ASV9735,TRUE,FALSE
7584,ASV9736,TRUE,FALSE
7585,ASV9737,TRUE,FALSE
7586,ASV9738,TRUE,FALSE
7587,ASV9739,TRUE,FALSE
7588,ASV9740,FALSE,FALSE
7589,ASV9741,FALSE,FALSE
7590,ASV9742,TRUE,FALSE
7591,ASV9743,TRUE,FALSE
7592,ASV9744,TRUE,FALSE
7593,ASV9745,TRUE,FALSE
7594,ASV9746,FALSE,TRUE
7595,ASV9747,FALSE,TRUE
7596,ASV9748,FALSE,TRUE
7597,ASV9749,TRUE,FALSE
7598,ASV9750,FALSE,TRUE
7599,ASV9751,FALSE,TRUE
7600,ASV9752,FALSE,TRUE
7601,ASV9760,TRUE,FALSE
7602,ASV9761,TRUE,FALSE
7603,ASV9763,TRUE,FALSE
7604,ASV9765,TRUE,FALSE
7605,ASV9767,TRUE,FALSE
7606,ASV9768,TRUE,FALSE
7607,ASV9770,TRUE,FALSE
7608,ASV9772,FALSE,FALSE
7609,ASV9775,FALSE,FALSE
7610,ASV9776,TRUE,FALSE
7611,ASV9777,TRUE,FALSE
7612,ASV9780,FALSE,FALSE
7613,ASV9781,FALSE,FALSE
7614,ASV9784,FALSE,FALSE
7615,ASV9785,FALSE,TRUE
7616,ASV9786,FALSE,TRUE
7617,ASV9787,TRUE,FALSE
7618,ASV9788,TRUE,FALSE
7619,ASV9789,TRUE,FALSE
7620,ASV9790,TRUE,FALSE
7621,ASV9791,TRUE,FALSE
7622,ASV9792,TRUE,FALSE
7623,ASV9793,TRUE,FALSE
7624,ASV9794,TRUE,FALSE
7625,ASV9797,FALSE,FALSE
7626,ASV9798,TRUE,FALSE
7627,ASV9799,FALSE,FALSE
7628,ASV9800,TRUE,FALSE
7629,ASV9805,TRUE,FALSE
7630,ASV9806,TRUE,FALSE
7631,ASV9807,TRUE,FALSE
7632,ASV9808,TRUE,FALSE
7633,ASV9810,TRUE,FALSE
7634,ASV9814,TRUE,FALSE
7635,ASV9815,TRUE,FALSE
7636,ASV9816,TRUE,FALSE
7637,ASV9817,TRUE,FALSE
7638,ASV9818,TRUE,FALSE
7639,ASV9819,TRUE,FALSE
7640,ASV9822,FALSE,TRUE
7641,ASV9823,FALSE,TRUE
7642,ASV9824,FALSE,TRUE
7643,ASV9825,FALSE,TRUE
7644,ASV9827,FALSE,TRUE
7645,ASV9829,FALSE,TRUE
7646,ASV9830,FALSE,TRUE
7647,ASV9832,FALSE,TRUE
7648,ASV9833,FALSE,TRUE
7649,ASV9834,FALSE,TRUE
7650,ASV9835,FALSE,TRUE
7651,ASV9836,FALSE,TRUE
7652,ASV9837,FALSE,TRUE
7653,ASV9838,FALSE,TRUE
7654,ASV9839,FALSE,TRUE
7655,ASV9843,FALSE,TRUE
7656,ASV9845,FALSE,TRUE
7657,ASV9846,FALSE,TRUE
7658,ASV9847,FALSE,TRUE
7659,ASV9848,FALSE,TRUE
7660,ASV9849,FALSE,TRUE
7661,ASV9850,FALSE,TRUE
7662,ASV9851,FALSE,TRUE
7663,ASV9853,FALSE,FALSE
7664,ASV9855,FALSE,TRUE
7665,ASV9856,FALSE,TRUE
7666,ASV9859,FALSE,TRUE
7667,ASV9860,FALSE,TRUE
7668,ASV9861,FALSE,TRUE
7669,ASV9862,FALSE,TRUE
7670,ASV9863,FALSE,TRUE
7671,ASV9864,FALSE,TRUE
7672,ASV9866,FALSE,TRUE
7673,ASV9867,FALSE,TRUE
7674,ASV9868,FALSE,TRUE
7675,ASV9870,FALSE,TRUE
7676,ASV9871,FALSE,TRUE
7677,ASV9874,FALSE,TRUE
7678,ASV9875,FALSE,TRUE
7679,ASV9876,FALSE,TRUE
7680,ASV9877,FALSE,TRUE
7681,ASV9878,TRUE,FALSE
7682,ASV9879,TRUE,FALSE
7683,ASV9880,TRUE,FALSE
7684,ASV9881,FALSE,FALSE
7685,ASV9882,TRUE,FALSE
7686,ASV9883,TRUE,FALSE
7687,ASV9885,FALSE,TRUE
7688,ASV9886,TRUE,FALSE
7689,ASV9887,TRUE,FALSE
7690,ASV9888,TRUE,FALSE
7691,ASV9889,FALSE,TRUE
7692,ASV9890,FALSE,TRUE
7693,ASV9898,FALSE,FALSE
7694,ASV9899,TRUE,FALSE
7695,ASV9900,TRUE,FALSE
7696,ASV9901,TRUE,FALSE
7697,ASV9902,FALSE,FALSE
7698,ASV9903,TRUE,FALSE
7699,ASV9904,TRUE,FALSE
7700,ASV9906,FALSE,FALSE
7701,ASV9907,FALSE,FALSE
7702,ASV9909,TRUE,FALSE
7703,ASV9911,FALSE,FALSE
7704,ASV9913,TRUE,FALSE
7705,ASV9914,TRUE,FALSE
7706,ASV9916,TRUE,FALSE
7707,ASV9918,FALSE,TRUE
7708,ASV9919,FALSE,FALSE
7709,ASV9921,TRUE,FALSE
7710,ASV9922,TRUE,FALSE
7711,ASV9923,TRUE,FALSE
7712,ASV9924,TRUE,FALSE
7713,ASV9925,TRUE,FALSE
7714,ASV9926,FALSE,FALSE
7715,ASV9927,FALSE,FALSE
7716,ASV9928,FALSE,FALSE
7717,ASV9929,FALSE,FALSE
7718,ASV9930,FALSE,FALSE
7719,ASV9932,TRUE,FALSE
7720,ASV9933,TRUE,FALSE
7721,ASV9934,FALSE,FALSE
7722,ASV9936,FALSE,FALSE
7723,ASV9937,TRUE,FALSE
7724,ASV9938,TRUE,FALSE
7725,ASV9940,TRUE,FALSE
7726,ASV9941,FALSE,FALSE
7727,ASV9942,FALSE,FALSE
7728,ASV9943,TRUE,FALSE
7729,ASV9944,TRUE,FALSE
7730,ASV9945,TRUE,FALSE
7731,ASV9946,TRUE,FALSE
7732,ASV9947,TRUE,FALSE
7733,ASV9951,FALSE,FALSE
7734,ASV9953,FALSE,TRUE
7735,ASV9954,FALSE,TRUE
7736,ASV9955,FALSE,TRUE
7737,ASV9956,FALSE,TRUE
7738,ASV9957,FALSE,TRUE
7739,ASV9958,FALSE,TRUE
7740,ASV9959,FALSE,TRUE
7741,ASV9960,FALSE,FALSE
7742,ASV9961,FALSE,TRUE
7743,ASV9963,FALSE,TRUE
7744,ASV9964,FALSE,TRUE
7745,ASV9965,FALSE,TRUE
7746,ASV9967,FALSE,TRUE
7747,ASV9968,FALSE,FALSE
7748,ASV9970,FALSE,TRUE
7749,ASV9971,FALSE,TRUE
7750,ASV9972,FALSE,TRUE
7751,ASV9973,FALSE,TRUE
7752,ASV9974,FALSE,TRUE
7753,ASV9975,FALSE,TRUE
7754,ASV9976,FALSE,TRUE
7755,ASV9977,FALSE,TRUE
7756,ASV9978,FALSE,TRUE
7757,ASV9979,FALSE,TRUE
7758,ASV9980,FALSE,TRUE
7759,ASV9981,FALSE,TRUE
7760,ASV9982,FALSE,TRUE
7761,ASV9984,FALSE,TRUE
7762,ASV9985,FALSE,TRUE
7763,ASV9986,FALSE,TRUE
7764,ASV9987,FALSE,TRUE
7765,ASV9988,FALSE,TRUE
7766,ASV9990,FALSE,TRUE
7767,ASV9991,FALSE,TRUE
7768,ASV9993,FALSE,TRUE
7769,ASV9994,FALSE,TRUE
7770,ASV9996,FALSE,TRUE
7771,ASV9997,FALSE,TRUE
7772,ASV9998,FALSE,TRUE
7773,ASV9999,FALSE,TRUE
7774,ASV10000,FALSE,FALSE
7775,ASV10001,FALSE,TRUE
7776,ASV10002,FALSE,TRUE
7777,ASV10003,FALSE,TRUE
7778,ASV10004,FALSE,TRUE
7779,ASV10005,FALSE,TRUE
7780,ASV10006,FALSE,TRUE
7781,ASV10007,FALSE,TRUE
7782,ASV10008,FALSE,TRUE
7783,ASV10009,FALSE,TRUE
7784,ASV10010,FALSE,TRUE
7785,ASV10011,FALSE,FALSE
7786,ASV10013,TRUE,FALSE
7787,ASV10014,TRUE,FALSE
7788,ASV10015,TRUE,FALSE
7789,ASV10016,TRUE,FALSE
7790,ASV10017,TRUE,FALSE
7791,ASV10018,TRUE,FALSE
7792,ASV10019,TRUE,FALSE
7793,ASV10020,TRUE,FALSE
7794,ASV10021,TRUE,FALSE
7795,ASV10022,FALSE,TRUE
7796,ASV10023,FALSE,TRUE
7797,ASV10024,FALSE,TRUE
7798,ASV10025,TRUE,FALSE
7799,ASV10026,TRUE,FALSE
7800,ASV10027,TRUE,FALSE
7801,ASV10028,FALSE,TRUE
7802,ASV10029,FALSE,TRUE
7803,ASV10036,FALSE,FALSE
7804,ASV10038,FALSE,FALSE
7805,ASV10042,TRUE,FALSE
7806,ASV10043,FALSE,FALSE
7807,ASV10045,FALSE,FALSE
7808,ASV10046,TRUE,FALSE
7809,ASV10048,TRUE,FALSE
7810,ASV10050,TRUE,FALSE
7811,ASV10052,TRUE,FALSE
7812,ASV10053,FALSE,FALSE
7813,ASV10054,TRUE,FALSE
7814,ASV10056,TRUE,FALSE
7815,ASV10057,TRUE,FALSE
7816,ASV10059,TRUE,FALSE
7817,ASV10060,FALSE,FALSE
7818,ASV10061,TRUE,FALSE
7819,ASV10062,FALSE,FALSE
7820,ASV10067,FALSE,TRUE
7821,ASV10068,TRUE,FALSE
7822,ASV10069,TRUE,FALSE
7823,ASV10071,TRUE,FALSE
7824,ASV10072,TRUE,FALSE
7825,ASV10073,TRUE,FALSE
7826,ASV10074,TRUE,FALSE
7827,ASV10076,TRUE,FALSE
7828,ASV10077,TRUE,FALSE
7829,ASV10078,TRUE,FALSE
7830,ASV10079,FALSE,FALSE
7831,ASV10080,TRUE,FALSE
7832,ASV10081,TRUE,FALSE
7833,ASV10082,FALSE,FALSE
7834,ASV10084,TRUE,FALSE
7835,ASV10085,TRUE,FALSE
7836,ASV10086,TRUE,FALSE
7837,ASV10087,TRUE,FALSE
7838,ASV10088,TRUE,FALSE
7839,ASV10090,TRUE,FALSE
7840,ASV10092,TRUE,FALSE
7841,ASV10093,TRUE,FALSE
7842,ASV10095,FALSE,FALSE
7843,ASV10096,FALSE,FALSE
7844,ASV10097,FALSE,TRUE
7845,ASV10099,FALSE,TRUE
7846,ASV10100,FALSE,TRUE
7847,ASV10101,FALSE,TRUE
7848,ASV10102,FALSE,TRUE
7849,ASV10103,FALSE,TRUE
7850,ASV10104,FALSE,TRUE
7851,ASV10106,FALSE,TRUE
7852,ASV10107,FALSE,TRUE
7853,ASV10108,FALSE,TRUE
7854,ASV10110,FALSE,TRUE
7855,ASV10111,FALSE,TRUE
7856,ASV10112,FALSE,TRUE
7857,ASV10113,FALSE,TRUE
7858,ASV10114,FALSE,TRUE
7859,ASV10115,FALSE,TRUE
7860,ASV10116,FALSE,TRUE
7861,ASV10117,FALSE,TRUE
7862,ASV10118,FALSE,TRUE
7863,ASV10119,FALSE,FALSE
7864,ASV10122,FALSE,TRUE
7865,ASV10124,FALSE,TRUE
7866,ASV10126,FALSE,TRUE
7867,ASV10127,FALSE,TRUE
7868,ASV10128,FALSE,TRUE
7869,ASV10129,FALSE,TRUE
7870,ASV10130,FALSE,TRUE
7871,ASV10132,FALSE,TRUE
7872,ASV10133,FALSE,TRUE
7873,ASV10134,FALSE,TRUE
7874,ASV10137,FALSE,TRUE
7875,ASV10138,FALSE,TRUE
7876,ASV10139,FALSE,TRUE
7877,ASV10141,FALSE,TRUE
7878,ASV10144,FALSE,TRUE
7879,ASV10145,FALSE,TRUE
7880,ASV10146,FALSE,TRUE
7881,ASV10149,FALSE,TRUE
7882,ASV10150,FALSE,TRUE
7883,ASV10154,TRUE,FALSE
7884,ASV10155,TRUE,FALSE
7885,ASV10157,FALSE,TRUE
7886,ASV10158,FALSE,TRUE
7887,ASV10160,FALSE,TRUE
7888,ASV10161,FALSE,TRUE
7889,ASV10162,FALSE,TRUE
7890,ASV10163,TRUE,FALSE
7891,ASV10164,FALSE,TRUE
7892,ASV10178,TRUE,FALSE
7893,ASV10180,FALSE,FALSE
7894,ASV10181,FALSE,FALSE
7895,ASV10183,FALSE,FALSE
7896,ASV10184,TRUE,FALSE
7897,ASV10185,TRUE,FALSE
7898,ASV10186,TRUE,FALSE
7899,ASV10187,TRUE,FALSE
7900,ASV10188,TRUE,FALSE
7901,ASV10190,TRUE,FALSE
7902,ASV10191,TRUE,FALSE
7903,ASV10192,TRUE,FALSE
7904,ASV10193,TRUE,FALSE
7905,ASV10196,FALSE,FALSE
7906,ASV10197,FALSE,FALSE
7907,ASV10200,TRUE,FALSE
7908,ASV10201,TRUE,FALSE
7909,ASV10204,FALSE,FALSE
7910,ASV10206,TRUE,FALSE
7911,ASV10207,FALSE,TRUE
7912,ASV10209,FALSE,TRUE
7913,ASV10210,TRUE,FALSE
7914,ASV10213,TRUE,FALSE
7915,ASV10216,TRUE,FALSE
7916,ASV10217,TRUE,FALSE
7917,ASV10218,TRUE,FALSE
7918,ASV10220,TRUE,FALSE
7919,ASV10221,FALSE,FALSE
7920,ASV10222,TRUE,FALSE
7921,ASV10223,FALSE,FALSE
7922,ASV10225,FALSE,FALSE
7923,ASV10226,TRUE,FALSE
7924,ASV10228,TRUE,FALSE
7925,ASV10229,TRUE,FALSE
7926,ASV10231,FALSE,FALSE
7927,ASV10232,FALSE,FALSE
7928,ASV10234,TRUE,FALSE
7929,ASV10235,TRUE,FALSE
7930,ASV10236,TRUE,FALSE
7931,ASV10237,TRUE,FALSE
7932,ASV10240,TRUE,FALSE
7933,ASV10245,FALSE,TRUE
7934,ASV10246,FALSE,TRUE
7935,ASV10247,FALSE,TRUE
7936,ASV10248,FALSE,TRUE
7937,ASV10249,FALSE,TRUE
7938,ASV10250,FALSE,TRUE
7939,ASV10251,FALSE,TRUE
7940,ASV10253,FALSE,TRUE
7941,ASV10254,FALSE,TRUE
7942,ASV10255,FALSE,TRUE
7943,ASV10258,FALSE,TRUE
7944,ASV10260,FALSE,TRUE
7945,ASV10261,FALSE,TRUE
7946,ASV10263,FALSE,TRUE
7947,ASV10264,FALSE,TRUE
7948,ASV10265,FALSE,TRUE
7949,ASV10266,FALSE,TRUE
7950,ASV10267,FALSE,TRUE
7951,ASV10268,FALSE,TRUE
7952,ASV10269,FALSE,TRUE
7953,ASV10270,FALSE,FALSE
7954,ASV10271,FALSE,TRUE
7955,ASV10272,FALSE,TRUE
7956,ASV10273,FALSE,TRUE
7957,ASV10275,FALSE,TRUE
7958,ASV10276,FALSE,TRUE
7959,ASV10277,FALSE,TRUE
7960,ASV10278,FALSE,TRUE
7961,ASV10279,FALSE,TRUE
7962,ASV10280,FALSE,TRUE
7963,ASV10281,FALSE,TRUE
7964,ASV10282,FALSE,TRUE
7965,ASV10283,FALSE,TRUE
7966,ASV10285,FALSE,TRUE
7967,ASV10286,FALSE,TRUE
7968,ASV10287,FALSE,TRUE
7969,ASV10289,FALSE,TRUE
7970,ASV10290,FALSE,TRUE
7971,ASV10291,FALSE,TRUE
7972,ASV10293,FALSE,TRUE
7973,ASV10295,FALSE,TRUE
7974,ASV10298,FALSE,TRUE
7975,ASV10300,FALSE,TRUE
7976,ASV10303,FALSE,TRUE
7977,ASV10306,TRUE,FALSE
7978,ASV10307,TRUE,FALSE
7979,ASV10308,TRUE,FALSE
7980,ASV10309,TRUE,FALSE
7981,ASV10310,TRUE,FALSE
7982,ASV10311,TRUE,FALSE
7983,ASV10312,TRUE,FALSE
7984,ASV10313,TRUE,FALSE
7985,ASV10316,TRUE,FALSE
7986,ASV10317,FALSE,TRUE
7987,ASV10318,FALSE,TRUE
7988,ASV10319,FALSE,TRUE
7989,ASV10321,FALSE,TRUE
7990,ASV10322,FALSE,TRUE
7991,ASV10324,TRUE,FALSE
7992,ASV10325,TRUE,FALSE
7993,ASV10327,FALSE,TRUE
7994,ASV10328,FALSE,TRUE
7995,ASV10334,FALSE,FALSE
7996,ASV10335,TRUE,FALSE
7997,ASV10337,TRUE,FALSE
7998,ASV10338,TRUE,FALSE
7999,ASV10339,FALSE,FALSE
8000,ASV10340,TRUE,FALSE
8001,ASV10342,TRUE,FALSE
8002,ASV10343,TRUE,FALSE
8003,ASV10347,TRUE,FALSE
8004,ASV10349,TRUE,FALSE
8005,ASV10350,TRUE,FALSE
8006,ASV10351,TRUE,FALSE
8007,ASV10352,TRUE,FALSE
8008,ASV10353,TRUE,FALSE
8009,ASV10357,FALSE,TRUE
8010,ASV10358,TRUE,FALSE
8011,ASV10359,TRUE,FALSE
8012,ASV10363,TRUE,FALSE
8013,ASV10364,TRUE,FALSE
8014,ASV10365,TRUE,FALSE
8015,ASV10366,TRUE,FALSE
8016,ASV10367,TRUE,FALSE
8017,ASV10368,FALSE,FALSE
8018,ASV10372,TRUE,FALSE
8019,ASV10375,FALSE,FALSE
8020,ASV10376,TRUE,FALSE
8021,ASV10378,TRUE,FALSE
8022,ASV10379,TRUE,FALSE
8023,ASV10381,TRUE,FALSE
8024,ASV10382,TRUE,FALSE
8025,ASV10386,FALSE,FALSE
8026,ASV10389,FALSE,FALSE
8027,ASV10390,TRUE,FALSE
8028,ASV10392,TRUE,FALSE
8029,ASV10393,TRUE,FALSE
8030,ASV10396,FALSE,FALSE
8031,ASV10397,FALSE,FALSE
8032,ASV10398,FALSE,FALSE
8033,ASV10399,FALSE,FALSE
8034,ASV10400,TRUE,FALSE
8035,ASV10401,FALSE,TRUE
8036,ASV10404,FALSE,TRUE
8037,ASV10406,FALSE,TRUE
8038,ASV10407,FALSE,TRUE
8039,ASV10410,FALSE,TRUE
8040,ASV10411,FALSE,FALSE
8041,ASV10413,FALSE,TRUE
8042,ASV10414,FALSE,TRUE
8043,ASV10415,FALSE,TRUE
8044,ASV10416,FALSE,TRUE
8045,ASV10417,FALSE,TRUE
8046,ASV10418,FALSE,TRUE
8047,ASV10419,FALSE,TRUE
8048,ASV10420,FALSE,TRUE
8049,ASV10421,FALSE,TRUE
8050,ASV10422,FALSE,TRUE
8051,ASV10423,FALSE,TRUE
8052,ASV10424,FALSE,TRUE
8053,ASV10425,FALSE,TRUE
8054,ASV10427,FALSE,TRUE
8055,ASV10429,FALSE,TRUE
8056,ASV10430,FALSE,TRUE
8057,ASV10431,FALSE,TRUE
8058,ASV10432,FALSE,TRUE
8059,ASV10434,FALSE,TRUE
8060,ASV10435,FALSE,TRUE
8061,ASV10436,FALSE,TRUE
8062,ASV10438,FALSE,TRUE
8063,ASV10439,FALSE,TRUE
8064,ASV10442,FALSE,TRUE
8065,ASV10443,FALSE,TRUE
8066,ASV10444,FALSE,TRUE
8067,ASV10445,FALSE,TRUE
8068,ASV10446,FALSE,TRUE
8069,ASV10447,FALSE,TRUE
8070,ASV10449,FALSE,TRUE
8071,ASV10451,FALSE,TRUE
8072,ASV10452,FALSE,TRUE
8073,ASV10453,FALSE,TRUE
8074,ASV10455,FALSE,TRUE
8075,ASV10457,FALSE,TRUE
8076,ASV10460,FALSE,TRUE
8077,ASV10461,FALSE,TRUE
8078,ASV10462,FALSE,TRUE
8079,ASV10463,FALSE,TRUE
8080,ASV10464,FALSE,TRUE
8081,ASV10465,FALSE,TRUE
8082,ASV10467,FALSE,TRUE
8083,ASV10468,FALSE,TRUE
8084,ASV10470,FALSE,TRUE
8085,ASV10471,FALSE,TRUE
8086,ASV10472,FALSE,TRUE
8087,ASV10473,FALSE,FALSE
8088,ASV10474,TRUE,FALSE
8089,ASV10476,FALSE,FALSE
8090,ASV10477,TRUE,FALSE
8091,ASV10478,TRUE,FALSE
8092,ASV10480,TRUE,FALSE
8093,ASV10481,TRUE,FALSE
8094,ASV10482,TRUE,FALSE
8095,ASV10483,TRUE,FALSE
8096,ASV10484,TRUE,FALSE
8097,ASV10485,TRUE,FALSE
8098,ASV10487,FALSE,TRUE
8099,ASV10488,FALSE,TRUE
8100,ASV10489,FALSE,TRUE
8101,ASV10490,FALSE,TRUE
8102,ASV10491,FALSE,TRUE
8103,ASV10492,FALSE,TRUE
8104,ASV10493,FALSE,TRUE
8105,ASV10495,FALSE,TRUE
8106,ASV10496,FALSE,TRUE
8107,ASV10498,TRUE,FALSE
8108,ASV10499,TRUE,FALSE
8109,ASV10510,FALSE,FALSE
8110,ASV10511,TRUE,FALSE
8111,ASV10512,FALSE,FALSE
8112,ASV10514,TRUE,FALSE
8113,ASV10517,TRUE,FALSE
8114,ASV10518,FALSE,FALSE
8115,ASV10519,TRUE,FALSE
8116,ASV10520,TRUE,FALSE
8117,ASV10521,TRUE,FALSE
8118,ASV10522,TRUE,FALSE
8119,ASV10524,TRUE,FALSE
8120,ASV10525,FALSE,FALSE
8121,ASV10526,FALSE,TRUE
8122,ASV10527,FALSE,TRUE
8123,ASV10528,FALSE,FALSE
8124,ASV10529,FALSE,TRUE
8125,ASV10532,TRUE,FALSE
8126,ASV10533,TRUE,FALSE
8127,ASV10534,TRUE,FALSE
8128,ASV10537,FALSE,FALSE
8129,ASV10538,FALSE,FALSE
8130,ASV10540,FALSE,FALSE
8131,ASV10541,FALSE,FALSE
8132,ASV10542,TRUE,FALSE
8133,ASV10543,TRUE,FALSE
8134,ASV10544,TRUE,FALSE
8135,ASV10545,TRUE,FALSE
8136,ASV10546,FALSE,FALSE
8137,ASV10547,TRUE,FALSE
8138,ASV10549,TRUE,FALSE
8139,ASV10551,TRUE,FALSE
8140,ASV10552,TRUE,FALSE
8141,ASV10554,FALSE,FALSE
8142,ASV10556,TRUE,FALSE
8143,ASV10557,FALSE,FALSE
8144,ASV10558,TRUE,FALSE
8145,ASV10561,FALSE,FALSE
8146,ASV10562,TRUE,FALSE
8147,ASV10563,TRUE,FALSE
8148,ASV10564,TRUE,FALSE
8149,ASV10565,TRUE,FALSE
8150,ASV10566,TRUE,FALSE
8151,ASV10567,TRUE,FALSE
8152,ASV10568,FALSE,FALSE
8153,ASV10570,TRUE,FALSE
8154,ASV10571,FALSE,TRUE
8155,ASV10573,FALSE,TRUE
8156,ASV10574,FALSE,TRUE
8157,ASV10575,FALSE,TRUE
8158,ASV10576,FALSE,TRUE
8159,ASV10577,FALSE,TRUE
8160,ASV10578,FALSE,TRUE
8161,ASV10580,FALSE,TRUE
8162,ASV10581,FALSE,TRUE
8163,ASV10583,FALSE,TRUE
8164,ASV10584,FALSE,TRUE
8165,ASV10585,FALSE,TRUE
8166,ASV10586,FALSE,TRUE
8167,ASV10588,FALSE,TRUE
8168,ASV10589,FALSE,FALSE
8169,ASV10593,FALSE,TRUE
8170,ASV10594,FALSE,TRUE
8171,ASV10595,FALSE,TRUE
8172,ASV10596,FALSE,TRUE
8173,ASV10597,FALSE,TRUE
8174,ASV10598,FALSE,TRUE
8175,ASV10602,FALSE,TRUE
8176,ASV10603,FALSE,TRUE
8177,ASV10604,FALSE,TRUE
8178,ASV10607,FALSE,TRUE
8179,ASV10608,FALSE,FALSE
8180,ASV10610,FALSE,TRUE
8181,ASV10611,FALSE,TRUE
8182,ASV10612,FALSE,TRUE
8183,ASV10613,FALSE,TRUE
8184,ASV10615,FALSE,TRUE
8185,ASV10616,FALSE,TRUE
8186,ASV10617,FALSE,TRUE
8187,ASV10618,FALSE,TRUE
8188,ASV10619,FALSE,TRUE
8189,ASV10620,FALSE,TRUE
8190,ASV10621,FALSE,TRUE
8191,ASV10623,FALSE,TRUE
8192,ASV10625,FALSE,TRUE
8193,ASV10626,FALSE,TRUE
8194,ASV10627,FALSE,TRUE
8195,ASV10628,FALSE,TRUE
8196,ASV10629,FALSE,TRUE
8197,ASV10630,FALSE,TRUE
8198,ASV10632,FALSE,TRUE
8199,ASV10633,FALSE,TRUE
8200,ASV10634,FALSE,TRUE
8201,ASV10638,FALSE,TRUE
8202,ASV10639,FALSE,TRUE
8203,ASV10641,FALSE,TRUE
8204,ASV10643,FALSE,TRUE
8205,ASV10644,FALSE,TRUE
8206,ASV10646,TRUE,FALSE
8207,ASV10647,TRUE,FALSE
8208,ASV10648,TRUE,FALSE
8209,ASV10649,TRUE,FALSE
8210,ASV10650,TRUE,FALSE
8211,ASV10651,TRUE,FALSE
8212,ASV10652,FALSE,FALSE
8213,ASV10653,TRUE,FALSE
8214,ASV10654,FALSE,TRUE
8215,ASV10656,FALSE,TRUE
8216,ASV10657,FALSE,TRUE
8217,ASV10658,FALSE,TRUE
8218,ASV10661,FALSE,TRUE
8219,ASV10662,FALSE,TRUE
8220,ASV10663,FALSE,TRUE
8221,ASV10664,FALSE,TRUE
8222,ASV10665,FALSE,TRUE
8223,ASV10666,TRUE,FALSE
8224,ASV10667,TRUE,FALSE
8225,ASV10675,FALSE,FALSE
8226,ASV10678,TRUE,FALSE
8227,ASV10679,FALSE,FALSE
8228,ASV10681,TRUE,FALSE
8229,ASV10682,TRUE,FALSE
8230,ASV10683,TRUE,FALSE
8231,ASV10684,TRUE,FALSE
8232,ASV10685,TRUE,FALSE
8233,ASV10686,FALSE,FALSE
8234,ASV10687,TRUE,FALSE
8235,ASV10688,TRUE,FALSE
8236,ASV10689,TRUE,FALSE
8237,ASV10690,TRUE,FALSE
8238,ASV10693,TRUE,FALSE
8239,ASV10695,FALSE,FALSE
8240,ASV10696,TRUE,FALSE
8241,ASV10697,FALSE,TRUE
8242,ASV10698,FALSE,FALSE
8243,ASV10699,FALSE,TRUE
8244,ASV10700,FALSE,TRUE
8245,ASV10701,FALSE,TRUE
8246,ASV10702,FALSE,TRUE
8247,ASV10703,TRUE,FALSE
8248,ASV10704,TRUE,FALSE
8249,ASV10705,FALSE,FALSE
8250,ASV10706,TRUE,FALSE
8251,ASV10707,TRUE,FALSE
8252,ASV10708,TRUE,FALSE
8253,ASV10709,TRUE,FALSE
8254,ASV10710,TRUE,FALSE
8255,ASV10711,TRUE,FALSE
8256,ASV10712,TRUE,FALSE
8257,ASV10713,TRUE,FALSE
8258,ASV10715,FALSE,FALSE
8259,ASV10716,FALSE,FALSE
8260,ASV10717,FALSE,FALSE
8261,ASV10718,TRUE,FALSE
8262,ASV10719,TRUE,FALSE
8263,ASV10720,FALSE,FALSE
8264,ASV10721,TRUE,FALSE
8265,ASV10723,TRUE,FALSE
8266,ASV10724,TRUE,FALSE
8267,ASV10725,FALSE,FALSE
8268,ASV10727,FALSE,FALSE
8269,ASV10729,TRUE,FALSE
8270,ASV10730,TRUE,FALSE
8271,ASV10731,TRUE,FALSE
8272,ASV10733,FALSE,FALSE
8273,ASV10735,FALSE,FALSE
8274,ASV10737,FALSE,FALSE
8275,ASV10738,FALSE,TRUE
8276,ASV10739,FALSE,TRUE
8277,ASV10740,FALSE,TRUE
8278,ASV10741,FALSE,TRUE
8279,ASV10742,FALSE,TRUE
8280,ASV10743,FALSE,TRUE
8281,ASV10745,FALSE,TRUE
8282,ASV10746,FALSE,TRUE
8283,ASV10747,FALSE,TRUE
8284,ASV10748,FALSE,TRUE
8285,ASV10749,FALSE,TRUE
8286,ASV10750,FALSE,TRUE
8287,ASV10751,FALSE,TRUE
8288,ASV10753,FALSE,TRUE
8289,ASV10754,FALSE,TRUE
8290,ASV10756,FALSE,TRUE
8291,ASV10758,FALSE,TRUE
8292,ASV10760,FALSE,TRUE
8293,ASV10761,FALSE,TRUE
8294,ASV10762,FALSE,TRUE
8295,ASV10763,FALSE,TRUE
8296,ASV10766,FALSE,TRUE
8297,ASV10767,FALSE,TRUE
8298,ASV10768,FALSE,TRUE
8299,ASV10769,FALSE,TRUE
8300,ASV10770,FALSE,FALSE
8301,ASV10771,FALSE,FALSE
8302,ASV10773,FALSE,TRUE
8303,ASV10774,FALSE,TRUE
8304,ASV10775,FALSE,TRUE
8305,ASV10777,FALSE,TRUE
8306,ASV10779,FALSE,TRUE
8307,ASV10781,FALSE,TRUE
8308,ASV10782,FALSE,TRUE
8309,ASV10783,FALSE,TRUE
8310,ASV10784,FALSE,TRUE
8311,ASV10785,FALSE,TRUE
8312,ASV10786,FALSE,FALSE
8313,ASV10788,FALSE,TRUE
8314,ASV10790,FALSE,FALSE
8315,ASV10792,FALSE,TRUE
8316,ASV10794,FALSE,TRUE
8317,ASV10795,FALSE,TRUE
8318,ASV10796,FALSE,TRUE
8319,ASV10797,FALSE,TRUE
8320,ASV10798,FALSE,TRUE
8321,ASV10799,FALSE,TRUE
8322,ASV10800,FALSE,TRUE
8323,ASV10801,FALSE,TRUE
8324,ASV10802,FALSE,TRUE
8325,ASV10803,FALSE,TRUE
8326,ASV10804,FALSE,TRUE
8327,ASV10805,FALSE,TRUE
8328,ASV10806,FALSE,TRUE
8329,ASV10808,FALSE,TRUE
8330,ASV10809,FALSE,TRUE
8331,ASV10810,FALSE,TRUE
8332,ASV10811,FALSE,TRUE
8333,ASV10812,FALSE,TRUE
8334,ASV10813,FALSE,TRUE
8335,ASV10814,FALSE,TRUE
8336,ASV10815,TRUE,FALSE
8337,ASV10816,TRUE,FALSE
8338,ASV10817,TRUE,FALSE
8339,ASV10819,TRUE,FALSE
8340,ASV10820,TRUE,FALSE
8341,ASV10822,FALSE,FALSE
8342,ASV10823,FALSE,TRUE
8343,ASV10824,FALSE,TRUE
8344,ASV10825,FALSE,TRUE
8345,ASV10826,FALSE,TRUE
8346,ASV10827,FALSE,TRUE
8347,ASV10828,FALSE,TRUE
8348,ASV10829,TRUE,FALSE
8349,ASV10830,TRUE,FALSE
8350,ASV10831,TRUE,FALSE
8351,ASV10833,FALSE,FALSE
8352,ASV10846,FALSE,FALSE
8353,ASV10848,FALSE,FALSE
8354,ASV10849,TRUE,FALSE
8355,ASV10850,TRUE,FALSE
8356,ASV10851,TRUE,FALSE
8357,ASV10852,TRUE,FALSE
8358,ASV10859,TRUE,FALSE
8359,ASV10861,TRUE,FALSE
8360,ASV10862,TRUE,FALSE
8361,ASV10863,TRUE,FALSE
8362,ASV10864,TRUE,FALSE
8363,ASV10867,TRUE,FALSE
8364,ASV10868,TRUE,FALSE
8365,ASV10869,FALSE,FALSE
8366,ASV10871,TRUE,FALSE
8367,ASV10872,FALSE,FALSE
8368,ASV10873,FALSE,FALSE
8369,ASV10874,FALSE,FALSE
8370,ASV10876,FALSE,TRUE
8371,ASV10877,TRUE,FALSE
8372,ASV10878,FALSE,FALSE
8373,ASV10879,TRUE,FALSE
8374,ASV10880,FALSE,FALSE
8375,ASV10882,TRUE,FALSE
8376,ASV10885,TRUE,FALSE
8377,ASV10886,TRUE,FALSE
8378,ASV10887,TRUE,FALSE
8379,ASV10888,TRUE,FALSE
8380,ASV10890,TRUE,FALSE
8381,ASV10891,TRUE,FALSE
8382,ASV10892,TRUE,FALSE
8383,ASV10895,TRUE,FALSE
8384,ASV10896,TRUE,FALSE
8385,ASV10897,TRUE,FALSE
8386,ASV10898,TRUE,FALSE
8387,ASV10900,FALSE,FALSE
8388,ASV10902,TRUE,FALSE
8389,ASV10903,TRUE,FALSE
8390,ASV10904,TRUE,FALSE
8391,ASV10905,TRUE,FALSE
8392,ASV10906,TRUE,FALSE
8393,ASV10907,TRUE,FALSE
8394,ASV10909,TRUE,FALSE
8395,ASV10910,TRUE,FALSE
8396,ASV10911,TRUE,FALSE
8397,ASV10913,TRUE,FALSE
8398,ASV10915,TRUE,FALSE
8399,ASV10917,TRUE,FALSE
8400,ASV10918,TRUE,FALSE
8401,ASV10919,TRUE,FALSE
8402,ASV10922,FALSE,FALSE
8403,ASV10923,FALSE,FALSE
8404,ASV10924,FALSE,TRUE
8405,ASV10926,FALSE,TRUE
8406,ASV10927,FALSE,TRUE
8407,ASV10928,FALSE,TRUE
8408,ASV10930,FALSE,TRUE
8409,ASV10933,FALSE,TRUE
8410,ASV10936,FALSE,TRUE
8411,ASV10937,FALSE,TRUE
8412,ASV10941,FALSE,FALSE
8413,ASV10942,FALSE,TRUE
8414,ASV10943,FALSE,TRUE
8415,ASV10944,FALSE,TRUE
8416,ASV10945,FALSE,TRUE
8417,ASV10946,FALSE,TRUE
8418,ASV10948,FALSE,TRUE
8419,ASV10950,FALSE,TRUE
8420,ASV10951,FALSE,TRUE
8421,ASV10953,FALSE,TRUE
8422,ASV10955,FALSE,TRUE
8423,ASV10956,FALSE,TRUE
8424,ASV10958,FALSE,TRUE
8425,ASV10959,FALSE,TRUE
8426,ASV10960,FALSE,TRUE
8427,ASV10962,FALSE,TRUE
8428,ASV10963,FALSE,TRUE
8429,ASV10964,FALSE,TRUE
8430,ASV10965,FALSE,TRUE
8431,ASV10968,FALSE,TRUE
8432,ASV10970,FALSE,TRUE
8433,ASV10971,FALSE,TRUE
8434,ASV10972,FALSE,TRUE
8435,ASV10977,FALSE,TRUE
8436,ASV10978,FALSE,TRUE
8437,ASV10979,FALSE,TRUE
8438,ASV10982,FALSE,TRUE
8439,ASV10983,FALSE,TRUE
8440,ASV10984,FALSE,TRUE
8441,ASV10985,FALSE,FALSE
8442,ASV10986,FALSE,TRUE
8443,ASV10987,FALSE,TRUE
8444,ASV10988,FALSE,TRUE
8445,ASV10989,FALSE,TRUE
8446,ASV10990,FALSE,TRUE
8447,ASV10992,FALSE,TRUE
8448,ASV10993,FALSE,TRUE
8449,ASV10994,FALSE,TRUE
8450,ASV10998,FALSE,TRUE
8451,ASV10999,FALSE,FALSE
8452,ASV11000,FALSE,FALSE
8453,ASV11001,FALSE,TRUE
8454,ASV11004,TRUE,FALSE
8455,ASV11005,TRUE,FALSE
8456,ASV11006,TRUE,FALSE
8457,ASV11009,FALSE,FALSE
8458,ASV11010,TRUE,FALSE
8459,ASV11011,TRUE,FALSE
8460,ASV11012,TRUE,FALSE
8461,ASV11014,TRUE,FALSE
8462,ASV11016,FALSE,TRUE
8463,ASV11017,FALSE,TRUE
8464,ASV11018,FALSE,TRUE
8465,ASV11019,FALSE,TRUE
8466,ASV11020,FALSE,TRUE
8467,ASV11021,FALSE,TRUE
8468,ASV11022,FALSE,TRUE
8469,ASV11024,TRUE,FALSE
8470,ASV11025,TRUE,FALSE
8471,ASV11026,FALSE,FALSE
8472,ASV11027,FALSE,TRUE
8473,ASV11036,TRUE,FALSE
8474,ASV11037,TRUE,FALSE
8475,ASV11038,TRUE,FALSE
8476,ASV11039,TRUE,FALSE
8477,ASV11041,TRUE,FALSE
8478,ASV11042,TRUE,FALSE
8479,ASV11043,TRUE,FALSE
8480,ASV11044,FALSE,FALSE
8481,ASV11046,TRUE,FALSE
8482,ASV11049,TRUE,FALSE
8483,ASV11051,TRUE,FALSE
8484,ASV11052,TRUE,FALSE
8485,ASV11053,TRUE,FALSE
8486,ASV11055,TRUE,FALSE
8487,ASV11058,TRUE,FALSE
8488,ASV11059,TRUE,FALSE
8489,ASV11060,TRUE,FALSE
8490,ASV11061,TRUE,FALSE
8491,ASV11063,TRUE,FALSE
8492,ASV11064,TRUE,FALSE
8493,ASV11065,TRUE,FALSE
8494,ASV11066,TRUE,FALSE
8495,ASV11067,FALSE,FALSE
8496,ASV11068,FALSE,FALSE
8497,ASV11070,FALSE,TRUE
8498,ASV11072,FALSE,TRUE
8499,ASV11073,TRUE,FALSE
8500,ASV11074,TRUE,FALSE
8501,ASV11075,FALSE,FALSE
8502,ASV11076,FALSE,FALSE
8503,ASV11077,TRUE,FALSE
8504,ASV11078,TRUE,FALSE
8505,ASV11079,TRUE,FALSE
8506,ASV11080,TRUE,FALSE
8507,ASV11083,TRUE,FALSE
8508,ASV11084,TRUE,FALSE
8509,ASV11085,TRUE,FALSE
8510,ASV11086,TRUE,FALSE
8511,ASV11087,TRUE,FALSE
8512,ASV11088,TRUE,FALSE
8513,ASV11089,FALSE,FALSE
8514,ASV11090,FALSE,FALSE
8515,ASV11094,TRUE,FALSE
8516,ASV11095,TRUE,FALSE
8517,ASV11096,TRUE,FALSE
8518,ASV11097,TRUE,FALSE
8519,ASV11098,TRUE,FALSE
8520,ASV11099,TRUE,FALSE
8521,ASV11100,FALSE,FALSE
8522,ASV11101,TRUE,FALSE
8523,ASV11103,TRUE,FALSE
8524,ASV11104,TRUE,FALSE
8525,ASV11105,TRUE,FALSE
8526,ASV11108,TRUE,FALSE
8527,ASV11109,TRUE,FALSE
8528,ASV11110,TRUE,FALSE
8529,ASV11113,FALSE,TRUE
8530,ASV11114,FALSE,TRUE
8531,ASV11115,FALSE,TRUE
8532,ASV11116,FALSE,TRUE
8533,ASV11117,FALSE,TRUE
8534,ASV11119,FALSE,TRUE
8535,ASV11122,FALSE,TRUE
8536,ASV11124,FALSE,TRUE
8537,ASV11125,FALSE,TRUE
8538,ASV11126,FALSE,TRUE
8539,ASV11127,FALSE,TRUE
8540,ASV11129,FALSE,TRUE
8541,ASV11131,FALSE,TRUE
8542,ASV11132,FALSE,FALSE
8543,ASV11133,FALSE,TRUE
8544,ASV11138,FALSE,FALSE
8545,ASV11139,FALSE,TRUE
8546,ASV11140,FALSE,TRUE
8547,ASV11141,FALSE,TRUE
8548,ASV11142,FALSE,TRUE
8549,ASV11143,FALSE,TRUE
8550,ASV11144,FALSE,TRUE
8551,ASV11145,FALSE,FALSE
8552,ASV11146,FALSE,TRUE
8553,ASV11147,FALSE,TRUE
8554,ASV11148,FALSE,TRUE
8555,ASV11149,FALSE,TRUE
8556,ASV11152,FALSE,TRUE
8557,ASV11153,FALSE,TRUE
8558,ASV11154,FALSE,TRUE
8559,ASV11155,FALSE,TRUE
8560,ASV11156,FALSE,TRUE
8561,ASV11157,FALSE,TRUE
8562,ASV11158,FALSE,TRUE
8563,ASV11159,FALSE,TRUE
8564,ASV11160,FALSE,TRUE
8565,ASV11162,FALSE,TRUE
8566,ASV11163,FALSE,TRUE
8567,ASV11165,FALSE,TRUE
8568,ASV11166,FALSE,TRUE
8569,ASV11167,FALSE,TRUE
8570,ASV11168,FALSE,TRUE
8571,ASV11170,FALSE,TRUE
8572,ASV11171,FALSE,TRUE
8573,ASV11172,FALSE,TRUE
8574,ASV11175,FALSE,TRUE
8575,ASV11177,FALSE,TRUE
8576,ASV11178,FALSE,TRUE
8577,ASV11179,FALSE,TRUE
8578,ASV11182,TRUE,FALSE
8579,ASV11183,TRUE,FALSE
8580,ASV11184,TRUE,FALSE
8581,ASV11185,TRUE,FALSE
8582,ASV11187,TRUE,FALSE
8583,ASV11188,TRUE,FALSE
8584,ASV11189,TRUE,FALSE
8585,ASV11191,TRUE,FALSE
8586,ASV11192,TRUE,FALSE
8587,ASV11193,TRUE,FALSE
8588,ASV11194,TRUE,FALSE
8589,ASV11195,FALSE,TRUE
8590,ASV11196,FALSE,TRUE
8591,ASV11197,FALSE,TRUE
8592,ASV11199,FALSE,TRUE
8593,ASV11201,TRUE,FALSE
8594,ASV11202,FALSE,TRUE
8595,ASV11203,FALSE,TRUE
8596,ASV11204,FALSE,TRUE
8597,ASV11205,FALSE,TRUE
8598,ASV11206,FALSE,TRUE
8599,ASV11215,TRUE,FALSE
8600,ASV11216,TRUE,FALSE
8601,ASV11217,FALSE,FALSE
8602,ASV11218,TRUE,FALSE
8603,ASV11219,TRUE,FALSE
8604,ASV11220,TRUE,FALSE
8605,ASV11222,TRUE,FALSE
8606,ASV11224,TRUE,FALSE
8607,ASV11225,TRUE,FALSE
8608,ASV11226,TRUE,FALSE
8609,ASV11228,TRUE,FALSE
8610,ASV11230,TRUE,FALSE
8611,ASV11231,TRUE,FALSE
8612,ASV11232,TRUE,FALSE
8613,ASV11233,TRUE,FALSE
8614,ASV11235,TRUE,FALSE
8615,ASV11236,TRUE,FALSE
8616,ASV11237,FALSE,FALSE
8617,ASV11239,FALSE,FALSE
8618,ASV11240,FALSE,FALSE
8619,ASV11241,FALSE,TRUE
8620,ASV11242,FALSE,FALSE
8621,ASV11243,FALSE,TRUE
8622,ASV11244,TRUE,FALSE
8623,ASV11245,TRUE,FALSE
8624,ASV11246,TRUE,FALSE
8625,ASV11248,TRUE,FALSE
8626,ASV11249,FALSE,FALSE
8627,ASV11250,TRUE,FALSE
8628,ASV11251,TRUE,FALSE
8629,ASV11254,TRUE,FALSE
8630,ASV11255,TRUE,FALSE
8631,ASV11256,TRUE,FALSE
8632,ASV11257,TRUE,FALSE
8633,ASV11258,TRUE,FALSE
8634,ASV11259,FALSE,FALSE
8635,ASV11260,FALSE,FALSE
8636,ASV11261,TRUE,FALSE
8637,ASV11262,TRUE,FALSE
8638,ASV11264,TRUE,FALSE
8639,ASV11265,TRUE,FALSE
8640,ASV11269,TRUE,FALSE
8641,ASV11270,TRUE,FALSE
8642,ASV11271,TRUE,FALSE
8643,ASV11274,TRUE,FALSE
8644,ASV11276,TRUE,FALSE
8645,ASV11278,TRUE,FALSE
8646,ASV11279,TRUE,FALSE
8647,ASV11285,FALSE,FALSE
8648,ASV11289,FALSE,TRUE
8649,ASV11290,FALSE,TRUE
8650,ASV11291,FALSE,TRUE
8651,ASV11292,FALSE,TRUE
8652,ASV11293,FALSE,TRUE
8653,ASV11294,FALSE,TRUE
8654,ASV11295,FALSE,TRUE
8655,ASV11296,FALSE,TRUE
8656,ASV11298,FALSE,TRUE
8657,ASV11299,FALSE,TRUE
8658,ASV11300,FALSE,TRUE
8659,ASV11302,FALSE,TRUE
8660,ASV11303,FALSE,TRUE
8661,ASV11304,FALSE,TRUE
8662,ASV11306,FALSE,TRUE
8663,ASV11307,FALSE,TRUE
8664,ASV11310,FALSE,TRUE
8665,ASV11311,FALSE,TRUE
8666,ASV11313,FALSE,TRUE
8667,ASV11314,FALSE,TRUE
8668,ASV11315,FALSE,TRUE
8669,ASV11316,FALSE,TRUE
8670,ASV11318,FALSE,TRUE
8671,ASV11320,FALSE,TRUE
8672,ASV11322,FALSE,TRUE
8673,ASV11323,FALSE,TRUE
8674,ASV11324,FALSE,TRUE
8675,ASV11326,FALSE,TRUE
8676,ASV11327,FALSE,TRUE
8677,ASV11328,FALSE,TRUE
8678,ASV11329,FALSE,TRUE
8679,ASV11330,FALSE,TRUE
8680,ASV11332,FALSE,TRUE
8681,ASV11333,FALSE,TRUE
8682,ASV11335,FALSE,TRUE
8683,ASV11336,FALSE,TRUE
8684,ASV11337,FALSE,TRUE
8685,ASV11338,FALSE,TRUE
8686,ASV11339,FALSE,TRUE
8687,ASV11341,FALSE,TRUE
8688,ASV11344,FALSE,TRUE
8689,ASV11346,FALSE,TRUE
8690,ASV11347,FALSE,TRUE
8691,ASV11348,FALSE,TRUE
8692,ASV11349,FALSE,TRUE
8693,ASV11350,FALSE,TRUE
8694,ASV11351,FALSE,TRUE
8695,ASV11355,FALSE,TRUE
8696,ASV11356,FALSE,TRUE
8697,ASV11358,FALSE,TRUE
8698,ASV11359,FALSE,FALSE
8699,ASV11360,FALSE,TRUE
8700,ASV11364,FALSE,TRUE
8701,ASV11366,FALSE,TRUE
8702,ASV11367,FALSE,TRUE
8703,ASV11368,FALSE,TRUE
8704,ASV11370,FALSE,TRUE
8705,ASV11371,FALSE,TRUE
8706,ASV11372,FALSE,TRUE
8707,ASV11375,FALSE,TRUE
8708,ASV11377,FALSE,TRUE
8709,ASV11378,FALSE,FALSE
8710,ASV11380,TRUE,FALSE
8711,ASV11381,TRUE,FALSE
8712,ASV11382,TRUE,FALSE
8713,ASV11383,TRUE,FALSE
8714,ASV11384,TRUE,FALSE
8715,ASV11386,TRUE,FALSE
8716,ASV11387,TRUE,FALSE
8717,ASV11389,TRUE,FALSE
8718,ASV11390,TRUE,FALSE
8719,ASV11391,FALSE,TRUE
8720,ASV11395,FALSE,TRUE
8721,ASV11396,FALSE,TRUE
8722,ASV11397,FALSE,TRUE
8723,ASV11398,FALSE,TRUE
8724,ASV11400,FALSE,TRUE
8725,ASV11401,FALSE,TRUE
8726,ASV11402,FALSE,TRUE
8727,ASV11403,FALSE,TRUE
8728,ASV11404,TRUE,FALSE
8729,ASV11405,TRUE,FALSE
8730,ASV11406,TRUE,FALSE
8731,ASV11408,FALSE,TRUE
8732,ASV11409,FALSE,TRUE
8733,ASV11426,TRUE,FALSE
8734,ASV11428,TRUE,FALSE
8735,ASV11430,TRUE,FALSE
8736,ASV11432,TRUE,FALSE
8737,ASV11434,TRUE,FALSE
8738,ASV11435,FALSE,FALSE
8739,ASV11436,TRUE,FALSE
8740,ASV11437,FALSE,FALSE
8741,ASV11438,FALSE,FALSE
8742,ASV11441,TRUE,FALSE
8743,ASV11443,TRUE,FALSE
8744,ASV11445,FALSE,FALSE
8745,ASV11447,FALSE,FALSE
8746,ASV11448,FALSE,FALSE
8747,ASV11449,FALSE,FALSE
8748,ASV11451,FALSE,TRUE
8749,ASV11452,FALSE,TRUE
8750,ASV11453,FALSE,TRUE
8751,ASV11454,FALSE,TRUE
8752,ASV11455,FALSE,TRUE
8753,ASV11457,FALSE,TRUE
8754,ASV11458,FALSE,TRUE
8755,ASV11460,TRUE,FALSE
8756,ASV11461,TRUE,FALSE
8757,ASV11462,TRUE,FALSE
8758,ASV11463,TRUE,FALSE
8759,ASV11464,TRUE,FALSE
8760,ASV11467,TRUE,FALSE
8761,ASV11468,TRUE,FALSE
8762,ASV11469,FALSE,FALSE
8763,ASV11470,TRUE,FALSE
8764,ASV11471,TRUE,FALSE
8765,ASV11472,TRUE,FALSE
8766,ASV11473,TRUE,FALSE
8767,ASV11474,TRUE,FALSE
8768,ASV11476,TRUE,FALSE
8769,ASV11477,FALSE,FALSE
8770,ASV11479,TRUE,FALSE
8771,ASV11480,TRUE,FALSE
8772,ASV11482,TRUE,FALSE
8773,ASV11483,TRUE,FALSE
8774,ASV11487,TRUE,FALSE
8775,ASV11489,FALSE,FALSE
8776,ASV11490,TRUE,FALSE
8777,ASV11491,TRUE,FALSE
8778,ASV11492,TRUE,FALSE
8779,ASV11496,TRUE,FALSE
8780,ASV11497,TRUE,FALSE
8781,ASV11498,TRUE,FALSE
8782,ASV11500,TRUE,FALSE
8783,ASV11507,FALSE,TRUE
8784,ASV11508,FALSE,TRUE
8785,ASV11510,FALSE,TRUE
8786,ASV11512,FALSE,TRUE
8787,ASV11513,FALSE,TRUE
8788,ASV11514,FALSE,TRUE
8789,ASV11515,FALSE,TRUE
8790,ASV11517,FALSE,TRUE
8791,ASV11518,FALSE,TRUE
8792,ASV11519,FALSE,TRUE
8793,ASV11520,FALSE,TRUE
8794,ASV11521,FALSE,TRUE
8795,ASV11523,FALSE,TRUE
8796,ASV11524,FALSE,TRUE
8797,ASV11529,FALSE,TRUE
8798,ASV11530,FALSE,TRUE
8799,ASV11531,FALSE,TRUE
8800,ASV11532,FALSE,TRUE
8801,ASV11533,FALSE,TRUE
8802,ASV11535,FALSE,TRUE
8803,ASV11536,FALSE,TRUE
8804,ASV11537,FALSE,TRUE
8805,ASV11539,FALSE,TRUE
8806,ASV11540,FALSE,TRUE
8807,ASV11542,FALSE,TRUE
8808,ASV11544,FALSE,TRUE
8809,ASV11545,FALSE,TRUE
8810,ASV11547,FALSE,TRUE
8811,ASV11548,FALSE,TRUE
8812,ASV11549,FALSE,TRUE
8813,ASV11550,FALSE,TRUE
8814,ASV11553,FALSE,FALSE
8815,ASV11555,FALSE,TRUE
8816,ASV11557,FALSE,TRUE
8817,ASV11558,FALSE,TRUE
8818,ASV11559,FALSE,TRUE
8819,ASV11560,FALSE,TRUE
8820,ASV11561,FALSE,TRUE
8821,ASV11562,FALSE,TRUE
8822,ASV11563,FALSE,TRUE
8823,ASV11564,FALSE,TRUE
8824,ASV11565,FALSE,TRUE
8825,ASV11568,FALSE,TRUE
8826,ASV11569,FALSE,TRUE
8827,ASV11570,FALSE,TRUE
8828,ASV11571,FALSE,TRUE
8829,ASV11572,FALSE,TRUE
8830,ASV11573,FALSE,TRUE
8831,ASV11574,FALSE,TRUE
8832,ASV11575,FALSE,TRUE
8833,ASV11577,FALSE,TRUE
8834,ASV11578,FALSE,TRUE
8835,ASV11579,FALSE,TRUE
8836,ASV11580,FALSE,TRUE
8837,ASV11581,FALSE,TRUE
8838,ASV11584,FALSE,TRUE
8839,ASV11585,FALSE,TRUE
8840,ASV11586,FALSE,TRUE
8841,ASV11587,FALSE,TRUE
8842,ASV11588,FALSE,TRUE
8843,ASV11589,FALSE,TRUE
8844,ASV11590,FALSE,TRUE
8845,ASV11591,FALSE,TRUE
8846,ASV11592,FALSE,TRUE
8847,ASV11593,FALSE,TRUE
8848,ASV11594,FALSE,TRUE
8849,ASV11595,FALSE,TRUE
8850,ASV11596,TRUE,FALSE
8851,ASV11597,TRUE,FALSE
8852,ASV11598,TRUE,FALSE
8853,ASV11599,TRUE,FALSE
8854,ASV11601,FALSE,TRUE
8855,ASV11602,FALSE,TRUE
8856,ASV11603,FALSE,TRUE
8857,ASV11604,FALSE,TRUE
8858,ASV11605,FALSE,TRUE
8859,ASV11606,FALSE,TRUE
8860,ASV11607,FALSE,TRUE
8861,ASV11608,FALSE,TRUE
8862,ASV11609,TRUE,FALSE
8863,ASV11610,FALSE,TRUE
8864,ASV11613,FALSE,TRUE
8865,ASV11625,FALSE,FALSE
8866,ASV11626,FALSE,FALSE
8867,ASV11629,TRUE,FALSE
8868,ASV11630,FALSE,FALSE
8869,ASV11631,TRUE,FALSE
8870,ASV11632,TRUE,FALSE
8871,ASV11634,TRUE,FALSE
8872,ASV11635,TRUE,FALSE
8873,ASV11637,TRUE,FALSE
8874,ASV11642,FALSE,FALSE
8875,ASV11643,TRUE,FALSE
8876,ASV11644,FALSE,FALSE
8877,ASV11646,TRUE,FALSE
8878,ASV11647,TRUE,FALSE
8879,ASV11648,TRUE,FALSE
8880,ASV11649,TRUE,FALSE
8881,ASV11650,TRUE,FALSE
8882,ASV11653,TRUE,FALSE
8883,ASV11654,TRUE,FALSE
8884,ASV11655,TRUE,FALSE
8885,ASV11656,FALSE,FALSE
8886,ASV11657,FALSE,TRUE
8887,ASV11658,FALSE,TRUE
8888,ASV11659,FALSE,TRUE
8889,ASV11660,FALSE,TRUE
8890,ASV11661,FALSE,FALSE
8891,ASV11662,FALSE,TRUE
8892,ASV11663,TRUE,FALSE
8893,ASV11664,TRUE,FALSE
8894,ASV11667,TRUE,FALSE
8895,ASV11670,TRUE,FALSE
8896,ASV11673,TRUE,FALSE
8897,ASV11675,TRUE,FALSE
8898,ASV11676,TRUE,FALSE
8899,ASV11677,TRUE,FALSE
8900,ASV11678,TRUE,FALSE
8901,ASV11679,TRUE,FALSE
8902,ASV11681,FALSE,FALSE
8903,ASV11682,TRUE,FALSE
8904,ASV11683,TRUE,FALSE
8905,ASV11687,TRUE,FALSE
8906,ASV11689,FALSE,FALSE
8907,ASV11691,TRUE,FALSE
8908,ASV11693,TRUE,FALSE
8909,ASV11695,TRUE,FALSE
8910,ASV11697,TRUE,FALSE
8911,ASV11698,TRUE,FALSE
8912,ASV11701,FALSE,FALSE
8913,ASV11703,FALSE,FALSE
8914,ASV11705,FALSE,TRUE
8915,ASV11706,FALSE,TRUE
8916,ASV11707,FALSE,TRUE
8917,ASV11708,FALSE,TRUE
8918,ASV11709,FALSE,TRUE
8919,ASV11710,FALSE,TRUE
8920,ASV11711,FALSE,TRUE
8921,ASV11712,FALSE,TRUE
8922,ASV11714,FALSE,TRUE
8923,ASV11715,FALSE,FALSE
8924,ASV11717,FALSE,TRUE
8925,ASV11718,FALSE,TRUE
8926,ASV11719,FALSE,TRUE
8927,ASV11720,FALSE,TRUE
8928,ASV11721,FALSE,TRUE
8929,ASV11722,FALSE,TRUE
8930,ASV11724,FALSE,TRUE
8931,ASV11725,FALSE,TRUE
8932,ASV11726,FALSE,TRUE
8933,ASV11727,FALSE,TRUE
8934,ASV11728,FALSE,TRUE
8935,ASV11729,FALSE,TRUE
8936,ASV11730,FALSE,TRUE
8937,ASV11733,FALSE,TRUE
8938,ASV11734,FALSE,TRUE
8939,ASV11737,FALSE,TRUE
8940,ASV11739,FALSE,TRUE
8941,ASV11740,FALSE,TRUE
8942,ASV11743,FALSE,TRUE
8943,ASV11744,FALSE,TRUE
8944,ASV11745,FALSE,TRUE
8945,ASV11746,FALSE,TRUE
8946,ASV11748,FALSE,FALSE
8947,ASV11749,FALSE,TRUE
8948,ASV11750,FALSE,TRUE
8949,ASV11751,FALSE,TRUE
8950,ASV11753,FALSE,TRUE
8951,ASV11754,FALSE,TRUE
8952,ASV11755,FALSE,TRUE
8953,ASV11757,FALSE,TRUE
8954,ASV11759,FALSE,TRUE
8955,ASV11761,FALSE,TRUE
8956,ASV11762,FALSE,TRUE
8957,ASV11763,FALSE,TRUE
8958,ASV11765,FALSE,TRUE
8959,ASV11766,FALSE,TRUE
8960,ASV11767,FALSE,TRUE
8961,ASV11768,FALSE,TRUE
8962,ASV11769,FALSE,TRUE
8963,ASV11770,FALSE,TRUE
8964,ASV11772,TRUE,FALSE
8965,ASV11773,TRUE,FALSE
8966,ASV11774,TRUE,FALSE
8967,ASV11775,TRUE,FALSE
8968,ASV11778,FALSE,FALSE
8969,ASV11779,TRUE,FALSE
8970,ASV11780,TRUE,FALSE
8971,ASV11781,TRUE,FALSE
8972,ASV11783,TRUE,FALSE
8973,ASV11784,TRUE,FALSE
8974,ASV11786,FALSE,TRUE
8975,ASV11787,FALSE,TRUE
8976,ASV11789,FALSE,TRUE
8977,ASV11790,FALSE,TRUE
8978,ASV11792,FALSE,TRUE
8979,ASV11794,FALSE,TRUE
8980,ASV11795,FALSE,TRUE
8981,ASV11796,FALSE,TRUE
8982,ASV11799,TRUE,FALSE
8983,ASV11800,TRUE,FALSE
8984,ASV11801,TRUE,FALSE
8985,ASV11802,TRUE,FALSE
8986,ASV11803,TRUE,FALSE
8987,ASV11804,TRUE,FALSE
8988,ASV11807,FALSE,TRUE
8989,ASV11808,FALSE,TRUE
8990,ASV11809,FALSE,TRUE
8991,ASV11827,FALSE,FALSE
8992,ASV11828,FALSE,FALSE
8993,ASV11831,TRUE,FALSE
8994,ASV11832,TRUE,FALSE
8995,ASV11834,TRUE,FALSE
8996,ASV11835,TRUE,FALSE
8997,ASV11840,TRUE,FALSE
8998,ASV11841,TRUE,FALSE
8999,ASV11842,TRUE,FALSE
9000,ASV11843,TRUE,FALSE
9001,ASV11844,TRUE,FALSE
9002,ASV11847,TRUE,FALSE
9003,ASV11851,TRUE,FALSE
9004,ASV11852,FALSE,FALSE
9005,ASV11853,FALSE,FALSE
9006,ASV11855,TRUE,FALSE
9007,ASV11856,TRUE,FALSE
9008,ASV11858,TRUE,FALSE
9009,ASV11861,TRUE,FALSE
9010,ASV11862,TRUE,FALSE
9011,ASV11863,TRUE,FALSE
9012,ASV11864,FALSE,FALSE
9013,ASV11865,FALSE,TRUE
9014,ASV11866,FALSE,TRUE
9015,ASV11867,FALSE,FALSE
9016,ASV11868,TRUE,FALSE
9017,ASV11869,TRUE,FALSE
9018,ASV11871,TRUE,FALSE
9019,ASV11873,TRUE,FALSE
9020,ASV11874,TRUE,FALSE
9021,ASV11876,TRUE,FALSE
9022,ASV11877,TRUE,FALSE
9023,ASV11879,TRUE,FALSE
9024,ASV11880,TRUE,FALSE
9025,ASV11881,TRUE,FALSE
9026,ASV11883,TRUE,FALSE
9027,ASV11885,FALSE,FALSE
9028,ASV11886,TRUE,FALSE
9029,ASV11888,FALSE,FALSE
9030,ASV11889,TRUE,FALSE
9031,ASV11890,TRUE,FALSE
9032,ASV11891,TRUE,FALSE
9033,ASV11892,FALSE,FALSE
9034,ASV11893,TRUE,FALSE
9035,ASV11894,TRUE,FALSE
9036,ASV11895,TRUE,FALSE
9037,ASV11898,TRUE,FALSE
9038,ASV11900,FALSE,FALSE
9039,ASV11904,TRUE,FALSE
9040,ASV11907,TRUE,FALSE
9041,ASV11910,TRUE,FALSE
9042,ASV11913,FALSE,FALSE
9043,ASV11915,FALSE,TRUE
9044,ASV11917,FALSE,TRUE
9045,ASV11918,FALSE,TRUE
9046,ASV11919,FALSE,TRUE
9047,ASV11920,FALSE,TRUE
9048,ASV11921,FALSE,TRUE
9049,ASV11922,FALSE,TRUE
9050,ASV11923,FALSE,FALSE
9051,ASV11925,FALSE,TRUE
9052,ASV11926,FALSE,TRUE
9053,ASV11927,FALSE,TRUE
9054,ASV11929,FALSE,TRUE
9055,ASV11930,FALSE,TRUE
9056,ASV11932,FALSE,TRUE
9057,ASV11933,FALSE,TRUE
9058,ASV11934,FALSE,TRUE
9059,ASV11935,FALSE,TRUE
9060,ASV11937,FALSE,TRUE
9061,ASV11938,FALSE,TRUE
9062,ASV11939,FALSE,TRUE
9063,ASV11940,FALSE,TRUE
9064,ASV11942,FALSE,TRUE
9065,ASV11944,FALSE,TRUE
9066,ASV11949,FALSE,TRUE
9067,ASV11951,FALSE,TRUE
9068,ASV11952,FALSE,TRUE
9069,ASV11954,FALSE,TRUE
9070,ASV11957,FALSE,TRUE
9071,ASV11958,FALSE,TRUE
9072,ASV11960,FALSE,TRUE
9073,ASV11961,FALSE,TRUE
9074,ASV11964,FALSE,TRUE
9075,ASV11965,FALSE,TRUE
9076,ASV11967,FALSE,TRUE
9077,ASV11968,FALSE,TRUE
9078,ASV11969,FALSE,TRUE
9079,ASV11970,FALSE,TRUE
9080,ASV11971,FALSE,TRUE
9081,ASV11973,FALSE,TRUE
9082,ASV11974,FALSE,TRUE
9083,ASV11978,FALSE,TRUE
9084,ASV11979,FALSE,TRUE
9085,ASV11982,FALSE,TRUE
9086,ASV11984,FALSE,TRUE
9087,ASV11985,FALSE,TRUE
9088,ASV11986,FALSE,TRUE
9089,ASV11987,FALSE,TRUE
9090,ASV11988,FALSE,TRUE
9091,ASV11989,FALSE,TRUE
9092,ASV11990,FALSE,TRUE
9093,ASV11991,FALSE,TRUE
9094,ASV11992,FALSE,TRUE
9095,ASV11993,FALSE,TRUE
9096,ASV11994,FALSE,TRUE
9097,ASV11995,FALSE,TRUE
9098,ASV11996,FALSE,TRUE
9099,ASV11997,FALSE,FALSE
9100,ASV11998,TRUE,FALSE
9101,ASV11999,TRUE,FALSE
9102,ASV12000,TRUE,FALSE
9103,ASV12002,TRUE,FALSE
9104,ASV12003,TRUE,FALSE
9105,ASV12004,TRUE,FALSE
9106,ASV12005,TRUE,FALSE
9107,ASV12006,TRUE,FALSE
9108,ASV12007,FALSE,TRUE
9109,ASV12009,FALSE,TRUE
9110,ASV12010,FALSE,TRUE
9111,ASV12011,TRUE,FALSE
9112,ASV12012,FALSE,TRUE
9113,ASV12013,FALSE,TRUE
9114,ASV12014,FALSE,TRUE
9115,ASV12015,FALSE,TRUE
9116,ASV12031,TRUE,FALSE
9117,ASV12035,TRUE,FALSE
9118,ASV12036,TRUE,FALSE
9119,ASV12037,TRUE,FALSE
9120,ASV12039,FALSE,FALSE
9121,ASV12044,TRUE,FALSE
9122,ASV12048,TRUE,FALSE
9123,ASV12049,TRUE,FALSE
9124,ASV12052,TRUE,FALSE
9125,ASV12053,TRUE,FALSE
9126,ASV12054,FALSE,FALSE
9127,ASV12055,FALSE,FALSE
9128,ASV12056,FALSE,FALSE
9129,ASV12057,FALSE,FALSE
9130,ASV12058,FALSE,TRUE
9131,ASV12059,FALSE,TRUE
9132,ASV12060,FALSE,TRUE
9133,ASV12061,FALSE,TRUE
9134,ASV12062,FALSE,TRUE
9135,ASV12063,FALSE,TRUE
9136,ASV12065,TRUE,FALSE
9137,ASV12067,TRUE,FALSE
9138,ASV12069,TRUE,FALSE
9139,ASV12070,TRUE,FALSE
9140,ASV12071,TRUE,FALSE
9141,ASV12072,TRUE,FALSE
9142,ASV12073,TRUE,FALSE
9143,ASV12074,TRUE,FALSE
9144,ASV12075,TRUE,FALSE
9145,ASV12077,TRUE,FALSE
9146,ASV12078,FALSE,FALSE
9147,ASV12079,FALSE,FALSE
9148,ASV12080,FALSE,FALSE
9149,ASV12081,TRUE,FALSE
9150,ASV12085,FALSE,FALSE
9151,ASV12086,FALSE,FALSE
9152,ASV12087,TRUE,FALSE
9153,ASV12088,TRUE,FALSE
9154,ASV12091,TRUE,FALSE
9155,ASV12092,TRUE,FALSE
9156,ASV12093,TRUE,FALSE
9157,ASV12095,TRUE,FALSE
9158,ASV12096,TRUE,FALSE
9159,ASV12099,FALSE,FALSE
9160,ASV12100,TRUE,FALSE
9161,ASV12101,TRUE,FALSE
9162,ASV12102,TRUE,FALSE
9163,ASV12103,TRUE,FALSE
9164,ASV12105,TRUE,FALSE
9165,ASV12107,TRUE,FALSE
9166,ASV12108,TRUE,FALSE
9167,ASV12109,TRUE,FALSE
9168,ASV12110,TRUE,FALSE
9169,ASV12113,TRUE,FALSE
9170,ASV12114,FALSE,TRUE
9171,ASV12115,FALSE,TRUE
9172,ASV12116,FALSE,TRUE
9173,ASV12118,FALSE,TRUE
9174,ASV12119,FALSE,TRUE
9175,ASV12122,FALSE,TRUE
9176,ASV12125,FALSE,TRUE
9177,ASV12126,FALSE,TRUE
9178,ASV12127,FALSE,TRUE
9179,ASV12128,FALSE,TRUE
9180,ASV12129,FALSE,TRUE
9181,ASV12130,FALSE,TRUE
9182,ASV12131,FALSE,TRUE
9183,ASV12133,FALSE,TRUE
9184,ASV12134,FALSE,TRUE
9185,ASV12136,FALSE,TRUE
9186,ASV12137,FALSE,TRUE
9187,ASV12139,FALSE,TRUE
9188,ASV12140,FALSE,TRUE
9189,ASV12141,FALSE,TRUE
9190,ASV12142,FALSE,TRUE
9191,ASV12143,FALSE,TRUE
9192,ASV12144,FALSE,TRUE
9193,ASV12145,FALSE,TRUE
9194,ASV12146,FALSE,TRUE
9195,ASV12147,FALSE,TRUE
9196,ASV12148,FALSE,TRUE
9197,ASV12149,FALSE,TRUE
9198,ASV12150,FALSE,TRUE
9199,ASV12151,FALSE,TRUE
9200,ASV12152,FALSE,TRUE
9201,ASV12153,FALSE,TRUE
9202,ASV12155,FALSE,TRUE
9203,ASV12157,FALSE,TRUE
9204,ASV12158,FALSE,TRUE
9205,ASV12159,FALSE,TRUE
9206,ASV12161,FALSE,TRUE
9207,ASV12162,FALSE,TRUE
9208,ASV12163,FALSE,TRUE
9209,ASV12164,FALSE,TRUE
9210,ASV12165,FALSE,TRUE
9211,ASV12166,FALSE,TRUE
9212,ASV12168,FALSE,TRUE
9213,ASV12169,FALSE,TRUE
9214,ASV12171,FALSE,TRUE
9215,ASV12172,FALSE,TRUE
9216,ASV12175,FALSE,TRUE
9217,ASV12176,FALSE,TRUE
9218,ASV12177,FALSE,TRUE
9219,ASV12179,FALSE,TRUE
9220,ASV12180,FALSE,TRUE
9221,ASV12181,FALSE,TRUE
9222,ASV12183,FALSE,TRUE
9223,ASV12187,FALSE,FALSE
9224,ASV12188,FALSE,FALSE
9225,ASV12189,FALSE,TRUE
9226,ASV12190,FALSE,TRUE
9227,ASV12191,FALSE,TRUE
9228,ASV12192,FALSE,TRUE
9229,ASV12193,FALSE,TRUE
9230,ASV12195,FALSE,TRUE
9231,ASV12196,FALSE,TRUE
9232,ASV12197,FALSE,TRUE
9233,ASV12198,FALSE,TRUE
9234,ASV12199,FALSE,TRUE
9235,ASV12200,FALSE,TRUE
9236,ASV12202,FALSE,TRUE
9237,ASV12204,TRUE,FALSE
9238,ASV12205,TRUE,FALSE
9239,ASV12207,TRUE,FALSE
9240,ASV12209,TRUE,FALSE
9241,ASV12211,TRUE,FALSE
9242,ASV12213,FALSE,TRUE
9243,ASV12215,FALSE,TRUE
9244,ASV12216,FALSE,TRUE
9245,ASV12218,FALSE,TRUE
9246,ASV12219,FALSE,TRUE
9247,ASV12220,FALSE,TRUE
9248,ASV12221,FALSE,TRUE
9249,ASV12222,FALSE,TRUE
9250,ASV12223,FALSE,TRUE
9251,ASV12224,FALSE,TRUE
9252,ASV12225,TRUE,FALSE
9253,ASV12226,TRUE,FALSE
9254,ASV12227,TRUE,FALSE
9255,ASV12228,TRUE,FALSE
9256,ASV12230,FALSE,TRUE
9257,ASV12231,FALSE,TRUE
9258,ASV12242,FALSE,FALSE
9259,ASV12243,TRUE,FALSE
9260,ASV12244,FALSE,FALSE
9261,ASV12246,TRUE,FALSE
9262,ASV12249,TRUE,FALSE
9263,ASV12250,TRUE,FALSE
9264,ASV12252,FALSE,FALSE
9265,ASV12253,TRUE,FALSE
9266,ASV12257,TRUE,FALSE
9267,ASV12258,TRUE,FALSE
9268,ASV12259,TRUE,FALSE
9269,ASV12260,TRUE,FALSE
9270,ASV12261,TRUE,FALSE
9271,ASV12263,FALSE,FALSE
9272,ASV12265,FALSE,FALSE
9273,ASV12266,TRUE,FALSE
9274,ASV12268,TRUE,FALSE
9275,ASV12269,TRUE,FALSE
9276,ASV12270,TRUE,FALSE
9277,ASV12272,TRUE,FALSE
9278,ASV12273,TRUE,FALSE
9279,ASV12274,TRUE,FALSE
9280,ASV12275,TRUE,FALSE
9281,ASV12276,TRUE,FALSE
9282,ASV12277,FALSE,FALSE
9283,ASV12281,FALSE,TRUE
9284,ASV12282,FALSE,TRUE
9285,ASV12283,FALSE,TRUE
9286,ASV12284,FALSE,TRUE
9287,ASV12287,TRUE,FALSE
9288,ASV12289,TRUE,FALSE
9289,ASV12290,TRUE,FALSE
9290,ASV12291,TRUE,FALSE
9291,ASV12292,FALSE,FALSE
9292,ASV12293,TRUE,FALSE
9293,ASV12294,TRUE,FALSE
9294,ASV12296,TRUE,FALSE
9295,ASV12298,TRUE,FALSE
9296,ASV12300,TRUE,FALSE
9297,ASV12301,TRUE,FALSE
9298,ASV12302,TRUE,FALSE
9299,ASV12304,TRUE,FALSE
9300,ASV12305,TRUE,FALSE
9301,ASV12306,TRUE,FALSE
9302,ASV12307,TRUE,FALSE
9303,ASV12308,TRUE,FALSE
9304,ASV12309,TRUE,FALSE
9305,ASV12310,TRUE,FALSE
9306,ASV12311,TRUE,FALSE
9307,ASV12312,TRUE,FALSE
9308,ASV12313,TRUE,FALSE
9309,ASV12314,FALSE,FALSE
9310,ASV12317,TRUE,FALSE
9311,ASV12318,TRUE,FALSE
9312,ASV12320,TRUE,FALSE
9313,ASV12321,TRUE,FALSE
9314,ASV12322,TRUE,FALSE
9315,ASV12324,TRUE,FALSE
9316,ASV12325,TRUE,FALSE
9317,ASV12326,TRUE,FALSE
9318,ASV12327,TRUE,FALSE
9319,ASV12329,TRUE,FALSE
9320,ASV12330,TRUE,FALSE
9321,ASV12331,TRUE,FALSE
9322,ASV12332,TRUE,FALSE
9323,ASV12333,TRUE,FALSE
9324,ASV12334,TRUE,FALSE
9325,ASV12336,TRUE,FALSE
9326,ASV12337,TRUE,FALSE
9327,ASV12338,TRUE,FALSE
9328,ASV12339,TRUE,FALSE
9329,ASV12340,TRUE,FALSE
9330,ASV12341,TRUE,FALSE
9331,ASV12343,TRUE,FALSE
9332,ASV12344,FALSE,FALSE
9333,ASV12346,FALSE,FALSE
9334,ASV12347,FALSE,TRUE
9335,ASV12349,FALSE,TRUE
9336,ASV12350,FALSE,TRUE
9337,ASV12351,FALSE,TRUE
9338,ASV12352,FALSE,TRUE
9339,ASV12354,FALSE,TRUE
9340,ASV12355,FALSE,TRUE
9341,ASV12356,FALSE,FALSE
9342,ASV12357,FALSE,TRUE
9343,ASV12358,FALSE,TRUE
9344,ASV12359,FALSE,TRUE
9345,ASV12362,FALSE,TRUE
9346,ASV12365,FALSE,TRUE
9347,ASV12366,FALSE,TRUE
9348,ASV12367,FALSE,FALSE
9349,ASV12368,FALSE,TRUE
9350,ASV12371,FALSE,TRUE
9351,ASV12374,FALSE,TRUE
9352,ASV12375,FALSE,TRUE
9353,ASV12377,FALSE,TRUE
9354,ASV12378,FALSE,TRUE
9355,ASV12380,FALSE,TRUE
9356,ASV12382,FALSE,TRUE
9357,ASV12383,FALSE,TRUE
9358,ASV12388,FALSE,TRUE
9359,ASV12389,FALSE,TRUE
9360,ASV12392,FALSE,TRUE
9361,ASV12393,FALSE,TRUE
9362,ASV12395,FALSE,TRUE
9363,ASV12398,FALSE,TRUE
9364,ASV12399,FALSE,TRUE
9365,ASV12404,FALSE,TRUE
9366,ASV12405,FALSE,TRUE
9367,ASV12406,FALSE,TRUE
9368,ASV12407,FALSE,TRUE
9369,ASV12410,FALSE,TRUE
9370,ASV12411,FALSE,TRUE
9371,ASV12412,FALSE,TRUE
9372,ASV12413,FALSE,TRUE
9373,ASV12415,FALSE,TRUE
9374,ASV12417,FALSE,TRUE
9375,ASV12419,FALSE,TRUE
9376,ASV12420,FALSE,TRUE
9377,ASV12422,FALSE,TRUE
9378,ASV12425,FALSE,TRUE
9379,ASV12426,FALSE,TRUE
9380,ASV12428,FALSE,TRUE
9381,ASV12429,FALSE,TRUE
9382,ASV12431,FALSE,TRUE
9383,ASV12432,FALSE,TRUE
9384,ASV12433,FALSE,TRUE
9385,ASV12434,FALSE,TRUE
9386,ASV12436,FALSE,TRUE
9387,ASV12437,FALSE,TRUE
9388,ASV12438,FALSE,TRUE
9389,ASV12440,FALSE,TRUE
9390,ASV12441,FALSE,TRUE
9391,ASV12443,FALSE,TRUE
9392,ASV12445,FALSE,TRUE
9393,ASV12447,TRUE,FALSE
9394,ASV12448,TRUE,FALSE
9395,ASV12449,TRUE,FALSE
9396,ASV12450,TRUE,FALSE
9397,ASV12452,TRUE,FALSE
9398,ASV12454,FALSE,FALSE
9399,ASV12455,TRUE,FALSE
9400,ASV12456,TRUE,FALSE
9401,ASV12458,TRUE,FALSE
9402,ASV12459,TRUE,FALSE
9403,ASV12460,TRUE,FALSE
9404,ASV12461,TRUE,FALSE
9405,ASV12462,TRUE,FALSE
9406,ASV12463,TRUE,FALSE
9407,ASV12464,TRUE,FALSE
9408,ASV12465,FALSE,FALSE
9409,ASV12467,FALSE,TRUE
9410,ASV12468,FALSE,TRUE
9411,ASV12469,FALSE,TRUE
9412,ASV12470,FALSE,FALSE
9413,ASV12473,FALSE,TRUE
9414,ASV12474,FALSE,TRUE
9415,ASV12476,FALSE,TRUE
9416,ASV12477,FALSE,TRUE
9417,ASV12478,FALSE,TRUE
9418,ASV12480,TRUE,FALSE
9419,ASV12482,TRUE,FALSE
9420,ASV12483,FALSE,TRUE
9421,ASV12484,FALSE,TRUE
9422,ASV12501,FALSE,FALSE
9423,ASV12502,TRUE,FALSE
9424,ASV12503,FALSE,FALSE
9425,ASV12504,TRUE,FALSE
9426,ASV12506,TRUE,FALSE
9427,ASV12507,TRUE,FALSE
9428,ASV12508,FALSE,FALSE
9429,ASV12511,TRUE,FALSE
9430,ASV12512,TRUE,FALSE
9431,ASV12513,TRUE,FALSE
9432,ASV12515,TRUE,FALSE
9433,ASV12516,TRUE,FALSE
9434,ASV12518,TRUE,FALSE
9435,ASV12519,TRUE,FALSE
9436,ASV12522,TRUE,FALSE
9437,ASV12523,TRUE,FALSE
9438,ASV12525,TRUE,FALSE
9439,ASV12527,TRUE,FALSE
9440,ASV12529,TRUE,FALSE
9441,ASV12530,TRUE,FALSE
9442,ASV12533,TRUE,FALSE
9443,ASV12534,TRUE,FALSE
9444,ASV12536,FALSE,FALSE
9445,ASV12537,FALSE,TRUE
9446,ASV12538,FALSE,TRUE
9447,ASV12540,FALSE,TRUE
9448,ASV12541,TRUE,FALSE
9449,ASV12542,TRUE,FALSE
9450,ASV12544,TRUE,FALSE
9451,ASV12545,TRUE,FALSE
9452,ASV12547,TRUE,FALSE
9453,ASV12551,TRUE,FALSE
9454,ASV12552,TRUE,FALSE
9455,ASV12553,TRUE,FALSE
9456,ASV12555,FALSE,FALSE
9457,ASV12557,TRUE,FALSE
9458,ASV12560,TRUE,FALSE
9459,ASV12561,FALSE,FALSE
9460,ASV12563,FALSE,FALSE
9461,ASV12567,TRUE,FALSE
9462,ASV12568,TRUE,FALSE
9463,ASV12570,TRUE,FALSE
9464,ASV12572,FALSE,FALSE
9465,ASV12574,FALSE,FALSE
9466,ASV12579,TRUE,FALSE
9467,ASV12581,TRUE,FALSE
9468,ASV12582,TRUE,FALSE
9469,ASV12583,TRUE,FALSE
9470,ASV12585,FALSE,FALSE
9471,ASV12586,FALSE,FALSE
9472,ASV12590,FALSE,TRUE
9473,ASV12592,FALSE,TRUE
9474,ASV12593,FALSE,TRUE
9475,ASV12594,FALSE,TRUE
9476,ASV12597,FALSE,TRUE
9477,ASV12599,FALSE,TRUE
9478,ASV12601,FALSE,TRUE
9479,ASV12603,FALSE,TRUE
9480,ASV12604,FALSE,TRUE
9481,ASV12605,FALSE,TRUE
9482,ASV12606,FALSE,TRUE
9483,ASV12607,FALSE,TRUE
9484,ASV12609,FALSE,TRUE
9485,ASV12611,FALSE,TRUE
9486,ASV12612,FALSE,TRUE
9487,ASV12613,FALSE,TRUE
9488,ASV12614,FALSE,TRUE
9489,ASV12616,FALSE,TRUE
9490,ASV12617,FALSE,TRUE
9491,ASV12619,FALSE,TRUE
9492,ASV12620,FALSE,TRUE
9493,ASV12622,FALSE,TRUE
9494,ASV12623,FALSE,TRUE
9495,ASV12624,FALSE,TRUE
9496,ASV12625,FALSE,TRUE
9497,ASV12626,FALSE,TRUE
9498,ASV12627,FALSE,TRUE
9499,ASV12631,FALSE,TRUE
9500,ASV12632,FALSE,TRUE
9501,ASV12634,FALSE,TRUE
9502,ASV12636,FALSE,TRUE
9503,ASV12637,FALSE,TRUE
9504,ASV12638,FALSE,TRUE
9505,ASV12639,FALSE,TRUE
9506,ASV12640,FALSE,TRUE
9507,ASV12641,FALSE,TRUE
9508,ASV12642,FALSE,TRUE
9509,ASV12643,FALSE,TRUE
9510,ASV12644,FALSE,TRUE
9511,ASV12646,FALSE,TRUE
9512,ASV12647,FALSE,TRUE
9513,ASV12648,FALSE,TRUE
9514,ASV12649,FALSE,TRUE
9515,ASV12650,FALSE,TRUE
9516,ASV12653,FALSE,TRUE
9517,ASV12655,FALSE,TRUE
9518,ASV12656,FALSE,TRUE
9519,ASV12657,FALSE,TRUE
9520,ASV12658,FALSE,TRUE
9521,ASV12659,FALSE,TRUE
9522,ASV12662,FALSE,TRUE
9523,ASV12663,FALSE,TRUE
9524,ASV12664,FALSE,TRUE
9525,ASV12665,FALSE,TRUE
9526,ASV12666,FALSE,TRUE
9527,ASV12668,FALSE,TRUE
9528,ASV12669,FALSE,TRUE
9529,ASV12670,FALSE,TRUE
9530,ASV12671,TRUE,FALSE
9531,ASV12672,TRUE,FALSE
9532,ASV12673,TRUE,FALSE
9533,ASV12674,TRUE,FALSE
9534,ASV12675,TRUE,FALSE
9535,ASV12677,TRUE,FALSE
9536,ASV12678,TRUE,FALSE
9537,ASV12679,TRUE,FALSE
9538,ASV12681,TRUE,FALSE
9539,ASV12682,TRUE,FALSE
9540,ASV12683,TRUE,FALSE
9541,ASV12684,TRUE,FALSE
9542,ASV12685,TRUE,FALSE
9543,ASV12686,TRUE,FALSE
9544,ASV12688,TRUE,FALSE
9545,ASV12689,TRUE,FALSE
9546,ASV12690,TRUE,FALSE
9547,ASV12691,TRUE,FALSE
9548,ASV12692,TRUE,FALSE
9549,ASV12693,TRUE,FALSE
9550,ASV12694,FALSE,TRUE
9551,ASV12696,FALSE,TRUE
9552,ASV12697,FALSE,TRUE
9553,ASV12702,FALSE,TRUE
9554,ASV12704,FALSE,TRUE
9555,ASV12705,FALSE,TRUE
9556,ASV12706,TRUE,FALSE
9557,ASV12707,TRUE,FALSE
9558,ASV12708,TRUE,FALSE
9559,ASV12711,TRUE,FALSE
9560,ASV12712,FALSE,TRUE
9561,ASV12727,TRUE,FALSE
9562,ASV12728,TRUE,FALSE
9563,ASV12729,TRUE,FALSE
9564,ASV12731,TRUE,FALSE
9565,ASV12732,TRUE,FALSE
9566,ASV12733,TRUE,FALSE
9567,ASV12735,FALSE,FALSE
9568,ASV12736,TRUE,FALSE
9569,ASV12737,TRUE,FALSE
9570,ASV12738,TRUE,FALSE
9571,ASV12740,TRUE,FALSE
9572,ASV12741,TRUE,FALSE
9573,ASV12742,TRUE,FALSE
9574,ASV12744,TRUE,FALSE
9575,ASV12746,TRUE,FALSE
9576,ASV12747,TRUE,FALSE
9577,ASV12748,TRUE,FALSE
9578,ASV12749,TRUE,FALSE
9579,ASV12752,TRUE,FALSE
9580,ASV12755,TRUE,FALSE
9581,ASV12756,TRUE,FALSE
9582,ASV12757,TRUE,FALSE
9583,ASV12758,TRUE,FALSE
9584,ASV12760,TRUE,FALSE
9585,ASV12761,TRUE,FALSE
9586,ASV12764,TRUE,FALSE
9587,ASV12765,TRUE,FALSE
9588,ASV12766,FALSE,FALSE
9589,ASV12767,FALSE,FALSE
9590,ASV12769,FALSE,TRUE
9591,ASV12770,FALSE,TRUE
9592,ASV12771,FALSE,TRUE
9593,ASV12772,FALSE,TRUE
9594,ASV12773,FALSE,TRUE
9595,ASV12774,FALSE,TRUE
9596,ASV12775,FALSE,TRUE
9597,ASV12776,TRUE,FALSE
9598,ASV12777,TRUE,FALSE
9599,ASV12778,TRUE,FALSE
9600,ASV12779,TRUE,FALSE
9601,ASV12781,TRUE,FALSE
9602,ASV12782,TRUE,FALSE
9603,ASV12783,TRUE,FALSE
9604,ASV12784,TRUE,FALSE
9605,ASV12785,TRUE,FALSE
9606,ASV12786,TRUE,FALSE
9607,ASV12787,FALSE,FALSE
9608,ASV12794,FALSE,FALSE
9609,ASV12795,TRUE,FALSE
9610,ASV12797,FALSE,FALSE
9611,ASV12798,FALSE,FALSE
9612,ASV12799,FALSE,FALSE
9613,ASV12801,TRUE,FALSE
9614,ASV12802,TRUE,FALSE
9615,ASV12804,TRUE,FALSE
9616,ASV12806,TRUE,FALSE
9617,ASV12808,TRUE,FALSE
9618,ASV12809,TRUE,FALSE
9619,ASV12810,TRUE,FALSE
9620,ASV12811,TRUE,FALSE
9621,ASV12814,TRUE,FALSE
9622,ASV12815,TRUE,FALSE
9623,ASV12817,FALSE,FALSE
9624,ASV12818,TRUE,FALSE
9625,ASV12819,TRUE,FALSE
9626,ASV12820,TRUE,FALSE
9627,ASV12822,TRUE,FALSE
9628,ASV12823,TRUE,FALSE
9629,ASV12825,TRUE,FALSE
9630,ASV12826,TRUE,FALSE
9631,ASV12827,TRUE,FALSE
9632,ASV12828,TRUE,FALSE
9633,ASV12829,TRUE,FALSE
9634,ASV12832,TRUE,FALSE
9635,ASV12833,FALSE,FALSE
9636,ASV12834,FALSE,FALSE
9637,ASV12835,FALSE,FALSE
9638,ASV12836,FALSE,TRUE
9639,ASV12837,FALSE,TRUE
9640,ASV12838,FALSE,TRUE
9641,ASV12840,FALSE,TRUE
9642,ASV12841,FALSE,TRUE
9643,ASV12842,FALSE,TRUE
9644,ASV12844,FALSE,TRUE
9645,ASV12845,FALSE,TRUE
9646,ASV12846,FALSE,TRUE
9647,ASV12847,FALSE,TRUE
9648,ASV12850,FALSE,TRUE
9649,ASV12851,FALSE,TRUE
9650,ASV12854,FALSE,TRUE
9651,ASV12855,FALSE,TRUE
9652,ASV12856,FALSE,TRUE
9653,ASV12859,FALSE,TRUE
9654,ASV12860,FALSE,TRUE
9655,ASV12861,FALSE,TRUE
9656,ASV12867,FALSE,TRUE
9657,ASV12868,FALSE,TRUE
9658,ASV12870,FALSE,TRUE
9659,ASV12871,FALSE,TRUE
9660,ASV12872,FALSE,TRUE
9661,ASV12874,FALSE,TRUE
9662,ASV12877,FALSE,TRUE
9663,ASV12878,FALSE,TRUE
9664,ASV12879,FALSE,TRUE
9665,ASV12880,FALSE,TRUE
9666,ASV12881,FALSE,TRUE
9667,ASV12882,FALSE,TRUE
9668,ASV12883,FALSE,TRUE
9669,ASV12885,FALSE,TRUE
9670,ASV12886,FALSE,TRUE
9671,ASV12887,FALSE,TRUE
9672,ASV12888,FALSE,TRUE
9673,ASV12889,FALSE,TRUE
9674,ASV12890,FALSE,TRUE
9675,ASV12891,FALSE,TRUE
9676,ASV12892,FALSE,FALSE
9677,ASV12894,FALSE,TRUE
9678,ASV12895,FALSE,TRUE
9679,ASV12898,FALSE,TRUE
9680,ASV12899,FALSE,TRUE
9681,ASV12900,FALSE,TRUE
9682,ASV12901,FALSE,TRUE
9683,ASV12902,FALSE,TRUE
9684,ASV12903,FALSE,TRUE
9685,ASV12904,FALSE,TRUE
9686,ASV12906,FALSE,TRUE
9687,ASV12907,FALSE,TRUE
9688,ASV12908,FALSE,TRUE
9689,ASV12909,FALSE,TRUE
9690,ASV12913,FALSE,TRUE
9691,ASV12914,FALSE,TRUE
9692,ASV12916,FALSE,TRUE
9693,ASV12917,FALSE,TRUE
9694,ASV12918,FALSE,TRUE
9695,ASV12921,FALSE,TRUE
9696,ASV12922,FALSE,TRUE
9697,ASV12924,FALSE,TRUE
9698,ASV12925,FALSE,TRUE
9699,ASV12928,FALSE,TRUE
9700,ASV12930,FALSE,TRUE
9701,ASV12931,FALSE,TRUE
9702,ASV12932,FALSE,TRUE
9703,ASV12934,FALSE,TRUE
9704,ASV12936,FALSE,TRUE
9705,ASV12937,FALSE,TRUE
9706,ASV12940,FALSE,TRUE
9707,ASV12941,FALSE,TRUE
9708,ASV12944,FALSE,TRUE
9709,ASV12945,FALSE,TRUE
9710,ASV12946,FALSE,TRUE
9711,ASV12947,FALSE,TRUE
9712,ASV12948,FALSE,TRUE
9713,ASV12949,FALSE,TRUE
9714,ASV12950,FALSE,TRUE
9715,ASV12953,FALSE,TRUE
9716,ASV12954,FALSE,TRUE
9717,ASV12955,FALSE,TRUE
9718,ASV12956,FALSE,TRUE
9719,ASV12957,FALSE,FALSE
9720,ASV12958,TRUE,FALSE
9721,ASV12960,TRUE,FALSE
9722,ASV12962,TRUE,FALSE
9723,ASV12963,TRUE,FALSE
9724,ASV12966,TRUE,FALSE
9725,ASV12967,TRUE,FALSE
9726,ASV12968,TRUE,FALSE
9727,ASV12969,TRUE,FALSE
9728,ASV12970,TRUE,FALSE
9729,ASV12971,TRUE,FALSE
9730,ASV12973,TRUE,FALSE
9731,ASV12974,TRUE,FALSE
9732,ASV12975,TRUE,FALSE
9733,ASV12976,FALSE,TRUE
9734,ASV12977,FALSE,TRUE
9735,ASV12981,TRUE,FALSE
9736,ASV12982,TRUE,FALSE
9737,ASV12984,TRUE,FALSE
9738,ASV12985,TRUE,FALSE
9739,ASV12987,FALSE,TRUE
9740,ASV12988,FALSE,TRUE
9741,ASV12989,FALSE,TRUE
9742,ASV12990,FALSE,TRUE
9743,ASV13009,TRUE,FALSE
9744,ASV13010,TRUE,FALSE
9745,ASV13012,TRUE,FALSE
9746,ASV13013,TRUE,FALSE
9747,ASV13015,TRUE,FALSE
9748,ASV13016,FALSE,FALSE
9749,ASV13018,TRUE,FALSE
9750,ASV13019,TRUE,FALSE
9751,ASV13020,TRUE,FALSE
9752,ASV13021,TRUE,FALSE
9753,ASV13022,TRUE,FALSE
9754,ASV13024,TRUE,FALSE
9755,ASV13025,TRUE,FALSE
9756,ASV13026,TRUE,FALSE
9757,ASV13027,FALSE,FALSE
9758,ASV13028,TRUE,FALSE
9759,ASV13029,TRUE,FALSE
9760,ASV13030,TRUE,FALSE
9761,ASV13031,TRUE,FALSE
9762,ASV13032,TRUE,FALSE
9763,ASV13035,TRUE,FALSE
9764,ASV13036,TRUE,FALSE
9765,ASV13039,TRUE,FALSE
9766,ASV13040,FALSE,FALSE
9767,ASV13041,FALSE,FALSE
9768,ASV13042,FALSE,TRUE
9769,ASV13043,FALSE,TRUE
9770,ASV13044,FALSE,TRUE
9771,ASV13046,FALSE,TRUE
9772,ASV13047,FALSE,TRUE
9773,ASV13048,FALSE,TRUE
9774,ASV13049,TRUE,FALSE
9775,ASV13053,TRUE,FALSE
9776,ASV13054,TRUE,FALSE
9777,ASV13055,TRUE,FALSE
9778,ASV13057,TRUE,FALSE
9779,ASV13058,TRUE,FALSE
9780,ASV13059,TRUE,FALSE
9781,ASV13060,TRUE,FALSE
9782,ASV13061,TRUE,FALSE
9783,ASV13062,TRUE,FALSE
9784,ASV13063,TRUE,FALSE
9785,ASV13066,TRUE,FALSE
9786,ASV13067,TRUE,FALSE
9787,ASV13069,TRUE,FALSE
9788,ASV13071,TRUE,FALSE
9789,ASV13072,TRUE,FALSE
9790,ASV13073,TRUE,FALSE
9791,ASV13074,FALSE,FALSE
9792,ASV13075,FALSE,FALSE
9793,ASV13076,TRUE,FALSE
9794,ASV13079,TRUE,FALSE
9795,ASV13080,TRUE,FALSE
9796,ASV13081,TRUE,FALSE
9797,ASV13082,TRUE,FALSE
9798,ASV13083,TRUE,FALSE
9799,ASV13085,TRUE,FALSE
9800,ASV13087,FALSE,FALSE
9801,ASV13088,TRUE,FALSE
9802,ASV13089,TRUE,FALSE
9803,ASV13090,TRUE,FALSE
9804,ASV13091,TRUE,FALSE
9805,ASV13093,TRUE,FALSE
9806,ASV13094,TRUE,FALSE
9807,ASV13095,TRUE,FALSE
9808,ASV13097,TRUE,FALSE
9809,ASV13099,TRUE,FALSE
9810,ASV13100,FALSE,TRUE
9811,ASV13102,FALSE,TRUE
9812,ASV13103,FALSE,TRUE
9813,ASV13104,FALSE,TRUE
9814,ASV13105,FALSE,TRUE
9815,ASV13106,FALSE,TRUE
9816,ASV13107,FALSE,TRUE
9817,ASV13108,FALSE,TRUE
9818,ASV13109,FALSE,TRUE
9819,ASV13110,FALSE,TRUE
9820,ASV13111,FALSE,TRUE
9821,ASV13113,FALSE,TRUE
9822,ASV13115,FALSE,TRUE
9823,ASV13116,FALSE,TRUE
9824,ASV13119,FALSE,TRUE
9825,ASV13120,FALSE,TRUE
9826,ASV13121,FALSE,TRUE
9827,ASV13122,FALSE,TRUE
9828,ASV13125,FALSE,TRUE
9829,ASV13126,FALSE,FALSE
9830,ASV13128,FALSE,TRUE
9831,ASV13129,FALSE,TRUE
9832,ASV13132,FALSE,TRUE
9833,ASV13133,FALSE,TRUE
9834,ASV13134,FALSE,TRUE
9835,ASV13135,FALSE,TRUE
9836,ASV13136,FALSE,TRUE
9837,ASV13137,FALSE,TRUE
9838,ASV13138,FALSE,TRUE
9839,ASV13141,FALSE,TRUE
9840,ASV13145,FALSE,TRUE
9841,ASV13146,FALSE,TRUE
9842,ASV13148,FALSE,TRUE
9843,ASV13149,FALSE,TRUE
9844,ASV13150,FALSE,TRUE
9845,ASV13154,FALSE,TRUE
9846,ASV13157,FALSE,TRUE
9847,ASV13159,FALSE,TRUE
9848,ASV13160,FALSE,TRUE
9849,ASV13162,FALSE,TRUE
9850,ASV13165,FALSE,TRUE
9851,ASV13166,FALSE,TRUE
9852,ASV13167,FALSE,TRUE
9853,ASV13169,FALSE,TRUE
9854,ASV13170,FALSE,TRUE
9855,ASV13171,FALSE,TRUE
9856,ASV13174,FALSE,TRUE
9857,ASV13177,FALSE,TRUE
9858,ASV13179,FALSE,TRUE
9859,ASV13180,FALSE,TRUE
9860,ASV13182,FALSE,TRUE
9861,ASV13183,FALSE,TRUE
9862,ASV13186,FALSE,TRUE
9863,ASV13187,FALSE,TRUE
9864,ASV13188,FALSE,TRUE
9865,ASV13189,FALSE,TRUE
9866,ASV13190,FALSE,TRUE
9867,ASV13191,FALSE,TRUE
9868,ASV13194,FALSE,TRUE
9869,ASV13196,FALSE,TRUE
9870,ASV13198,FALSE,TRUE
9871,ASV13199,TRUE,FALSE
9872,ASV13200,TRUE,FALSE
9873,ASV13201,TRUE,FALSE
9874,ASV13202,TRUE,FALSE
9875,ASV13203,TRUE,FALSE
9876,ASV13204,TRUE,FALSE
9877,ASV13206,TRUE,FALSE
9878,ASV13208,TRUE,FALSE
9879,ASV13211,TRUE,FALSE
9880,ASV13212,TRUE,FALSE
9881,ASV13213,TRUE,FALSE
9882,ASV13214,TRUE,FALSE
9883,ASV13215,TRUE,FALSE
9884,ASV13216,FALSE,TRUE
9885,ASV13217,FALSE,TRUE
9886,ASV13219,FALSE,TRUE
9887,ASV13220,FALSE,TRUE
9888,ASV13222,FALSE,TRUE
9889,ASV13223,FALSE,TRUE
9890,ASV13225,FALSE,TRUE
9891,ASV13227,FALSE,TRUE
9892,ASV13230,TRUE,FALSE
9893,ASV13231,TRUE,FALSE
9894,ASV13232,TRUE,FALSE
9895,ASV13234,TRUE,FALSE
9896,ASV13235,TRUE,FALSE
9897,ASV13237,FALSE,TRUE
9898,ASV13238,FALSE,TRUE
9899,ASV13239,FALSE,TRUE
9900,ASV13240,FALSE,TRUE
9901,ASV13254,TRUE,FALSE
9902,ASV13257,TRUE,FALSE
9903,ASV13258,TRUE,FALSE
9904,ASV13259,TRUE,FALSE
9905,ASV13260,TRUE,FALSE
9906,ASV13262,TRUE,FALSE
9907,ASV13263,TRUE,FALSE
9908,ASV13264,TRUE,FALSE
9909,ASV13265,TRUE,FALSE
9910,ASV13268,TRUE,FALSE
9911,ASV13270,TRUE,FALSE
9912,ASV13271,TRUE,FALSE
9913,ASV13274,TRUE,FALSE
9914,ASV13276,TRUE,FALSE
9915,ASV13277,TRUE,FALSE
9916,ASV13278,TRUE,FALSE
9917,ASV13279,TRUE,FALSE
9918,ASV13280,TRUE,FALSE
9919,ASV13281,TRUE,FALSE
9920,ASV13282,TRUE,FALSE
9921,ASV13283,TRUE,FALSE
9922,ASV13284,TRUE,FALSE
9923,ASV13286,TRUE,FALSE
9924,ASV13287,FALSE,FALSE
9925,ASV13290,TRUE,FALSE
9926,ASV13291,FALSE,TRUE
9927,ASV13292,FALSE,TRUE
9928,ASV13293,FALSE,TRUE
9929,ASV13295,FALSE,FALSE
9930,ASV13296,FALSE,FALSE
9931,ASV13297,TRUE,FALSE
9932,ASV13298,TRUE,FALSE
9933,ASV13299,TRUE,FALSE
9934,ASV13300,TRUE,FALSE
9935,ASV13301,TRUE,FALSE
9936,ASV13302,TRUE,FALSE
9937,ASV13303,TRUE,FALSE
9938,ASV13306,TRUE,FALSE
9939,ASV13307,TRUE,FALSE
9940,ASV13308,TRUE,FALSE
9941,ASV13309,TRUE,FALSE
9942,ASV13310,TRUE,FALSE
9943,ASV13315,TRUE,FALSE
9944,ASV13316,TRUE,FALSE
9945,ASV13317,TRUE,FALSE
9946,ASV13322,TRUE,FALSE
9947,ASV13323,TRUE,FALSE
9948,ASV13324,TRUE,FALSE
9949,ASV13325,TRUE,FALSE
9950,ASV13327,TRUE,FALSE
9951,ASV13328,TRUE,FALSE
9952,ASV13329,TRUE,FALSE
9953,ASV13331,TRUE,FALSE
9954,ASV13332,TRUE,FALSE
9955,ASV13333,TRUE,FALSE
9956,ASV13334,TRUE,FALSE
9957,ASV13335,TRUE,FALSE
9958,ASV13336,TRUE,FALSE
9959,ASV13337,TRUE,FALSE
9960,ASV13338,TRUE,FALSE
9961,ASV13340,TRUE,FALSE
9962,ASV13341,TRUE,FALSE
9963,ASV13342,TRUE,FALSE
9964,ASV13343,TRUE,FALSE
9965,ASV13344,TRUE,FALSE
9966,ASV13345,TRUE,FALSE
9967,ASV13346,TRUE,FALSE
9968,ASV13347,TRUE,FALSE
9969,ASV13348,TRUE,FALSE
9970,ASV13349,TRUE,FALSE
9971,ASV13350,TRUE,FALSE
9972,ASV13351,TRUE,FALSE
9973,ASV13352,TRUE,FALSE
9974,ASV13353,FALSE,FALSE
9975,ASV13354,TRUE,FALSE
9976,ASV13357,FALSE,TRUE
9977,ASV13358,FALSE,TRUE
9978,ASV13359,FALSE,TRUE
9979,ASV13363,FALSE,TRUE
9980,ASV13364,FALSE,TRUE
9981,ASV13365,FALSE,TRUE
9982,ASV13367,FALSE,TRUE
9983,ASV13372,FALSE,TRUE
9984,ASV13377,FALSE,TRUE
9985,ASV13379,FALSE,TRUE
9986,ASV13380,FALSE,TRUE
9987,ASV13381,FALSE,TRUE
9988,ASV13384,FALSE,TRUE
9989,ASV13387,FALSE,TRUE
9990,ASV13390,FALSE,TRUE
9991,ASV13391,FALSE,TRUE
9992,ASV13392,FALSE,TRUE
9993,ASV13393,FALSE,TRUE
9994,ASV13394,FALSE,TRUE
9995,ASV13396,FALSE,TRUE
9996,ASV13397,FALSE,TRUE
9997,ASV13399,FALSE,TRUE
9998,ASV13402,FALSE,TRUE
9999,ASV13405,FALSE,TRUE
10000,ASV13407,FALSE,TRUE
10001,ASV13410,FALSE,TRUE
10002,ASV13411,FALSE,TRUE
10003,ASV13412,FALSE,TRUE
10004,ASV13414,FALSE,TRUE
10005,ASV13416,FALSE,TRUE
10006,ASV13418,FALSE,TRUE
10007,ASV13419,FALSE,TRUE
10008,ASV13422,FALSE,TRUE
10009,ASV13423,FALSE,TRUE
10010,ASV13424,FALSE,TRUE
10011,ASV13426,FALSE,TRUE
10012,ASV13427,FALSE,TRUE
10013,ASV13429,FALSE,FALSE
10014,ASV13431,FALSE,TRUE
10015,ASV13433,FALSE,TRUE
10016,ASV13434,FALSE,TRUE
10017,ASV13435,FALSE,TRUE
10018,ASV13436,FALSE,TRUE
10019,ASV13437,FALSE,TRUE
10020,ASV13438,FALSE,TRUE
10021,ASV13439,FALSE,TRUE
10022,ASV13440,FALSE,TRUE
10023,ASV13441,FALSE,TRUE
10024,ASV13444,FALSE,TRUE
10025,ASV13448,FALSE,TRUE
10026,ASV13449,FALSE,TRUE
10027,ASV13450,FALSE,TRUE
10028,ASV13451,FALSE,TRUE
10029,ASV13452,FALSE,TRUE
10030,ASV13454,FALSE,TRUE
10031,ASV13457,FALSE,TRUE
10032,ASV13458,TRUE,FALSE
10033,ASV13460,TRUE,FALSE
10034,ASV13462,TRUE,FALSE
10035,ASV13463,TRUE,FALSE
10036,ASV13464,TRUE,FALSE
10037,ASV13465,TRUE,FALSE
10038,ASV13466,TRUE,FALSE
10039,ASV13467,TRUE,FALSE
10040,ASV13468,TRUE,FALSE
10041,ASV13470,TRUE,FALSE
10042,ASV13471,TRUE,FALSE
10043,ASV13472,TRUE,FALSE
10044,ASV13473,TRUE,FALSE
10045,ASV13475,TRUE,FALSE
10046,ASV13476,TRUE,FALSE
10047,ASV13477,TRUE,FALSE
10048,ASV13478,FALSE,TRUE
10049,ASV13479,FALSE,TRUE
10050,ASV13480,FALSE,TRUE
10051,ASV13481,FALSE,TRUE
10052,ASV13482,FALSE,TRUE
10053,ASV13483,FALSE,TRUE
10054,ASV13484,FALSE,TRUE
10055,ASV13485,FALSE,TRUE
10056,ASV13488,FALSE,TRUE
10057,ASV13489,FALSE,TRUE
10058,ASV13491,FALSE,TRUE
10059,ASV13492,FALSE,TRUE
10060,ASV13493,TRUE,FALSE
10061,ASV13494,TRUE,FALSE
10062,ASV13495,TRUE,FALSE
10063,ASV13496,TRUE,FALSE
10064,ASV13497,FALSE,TRUE
10065,ASV13498,FALSE,TRUE
10066,ASV13499,FALSE,TRUE
10067,ASV13501,FALSE,TRUE
10068,ASV13502,FALSE,TRUE
10069,ASV13503,FALSE,TRUE
10070,ASV13504,FALSE,TRUE
10071,ASV13524,TRUE,FALSE
10072,ASV13527,TRUE,FALSE
10073,ASV13530,TRUE,FALSE
10074,ASV13531,TRUE,FALSE
10075,ASV13533,TRUE,FALSE
10076,ASV13535,TRUE,FALSE
10077,ASV13536,TRUE,FALSE
10078,ASV13537,TRUE,FALSE
10079,ASV13538,TRUE,FALSE
10080,ASV13541,FALSE,FALSE
10081,ASV13542,TRUE,FALSE
10082,ASV13543,TRUE,FALSE
10083,ASV13544,TRUE,FALSE
10084,ASV13546,TRUE,FALSE
10085,ASV13547,TRUE,FALSE
10086,ASV13548,TRUE,FALSE
10087,ASV13549,TRUE,FALSE
10088,ASV13550,TRUE,FALSE
10089,ASV13551,TRUE,FALSE
10090,ASV13553,TRUE,FALSE
10091,ASV13554,TRUE,FALSE
10092,ASV13556,FALSE,FALSE
10093,ASV13558,FALSE,FALSE
10094,ASV13561,FALSE,TRUE
10095,ASV13562,FALSE,TRUE
10096,ASV13563,FALSE,TRUE
10097,ASV13564,TRUE,FALSE
10098,ASV13565,TRUE,FALSE
10099,ASV13566,TRUE,FALSE
10100,ASV13567,TRUE,FALSE
10101,ASV13569,TRUE,FALSE
10102,ASV13570,TRUE,FALSE
10103,ASV13572,TRUE,FALSE
10104,ASV13573,TRUE,FALSE
10105,ASV13574,TRUE,FALSE
10106,ASV13576,TRUE,FALSE
10107,ASV13577,TRUE,FALSE
10108,ASV13578,TRUE,FALSE
10109,ASV13579,TRUE,FALSE
10110,ASV13580,TRUE,FALSE
10111,ASV13581,TRUE,FALSE
10112,ASV13583,TRUE,FALSE
10113,ASV13584,TRUE,FALSE
10114,ASV13588,FALSE,FALSE
10115,ASV13589,FALSE,FALSE
10116,ASV13592,TRUE,FALSE
10117,ASV13594,TRUE,FALSE
10118,ASV13596,FALSE,FALSE
10119,ASV13600,TRUE,FALSE
10120,ASV13601,TRUE,FALSE
10121,ASV13603,TRUE,FALSE
10122,ASV13604,TRUE,FALSE
10123,ASV13605,TRUE,FALSE
10124,ASV13606,TRUE,FALSE
10125,ASV13608,TRUE,FALSE
10126,ASV13609,TRUE,FALSE
10127,ASV13610,TRUE,FALSE
10128,ASV13612,TRUE,FALSE
10129,ASV13613,TRUE,FALSE
10130,ASV13614,TRUE,FALSE
10131,ASV13615,TRUE,FALSE
10132,ASV13617,TRUE,FALSE
10133,ASV13618,TRUE,FALSE
10134,ASV13619,TRUE,FALSE
10135,ASV13620,FALSE,FALSE
10136,ASV13621,FALSE,TRUE
10137,ASV13622,FALSE,TRUE
10138,ASV13623,FALSE,TRUE
10139,ASV13624,FALSE,TRUE
10140,ASV13626,FALSE,TRUE
10141,ASV13627,FALSE,TRUE
10142,ASV13628,FALSE,TRUE
10143,ASV13629,FALSE,TRUE
10144,ASV13631,FALSE,TRUE
10145,ASV13633,FALSE,TRUE
10146,ASV13634,FALSE,TRUE
10147,ASV13636,FALSE,TRUE
10148,ASV13637,FALSE,TRUE
10149,ASV13638,FALSE,FALSE
10150,ASV13640,FALSE,TRUE
10151,ASV13641,FALSE,TRUE
10152,ASV13642,FALSE,TRUE
10153,ASV13644,FALSE,TRUE
10154,ASV13646,FALSE,TRUE
10155,ASV13647,FALSE,TRUE
10156,ASV13648,FALSE,TRUE
10157,ASV13650,FALSE,TRUE
10158,ASV13654,FALSE,TRUE
10159,ASV13657,FALSE,TRUE
10160,ASV13658,FALSE,TRUE
10161,ASV13659,FALSE,TRUE
10162,ASV13660,FALSE,TRUE
10163,ASV13663,FALSE,TRUE
10164,ASV13664,FALSE,TRUE
10165,ASV13666,FALSE,TRUE
10166,ASV13668,FALSE,TRUE
10167,ASV13669,FALSE,TRUE
10168,ASV13670,FALSE,TRUE
10169,ASV13671,FALSE,TRUE
10170,ASV13675,FALSE,TRUE
10171,ASV13676,FALSE,TRUE
10172,ASV13677,FALSE,TRUE
10173,ASV13678,FALSE,TRUE
10174,ASV13679,FALSE,TRUE
10175,ASV13681,FALSE,TRUE
10176,ASV13682,FALSE,TRUE
10177,ASV13686,FALSE,TRUE
10178,ASV13692,FALSE,TRUE
10179,ASV13693,FALSE,TRUE
10180,ASV13695,FALSE,TRUE
10181,ASV13697,FALSE,TRUE
10182,ASV13699,FALSE,TRUE
10183,ASV13701,FALSE,TRUE
10184,ASV13702,FALSE,TRUE
10185,ASV13703,FALSE,TRUE
10186,ASV13704,FALSE,TRUE
10187,ASV13705,FALSE,TRUE
10188,ASV13708,FALSE,TRUE
10189,ASV13709,FALSE,TRUE
10190,ASV13710,FALSE,TRUE
10191,ASV13711,FALSE,TRUE
10192,ASV13712,FALSE,TRUE
10193,ASV13713,FALSE,TRUE
10194,ASV13714,FALSE,TRUE
10195,ASV13716,FALSE,TRUE
10196,ASV13717,FALSE,TRUE
10197,ASV13719,FALSE,TRUE
10198,ASV13720,FALSE,TRUE
10199,ASV13723,FALSE,TRUE
10200,ASV13726,FALSE,TRUE
10201,ASV13728,TRUE,FALSE
10202,ASV13729,TRUE,FALSE
10203,ASV13730,TRUE,FALSE
10204,ASV13731,TRUE,FALSE
10205,ASV13732,TRUE,FALSE
10206,ASV13733,TRUE,FALSE
10207,ASV13734,TRUE,FALSE
10208,ASV13735,TRUE,FALSE
10209,ASV13736,TRUE,FALSE
10210,ASV13738,TRUE,FALSE
10211,ASV13739,TRUE,FALSE
10212,ASV13740,TRUE,FALSE
10213,ASV13741,TRUE,FALSE
10214,ASV13743,TRUE,FALSE
10215,ASV13744,FALSE,TRUE
10216,ASV13745,FALSE,TRUE
10217,ASV13747,FALSE,TRUE
10218,ASV13748,FALSE,TRUE
10219,ASV13749,FALSE,TRUE
10220,ASV13750,FALSE,TRUE
10221,ASV13751,FALSE,TRUE
10222,ASV13755,TRUE,FALSE
10223,ASV13756,TRUE,FALSE
10224,ASV13757,TRUE,FALSE
10225,ASV13758,FALSE,FALSE
10226,ASV13759,FALSE,TRUE
10227,ASV13760,FALSE,TRUE
10228,ASV13761,FALSE,TRUE
10229,ASV13762,FALSE,TRUE
10230,ASV13763,FALSE,TRUE
10231,ASV13764,FALSE,TRUE
10232,ASV13785,FALSE,FALSE
10233,ASV13789,TRUE,FALSE
10234,ASV13790,TRUE,FALSE
10235,ASV13791,TRUE,FALSE
10236,ASV13792,FALSE,FALSE
10237,ASV13793,TRUE,FALSE
10238,ASV13794,TRUE,FALSE
10239,ASV13796,TRUE,FALSE
10240,ASV13797,TRUE,FALSE
10241,ASV13799,TRUE,FALSE
10242,ASV13801,TRUE,FALSE
10243,ASV13802,TRUE,FALSE
10244,ASV13803,TRUE,FALSE
10245,ASV13805,TRUE,FALSE
10246,ASV13806,TRUE,FALSE
10247,ASV13808,FALSE,FALSE
10248,ASV13810,TRUE,FALSE
10249,ASV13812,TRUE,FALSE
10250,ASV13813,TRUE,FALSE
10251,ASV13814,TRUE,FALSE
10252,ASV13816,TRUE,FALSE
10253,ASV13819,TRUE,FALSE
10254,ASV13820,TRUE,FALSE
10255,ASV13822,TRUE,FALSE
10256,ASV13825,FALSE,TRUE
10257,ASV13826,FALSE,TRUE
10258,ASV13828,FALSE,TRUE
10259,ASV13829,FALSE,TRUE
10260,ASV13830,FALSE,FALSE
10261,ASV13832,TRUE,FALSE
10262,ASV13833,TRUE,FALSE
10263,ASV13835,TRUE,FALSE
10264,ASV13836,TRUE,FALSE
10265,ASV13837,TRUE,FALSE
10266,ASV13839,TRUE,FALSE
10267,ASV13842,TRUE,FALSE
10268,ASV13845,TRUE,FALSE
10269,ASV13848,TRUE,FALSE
10270,ASV13852,TRUE,FALSE
10271,ASV13853,TRUE,FALSE
10272,ASV13854,FALSE,FALSE
10273,ASV13856,TRUE,FALSE
10274,ASV13860,TRUE,FALSE
10275,ASV13862,TRUE,FALSE
10276,ASV13863,TRUE,FALSE
10277,ASV13864,TRUE,FALSE
10278,ASV13866,TRUE,FALSE
10279,ASV13867,TRUE,FALSE
10280,ASV13868,TRUE,FALSE
10281,ASV13869,TRUE,FALSE
10282,ASV13870,TRUE,FALSE
10283,ASV13871,TRUE,FALSE
10284,ASV13872,TRUE,FALSE
10285,ASV13873,TRUE,FALSE
10286,ASV13874,TRUE,FALSE
10287,ASV13875,FALSE,FALSE
10288,ASV13879,FALSE,FALSE
10289,ASV13880,TRUE,FALSE
10290,ASV13884,TRUE,FALSE
10291,ASV13885,TRUE,FALSE
10292,ASV13886,TRUE,FALSE
10293,ASV13887,TRUE,FALSE
10294,ASV13888,TRUE,FALSE
10295,ASV13890,FALSE,TRUE
10296,ASV13891,FALSE,TRUE
10297,ASV13892,FALSE,TRUE
10298,ASV13893,FALSE,TRUE
10299,ASV13894,FALSE,TRUE
10300,ASV13896,FALSE,TRUE
10301,ASV13897,FALSE,TRUE
10302,ASV13898,FALSE,TRUE
10303,ASV13900,FALSE,TRUE
10304,ASV13903,FALSE,TRUE
10305,ASV13904,FALSE,TRUE
10306,ASV13905,FALSE,TRUE
10307,ASV13906,FALSE,TRUE
10308,ASV13907,FALSE,TRUE
10309,ASV13908,FALSE,TRUE
10310,ASV13910,FALSE,TRUE
10311,ASV13911,FALSE,TRUE
10312,ASV13912,FALSE,TRUE
10313,ASV13913,FALSE,FALSE
10314,ASV13917,FALSE,TRUE
10315,ASV13922,FALSE,TRUE
10316,ASV13923,FALSE,TRUE
10317,ASV13924,FALSE,TRUE
10318,ASV13925,FALSE,TRUE
10319,ASV13926,FALSE,TRUE
10320,ASV13930,FALSE,TRUE
10321,ASV13931,FALSE,TRUE
10322,ASV13932,FALSE,TRUE
10323,ASV13933,FALSE,TRUE
10324,ASV13936,FALSE,TRUE
10325,ASV13937,FALSE,FALSE
10326,ASV13938,FALSE,TRUE
10327,ASV13939,FALSE,TRUE
10328,ASV13940,FALSE,TRUE
10329,ASV13942,FALSE,TRUE
10330,ASV13944,FALSE,TRUE
10331,ASV13945,FALSE,TRUE
10332,ASV13946,FALSE,TRUE
10333,ASV13947,FALSE,TRUE
10334,ASV13948,FALSE,TRUE
10335,ASV13949,FALSE,TRUE
10336,ASV13953,FALSE,TRUE
10337,ASV13954,FALSE,TRUE
10338,ASV13955,FALSE,TRUE
10339,ASV13956,FALSE,TRUE
10340,ASV13960,FALSE,TRUE
10341,ASV13961,FALSE,TRUE
10342,ASV13962,FALSE,TRUE
10343,ASV13965,FALSE,TRUE
10344,ASV13967,FALSE,TRUE
10345,ASV13969,FALSE,TRUE
10346,ASV13971,FALSE,TRUE
10347,ASV13972,FALSE,TRUE
10348,ASV13973,FALSE,TRUE
10349,ASV13974,FALSE,TRUE
10350,ASV13977,FALSE,TRUE
10351,ASV13978,FALSE,TRUE
10352,ASV13979,FALSE,TRUE
10353,ASV13980,FALSE,TRUE
10354,ASV13981,FALSE,TRUE
10355,ASV13982,FALSE,TRUE
10356,ASV13984,FALSE,TRUE
10357,ASV13987,FALSE,TRUE
10358,ASV13988,FALSE,TRUE
10359,ASV13989,FALSE,TRUE
10360,ASV13990,FALSE,TRUE
10361,ASV13991,FALSE,TRUE
10362,ASV13992,FALSE,TRUE
10363,ASV13996,FALSE,TRUE
10364,ASV14001,FALSE,TRUE
10365,ASV14003,FALSE,TRUE
10366,ASV14004,FALSE,TRUE
10367,ASV14008,FALSE,TRUE
10368,ASV14010,FALSE,TRUE
10369,ASV14013,FALSE,TRUE
10370,ASV14014,FALSE,TRUE
10371,ASV14016,FALSE,TRUE
10372,ASV14017,FALSE,TRUE
10373,ASV14018,FALSE,TRUE
10374,ASV14019,FALSE,TRUE
10375,ASV14023,FALSE,TRUE
10376,ASV14024,FALSE,TRUE
10377,ASV14026,FALSE,TRUE
10378,ASV14027,FALSE,TRUE
10379,ASV14028,FALSE,TRUE
10380,ASV14031,TRUE,FALSE
10381,ASV14033,TRUE,FALSE
10382,ASV14034,TRUE,FALSE
10383,ASV14037,TRUE,FALSE
10384,ASV14038,TRUE,FALSE
10385,ASV14039,TRUE,FALSE
10386,ASV14040,TRUE,FALSE
10387,ASV14041,TRUE,FALSE
10388,ASV14042,TRUE,FALSE
10389,ASV14044,TRUE,FALSE
10390,ASV14046,TRUE,FALSE
10391,ASV14047,TRUE,FALSE
10392,ASV14048,TRUE,FALSE
10393,ASV14049,TRUE,FALSE
10394,ASV14050,TRUE,FALSE
10395,ASV14051,TRUE,FALSE
10396,ASV14053,TRUE,FALSE
10397,ASV14054,TRUE,FALSE
10398,ASV14055,TRUE,FALSE
10399,ASV14056,TRUE,FALSE
10400,ASV14057,FALSE,TRUE
10401,ASV14058,FALSE,TRUE
10402,ASV14059,FALSE,TRUE
10403,ASV14060,FALSE,TRUE
10404,ASV14061,FALSE,TRUE
10405,ASV14062,FALSE,TRUE
10406,ASV14063,FALSE,TRUE
10407,ASV14064,FALSE,TRUE
10408,ASV14065,FALSE,TRUE
10409,ASV14066,FALSE,TRUE
10410,ASV14067,FALSE,TRUE
10411,ASV14068,FALSE,TRUE
10412,ASV14069,FALSE,TRUE
10413,ASV14072,TRUE,FALSE
10414,ASV14073,TRUE,FALSE
10415,ASV14074,TRUE,FALSE
10416,ASV14075,TRUE,FALSE
10417,ASV14076,FALSE,TRUE
10418,ASV14077,FALSE,TRUE
10419,ASV14078,FALSE,TRUE
10420,ASV14079,FALSE,TRUE
10421,ASV14080,FALSE,TRUE
10422,ASV14099,TRUE,FALSE
10423,ASV14100,TRUE,FALSE
10424,ASV14101,FALSE,FALSE
10425,ASV14103,TRUE,FALSE
10426,ASV14104,TRUE,FALSE
10427,ASV14105,TRUE,FALSE
10428,ASV14106,TRUE,FALSE
10429,ASV14107,TRUE,FALSE
10430,ASV14108,TRUE,FALSE
10431,ASV14109,TRUE,FALSE
10432,ASV14110,TRUE,FALSE
10433,ASV14111,TRUE,FALSE
10434,ASV14112,TRUE,FALSE
10435,ASV14113,FALSE,FALSE
10436,ASV14114,TRUE,FALSE
10437,ASV14115,TRUE,FALSE
10438,ASV14116,TRUE,FALSE
10439,ASV14118,TRUE,FALSE
10440,ASV14119,TRUE,FALSE
10441,ASV14122,TRUE,FALSE
10442,ASV14125,TRUE,FALSE
10443,ASV14127,TRUE,FALSE
10444,ASV14128,TRUE,FALSE
10445,ASV14129,FALSE,FALSE
10446,ASV14130,FALSE,TRUE
10447,ASV14131,FALSE,TRUE
10448,ASV14132,FALSE,TRUE
10449,ASV14133,FALSE,TRUE
10450,ASV14134,FALSE,TRUE
10451,ASV14135,FALSE,TRUE
10452,ASV14138,FALSE,TRUE
10453,ASV14139,TRUE,FALSE
10454,ASV14140,TRUE,FALSE
10455,ASV14141,TRUE,FALSE
10456,ASV14142,FALSE,FALSE
10457,ASV14143,TRUE,FALSE
10458,ASV14145,TRUE,FALSE
10459,ASV14148,TRUE,FALSE
10460,ASV14149,TRUE,FALSE
10461,ASV14153,TRUE,FALSE
10462,ASV14154,TRUE,FALSE
10463,ASV14158,TRUE,FALSE
10464,ASV14159,TRUE,FALSE
10465,ASV14160,TRUE,FALSE
10466,ASV14161,TRUE,FALSE
10467,ASV14165,TRUE,FALSE
10468,ASV14166,TRUE,FALSE
10469,ASV14168,TRUE,FALSE
10470,ASV14169,TRUE,FALSE
10471,ASV14170,TRUE,FALSE
10472,ASV14173,TRUE,FALSE
10473,ASV14174,TRUE,FALSE
10474,ASV14177,TRUE,FALSE
10475,ASV14179,TRUE,FALSE
10476,ASV14181,TRUE,FALSE
10477,ASV14183,TRUE,FALSE
10478,ASV14184,TRUE,FALSE
10479,ASV14186,TRUE,FALSE
10480,ASV14188,TRUE,FALSE
10481,ASV14189,TRUE,FALSE
10482,ASV14193,TRUE,FALSE
10483,ASV14194,TRUE,FALSE
10484,ASV14195,TRUE,FALSE
10485,ASV14196,TRUE,FALSE
10486,ASV14197,TRUE,FALSE
10487,ASV14199,TRUE,FALSE
10488,ASV14200,TRUE,FALSE
10489,ASV14201,TRUE,FALSE
10490,ASV14202,TRUE,FALSE
10491,ASV14203,TRUE,FALSE
10492,ASV14204,TRUE,FALSE
10493,ASV14207,FALSE,TRUE
10494,ASV14208,FALSE,TRUE
10495,ASV14210,FALSE,TRUE
10496,ASV14212,FALSE,TRUE
10497,ASV14215,FALSE,TRUE
10498,ASV14216,FALSE,TRUE
10499,ASV14217,FALSE,TRUE
10500,ASV14219,FALSE,TRUE
10501,ASV14224,FALSE,TRUE
10502,ASV14225,FALSE,TRUE
10503,ASV14226,FALSE,TRUE
10504,ASV14227,FALSE,TRUE
10505,ASV14229,FALSE,TRUE
10506,ASV14230,FALSE,TRUE
10507,ASV14231,FALSE,TRUE
10508,ASV14232,FALSE,TRUE
10509,ASV14234,FALSE,TRUE
10510,ASV14235,FALSE,TRUE
10511,ASV14236,FALSE,TRUE
10512,ASV14239,FALSE,TRUE
10513,ASV14240,FALSE,TRUE
10514,ASV14242,FALSE,TRUE
10515,ASV14248,FALSE,TRUE
10516,ASV14249,FALSE,TRUE
10517,ASV14251,FALSE,TRUE
10518,ASV14252,FALSE,TRUE
10519,ASV14253,FALSE,TRUE
10520,ASV14254,FALSE,TRUE
10521,ASV14257,FALSE,TRUE
10522,ASV14259,FALSE,TRUE
10523,ASV14260,FALSE,TRUE
10524,ASV14261,FALSE,TRUE
10525,ASV14266,FALSE,TRUE
10526,ASV14267,FALSE,TRUE
10527,ASV14268,FALSE,TRUE
10528,ASV14270,FALSE,TRUE
10529,ASV14271,FALSE,TRUE
10530,ASV14272,FALSE,TRUE
10531,ASV14279,FALSE,TRUE
10532,ASV14280,FALSE,TRUE
10533,ASV14281,FALSE,TRUE
10534,ASV14282,FALSE,TRUE
10535,ASV14283,FALSE,TRUE
10536,ASV14284,FALSE,TRUE
10537,ASV14285,FALSE,TRUE
10538,ASV14287,FALSE,TRUE
10539,ASV14288,FALSE,TRUE
10540,ASV14289,FALSE,TRUE
10541,ASV14291,FALSE,TRUE
10542,ASV14294,FALSE,TRUE
10543,ASV14295,FALSE,TRUE
10544,ASV14296,FALSE,TRUE
10545,ASV14297,FALSE,TRUE
10546,ASV14298,FALSE,TRUE
10547,ASV14300,FALSE,TRUE
10548,ASV14301,FALSE,TRUE
10549,ASV14303,FALSE,TRUE
10550,ASV14304,FALSE,TRUE
10551,ASV14308,FALSE,TRUE
10552,ASV14310,FALSE,TRUE
10553,ASV14311,FALSE,TRUE
10554,ASV14312,FALSE,TRUE
10555,ASV14313,FALSE,TRUE
10556,ASV14314,FALSE,TRUE
10557,ASV14316,FALSE,TRUE
10558,ASV14318,FALSE,TRUE
10559,ASV14320,FALSE,TRUE
10560,ASV14321,FALSE,TRUE
10561,ASV14322,FALSE,TRUE
10562,ASV14323,TRUE,FALSE
10563,ASV14324,TRUE,FALSE
10564,ASV14325,TRUE,FALSE
10565,ASV14326,TRUE,FALSE
10566,ASV14329,TRUE,FALSE
10567,ASV14332,TRUE,FALSE
10568,ASV14333,TRUE,FALSE
10569,ASV14334,TRUE,FALSE
10570,ASV14335,TRUE,FALSE
10571,ASV14336,TRUE,FALSE
10572,ASV14337,TRUE,FALSE
10573,ASV14338,TRUE,FALSE
10574,ASV14339,TRUE,FALSE
10575,ASV14340,TRUE,FALSE
10576,ASV14341,TRUE,FALSE
10577,ASV14342,TRUE,FALSE
10578,ASV14343,TRUE,FALSE
10579,ASV14344,FALSE,TRUE
10580,ASV14345,FALSE,TRUE
10581,ASV14346,FALSE,TRUE
10582,ASV14347,FALSE,TRUE
10583,ASV14349,FALSE,TRUE
10584,ASV14350,FALSE,TRUE
10585,ASV14351,FALSE,TRUE
10586,ASV14352,FALSE,TRUE
10587,ASV14354,FALSE,TRUE
10588,ASV14355,FALSE,TRUE
10589,ASV14356,FALSE,TRUE
10590,ASV14357,FALSE,TRUE
10591,ASV14359,FALSE,TRUE
10592,ASV14361,FALSE,TRUE
10593,ASV14362,FALSE,TRUE
10594,ASV14363,FALSE,TRUE
10595,ASV14364,FALSE,TRUE
10596,ASV14365,TRUE,FALSE
10597,ASV14368,TRUE,FALSE
10598,ASV14369,FALSE,TRUE
10599,ASV14370,FALSE,TRUE
10600,ASV14372,FALSE,TRUE
10601,ASV14373,FALSE,TRUE
10602,ASV14393,TRUE,FALSE
10603,ASV14395,TRUE,FALSE
10604,ASV14396,TRUE,FALSE
10605,ASV14397,TRUE,FALSE
10606,ASV14398,TRUE,FALSE
10607,ASV14399,TRUE,FALSE
10608,ASV14400,TRUE,FALSE
10609,ASV14401,TRUE,FALSE
10610,ASV14402,TRUE,FALSE
10611,ASV14403,TRUE,FALSE
10612,ASV14404,TRUE,FALSE
10613,ASV14405,TRUE,FALSE
10614,ASV14408,TRUE,FALSE
10615,ASV14412,TRUE,FALSE
10616,ASV14414,TRUE,FALSE
10617,ASV14415,TRUE,FALSE
10618,ASV14417,TRUE,FALSE
10619,ASV14418,TRUE,FALSE
10620,ASV14419,TRUE,FALSE
10621,ASV14420,TRUE,FALSE
10622,ASV14424,TRUE,FALSE
10623,ASV14425,TRUE,FALSE
10624,ASV14426,TRUE,FALSE
10625,ASV14427,TRUE,FALSE
10626,ASV14429,TRUE,FALSE
10627,ASV14432,TRUE,FALSE
10628,ASV14433,TRUE,FALSE
10629,ASV14435,FALSE,TRUE
10630,ASV14436,FALSE,TRUE
10631,ASV14438,FALSE,TRUE
10632,ASV14440,FALSE,TRUE
10633,ASV14441,FALSE,TRUE
10634,ASV14442,FALSE,TRUE
10635,ASV14443,FALSE,FALSE
10636,ASV14444,FALSE,TRUE
10637,ASV14446,FALSE,TRUE
10638,ASV14448,TRUE,FALSE
10639,ASV14449,TRUE,FALSE
10640,ASV14454,TRUE,FALSE
10641,ASV14456,TRUE,FALSE
10642,ASV14457,TRUE,FALSE
10643,ASV14459,TRUE,FALSE
10644,ASV14460,TRUE,FALSE
10645,ASV14461,TRUE,FALSE
10646,ASV14463,TRUE,FALSE
10647,ASV14464,TRUE,FALSE
10648,ASV14466,TRUE,FALSE
10649,ASV14467,TRUE,FALSE
10650,ASV14468,TRUE,FALSE
10651,ASV14469,TRUE,FALSE
10652,ASV14470,TRUE,FALSE
10653,ASV14471,TRUE,FALSE
10654,ASV14472,TRUE,FALSE
10655,ASV14473,TRUE,FALSE
10656,ASV14474,TRUE,FALSE
10657,ASV14475,TRUE,FALSE
10658,ASV14476,TRUE,FALSE
10659,ASV14478,TRUE,FALSE
10660,ASV14480,FALSE,FALSE
10661,ASV14481,FALSE,FALSE
10662,ASV14483,TRUE,FALSE
10663,ASV14484,TRUE,FALSE
10664,ASV14486,TRUE,FALSE
10665,ASV14487,TRUE,FALSE
10666,ASV14488,TRUE,FALSE
10667,ASV14489,TRUE,FALSE
10668,ASV14490,TRUE,FALSE
10669,ASV14493,TRUE,FALSE
10670,ASV14496,TRUE,FALSE
10671,ASV14497,TRUE,FALSE
10672,ASV14500,TRUE,FALSE
10673,ASV14501,TRUE,FALSE
10674,ASV14502,TRUE,FALSE
10675,ASV14503,TRUE,FALSE
10676,ASV14504,TRUE,FALSE
10677,ASV14505,TRUE,FALSE
10678,ASV14507,TRUE,FALSE
10679,ASV14508,TRUE,FALSE
10680,ASV14509,TRUE,FALSE
10681,ASV14510,TRUE,FALSE
10682,ASV14511,TRUE,FALSE
10683,ASV14513,TRUE,FALSE
10684,ASV14517,TRUE,FALSE
10685,ASV14519,FALSE,FALSE
10686,ASV14520,FALSE,FALSE
10687,ASV14521,FALSE,TRUE
10688,ASV14522,FALSE,TRUE
10689,ASV14523,FALSE,TRUE
10690,ASV14524,FALSE,TRUE
10691,ASV14526,FALSE,TRUE
10692,ASV14528,FALSE,TRUE
10693,ASV14530,FALSE,FALSE
10694,ASV14531,FALSE,TRUE
10695,ASV14533,FALSE,TRUE
10696,ASV14534,FALSE,TRUE
10697,ASV14536,FALSE,TRUE
10698,ASV14537,FALSE,TRUE
10699,ASV14539,FALSE,TRUE
10700,ASV14540,FALSE,TRUE
10701,ASV14541,FALSE,TRUE
10702,ASV14543,FALSE,TRUE
10703,ASV14544,FALSE,TRUE
10704,ASV14545,FALSE,TRUE
10705,ASV14546,FALSE,TRUE
10706,ASV14548,FALSE,TRUE
10707,ASV14549,FALSE,TRUE
10708,ASV14550,FALSE,TRUE
10709,ASV14551,FALSE,TRUE
10710,ASV14552,FALSE,TRUE
10711,ASV14553,FALSE,TRUE
10712,ASV14556,FALSE,TRUE
10713,ASV14557,FALSE,TRUE
10714,ASV14558,FALSE,TRUE
10715,ASV14559,FALSE,TRUE
10716,ASV14560,FALSE,TRUE
10717,ASV14562,FALSE,TRUE
10718,ASV14565,FALSE,TRUE
10719,ASV14566,FALSE,TRUE
10720,ASV14570,FALSE,TRUE
10721,ASV14572,FALSE,TRUE
10722,ASV14573,FALSE,TRUE
10723,ASV14574,FALSE,TRUE
10724,ASV14575,FALSE,TRUE
10725,ASV14576,FALSE,TRUE
10726,ASV14577,FALSE,TRUE
10727,ASV14578,FALSE,TRUE
10728,ASV14580,FALSE,TRUE
10729,ASV14581,FALSE,TRUE
10730,ASV14583,FALSE,TRUE
10731,ASV14586,FALSE,TRUE
10732,ASV14587,FALSE,TRUE
10733,ASV14588,FALSE,TRUE
10734,ASV14589,FALSE,TRUE
10735,ASV14590,FALSE,TRUE
10736,ASV14591,FALSE,TRUE
10737,ASV14593,FALSE,TRUE
10738,ASV14595,FALSE,TRUE
10739,ASV14596,FALSE,TRUE
10740,ASV14597,FALSE,TRUE
10741,ASV14598,FALSE,TRUE
10742,ASV14599,FALSE,TRUE
10743,ASV14600,FALSE,TRUE
10744,ASV14602,FALSE,TRUE
10745,ASV14605,FALSE,TRUE
10746,ASV14606,FALSE,TRUE
10747,ASV14609,FALSE,FALSE
10748,ASV14614,FALSE,TRUE
10749,ASV14616,FALSE,TRUE
10750,ASV14618,FALSE,TRUE
10751,ASV14619,FALSE,TRUE
10752,ASV14621,FALSE,TRUE
10753,ASV14622,FALSE,TRUE
10754,ASV14625,FALSE,TRUE
10755,ASV14626,FALSE,TRUE
10756,ASV14627,FALSE,TRUE
10757,ASV14628,FALSE,TRUE
10758,ASV14630,FALSE,TRUE
10759,ASV14632,FALSE,TRUE
10760,ASV14633,FALSE,TRUE
10761,ASV14634,FALSE,TRUE
10762,ASV14635,FALSE,FALSE
10763,ASV14636,FALSE,TRUE
10764,ASV14637,FALSE,TRUE
10765,ASV14639,FALSE,TRUE
10766,ASV14640,FALSE,TRUE
10767,ASV14642,FALSE,TRUE
10768,ASV14643,FALSE,TRUE
10769,ASV14645,FALSE,TRUE
10770,ASV14646,FALSE,TRUE
10771,ASV14648,FALSE,TRUE
10772,ASV14649,FALSE,TRUE
10773,ASV14650,FALSE,TRUE
10774,ASV14651,FALSE,TRUE
10775,ASV14653,FALSE,TRUE
10776,ASV14654,FALSE,TRUE
10777,ASV14658,TRUE,FALSE
10778,ASV14659,TRUE,FALSE
10779,ASV14661,TRUE,FALSE
10780,ASV14662,TRUE,FALSE
10781,ASV14663,TRUE,FALSE
10782,ASV14665,TRUE,FALSE
10783,ASV14666,TRUE,FALSE
10784,ASV14667,TRUE,FALSE
10785,ASV14668,TRUE,FALSE
10786,ASV14669,TRUE,FALSE
10787,ASV14670,TRUE,FALSE
10788,ASV14671,TRUE,FALSE
10789,ASV14673,TRUE,FALSE
10790,ASV14674,TRUE,FALSE
10791,ASV14675,TRUE,FALSE
10792,ASV14676,TRUE,FALSE
10793,ASV14678,TRUE,FALSE
10794,ASV14680,TRUE,FALSE
10795,ASV14685,FALSE,TRUE
10796,ASV14686,FALSE,TRUE
10797,ASV14687,FALSE,TRUE
10798,ASV14689,FALSE,TRUE
10799,ASV14690,FALSE,TRUE
10800,ASV14693,FALSE,TRUE
10801,ASV14694,FALSE,TRUE
10802,ASV14695,FALSE,TRUE
10803,ASV14698,TRUE,FALSE
10804,ASV14699,TRUE,FALSE
10805,ASV14702,TRUE,FALSE
10806,ASV14703,TRUE,FALSE
10807,ASV14704,FALSE,TRUE
10808,ASV14707,FALSE,TRUE
10809,ASV14708,FALSE,TRUE
10810,ASV14730,TRUE,FALSE
10811,ASV14733,TRUE,FALSE
10812,ASV14734,TRUE,FALSE
10813,ASV14736,TRUE,FALSE
10814,ASV14739,TRUE,FALSE
10815,ASV14742,TRUE,FALSE
10816,ASV14743,TRUE,FALSE
10817,ASV14745,FALSE,FALSE
10818,ASV14746,TRUE,FALSE
10819,ASV14750,TRUE,FALSE
10820,ASV14751,TRUE,FALSE
10821,ASV14752,TRUE,FALSE
10822,ASV14754,TRUE,FALSE
10823,ASV14756,TRUE,FALSE
10824,ASV14758,TRUE,FALSE
10825,ASV14759,TRUE,FALSE
10826,ASV14760,TRUE,FALSE
10827,ASV14761,TRUE,FALSE
10828,ASV14762,TRUE,FALSE
10829,ASV14763,TRUE,FALSE
10830,ASV14765,TRUE,FALSE
10831,ASV14766,TRUE,FALSE
10832,ASV14768,TRUE,FALSE
10833,ASV14770,FALSE,FALSE
10834,ASV14773,FALSE,TRUE
10835,ASV14774,FALSE,TRUE
10836,ASV14775,FALSE,TRUE
10837,ASV14777,TRUE,FALSE
10838,ASV14779,TRUE,FALSE
10839,ASV14782,TRUE,FALSE
10840,ASV14785,TRUE,FALSE
10841,ASV14789,TRUE,FALSE
10842,ASV14790,TRUE,FALSE
10843,ASV14792,TRUE,FALSE
10844,ASV14794,TRUE,FALSE
10845,ASV14795,TRUE,FALSE
10846,ASV14797,TRUE,FALSE
10847,ASV14798,TRUE,FALSE
10848,ASV14799,TRUE,FALSE
10849,ASV14804,TRUE,FALSE
10850,ASV14805,TRUE,FALSE
10851,ASV14806,TRUE,FALSE
10852,ASV14807,TRUE,FALSE
10853,ASV14808,TRUE,FALSE
10854,ASV14809,TRUE,FALSE
10855,ASV14810,TRUE,FALSE
10856,ASV14813,TRUE,FALSE
10857,ASV14815,TRUE,FALSE
10858,ASV14816,TRUE,FALSE
10859,ASV14817,TRUE,FALSE
10860,ASV14818,TRUE,FALSE
10861,ASV14821,TRUE,FALSE
10862,ASV14822,TRUE,FALSE
10863,ASV14825,TRUE,FALSE
10864,ASV14829,FALSE,TRUE
10865,ASV14830,FALSE,TRUE
10866,ASV14832,FALSE,TRUE
10867,ASV14833,FALSE,TRUE
10868,ASV14835,FALSE,TRUE
10869,ASV14836,FALSE,TRUE
10870,ASV14840,FALSE,TRUE
10871,ASV14842,FALSE,TRUE
10872,ASV14843,FALSE,TRUE
10873,ASV14847,FALSE,TRUE
10874,ASV14848,FALSE,TRUE
10875,ASV14849,FALSE,TRUE
10876,ASV14850,FALSE,TRUE
10877,ASV14851,FALSE,TRUE
10878,ASV14852,FALSE,TRUE
10879,ASV14853,FALSE,TRUE
10880,ASV14855,FALSE,TRUE
10881,ASV14856,FALSE,TRUE
10882,ASV14858,FALSE,TRUE
10883,ASV14860,FALSE,TRUE
10884,ASV14861,FALSE,TRUE
10885,ASV14862,FALSE,TRUE
10886,ASV14870,FALSE,TRUE
10887,ASV14873,FALSE,TRUE
10888,ASV14874,FALSE,TRUE
10889,ASV14875,FALSE,TRUE
10890,ASV14876,FALSE,TRUE
10891,ASV14877,FALSE,TRUE
10892,ASV14878,FALSE,TRUE
10893,ASV14881,FALSE,TRUE
10894,ASV14883,FALSE,TRUE
10895,ASV14884,FALSE,TRUE
10896,ASV14885,FALSE,TRUE
10897,ASV14886,FALSE,TRUE
10898,ASV14887,FALSE,TRUE
10899,ASV14889,FALSE,TRUE
10900,ASV14890,FALSE,TRUE
10901,ASV14891,FALSE,TRUE
10902,ASV14892,FALSE,TRUE
10903,ASV14893,FALSE,TRUE
10904,ASV14894,FALSE,TRUE
10905,ASV14895,FALSE,TRUE
10906,ASV14897,FALSE,TRUE
10907,ASV14899,FALSE,TRUE
10908,ASV14900,FALSE,TRUE
10909,ASV14901,FALSE,TRUE
10910,ASV14902,FALSE,TRUE
10911,ASV14903,FALSE,TRUE
10912,ASV14904,FALSE,TRUE
10913,ASV14907,FALSE,TRUE
10914,ASV14908,FALSE,TRUE
10915,ASV14909,FALSE,TRUE
10916,ASV14911,FALSE,TRUE
10917,ASV14912,FALSE,TRUE
10918,ASV14916,FALSE,TRUE
10919,ASV14917,FALSE,TRUE
10920,ASV14919,FALSE,TRUE
10921,ASV14920,FALSE,TRUE
10922,ASV14921,FALSE,TRUE
10923,ASV14922,FALSE,TRUE
10924,ASV14925,FALSE,TRUE
10925,ASV14926,FALSE,TRUE
10926,ASV14928,FALSE,TRUE
10927,ASV14930,FALSE,TRUE
10928,ASV14931,FALSE,TRUE
10929,ASV14933,FALSE,TRUE
10930,ASV14936,FALSE,TRUE
10931,ASV14938,FALSE,TRUE
10932,ASV14939,FALSE,TRUE
10933,ASV14944,FALSE,TRUE
10934,ASV14945,FALSE,TRUE
10935,ASV14946,FALSE,TRUE
10936,ASV14951,TRUE,FALSE
10937,ASV14953,TRUE,FALSE
10938,ASV14954,TRUE,FALSE
10939,ASV14956,TRUE,FALSE
10940,ASV14962,TRUE,FALSE
10941,ASV14963,TRUE,FALSE
10942,ASV14964,TRUE,FALSE
10943,ASV14966,TRUE,FALSE
10944,ASV14967,TRUE,FALSE
10945,ASV14969,TRUE,FALSE
10946,ASV14970,TRUE,FALSE
10947,ASV14971,TRUE,FALSE
10948,ASV14972,TRUE,FALSE
10949,ASV14973,FALSE,TRUE
10950,ASV14974,FALSE,TRUE
10951,ASV14975,FALSE,TRUE
10952,ASV14977,FALSE,TRUE
10953,ASV14978,FALSE,TRUE
10954,ASV14979,FALSE,TRUE
10955,ASV14980,FALSE,TRUE
10956,ASV14982,FALSE,TRUE
10957,ASV14984,FALSE,TRUE
10958,ASV14985,FALSE,TRUE
10959,ASV14986,FALSE,TRUE
10960,ASV14987,FALSE,TRUE
10961,ASV14988,FALSE,TRUE
10962,ASV14989,FALSE,TRUE
10963,ASV14990,FALSE,TRUE
10964,ASV14991,FALSE,TRUE
10965,ASV14993,FALSE,TRUE
10966,ASV14994,FALSE,TRUE
10967,ASV14996,TRUE,FALSE
10968,ASV14997,TRUE,FALSE
10969,ASV14998,TRUE,FALSE
10970,ASV15000,FALSE,TRUE
10971,ASV15002,FALSE,TRUE
10972,ASV15004,FALSE,TRUE
10973,ASV15005,FALSE,TRUE
10974,ASV15024,TRUE,FALSE
10975,ASV15025,TRUE,FALSE
10976,ASV15026,TRUE,FALSE
10977,ASV15028,TRUE,FALSE
10978,ASV15029,TRUE,FALSE
10979,ASV15030,TRUE,FALSE
10980,ASV15031,TRUE,FALSE
10981,ASV15032,TRUE,FALSE
10982,ASV15033,TRUE,FALSE
10983,ASV15035,TRUE,FALSE
10984,ASV15036,TRUE,FALSE
10985,ASV15037,FALSE,FALSE
10986,ASV15039,TRUE,FALSE
10987,ASV15040,TRUE,FALSE
10988,ASV15041,TRUE,FALSE
10989,ASV15043,TRUE,FALSE
10990,ASV15045,TRUE,FALSE
10991,ASV15046,TRUE,FALSE
10992,ASV15048,TRUE,FALSE
10993,ASV15051,TRUE,FALSE
10994,ASV15053,TRUE,FALSE
10995,ASV15054,TRUE,FALSE
10996,ASV15055,TRUE,FALSE
10997,ASV15057,TRUE,FALSE
10998,ASV15058,TRUE,FALSE
10999,ASV15063,TRUE,FALSE
11000,ASV15065,TRUE,FALSE
11001,ASV15066,TRUE,FALSE
11002,ASV15068,TRUE,FALSE
11003,ASV15069,FALSE,TRUE
11004,ASV15070,FALSE,TRUE
11005,ASV15072,FALSE,TRUE
11006,ASV15074,FALSE,TRUE
11007,ASV15078,FALSE,TRUE
11008,ASV15079,FALSE,TRUE
11009,ASV15080,FALSE,TRUE
11010,ASV15084,TRUE,FALSE
11011,ASV15085,TRUE,FALSE
11012,ASV15086,TRUE,FALSE
11013,ASV15089,TRUE,FALSE
11014,ASV15090,TRUE,FALSE
11015,ASV15091,TRUE,FALSE
11016,ASV15093,TRUE,FALSE
11017,ASV15094,TRUE,FALSE
11018,ASV15095,TRUE,FALSE
11019,ASV15098,FALSE,FALSE
11020,ASV15102,TRUE,FALSE
11021,ASV15103,TRUE,FALSE
11022,ASV15105,TRUE,FALSE
11023,ASV15106,TRUE,FALSE
11024,ASV15108,TRUE,FALSE
11025,ASV15111,TRUE,FALSE
11026,ASV15116,TRUE,FALSE
11027,ASV15118,TRUE,FALSE
11028,ASV15119,TRUE,FALSE
11029,ASV15123,TRUE,FALSE
11030,ASV15124,TRUE,FALSE
11031,ASV15126,TRUE,FALSE
11032,ASV15128,TRUE,FALSE
11033,ASV15129,TRUE,FALSE
11034,ASV15130,TRUE,FALSE
11035,ASV15131,TRUE,FALSE
11036,ASV15134,TRUE,FALSE
11037,ASV15135,TRUE,FALSE
11038,ASV15136,TRUE,FALSE
11039,ASV15138,FALSE,TRUE
11040,ASV15139,FALSE,TRUE
11041,ASV15140,FALSE,TRUE
11042,ASV15141,FALSE,TRUE
11043,ASV15142,FALSE,TRUE
11044,ASV15143,FALSE,TRUE
11045,ASV15144,FALSE,TRUE
11046,ASV15146,FALSE,TRUE
11047,ASV15147,FALSE,TRUE
11048,ASV15148,FALSE,TRUE
11049,ASV15149,FALSE,TRUE
11050,ASV15152,FALSE,TRUE
11051,ASV15153,FALSE,FALSE
11052,ASV15154,FALSE,TRUE
11053,ASV15156,FALSE,TRUE
11054,ASV15158,FALSE,TRUE
11055,ASV15159,FALSE,TRUE
11056,ASV15161,FALSE,TRUE
11057,ASV15162,FALSE,TRUE
11058,ASV15163,FALSE,TRUE
11059,ASV15164,FALSE,TRUE
11060,ASV15165,FALSE,TRUE
11061,ASV15167,FALSE,TRUE
11062,ASV15168,FALSE,TRUE
11063,ASV15169,FALSE,TRUE
11064,ASV15170,FALSE,TRUE
11065,ASV15171,FALSE,TRUE
11066,ASV15173,FALSE,TRUE
11067,ASV15174,FALSE,TRUE
11068,ASV15175,FALSE,TRUE
11069,ASV15178,FALSE,TRUE
11070,ASV15180,FALSE,TRUE
11071,ASV15181,FALSE,TRUE
11072,ASV15182,FALSE,TRUE
11073,ASV15183,FALSE,TRUE
11074,ASV15184,FALSE,TRUE
11075,ASV15186,FALSE,TRUE
11076,ASV15187,FALSE,TRUE
11077,ASV15188,FALSE,TRUE
11078,ASV15189,FALSE,TRUE
11079,ASV15190,FALSE,TRUE
11080,ASV15191,FALSE,TRUE
11081,ASV15195,FALSE,TRUE
11082,ASV15198,FALSE,TRUE
11083,ASV15199,FALSE,TRUE
11084,ASV15200,FALSE,TRUE
11085,ASV15206,FALSE,TRUE
11086,ASV15207,FALSE,TRUE
11087,ASV15208,FALSE,TRUE
11088,ASV15210,FALSE,TRUE
11089,ASV15211,FALSE,TRUE
11090,ASV15212,FALSE,TRUE
11091,ASV15213,FALSE,TRUE
11092,ASV15217,FALSE,TRUE
11093,ASV15219,FALSE,TRUE
11094,ASV15221,FALSE,TRUE
11095,ASV15225,FALSE,TRUE
11096,ASV15227,FALSE,TRUE
11097,ASV15230,FALSE,TRUE
11098,ASV15231,FALSE,TRUE
11099,ASV15232,FALSE,TRUE
11100,ASV15234,FALSE,TRUE
11101,ASV15237,FALSE,TRUE
11102,ASV15238,FALSE,TRUE
11103,ASV15240,FALSE,TRUE
11104,ASV15243,FALSE,TRUE
11105,ASV15244,FALSE,TRUE
11106,ASV15245,FALSE,TRUE
11107,ASV15247,FALSE,TRUE
11108,ASV15250,FALSE,TRUE
11109,ASV15252,FALSE,TRUE
11110,ASV15253,FALSE,TRUE
11111,ASV15254,FALSE,TRUE
11112,ASV15256,FALSE,TRUE
11113,ASV15259,FALSE,TRUE
11114,ASV15261,FALSE,TRUE
11115,ASV15263,FALSE,TRUE
11116,ASV15264,FALSE,TRUE
11117,ASV15265,FALSE,TRUE
11118,ASV15267,FALSE,TRUE
11119,ASV15268,FALSE,TRUE
11120,ASV15270,FALSE,TRUE
11121,ASV15271,FALSE,TRUE
11122,ASV15272,FALSE,TRUE
11123,ASV15273,FALSE,TRUE
11124,ASV15274,FALSE,TRUE
11125,ASV15275,FALSE,TRUE
11126,ASV15276,FALSE,TRUE
11127,ASV15277,FALSE,TRUE
11128,ASV15281,FALSE,TRUE
11129,ASV15283,FALSE,TRUE
11130,ASV15285,FALSE,TRUE
11131,ASV15286,FALSE,TRUE
11132,ASV15287,TRUE,FALSE
11133,ASV15288,TRUE,FALSE
11134,ASV15289,TRUE,FALSE
11135,ASV15290,TRUE,FALSE
11136,ASV15291,TRUE,FALSE
11137,ASV15292,TRUE,FALSE
11138,ASV15294,TRUE,FALSE
11139,ASV15296,TRUE,FALSE
11140,ASV15297,TRUE,FALSE
11141,ASV15300,TRUE,FALSE
11142,ASV15302,TRUE,FALSE
11143,ASV15303,TRUE,FALSE
11144,ASV15307,TRUE,FALSE
11145,ASV15308,FALSE,TRUE
11146,ASV15310,FALSE,TRUE
11147,ASV15312,FALSE,TRUE
11148,ASV15313,FALSE,TRUE
11149,ASV15315,FALSE,TRUE
11150,ASV15316,FALSE,TRUE
11151,ASV15317,FALSE,TRUE
11152,ASV15318,FALSE,TRUE
11153,ASV15319,FALSE,TRUE
11154,ASV15320,FALSE,TRUE
11155,ASV15325,TRUE,FALSE
11156,ASV15327,TRUE,FALSE
11157,ASV15328,TRUE,FALSE
11158,ASV15329,TRUE,FALSE
11159,ASV15331,FALSE,TRUE
11160,ASV15333,FALSE,TRUE
11161,ASV15335,FALSE,TRUE
11162,ASV15351,TRUE,FALSE
11163,ASV15354,TRUE,FALSE
11164,ASV15355,TRUE,FALSE
11165,ASV15356,TRUE,FALSE
11166,ASV15357,TRUE,FALSE
11167,ASV15358,TRUE,FALSE
11168,ASV15363,TRUE,FALSE
11169,ASV15365,TRUE,FALSE
11170,ASV15367,TRUE,FALSE
11171,ASV15369,TRUE,FALSE
11172,ASV15370,TRUE,FALSE
11173,ASV15371,TRUE,FALSE
11174,ASV15372,TRUE,FALSE
11175,ASV15373,TRUE,FALSE
11176,ASV15374,TRUE,FALSE
11177,ASV15375,TRUE,FALSE
11178,ASV15376,TRUE,FALSE
11179,ASV15378,TRUE,FALSE
11180,ASV15380,TRUE,FALSE
11181,ASV15381,TRUE,FALSE
11182,ASV15382,TRUE,FALSE
11183,ASV15383,TRUE,FALSE
11184,ASV15384,TRUE,FALSE
11185,ASV15385,TRUE,FALSE
11186,ASV15386,TRUE,FALSE
11187,ASV15387,TRUE,FALSE
11188,ASV15388,TRUE,FALSE
11189,ASV15389,TRUE,FALSE
11190,ASV15390,TRUE,FALSE
11191,ASV15392,TRUE,FALSE
11192,ASV15393,TRUE,FALSE
11193,ASV15395,TRUE,FALSE
11194,ASV15396,TRUE,FALSE
11195,ASV15399,TRUE,FALSE
11196,ASV15400,TRUE,FALSE
11197,ASV15402,TRUE,FALSE
11198,ASV15403,FALSE,TRUE
11199,ASV15404,FALSE,TRUE
11200,ASV15405,FALSE,TRUE
11201,ASV15406,FALSE,TRUE
11202,ASV15408,FALSE,TRUE
11203,ASV15410,TRUE,FALSE
11204,ASV15411,TRUE,FALSE
11205,ASV15412,TRUE,FALSE
11206,ASV15413,TRUE,FALSE
11207,ASV15414,TRUE,FALSE
11208,ASV15417,TRUE,FALSE
11209,ASV15418,TRUE,FALSE
11210,ASV15419,TRUE,FALSE
11211,ASV15420,TRUE,FALSE
11212,ASV15421,TRUE,FALSE
11213,ASV15422,TRUE,FALSE
11214,ASV15425,TRUE,FALSE
11215,ASV15426,TRUE,FALSE
11216,ASV15428,FALSE,FALSE
11217,ASV15430,TRUE,FALSE
11218,ASV15431,TRUE,FALSE
11219,ASV15432,TRUE,FALSE
11220,ASV15433,TRUE,FALSE
11221,ASV15435,TRUE,FALSE
11222,ASV15436,TRUE,FALSE
11223,ASV15439,TRUE,FALSE
11224,ASV15440,TRUE,FALSE
11225,ASV15441,TRUE,FALSE
11226,ASV15446,TRUE,FALSE
11227,ASV15448,TRUE,FALSE
11228,ASV15449,TRUE,FALSE
11229,ASV15450,TRUE,FALSE
11230,ASV15451,TRUE,FALSE
11231,ASV15452,TRUE,FALSE
11232,ASV15454,TRUE,FALSE
11233,ASV15458,TRUE,FALSE
11234,ASV15460,TRUE,FALSE
11235,ASV15465,TRUE,FALSE
11236,ASV15466,TRUE,FALSE
11237,ASV15468,TRUE,FALSE
11238,ASV15469,TRUE,FALSE
11239,ASV15475,TRUE,FALSE
11240,ASV15476,FALSE,FALSE
11241,ASV15477,FALSE,TRUE
11242,ASV15478,FALSE,TRUE
11243,ASV15479,FALSE,TRUE
11244,ASV15480,FALSE,TRUE
11245,ASV15482,FALSE,TRUE
11246,ASV15484,FALSE,TRUE
11247,ASV15487,FALSE,TRUE
11248,ASV15492,FALSE,TRUE
11249,ASV15493,FALSE,TRUE
11250,ASV15494,FALSE,TRUE
11251,ASV15496,FALSE,TRUE
11252,ASV15498,FALSE,TRUE
11253,ASV15499,FALSE,TRUE
11254,ASV15500,FALSE,TRUE
11255,ASV15505,FALSE,TRUE
11256,ASV15507,FALSE,TRUE
11257,ASV15508,FALSE,TRUE
11258,ASV15510,FALSE,TRUE
11259,ASV15511,FALSE,TRUE
11260,ASV15512,FALSE,TRUE
11261,ASV15513,FALSE,TRUE
11262,ASV15514,FALSE,TRUE
11263,ASV15516,FALSE,TRUE
11264,ASV15517,FALSE,TRUE
11265,ASV15520,FALSE,TRUE
11266,ASV15523,FALSE,TRUE
11267,ASV15524,FALSE,TRUE
11268,ASV15527,FALSE,TRUE
11269,ASV15528,FALSE,TRUE
11270,ASV15529,FALSE,TRUE
11271,ASV15530,FALSE,TRUE
11272,ASV15532,FALSE,TRUE
11273,ASV15534,FALSE,TRUE
11274,ASV15537,FALSE,TRUE
11275,ASV15538,FALSE,TRUE
11276,ASV15539,FALSE,TRUE
11277,ASV15541,FALSE,TRUE
11278,ASV15542,FALSE,TRUE
11279,ASV15543,FALSE,TRUE
11280,ASV15545,FALSE,TRUE
11281,ASV15547,FALSE,TRUE
11282,ASV15548,FALSE,TRUE
11283,ASV15550,FALSE,TRUE
11284,ASV15558,FALSE,TRUE
11285,ASV15559,FALSE,TRUE
11286,ASV15560,FALSE,TRUE
11287,ASV15562,FALSE,TRUE
11288,ASV15563,FALSE,TRUE
11289,ASV15564,FALSE,TRUE
11290,ASV15565,FALSE,TRUE
11291,ASV15566,FALSE,TRUE
11292,ASV15568,FALSE,TRUE
11293,ASV15570,FALSE,TRUE
11294,ASV15572,FALSE,TRUE
11295,ASV15573,FALSE,TRUE
11296,ASV15574,FALSE,TRUE
11297,ASV15576,FALSE,TRUE
11298,ASV15577,FALSE,TRUE
11299,ASV15579,FALSE,TRUE
11300,ASV15580,FALSE,TRUE
11301,ASV15581,FALSE,TRUE
11302,ASV15593,FALSE,TRUE
11303,ASV15594,FALSE,TRUE
11304,ASV15595,FALSE,TRUE
11305,ASV15596,FALSE,TRUE
11306,ASV15597,FALSE,TRUE
11307,ASV15599,FALSE,TRUE
11308,ASV15600,FALSE,TRUE
11309,ASV15601,FALSE,TRUE
11310,ASV15602,FALSE,TRUE
11311,ASV15603,FALSE,TRUE
11312,ASV15604,FALSE,TRUE
11313,ASV15608,FALSE,TRUE
11314,ASV15609,FALSE,TRUE
11315,ASV15612,FALSE,TRUE
11316,ASV15615,FALSE,TRUE
11317,ASV15616,FALSE,TRUE
11318,ASV15618,TRUE,FALSE
11319,ASV15619,TRUE,FALSE
11320,ASV15620,TRUE,FALSE
11321,ASV15621,TRUE,FALSE
11322,ASV15623,TRUE,FALSE
11323,ASV15624,FALSE,FALSE
11324,ASV15625,TRUE,FALSE
11325,ASV15627,TRUE,FALSE
11326,ASV15628,TRUE,FALSE
11327,ASV15629,TRUE,FALSE
11328,ASV15630,TRUE,FALSE
11329,ASV15631,TRUE,FALSE
11330,ASV15637,TRUE,FALSE
11331,ASV15639,TRUE,FALSE
11332,ASV15640,TRUE,FALSE
11333,ASV15643,TRUE,FALSE
11334,ASV15644,TRUE,FALSE
11335,ASV15645,TRUE,FALSE
11336,ASV15646,TRUE,FALSE
11337,ASV15647,TRUE,FALSE
11338,ASV15648,FALSE,FALSE
11339,ASV15649,FALSE,TRUE
11340,ASV15650,FALSE,TRUE
11341,ASV15653,FALSE,TRUE
11342,ASV15654,FALSE,TRUE
11343,ASV15655,FALSE,TRUE
11344,ASV15656,FALSE,TRUE
11345,ASV15657,FALSE,TRUE
11346,ASV15658,FALSE,TRUE
11347,ASV15659,FALSE,TRUE
11348,ASV15661,FALSE,TRUE
11349,ASV15663,FALSE,TRUE
11350,ASV15664,FALSE,TRUE
11351,ASV15665,TRUE,FALSE
11352,ASV15666,TRUE,FALSE
11353,ASV15667,TRUE,FALSE
11354,ASV15668,TRUE,FALSE
11355,ASV15669,TRUE,FALSE
11356,ASV15670,TRUE,FALSE
11357,ASV15671,TRUE,FALSE
11358,ASV15672,FALSE,TRUE
11359,ASV15674,FALSE,TRUE
11360,ASV15677,FALSE,TRUE
11361,ASV15678,FALSE,TRUE
11362,ASV15679,FALSE,TRUE
11363,ASV15697,TRUE,FALSE
11364,ASV15698,TRUE,FALSE
11365,ASV15699,TRUE,FALSE
11366,ASV15700,TRUE,FALSE
11367,ASV15701,FALSE,FALSE
11368,ASV15702,TRUE,FALSE
11369,ASV15704,TRUE,FALSE
11370,ASV15705,TRUE,FALSE
11371,ASV15709,TRUE,FALSE
11372,ASV15711,TRUE,FALSE
11373,ASV15712,TRUE,FALSE
11374,ASV15715,TRUE,FALSE
11375,ASV15717,TRUE,FALSE
11376,ASV15719,TRUE,FALSE
11377,ASV15720,TRUE,FALSE
11378,ASV15721,TRUE,FALSE
11379,ASV15723,TRUE,FALSE
11380,ASV15724,TRUE,FALSE
11381,ASV15725,TRUE,FALSE
11382,ASV15727,FALSE,TRUE
11383,ASV15728,FALSE,TRUE
11384,ASV15729,FALSE,TRUE
11385,ASV15730,FALSE,TRUE
11386,ASV15731,FALSE,TRUE
11387,ASV15732,FALSE,TRUE
11388,ASV15733,FALSE,TRUE
11389,ASV15737,FALSE,TRUE
11390,ASV15738,TRUE,FALSE
11391,ASV15741,TRUE,FALSE
11392,ASV15742,TRUE,FALSE
11393,ASV15743,TRUE,FALSE
11394,ASV15744,TRUE,FALSE
11395,ASV15745,TRUE,FALSE
11396,ASV15747,TRUE,FALSE
11397,ASV15752,TRUE,FALSE
11398,ASV15753,TRUE,FALSE
11399,ASV15755,TRUE,FALSE
11400,ASV15756,TRUE,FALSE
11401,ASV15757,TRUE,FALSE
11402,ASV15759,TRUE,FALSE
11403,ASV15760,TRUE,FALSE
11404,ASV15761,TRUE,FALSE
11405,ASV15763,TRUE,FALSE
11406,ASV15765,TRUE,FALSE
11407,ASV15766,TRUE,FALSE
11408,ASV15767,TRUE,FALSE
11409,ASV15768,TRUE,FALSE
11410,ASV15770,TRUE,FALSE
11411,ASV15776,TRUE,FALSE
11412,ASV15780,TRUE,FALSE
11413,ASV15781,TRUE,FALSE
11414,ASV15782,TRUE,FALSE
11415,ASV15786,TRUE,FALSE
11416,ASV15787,TRUE,FALSE
11417,ASV15789,TRUE,FALSE
11418,ASV15790,TRUE,FALSE
11419,ASV15793,TRUE,FALSE
11420,ASV15795,TRUE,FALSE
11421,ASV15796,TRUE,FALSE
11422,ASV15797,TRUE,FALSE
11423,ASV15799,TRUE,FALSE
11424,ASV15804,TRUE,FALSE
11425,ASV15805,TRUE,FALSE
11426,ASV15808,TRUE,FALSE
11427,ASV15811,TRUE,FALSE
11428,ASV15816,FALSE,TRUE
11429,ASV15817,FALSE,TRUE
11430,ASV15818,FALSE,TRUE
11431,ASV15819,FALSE,TRUE
11432,ASV15820,FALSE,TRUE
11433,ASV15821,FALSE,TRUE
11434,ASV15824,FALSE,TRUE
11435,ASV15825,FALSE,TRUE
11436,ASV15826,FALSE,TRUE
11437,ASV15827,FALSE,TRUE
11438,ASV15829,FALSE,TRUE
11439,ASV15830,FALSE,TRUE
11440,ASV15834,FALSE,TRUE
11441,ASV15835,FALSE,TRUE
11442,ASV15836,FALSE,TRUE
11443,ASV15837,FALSE,TRUE
11444,ASV15838,FALSE,TRUE
11445,ASV15839,FALSE,TRUE
11446,ASV15841,FALSE,TRUE
11447,ASV15843,FALSE,TRUE
11448,ASV15844,FALSE,TRUE
11449,ASV15845,FALSE,TRUE
11450,ASV15846,FALSE,TRUE
11451,ASV15849,FALSE,TRUE
11452,ASV15850,FALSE,TRUE
11453,ASV15851,FALSE,TRUE
11454,ASV15853,FALSE,TRUE
11455,ASV15854,FALSE,TRUE
11456,ASV15855,FALSE,TRUE
11457,ASV15857,FALSE,TRUE
11458,ASV15859,FALSE,TRUE
11459,ASV15861,FALSE,TRUE
11460,ASV15862,FALSE,TRUE
11461,ASV15864,FALSE,TRUE
11462,ASV15865,FALSE,TRUE
11463,ASV15869,FALSE,TRUE
11464,ASV15870,FALSE,TRUE
11465,ASV15871,FALSE,TRUE
11466,ASV15872,FALSE,TRUE
11467,ASV15874,FALSE,TRUE
11468,ASV15875,FALSE,TRUE
11469,ASV15878,FALSE,TRUE
11470,ASV15879,FALSE,TRUE
11471,ASV15882,FALSE,TRUE
11472,ASV15884,FALSE,TRUE
11473,ASV15885,FALSE,TRUE
11474,ASV15887,FALSE,TRUE
11475,ASV15888,FALSE,TRUE
11476,ASV15889,FALSE,TRUE
11477,ASV15891,FALSE,TRUE
11478,ASV15893,FALSE,TRUE
11479,ASV15895,FALSE,TRUE
11480,ASV15897,FALSE,TRUE
11481,ASV15901,FALSE,TRUE
11482,ASV15902,FALSE,TRUE
11483,ASV15903,FALSE,TRUE
11484,ASV15905,FALSE,TRUE
11485,ASV15906,FALSE,TRUE
11486,ASV15908,FALSE,TRUE
11487,ASV15909,FALSE,TRUE
11488,ASV15911,FALSE,TRUE
11489,ASV15912,FALSE,TRUE
11490,ASV15918,FALSE,TRUE
11491,ASV15919,FALSE,TRUE
11492,ASV15921,FALSE,TRUE
11493,ASV15922,FALSE,TRUE
11494,ASV15926,FALSE,TRUE
11495,ASV15928,FALSE,TRUE
11496,ASV15929,FALSE,TRUE
11497,ASV15933,FALSE,TRUE
11498,ASV15936,FALSE,TRUE
11499,ASV15939,FALSE,TRUE
11500,ASV15940,FALSE,TRUE
11501,ASV15941,FALSE,TRUE
11502,ASV15943,TRUE,FALSE
11503,ASV15946,TRUE,FALSE
11504,ASV15947,TRUE,FALSE
11505,ASV15948,TRUE,FALSE
11506,ASV15950,TRUE,FALSE
11507,ASV15951,TRUE,FALSE
11508,ASV15952,TRUE,FALSE
11509,ASV15954,TRUE,FALSE
11510,ASV15955,TRUE,FALSE
11511,ASV15956,TRUE,FALSE
11512,ASV15957,TRUE,FALSE
11513,ASV15962,TRUE,FALSE
11514,ASV15964,TRUE,FALSE
11515,ASV15965,TRUE,FALSE
11516,ASV15967,TRUE,FALSE
11517,ASV15968,TRUE,FALSE
11518,ASV15969,TRUE,FALSE
11519,ASV15970,TRUE,FALSE
11520,ASV15971,TRUE,FALSE
11521,ASV15972,TRUE,FALSE
11522,ASV15973,TRUE,FALSE
11523,ASV15974,FALSE,TRUE
11524,ASV15975,FALSE,TRUE
11525,ASV15977,FALSE,TRUE
11526,ASV15981,FALSE,TRUE
11527,ASV15982,FALSE,TRUE
11528,ASV15983,FALSE,TRUE
11529,ASV15984,FALSE,TRUE
11530,ASV15985,FALSE,TRUE
11531,ASV15986,FALSE,TRUE
11532,ASV15987,TRUE,FALSE
11533,ASV15988,TRUE,FALSE
11534,ASV15989,TRUE,FALSE
11535,ASV15990,TRUE,FALSE
11536,ASV15992,TRUE,FALSE
11537,ASV15993,TRUE,FALSE
11538,ASV15994,TRUE,FALSE
11539,ASV15995,FALSE,TRUE
11540,ASV15996,FALSE,TRUE
11541,ASV15998,FALSE,TRUE
11542,ASV16001,FALSE,TRUE
11543,ASV16012,TRUE,FALSE
11544,ASV16013,TRUE,FALSE
11545,ASV16014,TRUE,FALSE
11546,ASV16015,TRUE,FALSE
11547,ASV16016,TRUE,FALSE
11548,ASV16018,TRUE,FALSE
11549,ASV16022,TRUE,FALSE
11550,ASV16023,TRUE,FALSE
11551,ASV16026,TRUE,FALSE
11552,ASV16028,TRUE,FALSE
11553,ASV16030,TRUE,FALSE
11554,ASV16031,TRUE,FALSE
11555,ASV16033,TRUE,FALSE
11556,ASV16034,TRUE,FALSE
11557,ASV16036,TRUE,FALSE
11558,ASV16041,TRUE,FALSE
11559,ASV16047,TRUE,FALSE
11560,ASV16048,TRUE,FALSE
11561,ASV16050,TRUE,FALSE
11562,ASV16051,TRUE,FALSE
11563,ASV16052,TRUE,FALSE
11564,ASV16054,TRUE,FALSE
11565,ASV16056,TRUE,FALSE
11566,ASV16057,TRUE,FALSE
11567,ASV16059,TRUE,FALSE
11568,ASV16063,FALSE,TRUE
11569,ASV16064,FALSE,TRUE
11570,ASV16065,FALSE,TRUE
11571,ASV16066,FALSE,TRUE
11572,ASV16068,FALSE,TRUE
11573,ASV16070,FALSE,TRUE
11574,ASV16071,FALSE,TRUE
11575,ASV16074,TRUE,FALSE
11576,ASV16075,TRUE,FALSE
11577,ASV16079,TRUE,FALSE
11578,ASV16083,TRUE,FALSE
11579,ASV16087,TRUE,FALSE
11580,ASV16088,TRUE,FALSE
11581,ASV16092,TRUE,FALSE
11582,ASV16094,TRUE,FALSE
11583,ASV16097,TRUE,FALSE
11584,ASV16100,TRUE,FALSE
11585,ASV16101,TRUE,FALSE
11586,ASV16104,TRUE,FALSE
11587,ASV16106,TRUE,FALSE
11588,ASV16108,TRUE,FALSE
11589,ASV16111,TRUE,FALSE
11590,ASV16113,TRUE,FALSE
11591,ASV16115,TRUE,FALSE
11592,ASV16118,TRUE,FALSE
11593,ASV16119,TRUE,FALSE
11594,ASV16121,TRUE,FALSE
11595,ASV16123,TRUE,FALSE
11596,ASV16124,TRUE,FALSE
11597,ASV16128,TRUE,FALSE
11598,ASV16129,TRUE,FALSE
11599,ASV16130,TRUE,FALSE
11600,ASV16131,TRUE,FALSE
11601,ASV16132,TRUE,FALSE
11602,ASV16136,TRUE,FALSE
11603,ASV16137,TRUE,FALSE
11604,ASV16140,FALSE,TRUE
11605,ASV16148,FALSE,TRUE
11606,ASV16149,FALSE,TRUE
11607,ASV16150,FALSE,TRUE
11608,ASV16151,FALSE,TRUE
11609,ASV16152,FALSE,TRUE
11610,ASV16153,FALSE,TRUE
11611,ASV16154,FALSE,TRUE
11612,ASV16155,FALSE,TRUE
11613,ASV16163,FALSE,TRUE
11614,ASV16164,FALSE,TRUE
11615,ASV16165,FALSE,TRUE
11616,ASV16166,FALSE,TRUE
11617,ASV16168,FALSE,TRUE
11618,ASV16169,FALSE,TRUE
11619,ASV16170,FALSE,TRUE
11620,ASV16171,FALSE,TRUE
11621,ASV16175,FALSE,TRUE
11622,ASV16176,FALSE,TRUE
11623,ASV16178,FALSE,TRUE
11624,ASV16179,FALSE,TRUE
11625,ASV16180,FALSE,TRUE
11626,ASV16183,FALSE,TRUE
11627,ASV16185,FALSE,TRUE
11628,ASV16186,FALSE,TRUE
11629,ASV16187,FALSE,TRUE
11630,ASV16189,FALSE,TRUE
11631,ASV16191,FALSE,TRUE
11632,ASV16193,FALSE,TRUE
11633,ASV16196,FALSE,TRUE
11634,ASV16197,FALSE,TRUE
11635,ASV16199,FALSE,TRUE
11636,ASV16201,FALSE,TRUE
11637,ASV16202,FALSE,TRUE
11638,ASV16205,FALSE,TRUE
11639,ASV16207,FALSE,TRUE
11640,ASV16208,FALSE,TRUE
11641,ASV16209,FALSE,TRUE
11642,ASV16210,FALSE,TRUE
11643,ASV16211,FALSE,TRUE
11644,ASV16212,FALSE,TRUE
11645,ASV16213,FALSE,TRUE
11646,ASV16215,FALSE,TRUE
11647,ASV16216,FALSE,TRUE
11648,ASV16217,FALSE,TRUE
11649,ASV16219,FALSE,TRUE
11650,ASV16220,FALSE,TRUE
11651,ASV16222,FALSE,TRUE
11652,ASV16223,FALSE,TRUE
11653,ASV16225,FALSE,TRUE
11654,ASV16228,FALSE,TRUE
11655,ASV16229,FALSE,TRUE
11656,ASV16230,FALSE,TRUE
11657,ASV16231,FALSE,TRUE
11658,ASV16232,FALSE,TRUE
11659,ASV16234,FALSE,TRUE
11660,ASV16235,FALSE,TRUE
11661,ASV16236,FALSE,TRUE
11662,ASV16239,FALSE,TRUE
11663,ASV16240,FALSE,TRUE
11664,ASV16241,FALSE,TRUE
11665,ASV16242,FALSE,TRUE
11666,ASV16244,FALSE,TRUE
11667,ASV16246,FALSE,TRUE
11668,ASV16248,FALSE,TRUE
11669,ASV16250,FALSE,TRUE
11670,ASV16252,FALSE,TRUE
11671,ASV16254,TRUE,FALSE
11672,ASV16255,TRUE,FALSE
11673,ASV16256,TRUE,FALSE
11674,ASV16257,TRUE,FALSE
11675,ASV16258,TRUE,FALSE
11676,ASV16260,TRUE,FALSE
11677,ASV16262,TRUE,FALSE
11678,ASV16263,TRUE,FALSE
11679,ASV16264,TRUE,FALSE
11680,ASV16265,TRUE,FALSE
11681,ASV16267,TRUE,FALSE
11682,ASV16268,TRUE,FALSE
11683,ASV16269,TRUE,FALSE
11684,ASV16270,TRUE,FALSE
11685,ASV16271,TRUE,FALSE
11686,ASV16272,TRUE,FALSE
11687,ASV16277,TRUE,FALSE
11688,ASV16278,TRUE,FALSE
11689,ASV16280,TRUE,FALSE
11690,ASV16281,TRUE,FALSE
11691,ASV16282,TRUE,FALSE
11692,ASV16283,TRUE,FALSE
11693,ASV16286,TRUE,FALSE
11694,ASV16287,TRUE,FALSE
11695,ASV16288,TRUE,FALSE
11696,ASV16289,TRUE,FALSE
11697,ASV16290,TRUE,FALSE
11698,ASV16291,TRUE,FALSE
11699,ASV16292,TRUE,FALSE
11700,ASV16294,TRUE,FALSE
11701,ASV16295,TRUE,FALSE
11702,ASV16296,TRUE,FALSE
11703,ASV16297,TRUE,FALSE
11704,ASV16298,FALSE,TRUE
11705,ASV16299,FALSE,TRUE
11706,ASV16300,FALSE,TRUE
11707,ASV16301,FALSE,TRUE
11708,ASV16304,FALSE,TRUE
11709,ASV16305,FALSE,TRUE
11710,ASV16306,FALSE,TRUE
11711,ASV16307,FALSE,TRUE
11712,ASV16308,FALSE,TRUE
11713,ASV16310,FALSE,TRUE
11714,ASV16311,FALSE,TRUE
11715,ASV16317,FALSE,TRUE
11716,ASV16319,FALSE,TRUE
11717,ASV16322,FALSE,TRUE
11718,ASV16325,TRUE,FALSE
11719,ASV16326,TRUE,FALSE
11720,ASV16328,FALSE,FALSE
11721,ASV16329,FALSE,TRUE
11722,ASV16330,FALSE,TRUE
11723,ASV16331,FALSE,TRUE
11724,ASV16336,FALSE,TRUE
11725,ASV16338,FALSE,TRUE
11726,ASV16339,FALSE,TRUE
11727,ASV16364,TRUE,FALSE
11728,ASV16365,TRUE,FALSE
11729,ASV16366,TRUE,FALSE
11730,ASV16368,TRUE,FALSE
11731,ASV16370,TRUE,FALSE
11732,ASV16373,TRUE,FALSE
11733,ASV16374,TRUE,FALSE
11734,ASV16376,TRUE,FALSE
11735,ASV16377,TRUE,FALSE
11736,ASV16378,TRUE,FALSE
11737,ASV16384,TRUE,FALSE
11738,ASV16385,TRUE,FALSE
11739,ASV16390,TRUE,FALSE
11740,ASV16391,TRUE,FALSE
11741,ASV16393,TRUE,FALSE
11742,ASV16395,TRUE,FALSE
11743,ASV16396,TRUE,FALSE
11744,ASV16398,FALSE,TRUE
11745,ASV16399,FALSE,TRUE
11746,ASV16400,FALSE,TRUE
11747,ASV16401,FALSE,TRUE
11748,ASV16402,FALSE,TRUE
11749,ASV16404,FALSE,TRUE
11750,ASV16405,FALSE,TRUE
11751,ASV16407,TRUE,FALSE
11752,ASV16408,TRUE,FALSE
11753,ASV16409,TRUE,FALSE
11754,ASV16410,TRUE,FALSE
11755,ASV16412,TRUE,FALSE
11756,ASV16413,TRUE,FALSE
11757,ASV16414,TRUE,FALSE
11758,ASV16417,TRUE,FALSE
11759,ASV16418,TRUE,FALSE
11760,ASV16419,TRUE,FALSE
11761,ASV16420,TRUE,FALSE
11762,ASV16423,TRUE,FALSE
11763,ASV16424,TRUE,FALSE
11764,ASV16425,TRUE,FALSE
11765,ASV16427,TRUE,FALSE
11766,ASV16430,TRUE,FALSE
11767,ASV16431,TRUE,FALSE
11768,ASV16432,TRUE,FALSE
11769,ASV16435,TRUE,FALSE
11770,ASV16438,TRUE,FALSE
11771,ASV16440,TRUE,FALSE
11772,ASV16441,TRUE,FALSE
11773,ASV16442,TRUE,FALSE
11774,ASV16443,TRUE,FALSE
11775,ASV16444,TRUE,FALSE
11776,ASV16445,TRUE,FALSE
11777,ASV16448,TRUE,FALSE
11778,ASV16449,TRUE,FALSE
11779,ASV16450,TRUE,FALSE
11780,ASV16451,TRUE,FALSE
11781,ASV16452,TRUE,FALSE
11782,ASV16453,TRUE,FALSE
11783,ASV16458,TRUE,FALSE
11784,ASV16460,TRUE,FALSE
11785,ASV16463,TRUE,FALSE
11786,ASV16464,TRUE,FALSE
11787,ASV16465,TRUE,FALSE
11788,ASV16468,TRUE,FALSE
11789,ASV16471,FALSE,FALSE
11790,ASV16472,TRUE,FALSE
11791,ASV16474,TRUE,FALSE
11792,ASV16478,TRUE,FALSE
11793,ASV16480,TRUE,FALSE
11794,ASV16485,TRUE,FALSE
11795,ASV16486,TRUE,FALSE
11796,ASV16487,TRUE,FALSE
11797,ASV16489,TRUE,FALSE
11798,ASV16490,TRUE,FALSE
11799,ASV16491,TRUE,FALSE
11800,ASV16492,FALSE,TRUE
11801,ASV16493,FALSE,TRUE
11802,ASV16496,FALSE,TRUE
11803,ASV16497,FALSE,TRUE
11804,ASV16498,FALSE,TRUE
11805,ASV16499,FALSE,TRUE
11806,ASV16500,FALSE,TRUE
11807,ASV16501,FALSE,TRUE
11808,ASV16502,FALSE,TRUE
11809,ASV16503,FALSE,TRUE
11810,ASV16504,FALSE,TRUE
11811,ASV16505,FALSE,TRUE
11812,ASV16506,FALSE,TRUE
11813,ASV16507,FALSE,TRUE
11814,ASV16508,FALSE,TRUE
11815,ASV16510,FALSE,TRUE
11816,ASV16511,FALSE,TRUE
11817,ASV16513,FALSE,TRUE
11818,ASV16518,FALSE,TRUE
11819,ASV16520,FALSE,TRUE
11820,ASV16522,FALSE,TRUE
11821,ASV16524,FALSE,TRUE
11822,ASV16525,FALSE,TRUE
11823,ASV16526,FALSE,TRUE
11824,ASV16527,FALSE,TRUE
11825,ASV16528,FALSE,TRUE
11826,ASV16530,FALSE,TRUE
11827,ASV16531,FALSE,TRUE
11828,ASV16534,FALSE,TRUE
11829,ASV16536,FALSE,TRUE
11830,ASV16538,FALSE,TRUE
11831,ASV16540,FALSE,TRUE
11832,ASV16543,FALSE,TRUE
11833,ASV16544,FALSE,TRUE
11834,ASV16546,FALSE,TRUE
11835,ASV16548,FALSE,TRUE
11836,ASV16554,FALSE,TRUE
11837,ASV16555,FALSE,TRUE
11838,ASV16556,FALSE,TRUE
11839,ASV16557,FALSE,TRUE
11840,ASV16561,FALSE,TRUE
11841,ASV16564,FALSE,TRUE
11842,ASV16566,FALSE,TRUE
11843,ASV16570,FALSE,TRUE
11844,ASV16573,FALSE,TRUE
11845,ASV16574,FALSE,TRUE
11846,ASV16575,FALSE,TRUE
11847,ASV16577,FALSE,TRUE
11848,ASV16578,FALSE,TRUE
11849,ASV16580,FALSE,TRUE
11850,ASV16582,FALSE,TRUE
11851,ASV16584,FALSE,TRUE
11852,ASV16585,FALSE,TRUE
11853,ASV16586,FALSE,TRUE
11854,ASV16587,FALSE,TRUE
11855,ASV16588,FALSE,TRUE
11856,ASV16590,FALSE,TRUE
11857,ASV16591,FALSE,TRUE
11858,ASV16592,FALSE,TRUE
11859,ASV16593,FALSE,TRUE
11860,ASV16596,FALSE,TRUE
11861,ASV16597,FALSE,TRUE
11862,ASV16598,FALSE,TRUE
11863,ASV16602,FALSE,TRUE
11864,ASV16603,FALSE,TRUE
11865,ASV16604,FALSE,TRUE
11866,ASV16606,FALSE,TRUE
11867,ASV16607,FALSE,TRUE
11868,ASV16609,FALSE,TRUE
11869,ASV16611,FALSE,TRUE
11870,ASV16615,FALSE,TRUE
11871,ASV16617,FALSE,TRUE
11872,ASV16620,FALSE,TRUE
11873,ASV16622,FALSE,TRUE
11874,ASV16623,FALSE,TRUE
11875,ASV16628,FALSE,TRUE
11876,ASV16630,TRUE,FALSE
11877,ASV16632,TRUE,FALSE
11878,ASV16633,TRUE,FALSE
11879,ASV16634,TRUE,FALSE
11880,ASV16636,TRUE,FALSE
11881,ASV16639,TRUE,FALSE
11882,ASV16641,TRUE,FALSE
11883,ASV16642,TRUE,FALSE
11884,ASV16644,TRUE,FALSE
11885,ASV16645,TRUE,FALSE
11886,ASV16647,TRUE,FALSE
11887,ASV16649,TRUE,FALSE
11888,ASV16651,TRUE,FALSE
11889,ASV16652,TRUE,FALSE
11890,ASV16654,TRUE,FALSE
11891,ASV16655,TRUE,FALSE
11892,ASV16657,TRUE,FALSE
11893,ASV16659,TRUE,FALSE
11894,ASV16660,TRUE,FALSE
11895,ASV16661,TRUE,FALSE
11896,ASV16662,TRUE,FALSE
11897,ASV16663,TRUE,FALSE
11898,ASV16664,FALSE,TRUE
11899,ASV16665,FALSE,TRUE
11900,ASV16667,FALSE,TRUE
11901,ASV16668,FALSE,TRUE
11902,ASV16669,FALSE,TRUE
11903,ASV16670,FALSE,TRUE
11904,ASV16671,FALSE,TRUE
11905,ASV16673,FALSE,TRUE
11906,ASV16674,FALSE,TRUE
11907,ASV16675,FALSE,TRUE
11908,ASV16676,FALSE,TRUE
11909,ASV16677,FALSE,TRUE
11910,ASV16678,FALSE,TRUE
11911,ASV16681,FALSE,TRUE
11912,ASV16682,FALSE,TRUE
11913,ASV16683,FALSE,TRUE
11914,ASV16684,FALSE,TRUE
11915,ASV16687,FALSE,TRUE
11916,ASV16689,FALSE,TRUE
11917,ASV16692,FALSE,TRUE
11918,ASV16693,TRUE,FALSE
11919,ASV16695,TRUE,FALSE
11920,ASV16696,TRUE,FALSE
11921,ASV16697,TRUE,FALSE
11922,ASV16698,TRUE,FALSE
11923,ASV16700,TRUE,FALSE
11924,ASV16704,TRUE,FALSE
11925,ASV16706,TRUE,FALSE
11926,ASV16708,FALSE,TRUE
11927,ASV16710,FALSE,TRUE
11928,ASV16711,FALSE,TRUE
11929,ASV16712,FALSE,TRUE
11930,ASV16716,FALSE,TRUE
11931,ASV16717,FALSE,TRUE
11932,ASV16718,FALSE,TRUE
