,taxon,lfc_MicrocompartmentPhyllosphere,lfc_MicrocompartmentRhizosphere,lfc_MicrocompartmentRhizosphere_MicrocompartmentPhyllosphere,se_MicrocompartmentPhyllosphere,se_MicrocompartmentRhizosphere,se_MicrocompartmentRhizosphere_MicrocompartmentPhyllosphere,W_MicrocompartmentPhyllosphere,W_MicrocompartmentRhizosphere,W_MicrocompartmentRhizosphere_MicrocompartmentPhyllosphere,p_MicrocompartmentPhyllosphere,p_MicrocompartmentRhizosphere,p_MicrocompartmentRhizosphere_MicrocompartmentPhyllosphere,q_MicrocompartmentPhyllosphere,q_MicrocompartmentRhizosphere,q_MicrocompartmentRhizosphere_MicrocompartmentPhyllosphere,diff_MicrocompartmentPhyllosphere,diff_MicrocompartmentRhizosphere,diff_MicrocompartmentRhizosphere_MicrocompartmentPhyllosphere,passed_ss_MicrocompartmentPhyllosphere,passed_ss_MicrocompartmentRhizosphere,passed_ss_MicrocompartmentRhizosphere_MicrocompartmentPhyllosphere
1,ASV5,-0.413350883,416.959.056.142.328,458.294.144.473.904,0.446697599,0.529687583,0.449746809,-0.925348343,787.179.215.258.445,101.900.477.104.936,0.374639772,7.61E+08,6.12E+06,1,7.83E+09,6.91E+08,FALSE,TRUE,TRUE,FALSE,FALSE,FALSE
2,ASV6,-0.222252169,-12.947.923.559.993,-107.254.018.685.126,0.367833287,0.356346691,0.432593182,-0.604219838,-363.351.867.011.237,-247.932.753.275.633,0.55056237,0.001112061,0.019450811,1,0.012544728,0.199966251,FALSE,TRUE,FALSE,TRUE,FALSE,FALSE
3,ASV7,-0.772706315,378.091.739.541.604,45.536.237.103.595,0.435996971,0.546019694,0.480227459,-177.227.450.268.849,692.450.736.691.107,948.222.269.487.312,0.104008314,2.51E+09,1.25E+08,0.965260834,0.000257576,1.41E+09,FALSE,TRUE,TRUE,FALSE,FALSE,FALSE
4,ASV8,-102.626.863.980.565,319.471.600.531.635,4.220.984.645.122,0.42262125,0.527983264,0.457441278,-242.834.130.856.648,605.079.028.373.521,922.738.031.381.298,0.041308998,0.000305647,1.54E+09,0.383372793,0.003142236,0.000173946,FALSE,TRUE,TRUE,TRUE,FALSE,TRUE
5,ASV9,-0.419923202,-152.566.390.885.296,-110.574.070.639.234,0.415170425,0.379731545,0.460567815,-101.144.777.509.275,-401.774.340.264.479,-240.082.061.894.483,0.322325058,0.000538289,0.024840697,1,0.006072229,0.255377577,FALSE,TRUE,FALSE,TRUE,TRUE,TRUE
6,ASV10,0.239514665,-110.307.408.003.574,-134.258.874.484.864,0.380386986,0.377348457,0.419749054,0.629660514,-292.322.403.883.314,-319.855.096.879.089,0.536415717,0.008721629,0.004729527,1,0.089663681,0.053351956,FALSE,FALSE,FALSE,TRUE,TRUE,TRUE
7,ASV11,-131.947.643.877.421,-0.048773966,127.070.247.261.412,0.276596055,0.369924337,0.413430697,-477.040.945.832.087,-0.131848492,307.355.617.930.295,2.14E+09,0.895719139,0.003665218,0.000241314,1,0.037680686,TRUE,FALSE,TRUE,TRUE,TRUE,TRUE
8,ASV14,-122.912.215.353.349,0.046692129,127.581.428.290.089,0.29100749,0.368160087,0.405980379,-422.367.875.749.856,0.126825615,314.255.158.373.241,0.000130345,0.899698376,0.003107946,0.001470372,1,0.031951587,TRUE,FALSE,TRUE,FALSE,TRUE,FALSE
9,ASV15,-135.792.179.846.203,0.061995967,14.199.177.656.383,0.278924572,0.359190128,0.398809215,-486.841.939.692.489,0.172599307,356.039.357.348.806,2.00E+09,0.863882424,0.001015171,0.000225711,1,0.010436579,TRUE,FALSE,TRUE,FALSE,TRUE,FALSE
10,ASV17,0.194429664,0.202278745,0.007849081,0.254138803,0.299555974,0.365364445,0.765053043,0.675261931,0.021482881,1,1,1,1,1,1,FALSE,FALSE,FALSE,FALSE,FALSE,TRUE
11,ASV20,-27.714.864.443.151,-157.241.835.705.015,119.906.808.726.495,0.399089548,0.440002791,0.392937999,-694.452.275.511.528,-357.365.541.345.019,305.154.525.560.807,2.80E+07,0.00146709,0.005333016,3.16E+08,0.015082585,0.049493655,TRUE,TRUE,TRUE,TRUE,TRUE,TRUE
12,ASV21,0.140602734,0.141405252,0.000802518,0.25022339,0.293687281,0.362731632,0.561908836,0.481482383,0.002212429,1,1,1,1,1,1,FALSE,FALSE,FALSE,FALSE,FALSE,TRUE
13,ASV23,-0.719388448,0.041564871,0.760953319,0.281903449,0.320673607,0.362295913,-255.189.658.442.331,0.129617373,210.036.406.841.871,0.014977309,0.897571249,0.042571786,0.16895322,1,0.437664029,FALSE,FALSE,FALSE,FALSE,TRUE,FALSE
14,ASV24,0.110557837,0.124992562,0.014434726,0.253900599,0.301490001,0.366411069,0.435437479,0.414582779,0.039394895,1,1,1,1,1,1,FALSE,FALSE,FALSE,FALSE,FALSE,TRUE
15,ASV25,-28.645.087.420.094,-133.357.523.553.958,153.093.350.646.982,0.393021192,0.428629455,0.372739708,-728.843.330.285.549,-311.125.430.230.766,410.724.554.915.883,4.77E+07,0.005502585,0.000547468,5.38E+08,0.051067359,0.005628308,TRUE,FALSE,TRUE,TRUE,TRUE,TRUE
16,ASV26,-165.088.047.160.117,-108.765.699.368.561,0.563223478,0.348571601,0.418117342,0.417152,-473.613.016.055.924,-260.131.997.770.219,135.016.367.746.467,4.57E+09,0.014108613,0.186739469,0.000515475,0.145045175,1,TRUE,FALSE,FALSE,TRUE,FALSE,FALSE
17,ASV28,-111.253.392.959.689,-0.818323772,0.294210158,0.345059352,0.374353838,0.388087816,-322.418.135.763.163,-21.859.633.561.395,0.758102021,0.002735671,0.035596142,0.453464553,0.03086004,0.365950129,1,TRUE,FALSE,FALSE,FALSE,FALSE,TRUE
18,ASV30,-170.658.820.076.715,-0.861800698,0.844787503,0.340335079,0.383836131,0.387278286,-50.144.352.069.553,-224.523.078.431.291,218.134.487.017.308,1.91E+08,0.031792658,0.036617652,0.000214954,0.326847994,0.339834228,TRUE,FALSE,FALSE,FALSE,FALSE,FALSE
19,ASV31,-0.642076954,-0.078649596,0.563427359,0.272811559,0.3112367,0.359519735,-235.355.479.696.176,-0.252700261,156.716.670.593.179,1,1,1,1,1,1,FALSE,FALSE,FALSE,TRUE,TRUE,TRUE
20,ASV32,-0.38579212,0.657798746,104.359.086.580.156,0.315244435,0.36941077,0.418098334,-12.237.872.485.212,178.067.018.986.162,249.604.167.465.029,0.230882817,0.085445801,0.018493659,1,0.878435144,0.208619792,FALSE,FALSE,FALSE,TRUE,FALSE,TRUE
21,ASV33,-0.114756772,406.838.792.067.221,418.314.469.237.991,0.339497453,0.371804493,0.358471335,-0.338019537,109.422.774.581.082,116.693.980.358.344,0.746861906,3.46E+09,2.39E+09,1,0.000355549,0.000269255,FALSE,TRUE,TRUE,TRUE,FALSE,FALSE
22,ASV34,-642.784.914.147.257,-336.136.392.325.408,306.648.521.821.849,0.338611549,0.370703876,0.362033469,-189.829.589.822.584,-906.751.760.478.443,847.017.053.625.215,2.80E+07,4.06E+09,6.32E+09,3.16E+08,0.000417721,0.000586407,TRUE,TRUE,TRUE,FALSE,FALSE,FALSE
23,ASV38,-0.678791134,-0.013151374,0.66563976,0.282556153,0.320026332,0.365765669,-240.232.295.804.709,-0.041094662,181.985.302.744.912,0.021731599,0.967453965,0.077343082,0.245145747,1,0.79513424,FALSE,FALSE,FALSE,FALSE,TRUE,TRUE
24,ASV39,120.492.449.324.109,0.097447378,-110.747.711.544.265,0.289918754,0.324750389,0.364524102,415.607.641.247.407,0.300068549,-303.814.510.325.564,0.000331529,0.766605816,0.005508357,0.003739848,1,0.056629281,TRUE,FALSE,FALSE,TRUE,FALSE,TRUE
25,ASV40,-218.504.202.523.556,103.460.899.664.137,321.965.102.187.692,0.374938464,0.461452064,0.423620418,-58.277.350.364.522,224.207.253.186.402,76.003.206.743.996,0.000392573,0.055246501,6.30E+09,0.004035894,0.512721356,0.000711024,TRUE,FALSE,TRUE,TRUE,TRUE,TRUE
26,ASV41,0.612735118,102.387.972.425.535,0.411144606,0.302842601,0.348603136,0.37537908,202.327.914.460.486,29.370.926.927.843,109.527.842.256.986,0.054318473,0.007202626,0.28426485,0.558427163,0.081250033,1,FALSE,FALSE,FALSE,TRUE,TRUE,FALSE
27,ASV42,-140.663.437.347.513,0.555480032,196.211.440.595.285,0.298225974,0.301147295,0.359006184,-47.166.729.087.263,184.454.597.845.452,546.540.559.563.241,5.18E+09,0.074998447,6.26E+08,0.000532476,0.696031503,7.06E+09,TRUE,FALSE,TRUE,FALSE,TRUE,FALSE
28,ASV43,-0.294990219,0.261518917,0.556509137,0.30400566,0.350303621,0.3819566,-0.970344499,0.746549283,145.699.573.248.864,1,1,1,1,1,1,FALSE,FALSE,FALSE,TRUE,FALSE,FALSE
29,ASV45,-180.802.012.381.491,-0.709526556,109.849.356.820.918,0.34393716,0.395025285,0.391655105,-525.683.274.622.282,-179.615.478.657.154,280.474.722.328.801,1.37E+09,0.083268496,0.009051003,0.000155067,0.772782619,0.093049851,TRUE,FALSE,FALSE,TRUE,TRUE,FALSE
30,ASV50,-0.111951696,-0.198512466,-0.08656077,0.269325204,0.284136244,0.346767025,-0.415674783,-0.69865239,-0.249622265,1,1,1,1,1,1,FALSE,FALSE,FALSE,TRUE,TRUE,FALSE
31,ASV51,-103.462.812.070.159,-0.700793152,0.333834969,0.359875962,0.393276387,0.376015559,-287.495.756.465.242,-178.193.549.098.157,0.887822222,0.008554692,0.087968934,0.383827036,0.096502169,0.904374504,1,FALSE,FALSE,FALSE,FALSE,TRUE,TRUE
32,ASV54,-426.466.964.752.151,-185.752.429.063.825,240.714.535.688.326,0.328858229,0.365109646,0.376102098,-129.681.098.721.802,-508.757.933.849.146,640.024.442.187.737,5.22E+06,0.000350795,5.08E+09,5.89E+07,0.00325559,0.000522136,TRUE,TRUE,TRUE,TRUE,FALSE,TRUE
33,ASV55,0.330111241,0.078837516,-0.251273726,0.277679083,0.300506987,0.350306959,118.882.285.661.254,0.262348362,-0.717295843,1,1,1,1,1,1,FALSE,FALSE,FALSE,FALSE,TRUE,FALSE
34,ASV56,-0.003861687,-0.39253921,-0.388677523,0.293419424,0.313556345,0.365744784,-0.013160981,-125.189.369.369.769,-106.270.147.989.478,1,1,1,1,1,1,FALSE,FALSE,FALSE,FALSE,FALSE,FALSE
35,ASV58,-117.759.959.200.737,0.302424846,148.002.443.847.144,0.300561055,0.345844506,0.368327211,-391.800.458.415.876,0.874453232,401.823.269.161.491,0.000549563,0.38958371,0.000421723,0.00564984,1,0.004757292,TRUE,FALSE,TRUE,TRUE,FALSE,FALSE
36,ASV60,-0.502861773,-0.419433037,0.083428736,0.317836463,0.361545735,0.404698552,-158.213.997.070.963,-116.011.059.346.493,0.206150319,1,1,1,1,1,1,FALSE,FALSE,FALSE,TRUE,TRUE,TRUE
37,ASV61,-437.576.562.803.998,0.303028533,467.879.416.080.302,0.341476123,0.374526714,0.359550437,-12.814.265.282.528,0.809097246,130.129.007.658.791,1.39E+09,0.449345098,1.27E+09,0.000142636,1,0.000142636,TRUE,FALSE,TRUE,FALSE,TRUE,FALSE
38,ASV63,-0.268922587,0.408506286,0.677428873,0.319240084,0.372180845,0.401518431,-0.842383523,10.976.015.871.845,168.716.756.517.443,1,1,1,1,1,1,FALSE,FALSE,FALSE,TRUE,FALSE,FALSE
39,ASV65,-399.931.073.140.122,-0.038907018,396.040.371.317.763,0.34145609,0.375777751,0.360871088,-117.125.183.996.042,-0.103537312,10.974.566.399.921,2.34E+09,0.920910558,3.40E+08,0.000263577,1,0.000349576,TRUE,FALSE,TRUE,FALSE,TRUE,FALSE
40,ASV66,-0.906849066,-0.654114964,0.252734102,0.366668584,0.403019767,0.387585469,-247.321.178.871.158,-162.303.444.343.132,0.652073213,0.02053943,0.117126314,0.520304644,0.231697344,1,1,FALSE,FALSE,FALSE,FALSE,TRUE,TRUE
41,ASV67,0.147840561,0.649096308,0.501255747,0.316697621,0.335564298,0.34740724,0.466819298,193.434.257.504.882,144.284.772.748.052,1,1,1,1,1,1,FALSE,FALSE,FALSE,FALSE,FALSE,FALSE
42,ASV72,0.329961856,-0.3186365,-0.648598357,0.279758941,0.310663158,0.363473442,117.945.061.849.811,-102.566.555.370.769,-178.444.497.531.933,1,1,1,1,1,1,FALSE,FALSE,FALSE,FALSE,FALSE,FALSE
43,ASV77,-419.797.877.292.988,0.012549696,421.052.846.890.623,0.342066007,0.3736792,0.358142595,-122.724.231.373.907,0.033584144,117.565.699.491.109,1.78E+09,0.974298132,2.29E+09,0.00020114,1,0.000235055,TRUE,FALSE,TRUE,FALSE,TRUE,FALSE
44,ASV79,-148.094.914.805.441,-0.776670423,0.704278725,0.351831955,0.389516596,0.379525313,-420.925.140.197.433,-199.393.409.942.205,185.568.313.905.473,0.000289017,0.057175664,0.075325728,0.003260292,0.587800836,0.699068876,TRUE,FALSE,FALSE,TRUE,TRUE,FALSE
45,ASV80,-465.423.789.215.828,-337.258.180.313.247,128.165.608.902.581,0.339081854,0.412489803,0.404041261,-13.726.001.093.725,-817.615.800.898.104,317.209.209.204.846,0.000163216,0.001218537,0.03379001,0.001841172,0.012527307,0.313591981,TRUE,TRUE,FALSE,FALSE,FALSE,FALSE
46,ASV82,0.646462684,107.376.678.695.865,0.427304103,0.312428462,0.331909017,0.345563791,206.915.426.051.626,323.512.387.917.333,123.654.189.079.936,0.055084289,0.005180643,0.234101677,0.566300214,0.058440824,1,FALSE,FALSE,FALSE,FALSE,TRUE,TRUE
47,ASV83,0.985488091,0.909264811,-0.07622328,0.312400006,0.328741509,0.348244244,315.457.129.465.751,276.589.595.460.046,-0.218878793,0.006136055,0.013776192,0.829512074,0.069218462,0.141627685,1,FALSE,FALSE,FALSE,TRUE,TRUE,FALSE
48,ASV89,-111.184.202.903.341,-126.022.487.833.176,-0.148382849,0.376448345,0.391688501,0.353499632,-295.350.489.186.362,-321.741.606.828.954,-0.4197539,0.012065391,0.007389822,0.682082581,0.12403961,0.083361722,1,FALSE,FALSE,FALSE,TRUE,TRUE,TRUE
49,ASV91,0.060749719,141.770.180.175.364,135.695.208.281.904,0.320804878,0.341633376,0.345658399,0.189366569,414.977.546.847.142,392.570.261.843.575,0.853254413,0.001617067,0.002369503,1,0.01824151,0.024359941,FALSE,TRUE,TRUE,TRUE,TRUE,TRUE
50,ASV92,-149.300.004.681.486,0.635092231,212.809.227.789.524,0.299418785,0.319811431,0.343931253,-498.632.724.966.509,198.583.343.227.777,618.755.131.630.855,5.45E+09,0.059652935,3.15E+08,0.00055986,0.553615754,3.56E+09,TRUE,FALSE,TRUE,TRUE,TRUE,FALSE
51,ASV93,0.368974939,0.179368242,-0.189606697,0.309380956,0.318538584,0.362582588,119.262.330.533.465,0.56309738,-0.522933818,1,1,1,1,1,1,FALSE,FALSE,FALSE,FALSE,FALSE,FALSE
52,ASV97,-0.530255194,-0.375660096,0.154595098,0.334614314,0.366724622,0.403877278,-158.467.576.347.498,-102.436.562.300.791,0.382777409,1,1,1,1,1,1,FALSE,FALSE,FALSE,TRUE,TRUE,TRUE
53,ASV99,-108.515.863.932.231,-0.570246341,0.514912298,0.320691425,0.36083362,0.370900267,-338.380.933.605.008,-158.035.811.773.214,138.827.696.846.839,0.002453253,0.127115564,0.17780537,0.027674195,1,1,TRUE,FALSE,FALSE,FALSE,TRUE,FALSE
54,ASV100,-110.194.988.719.441,-0.620245366,0.481704521,0.322218625,0.359205634,0.370881432,-341.988.265.694.652,-172.671.391.416.496,129.881.002.190.562,0.002077868,0.096084102,0.205410502,0.023439619,0.987803394,1,TRUE,FALSE,FALSE,FALSE,TRUE,TRUE
55,ASV103,0.65701317,103.852.697.222.267,0.381513802,0.31805214,0.338205867,0.352653672,20.657.404.480.854,307.069.472.412.366,108.183.703.140.015,0.052765049,0.00629266,0.292864999,0.54245701,0.070985062,1,FALSE,FALSE,FALSE,TRUE,TRUE,FALSE
56,ASV108,-468.468.881.035.016,-305.540.342.982.777,162.928.538.052.239,0.340525762,0.413946866,0.402876908,-137.572.228.978.734,-738.114.883.582.979,404.412.700.229.939,0.000831149,0.00514187,0.027214557,0.009375865,0.052861574,0.252567752,TRUE,FALSE,FALSE,FALSE,FALSE,FALSE
57,ASV109,111.545.481.459.416,0.986009427,-0.129445387,0.310873558,0.329499306,0.350824336,358.813.023.737.782,299.244.766.070.676,-0.368974937,0.002266548,0.008185413,0.716701661,0.025568045,0.084151054,1,TRUE,FALSE,FALSE,TRUE,TRUE,FALSE
58,ASV110,-0.44785377,-0.603041076,-0.155187305,0.312775308,0.347381352,0.368045568,-14.318.706.061.246,-173.596.271.472.098,-0.421652423,1,1,1,1,1,1,FALSE,FALSE,FALSE,TRUE,TRUE,TRUE
59,ASV111,-0.393938299,0.967557008,136.149.530.702.595,0.322068901,0.343547345,0.345990905,-12.231.491.382.972,281.637.166.192.988,393.506.096.680.784,0.244750566,0.015564356,0.001980488,1,0.160011106,0.022341118,FALSE,FALSE,TRUE,TRUE,TRUE,TRUE
60,ASV114,0.669455014,0.294053774,-0.37540124,0.305210433,0.313960517,0.359748779,219.342.113.496.882,0.936594757,-104.350.942.274.455,1,1,1,1,1,1,FALSE,FALSE,FALSE,FALSE,FALSE,FALSE
61,ASV115,NA,NA,NA,NA,NA,NA,NA,NA,NA,1,1,1,1,1,1,FALSE,FALSE,FALSE,TRUE,FALSE,FALSE
62,ASV117,0.578922458,0.017616177,-0.561306282,0.294321812,0.31381975,0.35056717,196.697.096.653.895,0.056134698,-160.113.761.432.607,1,1,1,1,1,1,FALSE,FALSE,FALSE,FALSE,FALSE,FALSE
63,ASV120,-374.521.361.206.183,-0.398525008,334.668.860.358.313,0.355443147,0.394765012,0.372389743,-105.367.444.717.506,-100.952.464.397.223,898.705.902.752.207,2.31E+08,0.339092392,8.64E+08,2.61E+09,1,8.88E+09,TRUE,FALSE,TRUE,TRUE,TRUE,FALSE
64,ASV121,-0.625155759,-0.515771348,0.109384411,0.335598658,0.344858102,0.386589915,-186.280.768.277.066,-149.560.455.186.785,0.282946883,1,1,1,1,1,1,FALSE,FALSE,FALSE,TRUE,FALSE,TRUE
65,ASV122,-0.514301817,189.557.086.426.292,24.098.726.815.308,0.341935373,0.388437217,0.373735562,-150.409.070.919.138,487.999.291.364.583,644.806.897.236.047,1,1,1,1,1,1,FALSE,FALSE,FALSE,TRUE,TRUE,TRUE
66,ASV123,-152.720.600.502.639,-0.634110818,0.893095187,0.34925398,0.364085473,0.387364067,-437.276.621.739.308,-174.165.371.701.867,230.557.055.426.318,0.000204708,0.094373795,0.030086849,0.002309234,0.875846595,0.309311233,TRUE,FALSE,FALSE,TRUE,TRUE,TRUE
67,ASV125,133.459.796.833.711,114.188.381.862.391,-0.19271415,0.3279744,0.334670055,0.36769043,406.921.384.213.536,341.196.890.072.051,-0.524120656,0.000892372,0.003568877,0.60737963,0.010066499,0.036690243,1,TRUE,TRUE,FALSE,TRUE,TRUE,TRUE
68,ASV126,NA,NA,NA,NA,NA,NA,NA,NA,NA,1,1,1,1,1,1,FALSE,FALSE,FALSE,FALSE,FALSE,FALSE
69,ASV129,-0.123008955,0.677564186,0.800573141,0.325380642,0.341518199,0.379122141,-0.378046322,198.397.680.803.676,211.164.966.104.424,1,1,1,1,1,1,FALSE,FALSE,FALSE,FALSE,FALSE,FALSE
70,ASV130,-869.081.076.041.159,-248.265.713.232.623,620.815.362.808.536,0.33945993,0.372295767,0.359013942,-256.018.752.282.665,-666.850.755.417.981,172.922.354.773.845,2.34E+07,0.000550316,2.40E+08,2.64E+08,0.005107267,2.46E+09,TRUE,TRUE,TRUE,FALSE,FALSE,TRUE
71,ASV131,-11.868.157.208.799,-0.638743231,0.54807249,0.315034249,0.354523519,0.374384994,-376.725.935.690.155,-180.169.494.316.914,146.392.750.398.836,0.00085529,0.083201658,0.155200404,0.009648197,0.855363981,1,TRUE,FALSE,FALSE,FALSE,FALSE,TRUE
72,ASV133,-0.202164561,-0.359639202,-0.157474641,0.335763294,0.393065885,0.397556976,-0.602104413,-0.914959084,-0.396105843,1,1,1,1,1,1,FALSE,FALSE,FALSE,TRUE,TRUE,TRUE
73,ASV135,-0.442263128,-0.38009303,0.062170099,0.30808232,0.324981632,0.354298994,-143.553.556.857.326,-116.958.311.369.804,0.17547354,1,1,1,1,1,1,FALSE,FALSE,FALSE,FALSE,FALSE,TRUE
74,ASV138,0.874158051,0.956899034,0.082740983,0.30580659,0.328795342,0.351138444,285.853.242.045.571,291.031.809.588.792,0.235636356,0.009711052,0.008652332,0.816110967,0.099835558,0.097603606,1,FALSE,FALSE,FALSE,TRUE,TRUE,TRUE
75,ASV139,-209.601.388.834.944,-0.329691383,176.632.250.514.494,0.363696291,0.392094075,0.367053517,-576.308.843.050.473,-0.840847653,481.216.613.892.729,0.000422612,0.424850569,0.001334636,0.004767323,1,0.01372088,TRUE,FALSE,TRUE,TRUE,TRUE,FALSE
76,ASV140,-156.579.712.417.784,-0.483162672,108.263.445.217.074,0.35694986,0.379292869,0.361018126,-438.660.243.449.535,-127.385.118.702.036,299.883.683.212.088,0.002328111,0.238476171,0.017101973,0.026262512,1,0.175818758,TRUE,FALSE,FALSE,FALSE,TRUE,FALSE
77,ASV141,-0.396273519,-0.360436583,0.035836936,0.334731812,0.362465557,0.38529803,-118.385.377.458.191,-0.994402298,0.09301095,1,1,1,1,1,1,FALSE,FALSE,FALSE,TRUE,TRUE,TRUE
78,ASV143,0.403217985,-0.128232727,-0.531450711,0.305837229,0.326446328,0.354707471,131.840.713.576.291,-0.39281412,-14.982.788.778.094,1,1,1,1,1,1,FALSE,FALSE,FALSE,FALSE,TRUE,FALSE
79,ASV144,-169.366.894.150.797,-0.522437872,117.123.106.996.796,0.344149411,0.362427497,0.365364264,-492.131.873.344.512,-144.149.623.387.624,320.565.305.382.944,0.00011011,0.166616614,0.004901195,0.001242104,1,0.050387281,TRUE,FALSE,FALSE,TRUE,FALSE,FALSE
80,ASV146,-0.069207137,-0.161378242,-0.092171105,0.320109309,0.336306858,0.349030475,-0.216198451,-0.479854151,-0.264077528,1,1,1,1,1,1,FALSE,FALSE,FALSE,FALSE,FALSE,TRUE
81,ASV148,-0.203319927,161.855.506.255.685,182.187.498.947.787,0.329864864,0.349534835,0.349708963,-0.616373398,463.059.730.222.975,520.968.914.745.439,0.550190879,0.000727699,0.000290095,1,0.007481191,0.003272454,FALSE,TRUE,TRUE,TRUE,TRUE,TRUE
82,ASV149,-0.084500456,0.183545171,0.268045627,0.350424947,0.352554041,0.373712176,-0.2411371,0.520615708,0.717251522,1,1,1,1,1,1,FALSE,FALSE,FALSE,TRUE,TRUE,TRUE
83,ASV150,0.036502925,0.893428605,0.85692568,0.310906911,0.33221108,0.348336431,0.117407891,268.934.018.036.592,246.005.184.698.825,0.907912823,0.015516341,0.024898292,1,0.17503383,0.255969689,FALSE,FALSE,FALSE,FALSE,TRUE,TRUE
84,ASV152,-0.276689129,-0.235670728,0.041018401,0.298573032,0.322371188,0.362927881,-0.926705024,-0.731053943,0.113020804,1,1,1,1,1,1,FALSE,FALSE,FALSE,TRUE,TRUE,TRUE
85,ASV153,-110.468.463.486.997,0.722108191,182.679.282.606.003,0.320614549,0.340634139,0.344417368,-344.552.247.413.186,211.989.377.485.981,530.400.901.574.253,0.005471097,0.057580623,0.000250863,0.056246222,0.534383436,0.00282989,FALSE,FALSE,TRUE,FALSE,FALSE,TRUE
86,ASV154,-140.862.602.255.565,107.694.954.856.292,248.557.557.111.857,0.342157487,0.385676159,0.371069866,-411.689.375.416.051,279.236.744.218.405,669.840.318.148.358,0.025967591,0.068284338,0.006788356,0.266962737,0.633720462,0.076576808,FALSE,FALSE,FALSE,FALSE,TRUE,FALSE
87,ASV156,-0.936462494,-115.698.474.924.178,-0.220522255,0.332554734,0.379610938,0.380738436,-281.596.500.708.016,-304.781.720.495.584,-0.579196199,0.011898597,0.007273068,0.570052795,0.122324863,0.082044661,1,FALSE,FALSE,FALSE,TRUE,FALSE,TRUE
88,ASV157,-0.624023126,-0.239510816,0.384512309,0.343697033,0.38446375,0.378542211,-181.561.976.463.355,-0.62297373,101.577.128.683.548,1,1,1,1,1,1,FALSE,FALSE,FALSE,TRUE,TRUE,TRUE
89,ASV158,-0.772322328,-0.115752993,0.656569336,0.306895173,0.324596824,0.350991735,-251.656.720.623.549,-0.356605438,187.061.195.317.747,0.020494729,0.725121823,0.076105439,0.231193088,1,0.782410506,FALSE,FALSE,FALSE,FALSE,TRUE,TRUE
90,ASV159,-201.786.402.786.128,-0.697862083,13.200.019.446.014,0.327820963,0.352678957,0.374205,-615.538.435.049.587,-197.874.602.088.815,352.748.344.675.636,4.16E+08,0.061108503,0.001998443,4.70E+09,0.567124323,0.020545221,TRUE,FALSE,TRUE,FALSE,TRUE,FALSE
91,ASV161,-0.969989411,-0.48137148,0.488617932,0.321584889,0.373909314,0.381516952,-301.627.795.797.871,-128.740.168.082.396,128.072.403.916.093,0.0063503,0.211333949,0.213628421,0.071635274,1,1,FALSE,FALSE,FALSE,FALSE,TRUE,TRUE
92,ASV162,-0.528040259,-0.452108721,0.075931538,0.321116074,0.364061356,0.366870524,-164.439.061.859.796,-124.184.760.143.807,0.206970942,1,1,1,1,1,1,FALSE,FALSE,FALSE,FALSE,TRUE,FALSE
93,ASV164,-138.839.533.342.512,-171.046.589.417.886,-0.322070561,0.374322278,0.392548479,0.35034772,-370.909.084.138.773,-435.733.670.115.622,-0.919288302,0.009980334,0.0047843,0.393401371,0.10260394,0.053969829,1,FALSE,FALSE,FALSE,TRUE,TRUE,TRUE
94,ASV165,0.719549644,0.225983509,-0.493566135,0.319007164,0.339539834,0.359934535,225.559.086.152.564,0.665558165,-137.126.640.223.986,1,1,1,1,1,1,FALSE,FALSE,FALSE,FALSE,FALSE,TRUE
95,ASV166,-0.465520194,-0.732140422,-0.266620228,0.313640791,0.334114626,0.355814103,-14.842.463.367.764,-219.128.516.211.501,-0.749324508,1,1,1,1,1,1,FALSE,FALSE,FALSE,FALSE,FALSE,TRUE
96,ASV172,-0.484588403,-0.087941764,0.396646639,0.306856478,0.321815718,0.353181003,-157.920.212.584.133,-0.273267461,112.306.900.708.712,1,1,1,1,1,1,FALSE,FALSE,FALSE,TRUE,TRUE,TRUE
97,ASV173,-0.607102579,-0.291945621,0.315156957,0.308205244,0.323322195,0.348156784,-196.979.963.693.175,-0.902955707,0.905215615,1,1,1,1,1,1,FALSE,FALSE,FALSE,TRUE,TRUE,TRUE
98,ASV174,-176.577.380.718.277,-102.775.050.688.329,0.7380233,0.342840903,0.362231643,0.363885758,-515.041.756.425.434,-283.727.423.337.493,202.817.308.399.692,8.01E+09,0.011375797,0.05851024,0.000903452,0.116950162,0.543010851,TRUE,FALSE,FALSE,TRUE,TRUE,TRUE
99,ASV183,0.031523147,-0.040141881,-0.071665028,0.343377644,0.360684474,0.379421823,0.091803143,-0.111293621,-0.188879563,1,1,1,1,1,1,FALSE,FALSE,FALSE,TRUE,FALSE,TRUE
100,ASV185,-0.071623869,-0.316787821,-0.245163953,0.311320508,0.330788089,0.353682369,-0.23006473,-0.957676023,-0.693175499,1,1,1,1,1,1,FALSE,FALSE,FALSE,FALSE,FALSE,TRUE
101,ASV186,-204.450.229.347.967,-112.405.595.195.491,0.920446342,0.357011787,0.376574322,0.347364348,-572.670.810.268.723,-298.495.114.264.936,264.980.083.876.255,0.001230058,0.024479417,0.038038738,0.013875802,0.251663391,0.35302278,TRUE,FALSE,FALSE,TRUE,TRUE,FALSE
102,ASV187,-0.818327656,-0.684221493,0.134106163,0.350705243,0.357587443,0.379326502,-233.337.731.034.917,-191.343.825.554.188,0.353537554,1,1,1,1,1,1,FALSE,FALSE,FALSE,TRUE,TRUE,TRUE
103,ASV188,-0.368577453,-0.202785621,0.165791833,0.339434875,0.357907241,0.381558398,-108.585.616.883.063,-0.566587086,0.434512341,1,1,1,1,1,1,FALSE,FALSE,FALSE,TRUE,TRUE,TRUE
104,ASV189,-0.824076057,0.519599576,134.367.563.304.204,0.317233682,0.333708241,0.353321589,-259.769.407.489.755,155.704.748.163.824,380.298.196.768.141,0.018769351,0.137879277,0.001421613,0.192960421,1,0.016036666,FALSE,FALSE,TRUE,FALSE,TRUE,FALSE
105,ASV193,-0.428095075,-0.554294646,-0.126199571,0.310342408,0.337791258,0.352500418,-137.942.822.078.331,-164.093.840.041.366,-0.358012543,1,1,1,1,1,1,FALSE,FALSE,FALSE,TRUE,TRUE,TRUE
106,ASV196,NA,NA,NA,NA,NA,NA,NA,NA,NA,1,1,1,1,1,1,FALSE,FALSE,FALSE,TRUE,FALSE,FALSE
107,ASV197,0.759532558,1.334.443.341.611,0.574910784,0.316818791,0.33744182,0.3500373,239.737.218.895.637,395.458.790.709.534,164.242.720.268.999,0.031024663,0.001438734,0.122764454,0.318952528,0.016229798,1,FALSE,TRUE,FALSE,FALSE,TRUE,FALSE
108,ASV198,-0.504841623,0.522532659,102.737.428.242.053,0.318539497,0.337423024,0.348608885,-158.486.350.169.397,154.859.811.730.209,294.706.855.551.406,0.137012489,0.145471353,0.011335522,1,1,0.127871628,FALSE,FALSE,FALSE,FALSE,FALSE,TRUE
109,ASV199,0.586477619,0.293635419,-0.2928422,0.296355857,0.327356726,0.360677944,197.896.415.443.549,0.896989113,-0.811921561,1,1,1,1,1,1,FALSE,FALSE,FALSE,FALSE,TRUE,TRUE
110,ASV200,-22.055.779.920.642,-304.567.776.429.616,-0.840099772,0.348244399,0.355646411,0.363501763,-633.341.985.162.668,-85.637.803.969.921,-231.112.984.451.178,0.0007249,0.000139179,0.060175612,0.007452418,0.001570021,0.558466525,TRUE,TRUE,FALSE,FALSE,FALSE,TRUE
111,ASV203,-0.419756293,-0.54978784,-0.130031547,0.310778603,0.329606474,0.352224302,-135.066.020.776.279,-166.801.286.889.841,-0.369172559,1,1,1,1,1,1,FALSE,FALSE,FALSE,FALSE,FALSE,TRUE
112,ASV205,NA,NA,NA,NA,NA,NA,NA,NA,NA,1,1,1,1,1,1,FALSE,FALSE,FALSE,FALSE,FALSE,TRUE
113,ASV207,-0.855604327,-0.489598889,0.366005438,0.298614524,0.321642701,0.34984723,-28.652.468.583.847,-152.218.249.365.879,104.618.646.988.229,0.008749273,0.141594576,0.306345796,0.098697162,1,1,FALSE,FALSE,FALSE,FALSE,TRUE,TRUE
114,ASV209,-18.126.504.761.594,-121.823.760.092.682,0.594412875,0.371695367,0.41021536,0.390246055,-487.670.989.426.659,-296.975.130.901.219,15.231.745.897.402,0.000201288,0.009542437,0.148517043,0.002270652,0.098102091,1,TRUE,FALSE,FALSE,FALSE,FALSE,TRUE
115,ASV211,NA,NA,NA,NA,NA,NA,NA,NA,NA,1,1,1,1,1,1,FALSE,FALSE,FALSE,TRUE,FALSE,FALSE
116,ASV215,0.017922906,0.278950994,0.261028088,0.325932817,0.346104221,0.350564307,0.054989572,0.805973974,0.744594025,1,1,1,1,1,1,FALSE,FALSE,FALSE,TRUE,FALSE,FALSE
117,ASV221,-0.654040601,-0.275059765,0.378980836,0.308983641,0.325828033,0.349320905,-211.674.831.386.461,-0.844186922,108.490.740.317.284,1,1,1,1,1,1,FALSE,FALSE,FALSE,TRUE,TRUE,TRUE
118,ASV224,-306.687.563.386.063,0.079418159,314.629.379.239.849,0.347263876,0.380321684,0.360795328,-883.154.235.586.066,0.208818382,872.043.938.847.713,0.000907333,0.844792859,0.000952473,0.009792005,1,0.009792005,TRUE,FALSE,TRUE,FALSE,TRUE,FALSE
119,ASV226,NA,NA,NA,NA,NA,NA,NA,NA,NA,1,1,1,1,1,1,FALSE,FALSE,FALSE,FALSE,FALSE,TRUE
120,ASV228,-0.214508325,-0.124841367,0.089666958,0.331154696,0.34113336,0.363296321,-0.647758669,-0.365960594,0.246814936,1,1,1,1,1,1,FALSE,FALSE,FALSE,FALSE,TRUE,FALSE
121,ASV229,0.553439896,0.580034163,0.026594267,0.313095629,0.332194738,0.350220779,176.763.852.772.793,17.460.666.819.362,0.07593572,1,1,1,1,1,1,FALSE,FALSE,FALSE,TRUE,FALSE,TRUE
122,ASV230,-0.700682348,-0.594161832,0.106520516,0.309961159,0.328200483,0.345168634,-226.054.887.421.089,-181.036.245.652.478,0.308604273,1,1,1,1,1,1,FALSE,FALSE,FALSE,TRUE,FALSE,TRUE
123,ASV232,-0.660463728,-0.402932596,0.257531132,0.330798221,0.363488572,0.357512611,-199.657.581.847.953,-110.851.516.887.287,0.720341394,1,1,1,1,1,1,FALSE,FALSE,FALSE,FALSE,TRUE,FALSE
124,ASV233,-0.56251871,-0.659501641,-0.096982932,0.340835272,0.363671055,0.379090275,-16.504.122.535.712,-181.345.650.926.813,-0.255830703,1,1,1,1,1,1,FALSE,FALSE,FALSE,TRUE,TRUE,TRUE
125,ASV242,218.853.769.207.247,253.550.686.016.792,0.346969168,0.317419365,0.33443479,0.346786974,689.478.315.975.855,758.146.860.882.858,100.052.537.627.537,5.11E+08,1.66E+08,0.332924193,5.25E+09,1.87E+09,1,TRUE,TRUE,FALSE,TRUE,TRUE,TRUE
126,ASV244,-0.955715536,-0.540413985,0.415301551,0.311106757,0.348237294,0.362591415,-307.198.578.967.901,-155.185.557.066.984,114.537.061.227.117,0.006014733,0.136377819,0.265576967,0.067849867,1,1,FALSE,FALSE,FALSE,FALSE,TRUE,TRUE
127,ASV245,-0.883718173,-0.299569367,0.584148806,0.338828664,0.382111845,0.382809502,-260.815.647.349.926,-0.783983463,152.595.168.538.777,1,1,1,1,1,1,FALSE,FALSE,FALSE,FALSE,TRUE,TRUE
128,ASV246,-137.437.147.932.852,-0.518007984,0.856363496,0.337391085,0.367004484,0.366430396,-407.352.636.081.484,-141.144.865.184.235,233.704.273.489.227,0.001139585,0.179949196,0.034812095,0.012855211,1,0.357889654,TRUE,FALSE,FALSE,FALSE,TRUE,FALSE
129,ASV248,-0.866235206,-124.705.814.102,-0.380822935,0.315932562,0.337580933,0.351903704,-274.183.579.326.893,-369.410.123.422.667,-108.217.938.527.586,0.015132654,0.00216509,0.296263707,0.155572949,0.024423542,1,FALSE,TRUE,FALSE,FALSE,FALSE,TRUE
130,ASV249,-160.220.680.960.804,-0.367332684,123.487.412.517.319,0.320813605,0.340532023,0.349741009,-499.419.845.159.649,-107.870.232.298.085,353.082.450.774.751,0.00016016,0.297761799,0.003025964,0.001806705,1,0.031108761,TRUE,FALSE,TRUE,TRUE,TRUE,TRUE
131,ASV250,0.985933398,107.970.433.243.909,0.093770935,0.327921676,0.337768059,0.361932159,300.661.245.971.366,31.965.850.639.254,0.259084285,0.009427133,0.006464294,0.799340831,0.096916701,0.072921197,1,FALSE,FALSE,FALSE,TRUE,TRUE,TRUE
132,ASV253,0.478488647,0.299743445,-0.178745202,0.321571254,0.338532076,0.35250821,148.797.083.251.289,0.885421105,-0.507066778,1,1,1,1,1,1,FALSE,FALSE,FALSE,FALSE,FALSE,TRUE
133,ASV254,-0.436077479,-0.17846685,0.257610629,0.312366615,0.32882802,0.352569593,-139.604.380.884.088,-0.542736139,0.730666043,1,1,1,1,1,1,FALSE,FALSE,FALSE,TRUE,TRUE,TRUE
134,ASV255,0.339075533,0.778916879,0.439841345,0.306938693,0.328690257,0.349028905,110.470.117.134.319,236.975.956.271.133,126.018.601.664.047,1,1,1,1,1,1,FALSE,FALSE,FALSE,TRUE,TRUE,TRUE
135,ASV257,0.130487706,0.402583816,0.27209611,0.311305403,0.3388585,0.354255885,0.419162998,118.805.877.961.571,0.768077881,1,1,1,1,1,1,FALSE,FALSE,FALSE,TRUE,TRUE,TRUE
136,ASV259,-210.303.845.625.471,-0.091040277,201.199.817.925.087,0.315627136,0.33591232,0.347129007,-666.304.705.275.517,-0.271023929,579.611.077.448.855,2.26E+08,0.789295174,1.39E+09,2.55E+09,1,0.000142673,TRUE,FALSE,TRUE,TRUE,FALSE,TRUE
137,ASV260,-0.147233047,0.219520351,0.366753398,0.326276802,0.334222851,0.365723005,-0.451251963,0.656808324,100.281.741.436.588,1,1,1,1,1,1,FALSE,FALSE,FALSE,FALSE,FALSE,FALSE
138,ASV261,-134.717.580.747,-157.371.542.008.184,-0.226539613,0.355167588,0.383837718,0.372820879,-379.307.080.442.782,-409.994.992.206.799,-0.607636603,0.009040815,0.006357725,0.565701204,0.092945118,0.071719025,1,FALSE,FALSE,FALSE,FALSE,FALSE,TRUE
139,ASV262,-132.742.422.143.385,-0.617137241,0.710286981,0.316773459,0.336917097,0.347255615,-419.045.277.770.159,-183.171.838.788.376,204.542.979.394.886,0.000787955,0.086924272,0.058766917,0.008888617,0.806710467,0.604159882,TRUE,FALSE,FALSE,FALSE,TRUE,TRUE
140,ASV263,NA,NA,NA,NA,NA,NA,NA,NA,NA,1,1,1,1,1,1,FALSE,FALSE,FALSE,FALSE,FALSE,TRUE
141,ASV264,-0.513529512,0.595932107,110.946.161.895.933,0.31061892,0.330379702,0.347634981,-16.532.460.804.221,180.377.942.180.339,319.145.563.899.324,0.117764351,0.09012585,0.005678752,1,0.926548922,0.064059797,FALSE,FALSE,FALSE,TRUE,TRUE,FALSE
142,ASV266,-0.447636781,-0.799037065,-0.351400284,0.316727472,0.33598312,0.345616765,-14.133.184.549.994,-237.820.597.813.354,-101.673.390.635.545,1,1,1,1,1,1,FALSE,FALSE,FALSE,FALSE,FALSE,TRUE
143,ASV267,-268.128.429.371.397,-20.055.366.742.078,0.67574762,0.336460109,0.362713404,0.359362517,-796.910.012.017.846,-55.292.598.834.028,188.040.652.085.499,9.34E+08,0.000878921,0.102104871,0.001053935,0.009035849,0.947595718,TRUE,TRUE,FALSE,FALSE,TRUE,TRUE
144,ASV269,NA,NA,NA,NA,NA,NA,NA,NA,NA,1,1,1,1,1,1,FALSE,FALSE,FALSE,FALSE,FALSE,FALSE
145,ASV270,-169.483.344.890.583,-117.772.321.310.236,0.517110236,0.335158555,0.368677138,0.359044942,-505.681.093.733.013,-319.445.686.530.935,144.023.818.533.006,0.000683993,0.010928096,0.18366494,0.007715856,0.11234752,1,TRUE,FALSE,FALSE,TRUE,FALSE,FALSE
146,ASV271,-0.045640604,-0.401769716,-0.356129112,0.330040166,0.359264806,0.361127717,-0.138288029,-111.831.080.865.775,-0.986158347,1,1,1,1,1,1,FALSE,FALSE,FALSE,TRUE,TRUE,TRUE
147,ASV272,0.607775718,0.719236808,0.11146109,0.316283431,0.3359018,0.345061852,19.216.173.148.023,214.121.153.237.065,0.323017712,1,1,1,1,1,1,FALSE,FALSE,FALSE,FALSE,FALSE,FALSE
148,ASV275,-0.836402522,-0.598937885,0.237464637,0.314728871,0.344092886,0.352574733,-265.753.351.276.037,-174.062.850.157.136,0.673515754,0.017202701,0.100941462,0.51023215,0.194057004,1,1,FALSE,FALSE,FALSE,FALSE,TRUE,TRUE
149,ASV277,0.112960898,-0.143712087,-0.256672985,0.348213814,0.37303053,0.373998369,0.324400966,-0.385255564,-0.686294397,1,1,1,1,1,1,FALSE,FALSE,FALSE,TRUE,FALSE,TRUE
150,ASV280,-258.370.592.494.056,-160.315.679.589.539,0.980549129,0.354341496,0.377337876,0.350739846,-72.915.702.919.867,-424.859.760.611.421,279.565.934.381.524,1,1,1,1,1,1,FALSE,FALSE,FALSE,TRUE,TRUE,TRUE
151,ASV282,-0.166312391,-0.071578964,0.094733427,0.332596139,0.349121714,0.350785492,-0.50004306,-0.205025816,0.270060846,1,1,1,1,1,1,FALSE,FALSE,FALSE,TRUE,TRUE,FALSE
152,ASV285,NA,NA,NA,NA,NA,NA,NA,NA,NA,1,1,1,1,1,1,FALSE,FALSE,FALSE,TRUE,FALSE,FALSE
153,ASV286,-106.693.696.891.211,-175.509.796.287.408,-0.688160994,0.347278795,0.364511335,0.362069054,-307.227.790.589.681,-481.493.384.383.193,-190.063.465.991.769,0.027711887,0.004819858,0.11576898,0.284895163,0.054370944,1,FALSE,FALSE,FALSE,FALSE,FALSE,TRUE
154,ASV287,-150.473.672.817.929,-156.344.138.507.771,-0.058704657,0.331636792,0.353639804,0.379816955,-453.730.335.360.429,-442.099.946.741.038,-0.15456039,0.000464829,0.000580871,0.879373975,0.00524356,0.005971712,1,TRUE,TRUE,FALSE,FALSE,TRUE,TRUE
155,ASV288,-0.290235127,0.247156415,0.537391542,0.313662006,0.335498796,0.348231705,-0.92531171,0.736683464,15.432.010.795.427,1,1,1,1,1,1,FALSE,FALSE,FALSE,TRUE,TRUE,TRUE
156,ASV292,-0.327215695,0.407836906,0.735052601,0.318486966,0.336856496,0.352514258,-102.740.686.455.576,121.071.409.171.971,208.517.126.759.379,1,1,1,1,1,1,FALSE,FALSE,FALSE,TRUE,TRUE,TRUE
157,ASV293,-0.52162593,-0.684132776,-0.162506846,0.328906206,0.349211458,0.347495229,-158.594.128.178.729,-195.907.883.596.478,-0.467652021,1,1,1,1,1,1,FALSE,FALSE,FALSE,FALSE,FALSE,TRUE
158,ASV294,-0.833724673,0.331527757,116.525.242.985.275,0.321876275,0.342352909,0.344196408,-25.902.023.146.231,0.968380139,338.542.879.185.741,0.023649089,0.351967766,0.005413553,0.243127119,1,0.061068198,FALSE,FALSE,FALSE,FALSE,FALSE,TRUE
159,ASV295,NA,NA,NA,NA,NA,NA,NA,NA,NA,1,1,1,1,1,1,FALSE,FALSE,FALSE,FALSE,FALSE,TRUE
160,ASV297,-0.790081313,-0.401528473,0.388552841,0.326736697,0.363594958,0.365168294,-241.809.787.523.479,-110.432.904.538.731,106.403.772.564.813,1,1,1,1,1,1,FALSE,FALSE,FALSE,TRUE,TRUE,TRUE
161,ASV302,-0.492929292,0.154498276,0.647427567,0.32593394,0.342057563,0.349179865,-151.235.950.499.502,0.451673322,185.413.774.478.906,1,1,1,1,1,1,FALSE,FALSE,FALSE,TRUE,TRUE,TRUE
162,ASV303,-18.348.658.855.622,0.572743079,240.760.896.468.025,0.340888991,0.370335582,0.355708457,-538.259.062.567.054,154.655.157.817.321,676.848.952.962.688,0.00298406,0.182640561,0.001069758,0.030677959,1,0.012067527,TRUE,FALSE,TRUE,FALSE,TRUE,FALSE
163,ASV306,-129.245.310.742.173,-0.984102827,0.308350281,0.332165025,0.354756915,0.347425825,-389.099.697.708.634,-277.402.013.498.176,0.887528385,0.003004677,0.019651267,0.395639227,0.033894595,0.202027055,1,TRUE,FALSE,FALSE,FALSE,FALSE,FALSE
164,ASV307,-1.018.002.824.255,-1.520.207.956.843,-0.502205133,0.35679278,0.361125846,0.373682303,-285.320.466.812.523,-420.963.488.417.069,-134.393.608.870.377,0.021373491,0.002957345,0.215836044,0.21973257,0.033360658,1,FALSE,TRUE,FALSE,FALSE,FALSE,TRUE
165,ASV308,-0.463780932,-0.461322528,0.002458403,0.32485651,0.347329614,0.347993749,-14.276.485.706.641,-132.819.808.637.462,0.007064504,1,1,1,1,1,1,FALSE,FALSE,FALSE,TRUE,TRUE,TRUE
166,ASV309,-0.410855456,-0.442570988,-0.031715532,0.318466807,0.334263864,0.349721884,-129.010.448.575.946,-132.401.685.115.017,-0.090687869,1,1,1,1,1,1,FALSE,FALSE,FALSE,TRUE,TRUE,TRUE
167,ASV311,-117.399.752.904.432,-0.707358114,0.466639415,0.324257723,0.338066858,0.349513746,-362.056.920.998.285,-209.236.160.585.349,133.511.033.755.056,0.003107224,0.056591381,0.20474977,0.035051385,0.581794042,1,TRUE,FALSE,FALSE,FALSE,TRUE,TRUE
168,ASV314,0.411569761,0.787368424,0.375798663,0.321364639,0.338131178,0.351757183,128.069.398.642.571,23.285.886.521.515,106.834.680.758.106,1,1,1,1,1,1,FALSE,FALSE,FALSE,FALSE,FALSE,TRUE
169,ASV316,178.262.005.616.241,141.522.450.364.669,-0.367395553,0.32397648,0.334859237,0.355017977,55.023.131.743.329,422.632.661.510.062,-103.486.464.482.356,6.08E+09,0.000732898,0.317128901,0.000685745,0.007534642,1,TRUE,TRUE,FALSE,TRUE,TRUE,TRUE
170,ASV317,-211.354.145.673.905,-0.236965662,187.657.579.518.276,0.343427307,0.380247316,0.363811193,-615.426.151.453.328,-0.623188255,515.810.351.879.191,0.0016474,0.56048171,0.003590433,0.018583677,1,0.036911846,TRUE,FALSE,TRUE,FALSE,TRUE,TRUE
171,ASV318,-218.426.427.386.767,-155.412.520.757.341,0.630139066,0.326495635,0.361747072,0.364102504,-669.002.596.789.907,-429.616.526.883.255,173.066.391.891.294,3.42E+09,0.001264044,0.11142773,0.000385985,0.012995147,1,TRUE,TRUE,FALSE,FALSE,FALSE,FALSE
172,ASV322,0.64661465,119.809.884.001.643,0.55148419,0.344385839,0.371165493,0.362443691,187.758.779.991.829,322.793.703.286.774,152.157.205.037.734,1,1,1,1,1,1,FALSE,FALSE,FALSE,TRUE,TRUE,TRUE
173,ASV324,0.017298237,-0.172322476,-0.189620713,0.360837877,0.36878678,0.362588605,0.047939084,-0.467268583,-0.522963795,1,1,1,1,1,1,FALSE,FALSE,FALSE,TRUE,TRUE,TRUE
174,ASV325,-118.385.928.736.945,-0.356393115,0.827466173,0.325907597,0.345415537,0.354815348,-3.632.499.824.007,-103.178.078.815.762,233.210.365.995.798,0.002456399,0.318524915,0.034040937,0.027709681,1,0.34996167,TRUE,FALSE,FALSE,FALSE,TRUE,FALSE
175,ASV326,-15.380.026.409.937,-0.806465911,0.73153673,0.318283563,0.34697223,0.351581205,-483.217.740.705.164,-232.429.526.731.843,208.070.488.095.952,0.000266001,0.035666571,0.056304991,0.00300065,0.366674189,0.52254479,TRUE,FALSE,FALSE,TRUE,FALSE,FALSE
176,ASV327,0.092913638,123.035.253.340.335,113.743.889.546.685,0.342720319,0.379801835,0.365554103,0.271106301,323.945.916.114.768,311.154.733.245.241,1,1,1,1,1,1,FALSE,FALSE,FALSE,TRUE,TRUE,TRUE
177,ASV328,0.012345692,-0.081267034,-0.093612726,0.314342114,0.335877507,0.347047712,0.0392747,-0.241954381,-0.269740221,1,1,1,1,1,1,FALSE,FALSE,FALSE,TRUE,TRUE,FALSE
178,ASV330,-0.347952235,-0.319433447,0.028518788,0.321574144,0.354431518,0.368286827,-108.202.802.330.104,-0.901255759,0.07743635,1,1,1,1,1,1,FALSE,FALSE,FALSE,TRUE,FALSE,TRUE
179,ASV332,-0.759432357,-0.696079128,0.063353229,0.324412909,0.343774641,0.347654232,-234.094.370.573.549,-202.481.231.842.772,0.18223057,1,1,1,1,1,1,FALSE,FALSE,FALSE,TRUE,TRUE,FALSE
180,ASV333,-0.845769858,-0.858743281,-0.012973423,0.326626391,0.347451425,0.350028349,-258.941.065.903.856,-247.154.917.224.382,-0.037063922,0.025164642,0.03103597,0.971098119,0.283872569,0.319068776,1,FALSE,FALSE,FALSE,FALSE,FALSE,TRUE
181,ASV334,0.139223556,0.149428554,0.010204997,0.320845425,0.338604434,0.347447477,0.433927198,0.441307139,0.029371339,1,1,1,1,1,1,FALSE,FALSE,FALSE,FALSE,FALSE,FALSE
182,ASV335,-0.364630076,-0.388322154,-0.023692078,0.326999728,0.353425826,0.351372564,-111.507.761.471.358,-109.873.734.551.595,-0.067427227,1,1,1,1,1,1,FALSE,FALSE,FALSE,TRUE,TRUE,TRUE
183,ASV338,-0.628428319,-0.414166907,0.214261412,0.322217786,0.342884207,0.35140767,-195.032.163.017.177,-120.789.146.273.998,0.609723207,1,1,1,1,1,1,FALSE,FALSE,FALSE,TRUE,TRUE,TRUE
184,ASV341,0.27402729,-0.032494991,-0.30652228,0.325123792,0.350017104,0.353684114,0.842839856,-0.092838294,-0.866655493,1,1,1,1,1,1,FALSE,FALSE,FALSE,FALSE,FALSE,TRUE
185,ASV342,-127.260.366.028.225,-104.437.120.162.478,0.228232459,0.376664667,0.411497042,0.370107143,-337.861.172.603.777,-253.797.985.347.696,0.616665911,0.008144896,0.031816063,0.552732405,0.091879417,0.327088608,1,FALSE,FALSE,FALSE,FALSE,FALSE,TRUE
186,ASV345,0.410127641,0.350278809,-0.059848832,0.327487363,0.342553781,0.370014044,125.234.646.272.524,102.255.128.476.525,-0.161747459,1,1,1,1,1,1,FALSE,FALSE,FALSE,FALSE,FALSE,TRUE
187,ASV348,0.43413271,0.204969554,-0.229163156,0.339296822,0.367159832,0.370713738,127.950.715.214.132,0.55825702,-0.618167423,1,1,1,1,1,1,FALSE,FALSE,FALSE,FALSE,FALSE,TRUE
188,ASV351,0.205671871,0.985620546,0.779948675,0.335695266,0.355594276,0.360104212,0.612674326,277.175.593.614.807,216.589.711.692.929,1,1,1,1,1,1,FALSE,FALSE,FALSE,FALSE,TRUE,FALSE
189,ASV355,0.305704885,0.285790438,-0.019914447,0.328817226,0.349188964,0.35414153,0.929710675,0.818440638,-0.056233018,1,1,1,1,1,1,FALSE,FALSE,FALSE,FALSE,TRUE,TRUE
190,ASV357,-0.29981467,0.044777457,0.344592127,0.327072937,0.355066847,0.356027489,-0.916659976,0.126109936,0.967880677,1,1,1,1,1,1,FALSE,FALSE,FALSE,TRUE,TRUE,FALSE
191,ASV359,0.891697371,0.733681028,-0.158016343,0.359934051,0.376240555,0.37180742,247.739.097.641.049,195.003.174.890.447,-0.424995129,1,1,1,1,1,1,FALSE,FALSE,FALSE,TRUE,FALSE,TRUE
192,ASV361,-118.677.286.299.809,-0.683800394,0.502972469,0.330660105,0.35580464,0.349945518,-358.910.206.117.095,-192.184.226.104.684,143.728.793.026.431,0.007093742,0.090857014,0.188573012,0.080021753,0.934065731,1,FALSE,FALSE,FALSE,FALSE,FALSE,FALSE
193,ASV364,-0.731997152,-0.744232389,-0.012235238,0.316821085,0.345223814,0.351572943,-231.044.329.873.705,-215.579.679.070.139,-0.03480142,1,1,1,1,1,1,FALSE,FALSE,FALSE,TRUE,TRUE,TRUE
194,ASV370,0.568233349,0.848463943,0.280230594,0.321197561,0.343393832,0.347975858,176.910.853.872.484,247.081.881.674.762,0.805316195,1,1,1,1,1,1,FALSE,FALSE,FALSE,FALSE,FALSE,TRUE
195,ASV371,-195.403.478.428.371,-128.001.270.562.689,0.674022079,0.35414252,0.389021208,0.364797053,-551.765.087.370.371,-329.034.171.057.788,184.766.316.957.184,1,1,1,1,1,1,FALSE,FALSE,FALSE,TRUE,TRUE,TRUE
196,ASV373,-0.074157017,0.03005098,0.104207997,0.329198717,0.360912486,0.371768199,-0.225265206,0.083263898,0.280303688,1,1,1,1,1,1,FALSE,FALSE,FALSE,TRUE,FALSE,TRUE
197,ASV377,-0.935758906,-0.466300241,0.469458666,0.324080896,0.347437979,0.347196063,-288.742.384.384.698,-134.211.073.341.664,135.214.282.486.547,1,1,1,1,1,1,FALSE,FALSE,FALSE,TRUE,TRUE,FALSE
198,ASV379,-109.617.867.222.891,-130.766.794.150.195,-0.211489269,0.316225987,0.343688953,0.35803298,-346.644.082.305.564,-380.480.061.796.196,-0.590697732,0.003453343,0.001726204,0.56351798,0.035502482,0.01947264,1,TRUE,TRUE,FALSE,FALSE,FALSE,TRUE
199,ASV380,-0.618119747,-0.196015461,0.422104286,0.333380731,0.35378717,0.350667799,-185.409.559.980.835,-0.554049095,120.371.555.770.068,1,1,1,1,1,1,FALSE,FALSE,FALSE,TRUE,TRUE,TRUE
200,ASV381,-0.47919798,-131.048.100.394.195,-0.831283024,0.335033696,0.352124394,0.347215852,-143.029.786.450.543,-372.164.219.908.774,-239.413.903.539.528,0.186417528,0.004758529,0.040283118,1,0.053679119,0.414135114,FALSE,FALSE,FALSE,FALSE,TRUE,FALSE
201,ASV382,-0.672556669,-0.301875317,0.370681352,0.32971685,0.34451686,0.352533783,-203.980.072.119.583,-0.876227994,105.147.753.224.174,1,1,1,1,1,1,FALSE,FALSE,FALSE,FALSE,TRUE,TRUE
202,ASV385,-0.072127219,0.2200993,0.292226519,0.326845903,0.354474262,0.355288963,-0.220676528,0.620917576,0.822503792,1,1,1,1,1,1,FALSE,FALSE,FALSE,FALSE,FALSE,TRUE
203,ASV388,-119.346.524.987.558,-114.301.079.739.705,0.050454452,0.321873669,0.34389209,0.345479073,-370.786.853.466.537,-33.237.484.354.374,0.146041993,0.003453948,0.006786043,0.886530172,0.038962653,0.069764679,1,TRUE,FALSE,FALSE,FALSE,FALSE,FALSE
204,ASV389,-0.760488129,0.543059221,1.303.547.350.134,0.326986389,0.351869569,0.353047336,-232.574.857.585.508,154.335.375.735.053,36.922.735.763.461,0.040168917,0.151009092,0.003549065,0.412961059,1,0.040035626,FALSE,FALSE,TRUE,FALSE,FALSE,TRUE
205,ASV390,0.242107107,0.418716952,0.176609845,0.320641943,0.335927127,0.353600467,0.755069983,124.645.173.979.019,0.499461573,1,1,1,1,1,1,FALSE,FALSE,FALSE,FALSE,FALSE,TRUE
206,ASV391,NA,NA,NA,NA,NA,NA,NA,NA,NA,1,1,1,1,1,1,FALSE,FALSE,FALSE,FALSE,FALSE,FALSE
207,ASV392,-109.592.750.572.108,-0.876281431,0.219646075,0.338936439,0.360619757,0.348001115,-323.343.075.726.702,-242.993.184.069.046,0.631164859,0.010266081,0.037986802,0.543627224,0.115807674,0.390527579,1,FALSE,FALSE,FALSE,FALSE,TRUE,FALSE
208,ASV393,-0.88714176,-0.5064059,0.380735859,0.321263161,0.342057187,0.348899565,-276.141.763.660.945,-148.047.145.023.972,109.124.773.181.348,1,1,1,1,1,1,FALSE,FALSE,FALSE,TRUE,FALSE,FALSE
209,ASV394,0.563956227,0.217093349,-0.346862878,0.315744452,0.333587687,0.346444244,178.611.603.091.463,0.650783459,-100.120.837.459.122,1,1,1,1,1,1,FALSE,FALSE,FALSE,FALSE,TRUE,FALSE
210,ASV395,0.347370583,0.149521898,-0.197848684,0.32282513,0.346552076,0.348065568,107.603.327.614.683,0.431455786,-0.568423604,1,1,1,1,1,1,FALSE,FALSE,FALSE,TRUE,TRUE,TRUE
211,ASV398,-0.002531285,12.165.972.653.944,12.191.285.501.572,0.332779576,0.3409407,0.357040213,-0.007606491,356.835.445.663.052,341.454.128.923.884,0.994046447,0.003433598,0.004611676,1,0.038733084,0.04741085,FALSE,TRUE,TRUE,TRUE,FALSE,FALSE
212,ASV399,-123.161.588.675.703,-0.610874529,0.620741358,0.321505023,0.339463141,0.34836101,-383.078.271.587.581,-179.953.124.640.803,17.818.910.285.318,0.002082042,0.095176236,0.09812651,0.023486711,0.91067409,0.91067409,TRUE,FALSE,FALSE,FALSE,TRUE,TRUE
213,ASV401,0.275525823,0.516883471,0.241357648,0.319577864,0.337342741,0.347844271,0.862155531,153.222.052.272.533,0.693866963,1,1,1,1,1,1,FALSE,FALSE,FALSE,FALSE,FALSE,FALSE
214,ASV402,-0.58112551,-0.733041494,-0.151915984,0.33663896,0.368325295,0.35739035,-172.625.743.968.136,-199.020.133.737.697,-0.425070191,1,1,1,1,1,1,FALSE,FALSE,FALSE,FALSE,TRUE,FALSE
215,ASV404,0.739069916,0.742526521,0.003456605,0.323952027,0.34143936,0.348481394,228.141.778.631.877,21.746.951.499.695,0.009919052,1,1,1,1,1,1,FALSE,FALSE,FALSE,FALSE,FALSE,TRUE
216,ASV406,-224.072.465.416.125,-0.352454623,188.827.003.074.561,0.329919533,0.350412033,0.344991797,-679.173.080.692.902,-100.582.911.130.454,54.733.766.112.294,0.000255117,0.347993359,0.000932508,0.00287788,1,0.009586757,TRUE,FALSE,TRUE,FALSE,FALSE,TRUE
217,ASV408,0.489638487,0.35468055,-0.134957937,0.320952371,0.346004972,0.350328225,152.557.990.389.831,102.507.356.374.507,-0.38523284,1,1,1,1,1,1,FALSE,FALSE,FALSE,FALSE,FALSE,TRUE
218,ASV416,-132.368.510.540.211,0.64695132,197.063.642.518.532,0.33764929,0.349906953,0.358463517,-392.029.583.054.352,184.892.387.409.899,54.974.532.461.128,0.002391621,0.091503068,0.000186952,0.024587331,0.84920449,0.002108938,TRUE,FALSE,TRUE,FALSE,TRUE,TRUE
219,ASV417,-146.453.943.044.079,-0.82062311,0.643916321,0.35886746,0.355289844,0.377741121,-408.100.369.307.199,-230.972.859.052.444,170.464.978.480.847,0.000983424,0.035549144,0.108878131,0.011093622,0.365466967,1,TRUE,FALSE,FALSE,FALSE,FALSE,TRUE
220,ASV420,-0.991477466,-0.470771418,0.520706048,0.322046292,0.353573656,0.358156216,-307.867.996.032.707,-133.146.632.728.374,145.385.176.721.214,0.007642836,0.202917302,0.166589953,0.086215869,1,1,FALSE,FALSE,FALSE,FALSE,TRUE,TRUE
221,ASV421,0.12207707,0.325245168,0.203168098,0.32018245,0.340830386,0.34655365,0.38127346,0.954272803,0.586252944,1,1,1,1,1,1,FALSE,FALSE,FALSE,TRUE,FALSE,FALSE
222,ASV423,-0.529629657,0.481962926,10.115.925.830.714,0.332274524,0.352538306,0.34505741,-159.395.204.792.327,136.712.214.701.073,293.166.456.886.701,1,1,1,1,1,1,FALSE,FALSE,FALSE,TRUE,FALSE,FALSE
223,ASV428,-0.918654547,-0.441646245,0.477008302,0.334966436,0.35619055,0.347725019,-274.252.715.448.987,-123.991.567.285.277,137.179.747.192.583,1,1,1,1,1,1,FALSE,FALSE,FALSE,FALSE,TRUE,TRUE
224,ASV429,0.295344995,0.677543362,0.382198367,0.331977944,0.363057853,0.356055528,0.88965246,186.621.321.253.131,107.342.349.082.899,1,1,1,1,1,1,FALSE,FALSE,FALSE,TRUE,FALSE,FALSE
225,ASV431,0.54410098,0.693756795,0.149655815,0.321542509,0.341485243,0.353434675,169.215.878.257.345,203.158.645.985.166,0.423432747,1,1,1,1,1,1,FALSE,FALSE,FALSE,TRUE,FALSE,TRUE
226,ASV436,-341.384.592.131.217,-316.775.084.876.098,0.246095073,0.336756115,0.367590868,0.360246758,-101.374.430.100.376,-861.759.942.452.775,0.68312918,0.000160109,0.000347273,0.524887179,0.001806132,0.003570177,1,TRUE,TRUE,FALSE,FALSE,TRUE,FALSE
227,ASV437,-0.199104603,-0.097980529,0.101124074,0.321668932,0.343450787,0.348467136,-0.618973683,-0.285282587,0.290196876,1,1,1,1,1,1,FALSE,FALSE,FALSE,FALSE,FALSE,TRUE
228,ASV439,-0.861250874,-0.586594793,0.274656081,0.366133382,0.363399639,0.383943328,-23.522.872.182.278,-16.141.865.041.711,0.715355785,1,1,1,1,1,1,FALSE,FALSE,FALSE,TRUE,TRUE,TRUE
229,ASV442,156.946.077.834.035,138.963.205.292.541,-0.179828725,0.315859428,0.337196629,0.345915793,496.885.842.673.322,412.113.270.220.324,-0.51986272,0.000256713,0.001204523,0.611897474,0.002895877,0.012383233,1,TRUE,TRUE,FALSE,TRUE,TRUE,FALSE
230,ASV444,-0.066867839,-0.149241883,-0.082374044,0.323706957,0.343893129,0.350782951,-0.20656905,-0.433977507,-0.2348291,1,1,1,1,1,1,FALSE,FALSE,FALSE,FALSE,FALSE,FALSE
231,ASV445,-0.82653848,-0.327995598,0.498542882,0.327425108,0.347254073,0.34929312,-252.435.888.459.341,-0.944540679,142.729.087.340.118,1,1,1,1,1,1,FALSE,FALSE,FALSE,TRUE,TRUE,TRUE
232,ASV446,-28.446.962.194.861,-0.3019246,254.277.161.919.313,0.338627051,0.377125085,0.364742004,-840.067.623.887.311,-0.80059538,697.142.525.564.805,7.66E+08,0.441971106,3.85E+09,8.64E+09,1,0.000395399,TRUE,FALSE,TRUE,TRUE,TRUE,TRUE
233,ASV448,-0.203736313,0.719463994,0.923200306,0.329023785,0.348896991,0.3472906,-0.619214543,206.211.005.650.444,265.829.338.633.838,1,1,1,1,1,1,FALSE,FALSE,FALSE,TRUE,FALSE,FALSE
234,ASV456,12.007.216.675.806,135.044.857.732.296,0.14972691,0.326080867,0.345281972,0.347457608,368.228.188.213.105,391.114.708.504.401,0.430921374,0.004230407,0.002907859,0.675666247,0.04349117,0.032802426,1,TRUE,TRUE,FALSE,TRUE,TRUE,TRUE
235,ASV458,-0.624353409,-0.71211501,-0.087761601,0.327652724,0.346030521,0.346076597,-190.553.400.908.481,-205.795.433.133.546,-0.253590106,1,1,1,1,1,1,FALSE,FALSE,FALSE,TRUE,TRUE,TRUE
236,ASV459,-0.573021618,-0.749938254,-0.176916636,0.327002254,0.346808281,0.346290368,-175.234.760.814.773,-216.240.007.535.198,-0.510891011,1,1,1,1,1,1,FALSE,FALSE,FALSE,TRUE,FALSE,FALSE
237,ASV461,-0.678032023,-0.072071224,0.605960799,0.320578315,0.341656639,0.345139671,-211.502.772.101.329,-0.21094636,175.569.732.913.322,1,1,1,1,1,1,FALSE,FALSE,FALSE,TRUE,TRUE,FALSE
238,ASV467,0.009242007,-0.202736162,-0.211978169,0.340346976,0.375938898,0.372470005,0.027154663,-0.539279555,-0.569114737,1,1,1,1,1,1,FALSE,FALSE,FALSE,TRUE,TRUE,TRUE
239,ASV472,-164.360.410.262.139,-208.214.959.676.225,-0.438545494,0.344080845,0.379572776,0.365879016,-477.679.628.500.887,-548.550.826.119.623,-119.860.793.982.573,0.003072919,0.001535491,0.275869446,0.031591484,0.017321277,1,TRUE,TRUE,FALSE,FALSE,FALSE,TRUE
240,ASV473,164.502.316.246.354,169.016.322.066.701,0.045140058,0.327542402,0.342905132,0.352887113,502.232.123.924.803,492.895.283.083.811,0.127916426,0.000297974,0.000348508,0.900333791,0.003361329,0.003582873,1,TRUE,TRUE,FALSE,TRUE,TRUE,FALSE
241,ASV474,-0.050380499,0.450732731,0.50111323,0.321732783,0.342633032,0.35149818,-0.156591127,131.549.701.636.344,142.564.957.178.694,1,1,1,1,1,1,FALSE,FALSE,FALSE,TRUE,FALSE,FALSE
242,ASV475,-0.253493643,0.448015192,0.701508836,0.334465649,0.355994672,0.360407596,-0.757906363,125.848.847.485.325,19.464.318.812.832,1,1,1,1,1,1,FALSE,FALSE,FALSE,TRUE,FALSE,FALSE
243,ASV477,-0.942185798,-0.041311969,0.900873829,0.337317997,0.366041242,0.358737217,-279.316.789.390.026,-0.112861514,251.123.604.501.311,1,1,1,1,1,1,FALSE,FALSE,FALSE,TRUE,TRUE,FALSE
244,ASV480,-0.280506162,0.870421266,115.092.742.824.415,0.330003744,0.340154605,0.353842004,-0.850009029,255.889.896.281.867,325.265.914.073.733,0.410701956,0.023788611,0.006295928,1,0.244561488,0.07102192,FALSE,FALSE,FALSE,FALSE,FALSE,FALSE
245,ASV483,-0.17768975,-0.047926734,0.129763017,0.330591751,0.341144674,0.355052964,-0.53748997,-0.140488002,0.365475097,1,1,1,1,1,1,FALSE,FALSE,FALSE,TRUE,TRUE,TRUE
246,ASV484,NA,NA,NA,NA,NA,NA,NA,NA,NA,1,1,1,1,1,1,FALSE,FALSE,FALSE,TRUE,TRUE,TRUE
247,ASV486,-0.204320043,-0.65394201,-0.449621967,0.325957548,0.346448717,0.346279464,-0.626830224,-188.755.789.312.854,-129.843.670.596.054,1,1,1,1,1,1,FALSE,FALSE,FALSE,TRUE,TRUE,TRUE
248,ASV487,0.10509586,115.112.234.122.413,104.602.648.123.512,0.330105044,0.348132392,0.347449827,0.31837096,330.656.488.342.395,301.058.282.794.097,0.758356134,0.010753109,0.016798629,1,0.121301648,0.172700195,FALSE,FALSE,FALSE,TRUE,FALSE,FALSE
249,ASV488,-0.218109047,-0.265237962,-0.047128915,0.337312867,0.361098466,0.356252457,-0.64660755,-0.734530846,-0.132290778,1,1,1,1,1,1,FALSE,FALSE,FALSE,TRUE,TRUE,FALSE
250,ASV490,-0.307758188,-0.2953679,0.012390287,0.331776642,0.34950418,0.354935081,-0.927606554,-0.845105488,0.034908602,1,1,1,1,1,1,FALSE,FALSE,FALSE,FALSE,FALSE,TRUE
251,ASV491,0.173990623,0.798276865,0.624286242,0.324226129,0.342229768,0.349633804,0.536633565,233.257.577.461.141,178.554.314.603.553,1,1,1,1,1,1,FALSE,FALSE,FALSE,FALSE,FALSE,TRUE
252,ASV492,0.6946249,0.312232826,-0.382392074,0.332981415,0.353212524,0.346425619,208.607.708.945.229,0.883980056,-110.382.158.061.613,1,1,1,1,1,1,FALSE,FALSE,FALSE,FALSE,TRUE,TRUE
253,ASV494,-16.145.520.124.699,-0.012783532,160.176.848.010.369,0.359316008,0.38423271,0.396647547,-449.340.407.462.362,-0.033270287,403.826.645.009.034,0.0004289,0.973897732,0.001072556,0.004838256,1,0.011026537,TRUE,FALSE,TRUE,FALSE,TRUE,FALSE
254,ASV500,0.243818356,-0.438321214,-0.68213957,0.334629081,0.352762846,0.34755323,0.728622733,-124.253.792.542.173,-196.269.092.658.621,1,1,1,1,1,1,FALSE,FALSE,FALSE,FALSE,TRUE,TRUE
255,ASV501,-142.257.680.034.609,-0.932453187,0.490123613,0.323371836,0.34843435,0.348907763,-439.919.820.495.963,-267.612.302.218.855,140.473.691.242.367,0.001064614,0.021556964,0.187703418,0.012009503,0.221618784,1,TRUE,FALSE,FALSE,FALSE,FALSE,TRUE
256,ASV503,-0.079561056,-0.19400094,-0.114439885,0.333347399,0.354225909,0.347566059,-0.238673096,-0.54767575,-0.329260816,1,1,1,1,1,1,FALSE,FALSE,FALSE,TRUE,TRUE,TRUE
257,ASV504,-0.133514595,0.539097503,0.672612098,0.331727162,0.351456003,0.347942857,-0.402483156,153.389.755.106.618,193.311.080.683.463,1,1,1,1,1,1,FALSE,FALSE,FALSE,TRUE,FALSE,TRUE
258,ASV505,0.068850553,0.433550717,0.364700164,0.322775455,0.344382581,0.345916691,0.213307894,125.892.173.524.513,105.430.057.013.952,1,1,1,1,1,1,FALSE,FALSE,FALSE,TRUE,FALSE,FALSE
259,ASV506,-0.572585379,-109.737.592.919.222,-0.52479055,0.327755899,0.34522213,0.346351503,-174.698.726.068.502,-317.875.313.657.607,-151.519.639.896.217,0.114585513,0.011207209,0.164025138,1,0.126424182,1,FALSE,FALSE,FALSE,FALSE,FALSE,FALSE
260,ASV511,-0.993834711,-130.549.502.993.665,-0.311660319,0.360770918,0.365925568,0.37591343,-275.475.283.951.699,-35.676.518.463.246,-0.829074714,0.024875582,0.007318661,0.43110221,0.255736209,0.082558977,1,FALSE,FALSE,FALSE,FALSE,FALSE,TRUE
261,ASV513,0.137241636,0.065028564,-0.072213072,0.322617713,0.342638568,0.344032523,0.42540019,0.189787637,-0.209901876,1,1,1,1,1,1,FALSE,FALSE,FALSE,FALSE,FALSE,FALSE
262,ASV514,0.347517932,0.797734932,0.450217001,0.338218892,0.356151024,0.349979386,102.749.414.469.157,223.987.825.301.284,12.864.100.534.199,1,1,1,1,1,1,FALSE,FALSE,FALSE,TRUE,FALSE,TRUE
263,ASV515,-14.571.002.741.568,-0.975205375,0.481894899,0.329588742,0.355126908,0.355870313,-442.096.493.803.424,-274.607.570.372.062,135.413.065.165.593,0.00129217,0.020616637,0.205502406,0.014576464,0.211951647,1,TRUE,FALSE,FALSE,FALSE,FALSE,TRUE
264,ASV520,-0.338901083,0.997965166,133.686.624.924.186,0.343604739,0.361723297,0.351574488,-0.986310853,275.891.869.333.393,380.251.211.551.719,1,1,1,1,1,1,FALSE,FALSE,FALSE,TRUE,TRUE,TRUE
265,ASV521,-0.047156811,-0.105843952,-0.058687141,0.321350647,0.342486246,0.350123042,-0.146745655,-0.309045847,-0.167618618,1,1,1,1,1,1,FALSE,FALSE,FALSE,TRUE,FALSE,FALSE
266,ASV524,-127.601.755.270.448,-153.162.726.511.119,-0.255609712,0.334554656,0.370138184,0.361087337,-381.407.800.223.081,-413.798.773.603.895,-0.707888886,0.008821467,0.006092311,0.505569157,0.090690079,0.068724997,1,FALSE,FALSE,FALSE,FALSE,FALSE,FALSE
267,ASV526,0.128162244,0.269632703,0.14147046,0.329950589,0.350096345,0.344860454,0.388428595,0.770167146,0.410225232,1,1,1,1,1,1,FALSE,FALSE,FALSE,TRUE,FALSE,TRUE
268,ASV532,-0.502194408,-121.380.161.833.655,-0.711607211,0.333117428,0.350717915,0.348396395,-150.755.969.364.913,-346.090.565.989.495,-204.252.173.822.132,0.170096108,0.008556383,0.075378225,1,0.096521238,0.774934305,FALSE,FALSE,FALSE,TRUE,FALSE,TRUE
269,ASV534,-140.444.620.917.466,-0.871393676,0.533052533,0.318779912,0.341626401,0.346952347,-440.569.232.236.377,-255.072.111.658.615,153.638.543.949.578,0.000856799,0.025431955,0.15038168,0.009665213,0.261456065,1,TRUE,FALSE,FALSE,TRUE,FALSE,FALSE
270,ASV535,19.998.811.092.358,156.148.509.413.403,-0.438396015,0.324581571,0.345301499,0.348513015,616.141.300.310.546,452.209.184.631.321,-125.790.428.717.415,0.000106711,0.001104777,0.237005519,0.001203769,0.01135778,1,TRUE,TRUE,FALSE,TRUE,TRUE,TRUE
271,ASV536,-0.285057111,0.267345895,0.552403006,0.324213743,0.343958847,0.34681049,-0.879225871,0.777261285,159.280.939.569.638,1,1,1,1,1,1,FALSE,FALSE,FALSE,TRUE,FALSE,TRUE
272,ASV540,NA,NA,NA,NA,NA,NA,NA,NA,NA,1,1,1,1,1,1,FALSE,FALSE,FALSE,TRUE,FALSE,FALSE
273,ASV541,-0.313499704,0.312608682,0.626108386,0.3338407,0.353090592,0.347127612,-0.939069754,0.885349791,180.368.361.237.798,1,1,1,1,1,1,FALSE,FALSE,FALSE,TRUE,FALSE,TRUE
274,ASV545,-0.892889455,-0.627049267,0.265840188,0.335051061,0.350174683,0.354268997,-266.493.546.832.935,-179.067.561.593.659,0.750390778,1,1,1,1,1,1,FALSE,FALSE,FALSE,TRUE,FALSE,TRUE
275,ASV548,-141.944.969.001.475,-0.417377122,100.207.256.848.112,0.32672566,0.353977567,0.352688539,-434.446.958.141.263,-117.910.613.797.137,284.123.938.997.706,0.001865251,0.268586468,0.019363964,0.021041169,1,0.199073407,TRUE,FALSE,FALSE,FALSE,FALSE,TRUE
276,ASV553,0.620646167,0.804850221,0.184204054,0.32632277,0.346303603,0.345657859,190.193.950.425.542,23.241.173.742.177,0.532908624,1,1,1,1,1,1,FALSE,FALSE,FALSE,TRUE,FALSE,FALSE
277,ASV557,-0.327655403,0.139097999,0.466753402,0.336074343,0.34977188,0.350353674,-0.974949174,0.397682051,13.322.349.285.737,1,1,1,1,1,1,FALSE,FALSE,FALSE,TRUE,TRUE,TRUE
278,ASV558,0.092692727,-0.330459637,-0.423152363,0.334151446,0.358527765,0.352950914,0.277397353,-0.921712818,-119.889.862.058.621,1,1,1,1,1,1,FALSE,FALSE,FALSE,TRUE,FALSE,TRUE
279,ASV562,-0.735820203,206.721.976.714.434,280.303.997.062.974,0.34283589,0.363605748,0.352513066,-214.627.530.026.977,568.533.302.111.683,795.159.170.893.686,0.121132954,0.010785255,0.004148755,1,0.110879024,0.046800497,FALSE,FALSE,TRUE,TRUE,FALSE,FALSE
280,ASV563,-0.742510538,0.227655206,0.970165744,0.330621473,0.351907989,0.347065418,-22.458.025.248.984,0.646916846,279.533.970.714.969,1,1,1,1,1,1,FALSE,FALSE,FALSE,TRUE,TRUE,FALSE
281,ASV565,NA,NA,NA,NA,NA,NA,NA,NA,NA,1,1,1,1,1,1,FALSE,FALSE,FALSE,TRUE,FALSE,TRUE
282,ASV570,-122.153.506.766.201,-0.686033521,0.535501547,0.325677732,0.351286524,0.350927655,-375.074.789.770.062,-195.291.727.497.759,152.595.995.199.166,0.004549429,0.082578878,0.161362303,0.051320342,0.848961422,1,FALSE,FALSE,FALSE,FALSE,FALSE,FALSE
283,ASV571,-0.332120042,-0.074966106,0.257153936,0.327594607,0.349073935,0.345691692,-101.381.413.248.103,-0.214757101,0.743882313,1,1,1,1,1,1,FALSE,FALSE,FALSE,TRUE,TRUE,FALSE
284,ASV572,-0.254391169,-0.233192035,0.021199135,0.328827851,0.362282699,0.359982854,-0.77363024,-0.643674223,0.05888929,1,1,1,1,1,1,FALSE,FALSE,FALSE,TRUE,TRUE,TRUE
285,ASV573,-119.255.492.899.509,-0.433960897,0.758594032,0.340081878,0.359851036,0.354610126,-350.667.003.246.907,-120.594.594.500.434,213.923.398.405.706,0.009903675,0.267012925,0.069713122,0.111719513,1,0.716693573,FALSE,FALSE,FALSE,FALSE,TRUE,TRUE
286,ASV575,-0.349214987,-0.494718614,-0.145503627,0.330533366,0.351958153,0.357676383,-105.651.962.275.076,-140.561.771.110.214,-0.406802445,1,1,1,1,1,1,FALSE,FALSE,FALSE,TRUE,TRUE,TRUE
287,ASV577,-195.927.503.176.664,-0.436350374,152.292.465.794.077,0.340835191,0.366377767,0.356456605,-574.845.287.604.207,-119.098.486.156.243,42.723.984.804.446,0.001206112,0.278634025,0.005249226,0.013605683,1,0.053965254,TRUE,FALSE,FALSE,FALSE,TRUE,FALSE
288,ASV583,-259.395.569.677.545,134.335.838.391.506,393.731.408.069.051,0.35321767,0.366236142,0.352869146,-734.378.803.001.412,366.801.150.972.482,11.158.000.430.758,1,1,1,1,1,1,FALSE,FALSE,FALSE,TRUE,TRUE,TRUE
289,ASV584,-167.491.904.646.589,-135.084.287.669.202,0.32407617,0.334448828,0.350699598,0.354548655,-50.079.979.489.353,-385.185.179.300.645,0.914052741,0.000730948,0.003895271,0.384522917,0.008245546,0.040045774,1,TRUE,TRUE,FALSE,FALSE,FALSE,TRUE
290,ASV585,NA,NA,NA,NA,NA,NA,NA,NA,NA,1,1,1,1,1,1,FALSE,FALSE,FALSE,TRUE,FALSE,FALSE
291,ASV587,-0.947289594,-144.434.842.170.365,-0.497058828,0.328693231,0.347515192,0.350080061,-288.198.692.514.035,-415.621.663.229.947,-141.984.329.938.509,0.018119262,0.002461519,0.189350996,0.186277103,0.027767436,1,FALSE,TRUE,FALSE,FALSE,TRUE,TRUE
292,ASV588,0.680410253,0.260521649,-0.419888604,0.331481768,0.354346344,0.351755841,205.263.250.728.928,0.735217543,-119.369.333.953.371,1,1,1,1,1,1,FALSE,FALSE,FALSE,TRUE,TRUE,TRUE
293,ASV590,100.421.248.786.333,0.710136996,-0.294075492,0.332171152,0.350860892,0.352230095,302.317.790.569.513,202.398.446.670.539,-0.834895983,1,1,1,1,1,1,FALSE,FALSE,FALSE,FALSE,FALSE,TRUE
294,ASV592,-0.382324913,0.485103237,0.86742815,0.326054888,0.344126462,0.34879776,-117.257.838.117.263,140.966.560.313.068,248.690.860.581.775,1,1,1,1,1,1,FALSE,FALSE,FALSE,TRUE,TRUE,TRUE
295,ASV593,-116.072.067.591.698,-0.431474103,0.729246573,0.337304532,0.358520607,0.346674922,-344.116.537.529.984,-120.348.480.328.962,210.354.579.429.298,1,1,1,1,1,1,FALSE,FALSE,FALSE,FALSE,TRUE,TRUE
296,ASV596,-0.522822686,0.628751552,115.157.423.809.172,0.336437436,0.357077466,0.346105892,-155.399.676.036.999,176.082.674.692.465,3.327.230.954.975,1,1,1,1,1,1,FALSE,FALSE,FALSE,TRUE,TRUE,TRUE
297,ASV600,NA,NA,NA,NA,NA,NA,NA,NA,NA,1,1,1,1,1,1,FALSE,FALSE,FALSE,TRUE,FALSE,FALSE
298,ASV602,-170.505.739.284.433,-275.981.834.612.948,-105.476.095.328.515,0.339084307,0.351070182,0.365356309,-502.841.729.021.469,-786.115.849.381.725,-288.693.783.617.393,0.000515322,1.37E+09,0.016191896,0.005297823,0.000154791,0.150270712,TRUE,TRUE,FALSE,FALSE,FALSE,FALSE
299,ASV604,NA,NA,NA,NA,NA,NA,NA,NA,NA,1,1,1,1,1,1,FALSE,FALSE,FALSE,TRUE,FALSE,FALSE
300,ASV606,-0.415885746,0.687712263,11.035.980.091.495,0.326899047,0.348571088,0.345795256,-127.221.461.889.545,197.294.694.590.674,319.147.816.099.739,0.232083346,0.076767582,0.009629956,1,0.789217747,0.108631804,FALSE,FALSE,FALSE,FALSE,TRUE,TRUE
301,ASV608,-0.78264468,-0.232188541,0.550456139,0.333281602,0.35713429,0.355086834,-234.829.848.213.073,-0.650143512,155.020.148.682.853,1,1,1,1,1,1,FALSE,FALSE,FALSE,TRUE,FALSE,FALSE
302,ASV610,187.703.834.239.702,195.692.337.087.236,0.079885028,0.33395254,0.348020987,0.351095296,562.067.394.380.497,562.300.391.172.646,0.2275309,0.000498105,0.000496757,0.825718138,0.005120824,0.005120824,1,TRUE,TRUE,FALSE,TRUE,TRUE,TRUE
303,ASV615,106.217.772.176.341,0.450505026,-0.611672696,0.327503665,0.345334167,0.347579906,324.325.446.319.956,130.454.808.439.712,-175.980.453.632.105,0.007828536,0.218680598,0.106183544,0.088310679,1,1,FALSE,FALSE,FALSE,TRUE,TRUE,FALSE
304,ASV616,-173.693.486.535.677,-0.606369346,113.056.551.899.232,0.334682402,0.36792423,0.359445327,-518.980.040.753.684,-164.808.212.277.989,314.530.593.191.335,0.000407259,0.130353944,0.010415761,0.004594129,1,0.107080402,TRUE,FALSE,FALSE,TRUE,TRUE,FALSE
305,ASV618,-0.719073672,-0.499605176,0.219468496,0.330093975,0.345098297,0.356248821,-217.839.078.062.609,-144.771.846.398.377,0.616053957,1,1,1,1,1,1,FALSE,FALSE,FALSE,TRUE,TRUE,FALSE
306,ASV620,-190.090.091.519.421,-0.965279769,0.935621146,0.315339028,0.348444758,0.361106183,-602.811.814.245.815,-277.025.194.918.891,25.909.862.253.314,1.76E+09,0.013653223,0.019698021,0.000198138,0.140363495,0.182809692,TRUE,FALSE,FALSE,TRUE,FALSE,FALSE
307,ASV623,NA,NA,NA,NA,NA,NA,NA,NA,NA,1,1,1,1,1,1,FALSE,FALSE,FALSE,FALSE,FALSE,FALSE
308,ASV626,-135.817.383.521.897,-0.897603362,0.460570473,0.353857419,0.377328888,0.354997524,-383.819.516.889.256,-237.883.552.375.072,129.739.066.478.295,0.0039775,0.041306457,0.226764286,0.044868633,0.424655665,1,TRUE,FALSE,FALSE,FALSE,FALSE,TRUE
309,ASV627,-154.423.798.785.636,-0.715363913,0.828874075,0.33559466,0.364070163,0.354820104,-460.149.750.300.277,-19.649.067.277.739,233.604.033.427.145,0.002479783,0.090165434,0.05214806,0.027973468,0.836790431,0.536113983,TRUE,FALSE,FALSE,FALSE,TRUE,FALSE
310,ASV629,0.603264084,0.696409735,0.093145652,0.335057817,0.359556557,0.350420688,180.047.757.036.833,193.685.727.890.503,0.265810938,1,1,1,1,1,1,FALSE,FALSE,FALSE,TRUE,FALSE,FALSE
311,ASV630,NA,NA,NA,NA,NA,NA,NA,NA,NA,1,1,1,1,1,1,FALSE,FALSE,FALSE,TRUE,FALSE,FALSE
312,ASV631,-0.162782519,0.336951882,0.499734401,0.335332506,0.356154686,0.346904743,-0.485436144,0.946082967,144.055.223.103.594,1,1,1,1,1,1,FALSE,FALSE,FALSE,TRUE,TRUE,TRUE
313,ASV633,NA,NA,NA,NA,NA,NA,NA,NA,NA,1,1,1,1,1,1,FALSE,FALSE,FALSE,TRUE,FALSE,FALSE
314,ASV635,-147.039.445.218.412,-0.870778044,0.599616408,0.330196884,0.354052456,0.348444831,-44.530.839.712.057,-245.946.053.819.599,1.720.835.995.836,0.002960616,0.043499705,0.128959861,0.033397558,0.447203602,1,TRUE,FALSE,FALSE,FALSE,TRUE,FALSE
315,ASV638,0.210058575,0.183768545,-0.02629003,0.333040131,0.356429782,0.351290001,0.630730519,0.515581342,-0.074838537,1,1,1,1,1,1,FALSE,FALSE,FALSE,TRUE,TRUE,FALSE
316,ASV645,0.031489201,0.117330116,0.085840914,0.327844307,0.344830179,0.35071608,0.096049255,0.340254777,0.244758992,1,1,1,1,1,1,FALSE,FALSE,FALSE,TRUE,FALSE,TRUE
317,ASV653,117.387.482.333.958,0.118449259,-105.542.556.389.034,0.329681824,0.347739469,0.346753289,356.062.948.386.163,0.340626446,-304.373.627.792.401,0.007393933,0.742157159,0.015972327,0.083408093,1,0.1642053,FALSE,FALSE,FALSE,TRUE,TRUE,FALSE
318,ASV654,0.294656856,0.509069707,0.214412851,0.323251049,0.343268934,0.345092157,0.911541841,148.300.547.191.973,0.621320556,1,1,1,1,1,1,FALSE,FALSE,FALSE,TRUE,FALSE,TRUE
319,ASV655,-0.716638887,-268.425.010.661.213,-19.676.112.200.613,0.340440941,0.360172926,0.345527669,-210.503.144.888.065,-745.267.040.775.871,-569.451.131.570.682,0.079919823,0.000300841,0.001266516,0.741704892,0.003393676,0.01302056,FALSE,TRUE,TRUE,FALSE,TRUE,FALSE
320,ASV658,-0.469792226,-0.307811605,0.161980621,0.33100359,0.352405006,0.346892574,-141.929.646.762.411,-0.873459799,0.466947501,1,1,1,1,1,1,FALSE,FALSE,FALSE,TRUE,FALSE,FALSE
321,ASV659,-104.702.197.530.219,-0.301150743,0.745871233,0.33248979,0.353250242,0.34599161,-314.903.496.843.088,-0.852513903,21.557.494.800.509,1,1,1,1,1,1,FALSE,FALSE,FALSE,TRUE,FALSE,FALSE
322,ASV660,-0.385374471,-0.215829884,0.169544587,0.338118803,0.358365299,0.350336093,-113.976.054.457.526,-0.602262228,0.483948387,1,1,1,1,1,1,FALSE,FALSE,FALSE,TRUE,TRUE,TRUE
323,ASV661,-13.216.593.765.804,-119.774.724.011.941,0.123912136,0.332879347,0.352109286,0.345202273,-397.038.562.784.192,-340.163.491.306.611,0.358955158,0.007363714,0.014466778,0.731922098,0.083067201,0.148727337,1,FALSE,FALSE,FALSE,TRUE,FALSE,FALSE
324,ASV662,0.817487894,0.258753767,-0.558734127,0.332526758,0.351439608,0.352728949,245.841.236.643.261,0.736268084,-158.403.252.549.395,1,1,1,1,1,1,FALSE,FALSE,FALSE,TRUE,TRUE,TRUE
325,ASV664,0.581947881,0.223669176,-0.358278705,0.333411559,0.354611603,0.34616003,174.543.402.918.599,0.630744099,-103.500.888.088.457,1,1,1,1,1,1,FALSE,FALSE,FALSE,TRUE,TRUE,FALSE
326,ASV667,-154.591.287.708.353,-17.919.918.447.815,-0.246078968,0.332636274,0.372754979,0.365424794,-464.745.728.541.224,-480.742.563.881.517,-0.673405231,0.001650126,0.001342738,0.519666164,0.016964301,0.015146907,1,TRUE,TRUE,FALSE,FALSE,FALSE,FALSE
327,ASV669,-0.885445705,0.330549562,121.599.526.743.645,0.328440455,0.346343526,0.346336779,-269.590.938.990.503,0.954397982,35.110.197.436.739,0.024557668,0.364811819,0.006608023,0.252467867,1,0.074542543,FALSE,FALSE,FALSE,FALSE,TRUE,FALSE
328,ASV673,-0.391502905,-0.0384886,0.353014305,0.35439002,0.375698232,0.356137571,-110.472.327.759.727,-0.102445518,0.99123017,1,1,1,1,1,1,FALSE,FALSE,FALSE,TRUE,TRUE,TRUE
329,ASV683,0.17098297,0.237564216,0.066581247,0.341587594,0.365160704,0.356580808,0.500553805,0.650574428,0.186721341,1,1,1,1,1,1,FALSE,FALSE,FALSE,TRUE,TRUE,FALSE
330,ASV685,-0.194882197,0.035281986,0.230164183,0.32958655,0.348014934,0.349182821,-0.59129293,0.101380667,0.659150934,1,1,1,1,1,1,FALSE,FALSE,FALSE,TRUE,TRUE,TRUE
331,ASV687,-0.228977931,-0.108561712,0.120416219,0.332959013,0.354653719,0.346608068,-0.687706058,-0.306106228,0.347413202,1,1,1,1,1,1,FALSE,FALSE,FALSE,TRUE,FALSE,FALSE
332,ASV691,NA,NA,NA,NA,NA,NA,NA,NA,NA,1,1,1,1,1,1,FALSE,FALSE,FALSE,TRUE,FALSE,FALSE
333,ASV692,-0.305032774,0.194849006,0.49988178,0.330146666,0.350698644,0.345517155,-0.923931104,0.555602393,144.676.399.376.758,1,1,1,1,1,1,FALSE,FALSE,FALSE,TRUE,FALSE,FALSE
334,ASV693,0.453974994,0.465242538,0.011267544,0.334914388,0.353536872,0.348612918,135.549.564.313.945,131.596.609.919.243,0.032321074,1,1,1,1,1,1,FALSE,FALSE,FALSE,TRUE,FALSE,FALSE
335,ASV694,-0.876208304,-0.377288089,0.498920215,0.330974988,0.351455644,0.345967595,-264.735.504.457.971,-107.350.129.498.273,144.210.100.168.355,1,1,1,1,1,1,FALSE,FALSE,FALSE,TRUE,TRUE,FALSE
336,ASV695,NA,NA,NA,NA,NA,NA,NA,NA,NA,1,1,1,1,1,1,FALSE,FALSE,FALSE,TRUE,FALSE,FALSE
337,ASV696,NA,NA,NA,NA,NA,NA,NA,NA,NA,1,1,1,1,1,1,FALSE,FALSE,FALSE,TRUE,FALSE,FALSE
338,ASV705,-0.540965351,-157.852.719.019.661,-103.756.183.906.723,0.339144861,0.355717114,0.348129589,-159.508.638.660.924,-443.759.135.555.259,-298.038.969.551.741,0.171577823,0.00678003,0.030786101,1,0.076482889,0.316499969,FALSE,FALSE,FALSE,TRUE,FALSE,FALSE
339,ASV706,-150.154.924.972.001,-0.083944164,141.760.508.581.594,0.323412362,0.354814643,0.355438152,-46.428.319.575.628,-0.236585962,398.833.124.058.628,0.000918021,0.817753754,0.002566203,0.010355839,1,0.026382139,TRUE,FALSE,TRUE,FALSE,TRUE,FALSE
340,ASV709,-0.624432096,0.01291625,0.637348345,0.327347381,0.351562143,0.34910088,-190.755.183.166.237,0.036739592,182.568.529.911.971,1,1,1,1,1,1,FALSE,FALSE,FALSE,TRUE,TRUE,FALSE
341,ASV710,0.646241978,114.715.362.433.557,0.500911646,0.335363503,0.351322115,0.354651766,192.698.958.967.182,326.524.740.871.483,141.240.420.736.686,0.090138409,0.011437183,0.195528782,0.926678027,0.129018426,1,FALSE,FALSE,FALSE,FALSE,FALSE,TRUE
342,ASV713,0.735435374,143.732.377.271.589,0.701888399,0.33712798,0.357066958,0.345332047,218.147.236.970.158,402.536.202.040.255,203.250.293.503.054,1,1,1,1,1,1,FALSE,FALSE,FALSE,TRUE,TRUE,TRUE
343,ASV715,-0.324015619,0.153319875,0.477335493,0.342164212,0.361891173,0.346289719,-0.946959403,0.42366293,137.842.814.023.765,1,1,1,1,1,1,FALSE,FALSE,FALSE,TRUE,FALSE,TRUE
344,ASV724,-0.766717912,-0.231178119,0.535539793,0.328162289,0.351320184,0.354730374,-233.639.859.729.468,-0.658026864,150.970.943.629.121,1,1,1,1,1,1,FALSE,FALSE,FALSE,TRUE,FALSE,FALSE
345,ASV725,-0.377363544,0.201807884,0.579171428,0.325828069,0.346453296,0.345865656,-115.816.769.481.094,0.582496649,16.745.560.520.927,1,1,1,1,1,1,FALSE,FALSE,FALSE,TRUE,TRUE,TRUE
346,ASV729,-0.389902145,-0.918611539,-0.528709394,0.327975274,0.351867584,0.348709822,-11.888.156.702.138,-261.067.395.820.564,-151.618.727.471.698,1,1,1,1,1,1,FALSE,FALSE,FALSE,TRUE,TRUE,TRUE
347,ASV730,-119.185.012.398.944,-0.11325033,107.859.979.413.702,0.369810665,0.393780894,0.355074943,-322.286.574.714.208,-0.287597321,303.766.800.880.887,1,1,1,1,1,1,FALSE,FALSE,FALSE,TRUE,TRUE,FALSE
348,ASV731,NA,NA,NA,NA,NA,NA,NA,NA,NA,1,1,1,1,1,1,FALSE,FALSE,FALSE,TRUE,FALSE,FALSE
349,ASV732,-100.273.968.844.039,-0.518531116,0.484208573,0.333682049,0.353530148,0.349707778,-300.507.531.421.864,-146.672.389.532.676,138.460.910.331.982,1,1,1,1,1,1,FALSE,FALSE,FALSE,TRUE,TRUE,TRUE
350,ASV736,0.933565933,202.071.930.138.455,108.715.336.847.383,0.332036095,0.347959467,0.348830794,281.163.989.600.655,58.073.410.631.765,311.656.364.190.631,0.022785417,0.000401788,0.014302802,0.211462624,0.004532415,0.147041563,FALSE,TRUE,FALSE,TRUE,FALSE,FALSE
351,ASV738,-0.48992412,-0.629494421,-0.139570301,0.322811761,0.344798327,0.347675521,-151.767.741.889.464,-182.568.873.289.963,-0.401438389,1,1,1,1,1,1,FALSE,FALSE,FALSE,FALSE,TRUE,TRUE
352,ASV739,0.175115861,0.287875272,0.112759411,0.333123382,0.352777451,0.346118647,0.525678683,0.816025149,0.325782539,1,1,1,1,1,1,FALSE,FALSE,FALSE,TRUE,FALSE,TRUE
353,ASV746,0.242768577,0.219595603,-0.023172975,0.359046623,0.366560254,0.378127268,0.676147782,0.59907096,-0.061283532,1,1,1,1,1,1,FALSE,FALSE,FALSE,TRUE,TRUE,TRUE
354,ASV753,NA,NA,NA,NA,NA,NA,NA,NA,NA,1,1,1,1,1,1,FALSE,FALSE,FALSE,TRUE,FALSE,FALSE
355,ASV755,-161.211.403.028.448,-0.308393694,130.372.033.644.182,0.335361,0.355138938,0.344945984,-480.710.049.439.642,-0.868374771,377.949.127.025.629,0.004853198,0.424899458,0.012896623,0.05474705,1,0.13258518,FALSE,FALSE,FALSE,TRUE,FALSE,FALSE
356,ASV757,0.780538639,-0.044843554,-0.825382193,0.338113554,0.363874428,0.353341726,230.851.034.780.149,-0.12323909,-233.593.185.499.029,1,1,1,1,1,1,FALSE,FALSE,FALSE,TRUE,TRUE,TRUE
357,ASV758,-0.591402354,-0.487086537,0.104315817,0.337210698,0.357966345,0.34637546,-175.380.661.751.026,-136.070.483.746.839,0.301163994,1,1,1,1,1,1,FALSE,FALSE,FALSE,TRUE,FALSE,TRUE
358,ASV759,0.715502072,0.241377031,-0.474125041,0.331341134,0.349143834,0.352439177,215.941.215.338.348,0.691339806,-13.452.677.000.153,1,1,1,1,1,1,FALSE,FALSE,FALSE,TRUE,TRUE,TRUE
359,ASV763,-0.639066187,-0.076841798,0.562224389,0.337394475,0.358315838,0.346915366,-189.412.167.260.324,-0.214452698,162.063.847.146.505,1,1,1,1,1,1,FALSE,FALSE,FALSE,TRUE,FALSE,FALSE
360,ASV764,NA,NA,NA,NA,NA,NA,NA,NA,NA,1,1,1,1,1,1,FALSE,FALSE,FALSE,TRUE,FALSE,FALSE
361,ASV767,0.077099606,0.710457638,0.633358032,0.322738774,0.342155005,0.349167316,0.238891673,207.642.041.293.452,181.390.984.323.561,1,1,1,1,1,1,FALSE,FALSE,FALSE,TRUE,TRUE,TRUE
362,ASV770,-102.326.253.534.406,-0.815670739,0.207591797,0.332779096,0.365496136,0.382854367,-307.490.028.340.248,-22.316.808.827.335,0.542221311,0.008864853,0.043864925,0.596838604,0.100000975,0.450958282,1,FALSE,FALSE,FALSE,FALSE,FALSE,TRUE
363,ASV773,-0.482150027,0.312423336,0.794573364,0.334927429,0.357135074,0.347390371,-143.956.566.609.417,0.874804405,228.726.363.516.062,1,1,1,1,1,1,FALSE,FALSE,FALSE,FALSE,TRUE,TRUE
364,ASV775,-0.274276251,-0.464910719,-0.190634468,0.334163038,0.358411877,0.349388448,-0.820785723,-129.714.093.729.869,-0.545623271,1,1,1,1,1,1,FALSE,FALSE,FALSE,TRUE,TRUE,TRUE
365,ASV784,0.299742122,10.177.028.743.335,0.717960752,0.330772391,0.345150747,0.353089733,0.906188457,294.857.503.454.189,2.033.366.264.731,0.384256406,0.013243098,0.066862751,1,0.149390255,0.687390021,FALSE,FALSE,FALSE,TRUE,FALSE,TRUE
366,ASV787,-0.429173934,0.151771906,0.58094584,0.335821279,0.35569017,0.347333673,-127.798.314.590.111,0.426696936,167.258.715.701.377,1,1,1,1,1,1,FALSE,FALSE,FALSE,TRUE,TRUE,TRUE
367,ASV788,-159.141.942.275.304,139.101.618.684.931,298.243.560.960.235,0.332115806,0.352195562,0.344849423,-479.176.057.156.719,394.955.626.165,864.851.559.578.297,0.001369893,0.004238656,2.48E+09,0.014083337,0.039337322,0.000279906,TRUE,TRUE,TRUE,FALSE,FALSE,TRUE
368,ASV790,-151.218.057.422.046,-0.681816249,0.830364325,0.333884294,0.36215709,0.354111602,-452.905.572.979.712,-188.265.332.445.335,234.492.267.253.348,0.001926765,0.096510816,0.047052717,0.021735091,0.895679459,0.483730741,TRUE,FALSE,FALSE,FALSE,FALSE,TRUE
369,ASV797,-147.975.219.317.684,-0.618255991,0.861496202,0.364290378,0.356901445,0.371767563,-406.201.284.511.549,-173.228.771.941.117,231.729.792.548.283,1,1,1,1,1,1,FALSE,FALSE,FALSE,FALSE,TRUE,TRUE
370,ASV798,-0.800771181,-107.749.580.079.263,-0.27672462,0.327570379,0.344956206,0.348148838,-244.457.750.894.138,-312.357.273.739.125,-0.794845736,0.034577119,0.010808056,0.445158092,0.35547395,0.121921487,1,FALSE,FALSE,FALSE,FALSE,FALSE,TRUE
371,ASV807,-0.923321195,-0.994056233,-0.070735037,0.337890777,0.356948126,0.349366718,-27.326.025.391.682,-278.487.589.975.368,-0.202466445,1,1,1,1,1,1,FALSE,FALSE,FALSE,TRUE,TRUE,TRUE
372,ASV809,-0.69613346,0.227576635,0.923710095,0.351592445,0.36436518,0.352889851,-197.994.430.956.345,0.624583927,261.755.925.652.078,1,1,1,1,1,1,FALSE,FALSE,FALSE,TRUE,TRUE,TRUE
373,ASV810,-0.727592651,-171.922.534.837.482,-0.991632697,0.356347215,0.374174754,0.348896802,-20.418.081.594.025,-459.471.231.187.282,-284.219.486.173.534,0.075461761,0.001767633,0.021738444,0.700331342,0.019939984,0.223484509,FALSE,TRUE,FALSE,FALSE,TRUE,FALSE
374,ASV815,-0.160322935,0.737746936,0.89806987,0.341873775,0.392489989,0.377890287,-0.468953592,187.965.796.920.423,237.653.599.624.741,1,1,1,1,1,1,FALSE,FALSE,FALSE,TRUE,FALSE,FALSE
375,ASV817,-0.480499589,0.457148552,0.937648141,0.337105867,0.356284672,0.34814748,-142.536.703.115.087,128.309.912.779.329,269.324.982.732.883,1,1,1,1,1,1,FALSE,FALSE,FALSE,TRUE,FALSE,FALSE
376,ASV826,-0.969538501,-0.338614799,0.630923703,0.327044476,0.345712508,0.345553637,-29.645.463.307.114,-0.979469331,182.583.435.942.207,1,1,1,1,1,1,FALSE,FALSE,FALSE,TRUE,FALSE,TRUE
377,ASV828,-262.041.320.242.249,-341.154.232.623.201,-0.791129124,0.344229562,0.363920835,0.345951392,-761.240.025.172.695,-937.440.782.229.122,-228.682.162.323.977,1,1,1,1,1,1,FALSE,FALSE,FALSE,TRUE,TRUE,TRUE
378,ASV829,-0.067988582,0.123345224,0.191333807,0.331582257,0.350745331,0.345134694,-0.205042884,0.351666048,0.554374307,1,1,1,1,1,1,FALSE,FALSE,FALSE,TRUE,TRUE,TRUE
379,ASV835,-0.691925252,-0.211961733,0.479963519,0.33611098,0.364240153,0.35922516,-205.862.138.953.689,-0.581928518,133.610.774.611.486,1,1,1,1,1,1,FALSE,FALSE,FALSE,TRUE,TRUE,TRUE
380,ASV836,-0.1702449,-0.042136305,0.128108595,0.3341771,0.355342177,0.348628888,-0.509445141,-0.118579521,0.367464085,1,1,1,1,1,1,FALSE,FALSE,FALSE,TRUE,TRUE,TRUE
381,ASV839,-0.307886555,-0.40017756,-0.092291005,0.337576313,0.357197524,0.3454938,-0.912050234,-11.203.256.826.351,-0.267127818,1,1,1,1,1,1,FALSE,FALSE,FALSE,TRUE,TRUE,TRUE
382,ASV841,-0.469529005,-0.731703186,-0.262174181,0.336079163,0.354704997,0.346018705,-139.707.859.504.531,-206.284.995.141.739,-0.757687885,1,1,1,1,1,1,FALSE,FALSE,FALSE,TRUE,TRUE,TRUE
383,ASV846,0.718041599,0.267914566,-0.450127033,0.333015255,0.354017718,0.350202435,215.618.230.435.995,0.756782929,-128.533.381.825.954,1,1,1,1,1,1,FALSE,FALSE,FALSE,FALSE,TRUE,TRUE
384,ASV847,0.113169941,0.680223506,0.567053565,0.326817799,0.347466711,0.346646192,0.34627839,195.766.525.237.982,163.582.804.897.223,1,1,1,1,1,1,FALSE,FALSE,FALSE,TRUE,TRUE,FALSE
385,ASV851,-0.766156641,-0.675483523,0.090673118,0.333395985,0.359752139,0.35143796,-229.803.799.538.264,-187.763.587.745.309,0.258006045,1,1,1,1,1,1,FALSE,FALSE,FALSE,TRUE,FALSE,FALSE
386,ASV853,-10.168.157.410.062,-0.786515062,0.230300679,0.339570433,0.359326556,0.345577275,-299.441.777.325.701,-218.885.871.296.257,0.666423099,1,1,1,1,1,1,FALSE,FALSE,FALSE,TRUE,TRUE,TRUE
387,ASV860,0.7008244,0.707675995,0.006851595,0.330657098,0.356763241,0.35079635,211.948.996.332.233,198.360.120.705.974,0.019531547,1,1,1,1,1,1,FALSE,FALSE,FALSE,TRUE,FALSE,FALSE
388,ASV863,0.460172224,0.23952607,-0.220646154,0.347746725,0.367984674,0.346960718,132.329.707.360.355,0.650913169,-0.63593987,1,1,1,1,1,1,FALSE,FALSE,FALSE,FALSE,TRUE,TRUE
389,ASV874,-0.3012766,-0.061855572,0.239421028,0.338937112,0.360130386,0.346859412,-0.888886433,-0.171758824,0.690253803,1,1,1,1,1,1,FALSE,FALSE,FALSE,FALSE,TRUE,TRUE
390,ASV875,-0.696009529,-0.669973836,0.026035693,0.358998104,0.381273787,0.36473243,-193.875.544.572.731,-175.719.878.565.495,0.071382995,1,1,1,1,1,1,FALSE,FALSE,FALSE,FALSE,TRUE,TRUE
391,ASV880,0.336935806,-0.574366594,-0.9113024,0.323125826,0.343163411,0.344502184,104.273.870.670.823,-167.374.077.436.804,-264.527.321.480.296,1,1,1,1,1,1,FALSE,FALSE,FALSE,TRUE,TRUE,TRUE
392,ASV883,-0.947194529,-124.245.373.341.763,-0.295259205,0.354151789,0.363594596,0.360599025,-267.454.396.219.555,-341.714.025.978.696,-0.818802004,0.028163162,0.009126392,0.436609113,0.289534546,0.10295129,1,FALSE,FALSE,FALSE,FALSE,FALSE,TRUE
393,ASV886,-0.041771208,0.222645908,0.264417116,0.326796304,0.342611763,0.348281538,-0.127820319,0.64984899,0.759205088,1,1,1,1,1,1,FALSE,FALSE,FALSE,TRUE,TRUE,TRUE
394,ASV888,-199.611.510.817.199,-15.154.859.358.477,0.480629172,0.345223221,0.36900989,0.367826682,-578.209.977.268.938,-410.689.787.791.831,13.066.729.394.599,0.001170101,0.006308293,0.239170583,0.013199458,0.064853114,1,TRUE,FALSE,FALSE,FALSE,FALSE,TRUE
395,ASV894,-0.125822441,0.031319421,0.157141862,0.336290634,0.356174559,0.348140355,-0.374147918,0.087932786,0.451375026,1,1,1,1,1,1,FALSE,FALSE,FALSE,TRUE,TRUE,TRUE
396,ASV899,107.778.999.466.181,119.092.451.763.426,0.113134523,0.332319054,0.352614321,0.345177945,324.323.863.100.647,337.741.392.043.681,0.327757102,0.014189335,0.011800264,0.75268022,0.145875048,0.133114205,1,FALSE,FALSE,FALSE,FALSE,TRUE,TRUE
397,ASV904,-0.875547867,-224.051.821.109.628,-136.497.034.408.057,0.346007898,0.365681766,0.34615015,-253.042.740.215.226,-612.696.180.546.848,-394.328.976.830.112,1,1,1,1,1,1,FALSE,FALSE,FALSE,FALSE,TRUE,TRUE
398,ASV910,NA,NA,NA,NA,NA,NA,NA,NA,NA,1,1,1,1,1,1,FALSE,FALSE,FALSE,TRUE,FALSE,FALSE
399,ASV914,-194.184.221.478.264,-0.407232685,153.460.952.937.088,0.344271305,0.364004043,0.345999591,-564.044.167.582.959,-111.875.868.761.381,443.529.289.589.054,1,1,1,1,1,1,FALSE,FALSE,FALSE,TRUE,TRUE,TRUE
400,ASV915,-142.167.712.238.723,-103.753.438.346.772,0.384142739,0.337197257,0.363688059,0.352272614,-421.615.862.364.285,-28.528.139.905.057,109.047.006.170.871,1,1,1,1,1,1,FALSE,FALSE,FALSE,TRUE,FALSE,FALSE
401,ASV918,-112.129.855.350.465,-105.513.607.203.925,0.066162481,0.348491642,0.360862248,0.35811179,-321.757.660.564.496,-292.393.033.099.294,0.184753709,1,1,1,1,1,1,FALSE,FALSE,FALSE,TRUE,TRUE,TRUE
402,ASV932,-181.400.259.139.274,-0.169020258,16.449.823.336.805,0.342728798,0.363726018,0.347135318,-529.282.219.525.271,-0.464691139,473.873.514.670.048,0.001842438,0.65853732,0.003195596,0.020783825,1,0.032852684,TRUE,FALSE,TRUE,TRUE,TRUE,TRUE
403,ASV938,NA,NA,NA,NA,NA,NA,NA,NA,NA,1,1,1,1,1,1,FALSE,FALSE,FALSE,TRUE,FALSE,FALSE
404,ASV955,-107.507.506.167.213,-0.953133996,0.121941066,0.342950002,0.362743782,0.365476067,-313.478.656.929.953,-262.756.811.893.666,0.333649935,1,1,1,1,1,1,FALSE,FALSE,FALSE,TRUE,TRUE,TRUE
405,ASV960,-137.970.331.524.414,-108.141.150.533.482,0.29829181,0.336681964,0.354621326,0.346930872,-409.794.245.765.347,-304.948.243.533.437,0.859801863,0.009373667,0.02844111,0.429186505,0.105740708,0.292392025,1,FALSE,FALSE,FALSE,FALSE,TRUE,FALSE
406,ASV962,0.00692626,0.94541695,0.93849069,0.335679059,0.36632293,0.357942621,0.020633579,258.082.929.559.704,262.190.260.193.469,1,1,1,1,1,1,FALSE,FALSE,FALSE,TRUE,FALSE,FALSE
407,ASV963,0.282585611,0.534837622,0.252252011,0.336338851,0.358556952,0.364622964,0.840181293,149.163.924.625.567,0.691816027,1,1,1,1,1,1,FALSE,FALSE,FALSE,TRUE,TRUE,TRUE
408,ASV964,-0.357269425,0.676973548,103.424.297.325.249,0.336510771,0.355760457,0.345851816,-106.168.793.239.877,190.289.149.391.488,299.042.227.530.224,1,1,1,1,1,1,FALSE,FALSE,FALSE,TRUE,TRUE,TRUE
409,ASV968,-0.394062577,-0.259905991,0.134156586,0.336662507,0.358712549,0.347493714,-117.049.736.489.463,-0.724552267,0.386069102,1,1,1,1,1,1,FALSE,FALSE,FALSE,FALSE,TRUE,TRUE
410,ASV969,-0.645144427,-0.292032488,0.353111938,0.337611652,0.354967074,0.350143866,-191.090.687.215.561,-0.822703034,100.847.672.061.941,1,1,1,1,1,1,FALSE,FALSE,FALSE,TRUE,TRUE,TRUE
411,ASV971,0.225117463,-0.558269239,-0.783386702,0.333029934,0.350790744,0.348484768,0.675967654,-159.145.943.509.861,-224.797.975.136.805,1,1,1,1,1,1,FALSE,FALSE,FALSE,TRUE,TRUE,TRUE
412,ASV972,110.804.638.891.039,0.034717504,-107.332.888.475.218,0.334816532,0.366970414,0.36213864,330.941.360.975.818,0.094605731,-29.638.618.064.252,0.016216576,0.927708349,0.02515673,0.182932902,1,0.258626583,FALSE,FALSE,FALSE,TRUE,FALSE,FALSE
413,ASV975,NA,NA,NA,NA,NA,NA,NA,NA,NA,1,1,1,1,1,1,FALSE,FALSE,FALSE,TRUE,FALSE,TRUE
414,ASV982,-0.564432968,-0.013272823,0.551160145,0.338862867,0.36700712,0.3540603,-166.566.780.490.961,-0.036165029,155.668.439.731.889,1,1,1,1,1,1,FALSE,FALSE,FALSE,FALSE,TRUE,FALSE
415,ASV990,-0.974895938,-0.837702507,0.137193431,0.340298105,0.360714292,0.346222947,-286.482.917.377.125,-232.234.354.239.473,0.396257476,1,1,1,1,1,1,FALSE,FALSE,FALSE,TRUE,TRUE,FALSE
416,ASV994,0.332317303,0.408423306,0.076106003,0.343143349,0.359270469,0.349073475,0.968450369,113.681.290.666.403,0.218022876,1,1,1,1,1,1,FALSE,FALSE,FALSE,TRUE,TRUE,TRUE
417,ASV995,-0.826405739,0.250472418,107.687.815.722.184,0.326623734,0.347508479,0.347348281,-25.301.460.175.521,0.720766351,310.028.353.424.137,0.03222765,0.489350546,0.012716636,0.331319969,1,0.143451445,FALSE,FALSE,FALSE,FALSE,FALSE,TRUE
418,ASV1001,NA,NA,NA,NA,NA,NA,NA,NA,NA,1,1,1,1,1,1,FALSE,FALSE,FALSE,TRUE,FALSE,FALSE
419,ASV1011,-0.246183279,-0.266170225,-0.019986946,0.342242045,0.368105304,0.352163391,-0.719325058,-0.723081743,-0.056754753,1,1,1,1,1,1,FALSE,FALSE,FALSE,TRUE,TRUE,FALSE
420,ASV1012,-142.855.946.320.037,-0.082488981,134.607.048.186.394,0.341480695,0.36130949,0.348037619,-418.342.671.240.054,-0.228305604,386.760.053.741.656,1,1,1,1,1,1,FALSE,FALSE,FALSE,TRUE,TRUE,TRUE
421,ASV1013,0.204896445,112.048.875.760.787,0.915592313,0.337623798,0.357294909,0.345664828,0.606877969,313.603.337.379.572,264.878.645.014.039,1,1,1,1,1,1,FALSE,FALSE,FALSE,TRUE,TRUE,TRUE
422,ASV1015,0.235703527,-0.284308971,-0.520012499,0.331774085,0.347937943,0.348274628,0.710433811,-0.817125517,-149.311.048.272.937,1,1,1,1,1,1,FALSE,FALSE,FALSE,FALSE,TRUE,FALSE
423,ASV1025,-0.894889681,-176.399.982.394.018,-0.869110143,0.349386421,0.366544184,0.348759284,-2.561.317.863.009,-481.251.620.198.328,-249.200.575.424.235,1,1,1,1,1,1,FALSE,FALSE,FALSE,TRUE,TRUE,TRUE
424,ASV1035,NA,NA,NA,NA,NA,NA,NA,NA,NA,1,1,1,1,1,1,FALSE,FALSE,FALSE,TRUE,FALSE,TRUE
425,ASV1036,-0.076983347,-0.913276471,-0.836293124,0.341912782,0.366860557,0.351161577,-0.225154926,-248.943.761.840.479,-23.815.052.061.487,1,1,1,1,1,1,FALSE,FALSE,FALSE,TRUE,TRUE,TRUE
426,ASV1049,110.978.855.713.352,16.619.267.739.327,0.552138217,0.337687763,0.356871591,0.345709933,328.643.403.324.468,465.693.212.300.394,159.711.412.596.345,0.030316859,0.009611549,0.185478642,0.311675868,0.108424153,1,FALSE,FALSE,FALSE,TRUE,FALSE,TRUE
427,ASV1050,15.341.318.286.047,0.676818414,-0.857313414,0.340368702,0.354528717,0.35041613,450.726.468.121.586,190.906.514.110.694,-244.655.808.057.254,0.006356876,0.114523521,0.058182214,0.071709457,1,0.598148782,FALSE,FALSE,FALSE,TRUE,TRUE,FALSE
428,ASV1054,-298.876.935.507.111,-134.919.460.962.719,163.957.474.544.391,0.359758366,0.367696227,0.373146471,-830.771.328.836.256,-36.693.186.156.623,439.391.732.696.787,0.000412795,0.01445363,0.007061935,0.004656583,0.134138532,0.07260102,TRUE,FALSE,FALSE,FALSE,FALSE,FALSE
429,ASV1063,-0.822838393,-129.834.444.236.855,-0.475506049,0.339842895,0.359401594,0.345922968,-242.123.170.680.259,-361.251.720.185.062,-137.460.097.562.135,1,1,1,1,1,1,FALSE,FALSE,FALSE,TRUE,TRUE,TRUE
430,ASV1067,-0.440140823,-0.440164472,-2.36E+09,0.34308805,0.366752027,0.356674164,-128.288.007.486.389,-1.200.169.159.352,-6.63E+08,1,1,1,1,1,1,FALSE,FALSE,FALSE,TRUE,FALSE,TRUE
431,ASV1078,108.481.421.712.413,-0.601864532,-168.667.874.930.049,0.33835867,0.363286502,0.350656294,320.610.734.215.644,-165.672.142.732.056,-481.006.266.565.797,0.032709913,0.172916735,0.00858492,0.336277936,1,0.09684315,FALSE,FALSE,FALSE,FALSE,TRUE,TRUE
432,ASV1080,NA,NA,NA,NA,NA,NA,NA,NA,NA,1,1,1,1,1,1,FALSE,FALSE,FALSE,TRUE,FALSE,FALSE
433,ASV1084,0.869332812,161.874.161.943.068,0.749408807,0.342273939,0.366708836,0.350674395,25.398.743.881.273,441.424.220.423.245,21.370.502.630.483,1,1,1,1,1,1,FALSE,FALSE,FALSE,TRUE,TRUE,TRUE
434,ASV1086,-0.936067648,-0.012924987,0.923142661,0.335941285,0.354636757,0.350711814,-278.640.253.362.471,-0.036445706,263.219.721.989.944,1,1,1,1,1,1,FALSE,FALSE,FALSE,TRUE,FALSE,TRUE
435,ASV1091,0.909273232,133.257.562.977.806,0.423302398,0.344091627,0.356871591,0.351967868,264.253.228.288.454,373.404.794.602.399,120.267.341.598.264,1,1,1,1,1,1,FALSE,FALSE,FALSE,FALSE,TRUE,FALSE
436,ASV1099,NA,NA,NA,NA,NA,NA,NA,NA,NA,1,1,1,1,1,1,FALSE,FALSE,FALSE,TRUE,TRUE,FALSE
437,ASV1108,-12.622.557.706.271,-0.388592543,0.873663228,0.345076512,0.36477015,0.346057088,-36.579.011.486.007,-106.530.795.614.428,252.462.168.600.488,1,1,1,1,1,1,FALSE,FALSE,FALSE,FALSE,FALSE,TRUE
438,ASV1110,-0.377157941,0.333835289,0.71099323,0.33945827,0.358677944,0.349294696,-111.105.833.854.899,0.930738269,203.551.109.899.102,1,1,1,1,1,1,FALSE,FALSE,FALSE,TRUE,FALSE,TRUE
439,ASV1112,-157.694.785.496.282,-103.466.820.973.642,0.542279645,0.341873893,0.361757246,0.345862555,-461.265.948.127.406,-286.011.744.370.453,156.790.504.562.415,1,1,1,1,1,1,FALSE,FALSE,FALSE,TRUE,TRUE,FALSE
440,ASV1116,-231.884.084.216.335,-0.580660612,173.818.023.033.422,0.344743682,0.373308084,0.356310443,-672.627.510.137.757,-155.544.612.096.385,487.827.472.811.377,0.006708505,0.217688457,0.016465927,0.075676044,1,0.169279814,FALSE,FALSE,FALSE,FALSE,TRUE,FALSE
441,ASV1127,-108.512.798.709.568,-108.268.226.360.931,0.002445723,0.358450505,0.365850198,0.358711655,-30.272.742.627.464,-295.935.951.041.285,0.006818076,1,1,1,1,1,1,FALSE,FALSE,FALSE,TRUE,TRUE,TRUE
442,ASV1136,-0.611995727,-0.703064524,-0.091068797,0.346567864,0.366236142,0.346212645,-176.587.557.830.502,-191.970.273.655.907,-0.263042954,1,1,1,1,1,1,FALSE,FALSE,FALSE,TRUE,TRUE,TRUE
443,ASV1138,-0.31452789,108.685.540.262.106,140.138.329.240.056,0.341873775,0.361710889,0.345814177,-0.920011751,300.476.274.433.257,405.241.712.840.638,1,1,1,1,1,1,FALSE,FALSE,FALSE,TRUE,FALSE,FALSE
444,ASV1139,-220.568.292.321.527,-0.835595197,137.008.772.579.797,0.347762938,0.355466886,0.356753841,-634.248.990.334.438,-235.069.771.529.862,384.042.879.737.372,0.001438044,0.06550334,0.012118403,0.016222021,0.607911104,0.124584606,TRUE,FALSE,FALSE,FALSE,TRUE,FALSE
445,ASV1147,-0.895507992,100.526.129.603.003,190.076.928.814.472,0.338142727,0.359344831,0.346767382,-264.831.362.860.912,279.748.366.475.159,548.139.584.719.199,0.04551864,0.038106619,0.002755748,0.422440844,0.391759377,0.031086521,FALSE,FALSE,TRUE,FALSE,FALSE,TRUE
446,ASV1148,NA,NA,NA,NA,NA,NA,NA,NA,NA,1,1,1,1,1,1,FALSE,FALSE,FALSE,TRUE,TRUE,TRUE
447,ASV1150,0.698518503,0.909819706,0.211301202,0.339500965,0.36272903,0.349046206,205.748.606.402.286,25.082.627.271.562,0.605367423,1,1,1,1,1,1,FALSE,FALSE,FALSE,TRUE,FALSE,FALSE
448,ASV1151,-113.324.445.764.983,-102.677.729.644.672,0.106467161,0.343057575,0.362783508,0.345843446,-330.336.521.244.293,-283.027.556.329.311,0.30784785,1,1,1,1,1,1,FALSE,FALSE,FALSE,FALSE,TRUE,TRUE
449,ASV1152,-0.520546549,-0.359325576,0.161220973,0.334257886,0.353808378,0.345268301,-15.573.201.754.556,-101.559.374.586.547,0.466944034,1,1,1,1,1,1,FALSE,FALSE,FALSE,TRUE,TRUE,TRUE
450,ASV1155,-0.090691769,-0.207557632,-0.116865863,0.340663023,0.360382181,0.347745039,-0.266221349,-0.575937555,-0.336067664,1,1,1,1,1,1,FALSE,FALSE,FALSE,TRUE,TRUE,TRUE
451,ASV1160,-0.758141619,-0.699044713,0.059096906,0.360513371,0.375509304,0.353729127,-210.295.007.395.932,-1.861.590.926.045,0.167068249,1,1,1,1,1,1,FALSE,FALSE,FALSE,TRUE,TRUE,TRUE
452,ASV1162,-0.838377257,-0.146999146,0.691378111,0.353290747,0.365044475,0.382500469,-237.305.183.683.369,-0.402688318,18.075.222.559.225,1,1,1,1,1,1,FALSE,FALSE,FALSE,TRUE,FALSE,FALSE
453,ASV1163,-0.332318501,0.567946094,0.900264596,0.335155171,0.356346348,0.346374465,-0.99153625,159.380.360.612.308,259.910.786.102.123,1,1,1,1,1,1,FALSE,FALSE,FALSE,TRUE,TRUE,FALSE
454,ASV1172,0.67717956,0.440131972,-0.237047588,0.343215393,0.352725011,0.359695793,197.304.542.050.655,124.780.482.821.757,-0.65902241,1,1,1,1,1,1,FALSE,FALSE,FALSE,FALSE,TRUE,TRUE
455,ASV1177,-0.836353449,-0.520815309,0.31553814,0.345069228,0.356871591,0.352923652,-242.372.655.307.119,-145.939.134.190.636,0.894069123,1,1,1,1,1,1,FALSE,FALSE,FALSE,FALSE,TRUE,TRUE
456,ASV1189,178.747.520.650.241,179.831.465.287.258,0.010839446,0.338257733,0.352746147,0.351031535,528.435.873.658.713,509.804.193.733.358,0.030878839,0.001857442,0.002225679,0.976367694,0.020953079,0.022881347,1,TRUE,TRUE,FALSE,FALSE,TRUE,TRUE
457,ASV1190,0.86033823,0.98710862,0.126770389,0.332314043,0.353304444,0.345804811,258.893.131.004.947,279.393.207.981.468,0.366595217,1,1,1,1,1,1,FALSE,FALSE,FALSE,TRUE,FALSE,FALSE
458,ASV1197,-124.394.144.753.845,-0.646641983,0.597299465,0.335977778,0.35410534,0.354283584,-370.245.155.481.875,-18.261.288.649.913,168.593.604.708.987,0.007630302,0.110570994,0.135672978,0.086074477,1,1,FALSE,FALSE,FALSE,FALSE,FALSE,TRUE
459,ASV1200,-338.140.435.055.775,-160.133.306.668.732,178.007.128.387.043,0.363138308,0.362923694,0.365611715,-931.161.565.491.339,-44.123.133.723.811,486.874.793.719.119,0.000240412,0.006941568,0.004597892,0.002711997,0.064422002,0.047269141,TRUE,FALSE,TRUE,FALSE,FALSE,FALSE
460,ASV1205,-0.955524886,-0.792050244,0.163474642,0.341873775,0.36169936,0.345802118,-279.496.398.140.091,-218.980.272.620.283,0.47274043,1,1,1,1,1,1,FALSE,FALSE,FALSE,TRUE,FALSE,FALSE
461,ASV1212,0.528100667,0.807653948,0.279553282,0.33073341,0.352143732,0.346029443,159.675.633.105.421,229.353.492.800.681,0.807888715,1,1,1,1,1,1,FALSE,FALSE,FALSE,TRUE,FALSE,FALSE
462,ASV1214,0.528172786,-0.297569808,-0.825742593,0.338101877,0.355503782,0.349207415,156.217.052.072.768,-0.837036967,-23.646.193.007.062,1,1,1,1,1,1,FALSE,FALSE,FALSE,FALSE,TRUE,TRUE
463,ASV1215,-0.137589533,-0.659809503,-0.52221997,0.337260384,0.35666475,0.349577331,-0.407962333,-184.994.312.843.605,-14.938.610.829.504,1,1,1,1,1,1,FALSE,FALSE,FALSE,TRUE,FALSE,TRUE
464,ASV1220,-0.855999179,-0.327371237,0.528627941,0.332440585,0.353314036,0.345701493,-257.489.373.272.524,-0.926572975,152.914.567.180.439,1,1,1,1,1,1,FALSE,FALSE,FALSE,TRUE,FALSE,FALSE
465,ASV1227,-0.343512356,-12.669.864.626.167,-0.923474106,0.341040654,0.359938046,0.346965069,-100.724.752.893.481,-352.001.261.310.464,-266.157.659.581.293,1,1,1,1,1,1,FALSE,FALSE,FALSE,TRUE,TRUE,TRUE
466,ASV1229,-0.983807873,-0.412392778,0.571415095,0.346512753,0.36293431,0.349094624,-283.916.786.781.677,-113.627.388.353.401,163.684.873.860.361,1,1,1,1,1,1,FALSE,FALSE,FALSE,TRUE,TRUE,TRUE
467,ASV1238,NA,NA,NA,NA,NA,NA,NA,NA,NA,1,1,1,1,1,1,FALSE,FALSE,FALSE,TRUE,FALSE,FALSE
468,ASV1239,0.21376112,-109.215.745.343.042,-130.591.857.308.403,0.334440197,0.368107329,0.360514666,0.639160966,-296.695.384.002.845,-36.223.729.518.678,0.540583088,0.017954473,0.006759308,1,0.184582971,0.076249132,FALSE,FALSE,FALSE,TRUE,FALSE,FALSE
469,ASV1241,0.142615973,200.494.915.036.978,186.233.317.779.225,0.337428503,0.355761448,0.346419435,0.422655382,563.565.603.848.392,537.594.889.155.366,0.690107378,0.002438959,0.003000187,1,0.027512954,0.030843754,FALSE,TRUE,TRUE,TRUE,FALSE,FALSE
470,ASV1243,-0.916144601,-0.846020257,0.070124344,0.34020882,0.360677846,0.346266815,-269.288.903.205.962,-234.563.965.146.831,0.202515346,1,1,1,1,1,1,FALSE,FALSE,FALSE,FALSE,TRUE,TRUE
471,ASV1246,-0.699758921,-188.082.310.219.224,-11.810.641.810.446,0.347454034,0.367113448,0.346311386,-201.396.113.504.636,-512.327.487.365.973,-341.041.106.054.977,1,1,1,1,1,1,FALSE,FALSE,FALSE,FALSE,TRUE,TRUE
472,ASV1251,NA,NA,NA,NA,NA,NA,NA,NA,NA,1,1,1,1,1,1,FALSE,FALSE,FALSE,TRUE,TRUE,TRUE
473,ASV1265,-0.027559539,-0.573555466,-0.545995927,0.344306502,0.361588583,0.348092331,-0.08004362,-158.621.010.791.392,-156.853.765.034.298,1,1,1,1,1,1,FALSE,FALSE,FALSE,TRUE,TRUE,TRUE
474,ASV1266,-113.444.139.299.344,0.279677017,141.411.840.959.636,0.334836346,0.360371549,0.350809928,-33.880.473.458.943,0.776079624,403.101.023.869.683,0.019502672,0.472796051,0.010011197,0.20049941,1,0.112932433,FALSE,FALSE,FALSE,FALSE,FALSE,TRUE
475,ASV1268,-225.699.453.935.038,-310.352.939.961.761,-0.84653486,0.344229282,0.36400146,0.346035924,-655.666.051.796.011,-852.614.548.187,-244.637.854.385.712,1,1,1,1,1,1,FALSE,FALSE,FALSE,TRUE,TRUE,FALSE
476,ASV1275,-188.858.422.882.348,-219.659.900.425.011,-0.308014775,0.342566353,0.36374964,0.37035862,-551.304.648.501.972,-603.876.611.949.864,-0.83166628,0.000894106,0.000521742,0.433048126,0.009191959,0.005885568,1,TRUE,TRUE,FALSE,FALSE,TRUE,TRUE
477,ASV1282,135.291.152.409.646,-0.182939187,-153.585.071.144.864,0.34136674,0.354485976,0.351342509,396.322.009.417.588,-0.516068898,-437.137.742.009.877,0.010708363,0.627808993,0.007212729,0.110088523,1,0.081364,FALSE,FALSE,FALSE,TRUE,TRUE,FALSE
478,ASV1288,-0.448791538,0.271860551,0.720652089,0.346812162,0.366477998,0.346239886,-129.404.786.677.089,0.741819568,208.136.646.962.882,1,1,1,1,1,1,FALSE,FALSE,FALSE,TRUE,TRUE,TRUE
479,ASV1290,-188.793.146.862.678,-0.740774176,114.715.729.221.414,0.343074715,0.36203434,0.346480342,-550.297.467.863.413,-204.614.340.557.689,331.088.708.890.156,1,1,1,1,1,1,FALSE,FALSE,FALSE,FALSE,TRUE,TRUE
480,ASV1291,-107.169.812.230.814,0.192263145,126.396.126.702.699,0.341258533,0.361308653,0.345960714,-314.042.879.034.289,0.532129921,365.348.207.572.633,1,1,1,1,1,1,FALSE,FALSE,FALSE,TRUE,TRUE,FALSE
481,ASV1299,-0.802179702,-0.60506893,0.197110771,0.34977054,0.369406674,0.352631188,-229.344.558.737.006,-163.794.801.902.265,0.558971463,1,1,1,1,1,1,FALSE,FALSE,FALSE,TRUE,TRUE,TRUE
482,ASV1311,0.657718801,0.813065438,0.155346637,0.337114484,0.358164389,0.346486514,195.102.504.610.493,22.700.901.141.723,0.448348292,1,1,1,1,1,1,FALSE,FALSE,FALSE,TRUE,FALSE,TRUE
483,ASV1315,NA,NA,NA,NA,NA,NA,NA,NA,NA,1,1,1,1,1,1,FALSE,FALSE,FALSE,TRUE,FALSE,FALSE
484,ASV1319,NA,NA,NA,NA,NA,NA,NA,NA,NA,1,1,1,1,1,1,FALSE,FALSE,FALSE,TRUE,FALSE,FALSE
485,ASV1322,-228.961.793.438.685,-220.632.990.668.407,0.083288028,0.346567864,0.366344738,0.34632752,-660.655.004.057.946,-60.225.511.009.749,0.240489198,1,1,1,1,1,1,FALSE,FALSE,FALSE,TRUE,TRUE,FALSE
486,ASV1329,0.559027763,0.598004885,0.038977122,0.339487588,0.353699023,0.350985761,164.668.100.776.395,169.071.681.377.215,0.111050438,1,1,1,1,1,1,FALSE,FALSE,FALSE,TRUE,TRUE,TRUE
487,ASV1331,-0.465922885,0.497305303,0.963228188,0.34774157,0.367398102,0.346343382,-133.985.385.953.989,135.358.702.005.626,27.811.364.018.644,1,1,1,1,1,1,FALSE,FALSE,FALSE,TRUE,TRUE,TRUE
488,ASV1348,-0.89867342,-0.560665592,0.338007829,0.345401173,0.365081085,0.349123109,-260.182.504.111.006,-153.572.895.100.443,0.968162291,1,1,1,1,1,1,FALSE,FALSE,FALSE,TRUE,TRUE,TRUE
489,ASV1350,-0.331867072,-0.795654026,-0.463786953,0.342938386,0.360707743,0.350309595,-0.967716319,-220.581.354.825.517,-132.393.448.681.771,1,1,1,1,1,1,FALSE,FALSE,FALSE,TRUE,TRUE,TRUE
490,ASV1351,NA,NA,NA,NA,NA,NA,NA,NA,NA,1,1,1,1,1,1,FALSE,FALSE,FALSE,TRUE,FALSE,FALSE
491,ASV1357,-193.424.358.518.727,-176.883.488.725.307,0.165408698,0.341997636,0.364203455,0.348542019,-565.572.209.819.606,-485.672.188.008.092,0.47457319,1,1,1,1,1,1,FALSE,FALSE,FALSE,TRUE,FALSE,FALSE
492,ASV1368,NA,NA,NA,NA,NA,NA,NA,NA,NA,1,1,1,1,1,1,FALSE,FALSE,FALSE,TRUE,FALSE,FALSE
493,ASV1370,-0.674527866,-0.718560529,-0.044032663,0.338791386,0.357697526,0.34763792,-199.098.292.807.091,-200.884.959.332.857,-0.126662428,1,1,1,1,1,1,FALSE,FALSE,FALSE,FALSE,TRUE,TRUE
494,ASV1375,102.859.132.016.998,0.661794591,-0.366796729,0.341417629,0.360186703,0.348282154,301.270.711.565.962,183.736.541.338.584,-105.315.970.051.309,1,1,1,1,1,1,FALSE,FALSE,FALSE,TRUE,TRUE,TRUE
495,ASV1376,180.073.446.036.529,224.075.836.843.377,0.440023908,0.347123901,0.366236142,0.346769253,518.758.418.486.748,611.834.309.022.851,126.892.423.384.701,1,1,1,1,1,1,FALSE,FALSE,FALSE,TRUE,TRUE,TRUE
496,ASV1378,-0.409991712,-0.222685618,0.187306093,0.339641532,0.35843228,0.34922066,-120.713.067.470.043,-0.621276684,0.53635456,1,1,1,1,1,1,FALSE,FALSE,FALSE,TRUE,FALSE,FALSE
497,ASV1380,-166.666.439.329.437,-131.483.781.968.154,0.351826574,0.339852627,0.359587223,0.34546438,-490.407.977.210.276,-365.651.985.773.384,101.841.635.264.549,1,1,1,1,1,1,FALSE,FALSE,FALSE,TRUE,TRUE,TRUE
498,ASV1385,-0.498943313,-0.474898928,0.024044385,0.342310863,0.361609929,0.346099654,-145.757.370.773.851,-131.329.062.029.399,0.069472433,1,1,1,1,1,1,FALSE,FALSE,FALSE,TRUE,TRUE,TRUE
499,ASV1389,NA,NA,NA,NA,NA,NA,NA,NA,NA,1,1,1,1,1,1,FALSE,FALSE,FALSE,TRUE,FALSE,FALSE
500,ASV1395,0.956054458,-0.140625583,-109.668.004.081.256,0.346036964,0.361588583,0.349804066,276.286.800.753.923,-0.388910462,-313.512.662.890.075,1,1,1,1,1,1,FALSE,FALSE,FALSE,TRUE,TRUE,TRUE
501,ASV1398,0.160958308,116.847.463.778.081,100.751.632.980.552,0.343033176,0.361240478,0.347139597,0.46922082,323.461.712.482.093,290.233.766.847.321,1,1,1,1,1,1,FALSE,FALSE,FALSE,TRUE,TRUE,TRUE
502,ASV1405,-0.016155881,-0.773215087,-0.757059206,0.34479535,0.364481286,0.346014548,-0.046856435,-212.141.231.034.599,-218.794.039.347.052,1,1,1,1,1,1,FALSE,FALSE,FALSE,TRUE,TRUE,TRUE
503,ASV1407,-0.610250702,-105.516.136.010.233,-0.444910658,0.341873775,0.36342224,0.3476038,-178.501.759.236.398,-290.340.338.242.672,-127.993.611.609.607,1,1,1,1,1,1,FALSE,FALSE,FALSE,TRUE,TRUE,FALSE
504,ASV1408,-0.281047187,-0.421928435,-0.140881248,0.338259623,0.359216956,0.347608568,-0.830862355,-117.457.828.131.152,-0.405287043,1,1,1,1,1,1,FALSE,FALSE,FALSE,TRUE,TRUE,FALSE
505,ASV1414,-0.803421398,-0.810033117,-0.00661172,0.347662166,0.361588583,0.351411846,-231.092.559.523.571,-224.020.656.201.443,-0.018814732,1,1,1,1,1,1,FALSE,FALSE,FALSE,TRUE,TRUE,TRUE
506,ASV1415,0.071127375,0.401023668,0.329896293,0.349192251,0.35937797,0.354828892,0.203691161,111.588.272.567.949,0.929733461,1,1,1,1,1,1,FALSE,FALSE,FALSE,TRUE,TRUE,TRUE
507,ASV1422,-0.431818516,-103.695.651.641.859,-0.605138,0.334934096,0.3562307,0.34688782,-128.926.413.172.807,-291.091.283.481.604,-17.444.775.072.551,1,1,1,1,1,1,FALSE,FALSE,FALSE,TRUE,TRUE,TRUE
508,ASV1423,-0.750358369,-0.628903747,0.121454622,0.337640307,0.36279963,0.351780541,-222.236.016.628.728,-173.347.405.575.048,0.345256795,1,1,1,1,1,1,FALSE,FALSE,FALSE,TRUE,FALSE,FALSE
509,ASV1432,-0.998067625,-0.244123558,0.753944068,0.342168202,0.364020589,0.347959336,-291.689.181.094.542,-0.670631181,216.675.913.103.412,1,1,1,1,1,1,FALSE,FALSE,FALSE,TRUE,TRUE,FALSE
510,ASV1433,NA,NA,NA,NA,NA,NA,NA,NA,NA,1,1,1,1,1,1,FALSE,FALSE,FALSE,TRUE,FALSE,FALSE
511,ASV1441,-0.345855213,0.69533646,104.119.167.358.094,0.339696528,0.35965424,0.345856264,-101.812.996.357.795,193.334.704.209.856,301.047.510.921.235,1,1,1,1,1,1,FALSE,FALSE,FALSE,TRUE,FALSE,FALSE
512,ASV1445,-0.234797782,-0.504206965,-0.269409183,0.337306805,0.357766423,0.346092657,-0.696095598,-140.931.885.376.175,-0.778430798,1,1,1,1,1,1,FALSE,FALSE,FALSE,TRUE,TRUE,TRUE
513,ASV1447,-0.760385514,0.441801544,120.218.705.790.613,0.337530255,0.359184113,0.347943818,-225.279.216.777.705,123.001.415.473.082,345.511.831.865.557,1,1,1,1,1,1,FALSE,FALSE,FALSE,TRUE,FALSE,FALSE
514,ASV1451,-103.445.777.558.375,-211.901.471.754.874,-108.455.694.196.499,0.346276597,0.363920835,0.347988298,-298.737.421.385.132,-582.273.536.253.589,-311.664.773.498.641,1,1,1,1,1,1,FALSE,FALSE,FALSE,TRUE,TRUE,TRUE
515,ASV1457,-0.996720774,-0.358440608,0.638280166,0.337199307,0.360345741,0.348656928,-295.588.026.143.876,-0.994713044,183.068.258.559.056,1,1,1,1,1,1,FALSE,FALSE,FALSE,TRUE,FALSE,FALSE
516,ASV1459,-0.357395397,141.570.515.583.246,177.310.055.332.904,0.339405924,0.350381601,0.353971169,-105.300.282.730.817,404.046.659.401.436,500.916.659.085.942,0.323102446,0.003733324,0.001040845,1,0.03838086,0.011741367,FALSE,TRUE,TRUE,TRUE,FALSE,FALSE
517,ASV1468,-0.102478794,0.464645614,0.567124408,0.33926743,0.360128559,0.350599442,-0.302059039,129.022.151.158.068,161.758.502.880.792,1,1,1,1,1,1,FALSE,FALSE,FALSE,TRUE,FALSE,TRUE
518,ASV1469,NA,NA,NA,NA,NA,NA,NA,NA,NA,1,1,1,1,1,1,FALSE,FALSE,FALSE,TRUE,FALSE,FALSE
519,ASV1471,-0.27244577,0.607335062,0.879780832,0.337076555,0.359007925,0.348239854,-0.808260813,16.917.037.747.746,252.636.457.959.952,1,1,1,1,1,1,FALSE,FALSE,FALSE,TRUE,TRUE,TRUE
520,ASV1489,-114.629.828.916.229,-0.469387099,0.67691119,0.346977698,0.36664188,0.346258335,-330.366.560.774.025,-128.023.317.819.516,195.493.110.508.901,1,1,1,1,1,1,FALSE,FALSE,FALSE,TRUE,TRUE,TRUE
521,ASV1511,-0.648292688,-118.149.732.513.186,-0.533204637,0.34471131,0.364398081,0.346932051,-188.068.296.502.325,-324.232.587.385.532,-153.691.374.239.226,1,1,1,1,1,1,FALSE,FALSE,FALSE,TRUE,TRUE,TRUE
522,ASV1526,-0.523168491,-0.036989751,0.486178741,0.337857341,0.360180679,0.348065806,-154.848.933.935.677,-0.102697765,139.680.121.394.915,1,1,1,1,1,1,FALSE,FALSE,FALSE,TRUE,FALSE,FALSE
523,ASV1530,NA,NA,NA,NA,NA,NA,NA,NA,NA,1,1,1,1,1,1,FALSE,FALSE,FALSE,TRUE,FALSE,TRUE
524,ASV1531,-120.806.248.282.939,-0.528226277,0.679836206,0.346567864,0.366236142,0.346212645,-348.578.910.266.807,-14.423.106.202.272,19.636.377.087.153,1,1,1,1,1,1,FALSE,FALSE,FALSE,TRUE,TRUE,FALSE
525,ASV1534,-133.492.048.231.012,-0.406283518,0.928636964,0.346070084,0.363920835,0.347782802,-385.737.035.905.208,-111.640.631.382.595,267.016.356.009.389,1,1,1,1,1,1,FALSE,FALSE,FALSE,TRUE,TRUE,TRUE
526,ASV1538,-0.59889703,-0.660134335,-0.061237305,0.344229282,0.366179689,0.348326518,-173.982.012.091.697,-180.276.065.172.863,-0.175804315,1,1,1,1,1,1,FALSE,FALSE,FALSE,TRUE,TRUE,TRUE
527,ASV1541,-0.653322407,-117.434.054.713.938,-0.52101814,0.342331499,0.369199989,0.361131916,-190.844.958.407.042,-318.077.080.698.201,-144.273.634.206.324,1,1,1,1,1,1,FALSE,FALSE,FALSE,TRUE,TRUE,TRUE
528,ASV1542,-0.645248514,-0.338602584,0.30664593,0.339516017,0.359263726,0.34542986,-190.049.506.515.026,-0.94249032,0.887722706,1,1,1,1,1,1,FALSE,FALSE,FALSE,TRUE,TRUE,TRUE
529,ASV1544,-0.443370432,-0.284177388,0.159193044,0.337162741,0.357039616,0.345370817,-13.150.042.342.036,-0.795926769,0.460933688,1,1,1,1,1,1,FALSE,FALSE,FALSE,TRUE,FALSE,FALSE
530,ASV1554,-0.200876103,0.552325439,0.753201543,0.339594801,0.360288513,0.346424979,-0.591517017,153.300.874.044.211,217.421.256.692.049,1,1,1,1,1,1,FALSE,FALSE,FALSE,TRUE,TRUE,FALSE
531,ASV1556,0.773592054,-0.043526613,-0.817118667,0.355065566,0.366236142,0.354718857,21.787.301.513.191,-0.118848493,-230.356.703.813.902,1,1,1,1,1,1,FALSE,FALSE,FALSE,TRUE,TRUE,TRUE
532,ASV1562,187.736.390.595.135,0.741582397,-113.578.150.874.573,0.33874673,0.356871591,0.3467444,554.208.716.904.731,207.800.905.645.738,-327.555.832.835.436,0.005183449,0.106262092,0.030628455,0.05847248,0.986177271,0.314879272,FALSE,FALSE,FALSE,TRUE,TRUE,TRUE
533,ASV1568,193.296.422.330.459,0.512844478,-14.201.197.450.568,0.337556115,0.358483415,0.346655229,572.634.930.514.475,143.059.471.504.797,-4.096.634.429.145,0.00460392,0.22578407,0.014893995,0.051935037,1,0.153119387,FALSE,FALSE,FALSE,FALSE,TRUE,FALSE
534,ASV1569,NA,NA,NA,NA,NA,NA,NA,NA,NA,1,1,1,1,1,1,FALSE,FALSE,FALSE,TRUE,FALSE,TRUE
535,ASV1572,0.211941469,0.90717159,0.695230121,0.354549684,0.361588583,0.358227277,0.597776499,250.885.020.096.261,194.075.148.692.373,1,1,1,1,1,1,FALSE,FALSE,FALSE,TRUE,TRUE,TRUE
536,ASV1585,-104.088.274.116.228,0.067485285,110.836.802.575.785,0.346567864,0.366236142,0.346212645,-300.340.236.359.375,0.184267135,320.140.826.856.847,1,1,1,1,1,1,FALSE,FALSE,FALSE,TRUE,TRUE,TRUE
537,ASV1598,0.844399805,344.122.347.185.121,259.682.366.705.042,0.341964546,0.359776907,0.349442133,24.692.612.546.113,956.488.148.535.844,743.134.104.059.825,0.069001457,0.000667468,0.001750624,0.640375769,0.007529447,0.017997483,FALSE,TRUE,TRUE,TRUE,FALSE,FALSE
538,ASV1599,0.550910104,0.323363589,-0.227546515,0.339505076,0.360126559,0.346344965,162.268.591.532.432,0.897916526,-0.65699386,1,1,1,1,1,1,FALSE,FALSE,FALSE,TRUE,FALSE,TRUE
539,ASV1609,-0.827311643,-108.783.326.256.363,-0.26052162,0.346567864,0.366236142,0.346212645,-23.871.562.525.453,-297.030.559.791.198,-0.752490191,1,1,1,1,1,1,FALSE,FALSE,FALSE,TRUE,TRUE,TRUE
540,ASV1625,-127.980.796.405.076,0.240735867,152.054.383.091.224,0.335511507,0.358950265,0.348733929,-381.449.797.578.874,0.670666358,436.018.323.226.124,0.012442785,0.532160674,0.007289004,0.127919443,1,0.082224425,FALSE,FALSE,FALSE,TRUE,TRUE,FALSE
541,ASV1630,-0.417590152,0.078292221,0.495882373,0.334998479,0.355825441,0.346032713,-124.654.342.639.559,0.220029857,143.305.055.802.962,1,1,1,1,1,1,FALSE,FALSE,FALSE,TRUE,TRUE,FALSE
542,ASV1647,-0.450859127,-0.131814087,0.31904504,0.340750855,0.354018148,0.360403033,-13.231.342.512.569,-0.37233709,0.885245159,1,1,1,1,1,1,FALSE,FALSE,FALSE,TRUE,TRUE,TRUE
543,ASV1649,NA,NA,NA,NA,NA,NA,NA,NA,NA,1,1,1,1,1,1,FALSE,FALSE,FALSE,TRUE,FALSE,FALSE
544,ASV1650,-123.515.255.142.394,-0.535626933,0.699525619,0.33641745,0.357054106,0.349162333,-367.148.776.966.652,-150.012.819.712.667,200.343.952.283.319,0.010435758,0.184248547,0.091986863,0.117721742,1,0.945681272,FALSE,FALSE,FALSE,FALSE,FALSE,FALSE
545,ASV1662,-0.644038992,-0.168605798,0.475433193,0.346567864,0.366236142,0.346212645,-185.833.442.454.088,-0.460374548,137.324.040.464.389,1,1,1,1,1,1,FALSE,FALSE,FALSE,TRUE,TRUE,TRUE
546,ASV1681,-215.296.124.108.993,-0.728635786,142.432.545.519.408,0.341873775,0.361830899,0.345939701,-629.753.260.273.423,-201.374.672.139.211,411.726.508.929.808,0.008088675,0.137484395,0.025961419,0.09124521,1,0.266899281,FALSE,FALSE,FALSE,FALSE,FALSE,TRUE
547,ASV1693,-0.021582859,0.007388275,0.028971134,0.344362924,0.364057155,0.346227434,-0.062674747,0.020294271,0.083676598,1,1,1,1,1,1,FALSE,FALSE,FALSE,TRUE,TRUE,TRUE
548,ASV1698,-0.68712511,-0.07834022,0.608784891,0.347119411,0.366236142,0.346764758,-19.795.064.388.623,-0.213906304,175.561.349.957.654,1,1,1,1,1,1,FALSE,FALSE,FALSE,TRUE,TRUE,TRUE
549,ASV1716,-123.946.181.901.617,-0.567378909,0.67208291,0.339901995,0.359995676,0.345837685,-36.465.270.497.245,-157.607.145.551.986,194.334.781.607.433,1,1,1,1,1,1,FALSE,FALSE,FALSE,TRUE,TRUE,TRUE
550,ASV1727,-144.029.040.830.209,-0.887193626,0.553096782,0.342252711,0.36529713,0.349217293,-420.826.588.897.744,-242.869.038.180.759,158.381.842.436.086,1,1,1,1,1,1,FALSE,FALSE,FALSE,TRUE,TRUE,TRUE
551,ASV1729,-143.625.137.951.288,-0.844446403,0.591804977,0.339942091,0.360935076,0.356489487,-422.498.835.988.532,-233.960.748.133.382,166.009.096.529.292,0.008288018,0.06641259,0.157789789,0.093493918,0.682762082,1,FALSE,FALSE,FALSE,FALSE,TRUE,TRUE
552,ASV1730,-0.591297111,0.411366659,100.266.377.017.504,0.345524048,0.365565422,0.359756808,-171.130.522.850.358,112.528.875.859.537,27.870.598.902.264,1,1,1,1,1,1,FALSE,FALSE,FALSE,TRUE,TRUE,TRUE
553,ASV1732,0.511275032,-0.135826486,-0.647101518,0.342623035,0.36444388,0.349406476,149.223.776.321.793,-0.372695205,-185.200.207.137.898,1,1,1,1,1,1,FALSE,FALSE,FALSE,TRUE,FALSE,FALSE
554,ASV1736,-0.895811752,-0.577861812,0.317949939,0.336524246,0.36171209,0.353130824,-266.195.307.529.992,-159.757.394.991.605,0.900374358,1,1,1,1,1,1,FALSE,FALSE,FALSE,TRUE,FALSE,FALSE
555,ASV1742,NA,NA,NA,NA,NA,NA,NA,NA,NA,1,1,1,1,1,1,FALSE,FALSE,FALSE,TRUE,TRUE,TRUE
556,ASV1747,NA,NA,NA,NA,NA,NA,NA,NA,NA,1,1,1,1,1,1,FALSE,FALSE,FALSE,TRUE,TRUE,TRUE
557,ASV1767,-0.070180505,103.168.486.610.639,110.186.537.095.653,0.337537954,0.356935343,0.345525457,-0.207918855,289.039.705.841.692,318.895.568.972.999,1,1,1,1,1,1,FALSE,FALSE,FALSE,TRUE,TRUE,TRUE
558,ASV1768,-0.837727617,-0.353028244,0.484699374,0.33740907,0.357697454,0.346201354,-248.282.483.302.849,-0.98694648,140.005.048.525.131,1,1,1,1,1,1,FALSE,FALSE,FALSE,TRUE,TRUE,FALSE
559,ASV1771,-103.532.510.728.837,-0.039461753,0.995863355,0.346906675,0.366571567,0.346906263,-298.444.850.191.254,-0.107650882,28.706.986.933.477,1,1,1,1,1,1,FALSE,FALSE,FALSE,TRUE,TRUE,TRUE
560,ASV1794,-0.737742009,-269.794.304.042.523,-19.602.010.314.479,0.344809808,0.364495601,0.346016167,-213.956.213.350.507,-740.185.350.392.842,-566.505.619.999.966,1,1,1,1,1,1,FALSE,FALSE,FALSE,TRUE,TRUE,TRUE
561,ASV1801,0.413462607,117.546.366.521.822,0.762001058,0.345339606,0.364008539,0.347147894,119.726.379.440.065,322.922.002.828.025,21.950.329.307.338,1,1,1,1,1,1,FALSE,FALSE,FALSE,TRUE,TRUE,TRUE
562,ASV1806,NA,NA,NA,NA,NA,NA,NA,NA,NA,1,1,1,1,1,1,FALSE,FALSE,FALSE,TRUE,FALSE,FALSE
563,ASV1807,-10.053.959.152.208,-0.152829926,0.852565989,0.346567864,0.366236142,0.346212645,-290.100.733.609.039,-0.417298865,246.255.011.262.701,1,1,1,1,1,1,FALSE,FALSE,FALSE,TRUE,TRUE,TRUE
564,ASV1816,-0.545105243,0.156324896,0.701430139,0.34657315,0.366241375,0.346213235,-157.284.326.223.212,0.426835706,202.600.613.856.714,1,1,1,1,1,1,FALSE,FALSE,FALSE,TRUE,TRUE,TRUE
565,ASV1827,-0.554510338,-0.900070576,-0.345560238,0.339245489,0.358572028,0.346718914,-163.454.004.540.648,-251.015.278.939.561,-0.996658169,1,1,1,1,1,1,FALSE,FALSE,FALSE,TRUE,TRUE,TRUE
566,ASV1829,-0.170894583,0.472576156,0.643470739,0.348109513,0.367762354,0.346384296,-0.490921898,128.500.416.357.828,185.767.873.227.261,1,1,1,1,1,1,FALSE,FALSE,FALSE,TRUE,TRUE,TRUE
567,ASV1843,0.324257696,0.651220435,0.326962739,0.338607161,0.361485651,0.348594752,0.957622087,180.151.116.075.959,0.937945099,1,1,1,1,1,1,FALSE,FALSE,FALSE,TRUE,FALSE,FALSE
568,ASV1845,0.555073688,-0.440103238,-0.995176926,0.341787136,0.360718215,0.346368877,162.403.329.574.816,-122.007.489.421.829,-287.317.074.765.671,1,1,1,1,1,1,FALSE,FALSE,FALSE,TRUE,TRUE,TRUE
569,ASV1846,0.437954644,0.95859854,0.520643897,0.346567864,0.366236142,0.346212645,126.369.086.543.548,261.743.293.634.874,150.382.692.135.654,1,1,1,1,1,1,FALSE,FALSE,FALSE,TRUE,TRUE,TRUE
570,ASV1859,0.148602205,-0.07148462,-0.220086825,0.340162235,0.360658644,0.346290503,0.436856856,-0.198205758,-0.635555472,1,1,1,1,1,1,FALSE,FALSE,FALSE,TRUE,TRUE,TRUE
571,ASV1868,-0.313819813,0.628452535,0.942272348,0.350197889,0.368211262,0.349286501,-0.896121371,170.677.162.885.084,26.977.061.656.385,1,1,1,1,1,1,FALSE,FALSE,FALSE,TRUE,TRUE,TRUE
572,ASV1874,NA,NA,NA,NA,NA,NA,NA,NA,NA,1,1,1,1,1,1,FALSE,FALSE,FALSE,TRUE,FALSE,FALSE
573,ASV1882,-150.649.677.164.794,0.51880305,202.529.982.201.404,0.342456198,0.364336056,0.35234872,-439.909.331.150.105,142.396.845.498.998,574.799.824.006.638,0.011699441,0.22755991,0.004541166,0.120277419,1,0.051227133,FALSE,FALSE,FALSE,FALSE,TRUE,FALSE
574,ASV1894,-0.61006809,-0.27290052,0.33716757,0.346657122,0.366280328,0.3462623,-175.986.025.272.024,-0.745059177,0.973734565,1,1,1,1,1,1,FALSE,FALSE,FALSE,TRUE,TRUE,TRUE
575,ASV1908,0.039925528,0.425999387,0.386073859,0.333601627,0.352145899,0.345936092,0.119680256,120.972.411.632.213,111.602.653.606.758,1,1,1,1,1,1,FALSE,FALSE,FALSE,TRUE,FALSE,TRUE
576,ASV1911,0.482077399,0.048520461,-0.433556937,0.346731797,0.36313183,0.349353577,139.034.666.615.805,0.133616657,-124.102.618.678.056,1,1,1,1,1,1,FALSE,FALSE,FALSE,TRUE,TRUE,TRUE
577,ASV1912,-0.62827791,-0.513576013,0.114701897,0.343182549,0.359670336,0.349305018,-183.073.968.025.624,-142.790.761.940.758,0.32837174,1,1,1,1,1,1,FALSE,FALSE,FALSE,TRUE,TRUE,TRUE
578,ASV1917,181.595.900.651.747,189.029.197.686.889,0.07433297,0.334765088,0.355980999,0.346349934,542.457.702.204.857,531.009.234.035.054,0.214618116,0.002884431,0.003165748,0.838543684,0.032538143,0.032545829,1,TRUE,TRUE,FALSE,FALSE,FALSE,FALSE
579,ASV1929,-124.411.924.667.873,0.634598975,187.871.822.158.392,0.348900018,0.363920835,0.350598912,-356.583.314.369.119,174.378.302.406.694,535.859.684.650.686,1,1,1,1,1,1,FALSE,FALSE,FALSE,TRUE,TRUE,TRUE
580,ASV1942,0.172074987,-0.919974069,-109.204.905.554.022,0.340433487,0.364325651,0.35602407,0.505458463,-25.251.421.822.153,-306.734.613.346.318,1,1,1,1,1,1,FALSE,FALSE,FALSE,TRUE,TRUE,TRUE
581,ASV1953,NA,NA,NA,NA,NA,NA,NA,NA,NA,1,1,1,1,1,1,FALSE,FALSE,FALSE,TRUE,FALSE,FALSE
582,ASV1961,-240.993.105.035.179,-0.82803621,15.818.948.405.951,0.344290286,0.363920835,0.346011814,-699.970.678.637.186,-227.531.960.022.811,457.179.430.554.102,1,1,1,1,1,1,FALSE,FALSE,FALSE,TRUE,TRUE,TRUE
583,ASV1968,NA,NA,NA,NA,NA,NA,NA,NA,NA,1,1,1,1,1,1,FALSE,FALSE,FALSE,TRUE,FALSE,FALSE
584,ASV1988,-0.569239693,-0.537400691,0.031839002,0.337357432,0.357085894,0.345608699,-16.873.489.041.831,-150.496.197.138.608,0.092124422,1,1,1,1,1,1,FALSE,FALSE,FALSE,TRUE,TRUE,TRUE
585,ASV1992,-0.150785737,0.917521054,106.830.679.107.054,0.340238139,0.362932974,0.349974763,-0.443177056,252.807.300.677.254,305.252.522.288.417,1,1,1,1,1,1,FALSE,FALSE,FALSE,TRUE,FALSE,TRUE
586,ASV1998,123.280.909.568.096,133.958.999.761.015,0.106780902,0.342150046,0.361998207,0.34638758,360.312.415.564.187,370.054.318.830.383,0.308270008,1,1,1,1,1,1,FALSE,FALSE,FALSE,TRUE,FALSE,FALSE
587,ASV2001,-259.553.396.305.954,-112.063.059.241.799,147.490.337.064.154,0.344229282,0.366284079,0.348436256,-754.013.125.061.226,-305.945.755.557.254,423.292.164.421.714,1,1,1,1,1,1,FALSE,FALSE,FALSE,TRUE,FALSE,FALSE
588,ASV2019,NA,NA,NA,NA,NA,NA,NA,NA,NA,1,1,1,1,1,1,FALSE,FALSE,FALSE,TRUE,TRUE,TRUE
589,ASV2028,-0.827943439,-0.663416057,0.164527382,0.347374208,0.359387861,0.353310734,-238.343.382.757.581,-18.459.612.286.961,0.465673317,1,1,1,1,1,1,FALSE,FALSE,FALSE,TRUE,TRUE,TRUE
590,ASV2034,NA,NA,NA,NA,NA,NA,NA,NA,NA,1,1,1,1,1,1,FALSE,FALSE,FALSE,TRUE,TRUE,TRUE
591,ASV2038,-0.619894442,-0.246315507,0.373578936,0.346567864,0.366236142,0.346212645,-178.866.683.050.917,-0.672559255,107.904.474.498.623,1,1,1,1,1,1,FALSE,FALSE,FALSE,TRUE,TRUE,TRUE
592,ASV2067,-0.826132813,-0.29943546,0.526697353,0.344286784,0.364969342,0.347000633,-239.954.843.380.747,-0.820440036,15.178.570.391.466,1,1,1,1,1,1,FALSE,FALSE,FALSE,TRUE,TRUE,FALSE
593,ASV2071,0.296608158,-0.720142178,-101.675.033.583.773,0.345516759,0.361588583,0.349289471,0.858447963,-199.160.651.214.415,-291.091.034.806.677,1,1,1,1,1,1,FALSE,FALSE,FALSE,FALSE,TRUE,TRUE
594,ASV2083,148.992.023.315.169,0.178625702,-13.112.945.309.819,0.346570792,0.366236142,0.346215577,42.990.357.758.398,0.487733682,-378.750.876.560.622,1,1,1,1,1,1,FALSE,FALSE,FALSE,TRUE,TRUE,TRUE
595,ASV2092,NA,NA,NA,NA,NA,NA,NA,NA,NA,1,1,1,1,1,1,FALSE,FALSE,FALSE,TRUE,TRUE,TRUE
596,ASV2093,119.430.554.311.493,0.461681861,-0.732623682,0.345044934,0.362384497,0.348123057,346.130.438.974.673,127.401.106.903.136,-210.449.629.446.254,1,1,1,1,1,1,FALSE,FALSE,FALSE,TRUE,TRUE,TRUE
597,ASV2094,-0.001199261,-0.056180063,-0.054980802,0.346567864,0.366322714,0.346304224,-0.003460392,-0.153362215,-0.158764457,1,1,1,1,1,1,FALSE,FALSE,FALSE,TRUE,TRUE,FALSE
598,ASV2126,-0.35132294,-0.22069567,0.13062727,0.340178422,0.359375426,0.346155736,-10.327.608.023.089,-0.614108963,0.377365607,1,1,1,1,1,1,FALSE,FALSE,FALSE,TRUE,TRUE,TRUE
599,ASV2136,0.221096695,0.91285476,0.691758066,0.344231322,0.363920835,0.345953144,0.642291042,250.838.828.516.725,199.957.155.399.891,1,1,1,1,1,1,FALSE,FALSE,FALSE,TRUE,TRUE,TRUE
600,ASV2151,-0.848852024,-0.450658095,0.398193929,0.341922875,0.361626826,0.345774802,-248.258.331.280.553,-124.619.652.655.481,115.159.903.487.953,1,1,1,1,1,1,FALSE,FALSE,FALSE,TRUE,TRUE,TRUE
601,ASV2164,0.294114905,0.26054572,-0.033569185,0.344024758,0.374119572,0.360890059,0.854923658,0.696423656,-0.09301776,1,1,1,1,1,1,FALSE,FALSE,FALSE,TRUE,TRUE,FALSE
602,ASV2166,-0.621215876,-0.486818976,0.1343969,0.344340765,0.363920835,0.346062042,-180.407.299.396.445,-133.770.569.990.063,0.388360708,1,1,1,1,1,1,FALSE,FALSE,FALSE,TRUE,TRUE,TRUE
603,ASV2169,NA,NA,NA,NA,NA,NA,NA,NA,NA,1,1,1,1,1,1,FALSE,FALSE,FALSE,FALSE,FALSE,FALSE
604,ASV2171,NA,NA,NA,NA,NA,NA,NA,NA,NA,1,1,1,1,1,1,FALSE,FALSE,FALSE,TRUE,TRUE,TRUE
605,ASV2196,183.214.775.769.304,197.366.145.073.954,0.141513693,0.341873775,0.3619979,0.346114371,535.913.513.763.828,545.213.507.737.354,0.408863962,1,1,1,1,1,1,FALSE,FALSE,FALSE,TRUE,FALSE,FALSE
606,ASV2198,0.334017902,0.397576909,0.063559006,0.339731775,0.358550354,0.353394705,0.983181223,110.884.539.453.422,0.179852741,1,1,1,1,1,1,FALSE,FALSE,FALSE,TRUE,TRUE,TRUE
607,ASV2199,126.848.786.075.272,-0.072951752,-134.143.961.226.444,0.342175051,0.361782776,0.34618715,370.713.135.506.564,-0.201645176,-387.489.718.334.413,1,1,1,1,1,1,FALSE,FALSE,FALSE,TRUE,TRUE,TRUE
608,ASV2201,-0.832795957,-101.942.321.543.189,-0.186627258,0.344229282,0.377714109,0.360432721,-241.930.597.392.761,-269.892.808.008.514,-0.517786669,1,1,1,1,1,1,FALSE,FALSE,FALSE,TRUE,TRUE,TRUE
609,ASV2202,-0.741328222,0.034994843,0.776323065,0.344528993,0.364217574,0.346561203,-215.171.505.958.821,0.096082247,224.007.493.367.194,1,1,1,1,1,1,FALSE,FALSE,FALSE,TRUE,TRUE,TRUE
610,ASV2213,NA,NA,NA,NA,NA,NA,NA,NA,NA,1,1,1,1,1,1,FALSE,FALSE,FALSE,TRUE,TRUE,TRUE
611,ASV2227,-0.682251005,-0.716083262,-0.033832257,0.348951972,0.363920835,0.350650614,-195.514.300.000.526,-196.768.965.177.181,-0.096484237,1,1,1,1,1,1,FALSE,FALSE,FALSE,TRUE,TRUE,TRUE
612,ASV2229,-0.67059481,0.094634667,0.765229477,0.346567864,0.366236142,0.346212645,-193.495.958.547.754,0.258397946,221.028.748.370.671,1,1,1,1,1,1,FALSE,FALSE,FALSE,TRUE,TRUE,TRUE
613,ASV2230,0.322818567,0.083054276,-0.239764292,0.34424524,0.363936636,0.345952903,0.937757535,0.228210814,-0.693054719,1,1,1,1,1,1,FALSE,FALSE,FALSE,TRUE,TRUE,TRUE
614,ASV2231,-127.495.454.557.232,-0.594498837,0.680455709,0.339500956,0.359949318,0.346156627,-375.537.836.599.703,-165.161.817.960.802,196.574.514.486.754,1,1,1,1,1,1,FALSE,FALSE,FALSE,TRUE,FALSE,FALSE
615,ASV2234,-0.909204533,-0.435006912,0.474197622,0.343025133,0.363396641,0.346516544,-26.505.478.605.356,-119.705.815.090.491,136.847.036.584.683,1,1,1,1,1,1,FALSE,FALSE,FALSE,TRUE,TRUE,TRUE
616,ASV2236,12.754.315.747.825,-0.044448348,-131.987.992.317.489,0.346804527,0.363920835,0.348513636,367.766.702.881.564,-0.12213741,-378.716.866.965.171,1,1,1,1,1,1,FALSE,FALSE,FALSE,TRUE,TRUE,TRUE
617,ASV2258,-102.170.359.492.064,-208.901.003.850.796,-106.730.644.358.732,0.3580342,0.362689591,0.367248899,-285.364.804.498.532,-575.977.389.356.037,-290.622.094.911.828,0.046225052,0.004507472,0.043843753,0.428996786,0.050847044,0.428996786,FALSE,FALSE,FALSE,FALSE,FALSE,FALSE
618,ASV2262,11.001.268.408.519,100.945.159.059.134,-0.09067525,0.343579492,0.361603319,0.347388583,320.195.723.789.674,279.159.935.181.528,-0.261019661,1,1,1,1,1,1,FALSE,FALSE,FALSE,TRUE,FALSE,TRUE
619,ASV2276,NA,NA,NA,NA,NA,NA,NA,NA,NA,1,1,1,1,1,1,FALSE,FALSE,FALSE,TRUE,FALSE,TRUE
620,ASV2287,0.587492376,0.973692864,0.386200487,0.345343838,0.37474436,0.358393222,170.118.100.223.534,259.828.557.133.572,107.758.870.253.785,1,1,1,1,1,1,FALSE,FALSE,FALSE,TRUE,FALSE,FALSE
621,ASV2294,0.839080399,0.388688145,-0.450392255,0.340739084,0.359592295,0.347001069,246.253.053.452.596,108.091.344.010.779,-129.795.638.826.206,1,1,1,1,1,1,FALSE,FALSE,FALSE,TRUE,FALSE,TRUE
622,ASV2295,-120.306.103.996.636,-0.591875166,0.611185874,0.346567864,0.366236142,0.346212645,-347.135.775.058.375,-161.610.255.904.755,176.534.820.963.596,1,1,1,1,1,1,FALSE,FALSE,FALSE,TRUE,TRUE,TRUE
623,ASV2301,0.40369201,0.986814795,0.583122785,0.337397381,0.35528918,0.349142781,119.648.827.591.716,277.749.745.677.585,167.015.563.960.258,1,1,1,1,1,1,FALSE,FALSE,FALSE,TRUE,TRUE,TRUE
624,ASV2303,-0.601825736,-0.975212741,-0.373387005,0.348592851,0.367005132,0.357889289,-17.264.431.385.723,-265.721.826.708.856,-104.330.310.152.286,1,1,1,1,1,1,FALSE,FALSE,FALSE,TRUE,TRUE,TRUE
625,ASV2307,NA,NA,NA,NA,NA,NA,NA,NA,NA,1,1,1,1,1,1,FALSE,FALSE,FALSE,TRUE,TRUE,TRUE
626,ASV2316,-32.071.110.630.509,0.872503919,407.961.498.190.383,0.3502053,0.369837049,0.346616704,-915.780.275.899.061,235.915.769.099.214,117.698.164.402.122,1,1,1,1,1,1,FALSE,FALSE,FALSE,FALSE,TRUE,TRUE
627,ASV2324,-0.063255155,0.514204709,0.577459864,0.346485629,0.363920835,0.348196303,-0.182562132,141.295.759.655.591,165.843.192.277.087,1,1,1,1,1,1,FALSE,FALSE,FALSE,TRUE,TRUE,TRUE
628,ASV2338,-0.879142124,-0.795586795,0.083555328,0.346567864,0.367170724,0.34720113,-253.670.987.845.868,-216.680.345.870.116,0.240653965,1,1,1,1,1,1,FALSE,FALSE,FALSE,TRUE,TRUE,TRUE
629,ASV2343,NA,NA,NA,NA,NA,NA,NA,NA,NA,1,1,1,1,1,1,FALSE,FALSE,FALSE,FALSE,TRUE,TRUE
630,ASV2344,0.671841013,0.83261907,0.160778056,0.342415205,0.361588583,0.346221716,196.206.536.066.235,230.266.968.602.465,0.464378891,1,1,1,1,1,1,FALSE,FALSE,FALSE,TRUE,TRUE,TRUE
631,ASV2363,0.23130066,0.340339103,0.109038443,0.342330573,0.361797866,0.345952939,0.675664631,0.94068853,0.315182878,1,1,1,1,1,1,FALSE,FALSE,FALSE,TRUE,TRUE,TRUE
632,ASV2373,NA,NA,NA,NA,NA,NA,NA,NA,NA,1,1,1,1,1,1,FALSE,FALSE,FALSE,TRUE,TRUE,TRUE
633,ASV2374,NA,NA,NA,NA,NA,NA,NA,NA,NA,1,1,1,1,1,1,FALSE,FALSE,FALSE,TRUE,TRUE,TRUE
634,ASV2375,NA,NA,NA,NA,NA,NA,NA,NA,NA,1,1,1,1,1,1,FALSE,FALSE,FALSE,TRUE,FALSE,FALSE
635,ASV2379,177.453.494.736.979,102.541.069.052.093,-0.749124257,0.346156122,0.367724918,0.348170217,512.640.058.180.252,278.852.653.512.278,-215.160.350.022.627,1,1,1,1,1,1,FALSE,FALSE,FALSE,TRUE,TRUE,TRUE
636,ASV2384,NA,NA,NA,NA,NA,NA,NA,NA,NA,1,1,1,1,1,1,FALSE,FALSE,FALSE,TRUE,FALSE,FALSE
637,ASV2387,-0.670615722,-0.193482384,0.477133338,0.344246615,0.363920835,0.34596836,-194.806.773.009.373,-0.531660639,137.912.419.971.044,1,1,1,1,1,1,FALSE,FALSE,FALSE,TRUE,FALSE,FALSE
638,ASV2401,-24.532.990.724.039,-0.874717547,15.785.815.255.537,0.339500956,0.362178243,0.348473785,-722.619.194.058.446,-241.515.763.104.102,452.998.645.625.282,0.005464912,0.094578451,0.020127628,0.061647548,0.877745931,0.206924343,FALSE,FALSE,FALSE,FALSE,FALSE,TRUE
639,ASV2413,-181.268.880.486.059,0.318477014,213.116.581.840.706,0.342084472,0.362387405,0.346327611,-529.895.085.454.525,0.878830251,615.361.222.118.361,0.013117305,0.444196187,0.008634941,0.134853926,1,0.097407424,FALSE,FALSE,FALSE,FALSE,TRUE,FALSE
640,ASV2415,-0.454063367,-0.512220063,-0.058156696,0.348357244,0.365970717,0.348240907,-130.344.172.375.209,-139.962.035.031.841,-0.167001335,1,1,1,1,1,1,FALSE,FALSE,FALSE,TRUE,TRUE,TRUE
641,ASV2419,148.192.347.250.808,-0.610007179,-209.193.065.172.203,0.347342959,0.366236142,0.346988534,426.645.606.312.227,-166.561.163.511.004,-602.881.780.555.233,1,1,1,1,1,1,FALSE,FALSE,FALSE,TRUE,TRUE,TRUE
642,ASV2424,-0.634360963,0.867994159,150.235.512.250.853,0.34430169,0.36402756,0.345996092,-184.245.672.109.234,238.441.880.744.061,434.211.587.762.631,1,1,1,1,1,1,FALSE,FALSE,FALSE,TRUE,TRUE,FALSE
643,ASV2439,-150.549.108.371.043,0.609678098,211.516.918.158.569,0.33976965,0.360757349,0.347259672,-443.091.690.442.401,168.999.494.803.347,609.103.029.125.671,0.011413901,0.166293883,0.003673817,0.117341895,1,0.041442901,FALSE,FALSE,TRUE,FALSE,FALSE,TRUE
644,ASV2444,-102.444.834.681.501,-221.116.828.835.026,-118.671.994.153.525,0.340603271,0.364008726,0.350411902,-300.774.665.240.813,-60.744.925.363.037,-338.664.279.396.778,1,1,1,1,1,1,FALSE,FALSE,FALSE,TRUE,TRUE,TRUE
645,ASV2503,NA,NA,NA,NA,NA,NA,NA,NA,NA,1,1,1,1,1,1,FALSE,FALSE,FALSE,TRUE,TRUE,TRUE
646,ASV2504,0.082483356,0.593500829,0.511017473,0.355757093,0.389449563,0.366348104,0.231853019,152.394.786.173.657,139.489.591.370.219,1,1,1,1,1,1,FALSE,FALSE,FALSE,TRUE,TRUE,TRUE
647,ASV2512,NA,NA,NA,NA,NA,NA,NA,NA,NA,1,1,1,1,1,1,FALSE,FALSE,FALSE,TRUE,FALSE,FALSE
648,ASV2518,NA,NA,NA,NA,NA,NA,NA,NA,NA,1,1,1,1,1,1,FALSE,FALSE,FALSE,TRUE,TRUE,TRUE
649,ASV2523,-0.027125367,0.282974353,0.31009972,0.344201027,0.36287451,0.346853106,-0.078806758,0.779813255,0.894037605,1,1,1,1,1,1,FALSE,FALSE,FALSE,TRUE,TRUE,TRUE
650,ASV2528,NA,NA,NA,NA,NA,NA,NA,NA,NA,1,1,1,1,1,1,FALSE,FALSE,FALSE,TRUE,FALSE,FALSE
651,ASV2539,0.51919572,0.164809487,-0.354386232,0.339810819,0.36023833,0.346760792,152.789.638.027.836,0.457501253,-102.199.049.290.657,1,1,1,1,1,1,FALSE,FALSE,FALSE,TRUE,FALSE,FALSE
652,ASV2558,-0.01891793,185.592.694.860.487,187.484.487.853.974,0.358390946,0.36659475,0.357735575,-0.052785736,506.261.190.872.325,524.086.786.327.277,1,1,1,1,1,1,FALSE,FALSE,FALSE,TRUE,TRUE,TRUE
653,ASV2559,-189.578.499.764.945,-242.453.905.919.104,-0.528754062,0.347716049,0.3599179,0.354185468,-545.210.668.515.355,-673.636.699.048.378,-149.287.339.436.445,0.012120797,0.006679898,0.232301479,0.124609214,0.075353335,1,FALSE,FALSE,FALSE,FALSE,FALSE,FALSE
654,ASV2567,0.431641521,0.099175979,-0.332465542,0.346567864,0.366244858,0.346221865,124.547.474.355.911,0.270791458,-0.960267318,1,1,1,1,1,1,FALSE,FALSE,FALSE,TRUE,FALSE,FALSE
655,ASV2568,-0.751680654,-189.283.197.271.389,-114.115.131.846.176,0.346567864,0.370356306,0.350568221,-216.892.774.216.589,-511.084.040.781.137,-325.514.764.578.648,1,1,1,1,1,1,FALSE,FALSE,FALSE,TRUE,TRUE,TRUE
656,ASV2576,NA,NA,NA,NA,NA,NA,NA,NA,NA,1,1,1,1,1,1,FALSE,FALSE,FALSE,TRUE,FALSE,FALSE
657,ASV2593,0.313130507,0.718874225,0.405743718,0.341873775,0.361608326,0.345706898,0.915924327,198.799.135.071.641,117.366.393.514.697,1,1,1,1,1,1,FALSE,FALSE,FALSE,TRUE,FALSE,FALSE
658,ASV2624,-0.841820668,-0.374124383,0.467696285,0.346755303,0.366236142,0.346400277,-242.770.813.133.616,-102.153.867.409.178,135.016.140.768.322,1,1,1,1,1,1,FALSE,FALSE,FALSE,TRUE,TRUE,TRUE
659,ASV2631,-0.41484257,0.987002113,140.184.468.316.449,0.337814586,0.358670203,0.347555334,-122.801.852.467.365,275.183.749.731.216,40.334.431.518.428,1,1,1,1,1,1,FALSE,FALSE,FALSE,TRUE,FALSE,FALSE
660,ASV2658,-0.07521209,0.425384393,0.500596483,0.344084368,0.362462804,0.348606741,-0.218586186,117.359.460.966.221,143.599.197.626.576,1,1,1,1,1,1,FALSE,FALSE,FALSE,TRUE,TRUE,TRUE
661,ASV2670,-0.284508562,-0.600086525,-0.315577962,0.33965877,0.356673398,0.35001755,-0.83763055,-168.245.383.092.832,-0.90160611,1,1,1,1,1,1,FALSE,FALSE,FALSE,TRUE,TRUE,TRUE
662,ASV2693,-0.006166562,0.409884092,0.416050653,0.3419306,0.361981963,0.346153833,-0.018034541,113.233.291.713.591,120.192.415.343.449,1,1,1,1,1,1,FALSE,FALSE,FALSE,TRUE,FALSE,TRUE
663,ASV2695,-131.771.398.153.231,-0.350615197,0.967098784,0.346567864,0.369463731,0.349625132,-380.218.167.730.928,-0.948984075,276.610.201.979.815,1,1,1,1,1,1,FALSE,FALSE,FALSE,TRUE,TRUE,TRUE
664,ASV2696,-0.50786993,-0.292024466,0.215845464,0.346567864,0.36638128,0.346366174,-146.542.707.336.326,-0.797050728,0.623171314,1,1,1,1,1,1,FALSE,FALSE,FALSE,TRUE,TRUE,TRUE
665,ASV2699,NA,NA,NA,NA,NA,NA,NA,NA,NA,1,1,1,1,1,1,FALSE,FALSE,FALSE,TRUE,TRUE,TRUE
666,ASV2719,0.387830025,-0.429768318,-0.817598344,0.346347086,0.361588583,0.35011085,111.977.274.002.986,-118.855.610.507.037,-233.525.565.624.696,1,1,1,1,1,1,FALSE,FALSE,FALSE,TRUE,TRUE,TRUE
667,ASV2737,-0.263286598,0.122969408,0.386256006,0.344229282,0.364366816,0.346420228,-0.764858228,0.337487945,111.499.264.391.331,1,1,1,1,1,1,FALSE,FALSE,FALSE,TRUE,FALSE,FALSE
668,ASV2739,0.729661624,130.838.245.748.879,0.578720834,0.346567864,0.366376274,0.346360879,210.539.320.075.877,357.114.406.560.263,167.086.085.235.991,1,1,1,1,1,1,FALSE,FALSE,FALSE,TRUE,TRUE,FALSE
669,ASV2751,-0.335559227,0.275734343,0.61129357,0.34281996,0.363189314,0.350339946,-0.978820563,0.759202797,174.485.831.901.999,1,1,1,1,1,1,FALSE,FALSE,FALSE,TRUE,TRUE,TRUE
670,ASV2753,NA,NA,NA,NA,NA,NA,NA,NA,NA,1,1,1,1,1,1,FALSE,FALSE,FALSE,TRUE,TRUE,TRUE
671,ASV2758,NA,NA,NA,NA,NA,NA,NA,NA,NA,1,1,1,1,1,1,FALSE,FALSE,FALSE,TRUE,FALSE,FALSE
672,ASV2759,0.147891151,-0.557363274,-0.705254426,0.346746432,0.363920835,0.348455825,0.426510953,-153.155.087.655.118,-202.394.213.062.503,1,1,1,1,1,1,FALSE,FALSE,FALSE,TRUE,TRUE,TRUE
673,ASV2771,-0.535078465,0.20882264,0.743901106,0.345557478,0.364135157,0.347497314,-154.844.996.611.777,0.573475634,214.073.915.043.116,1,1,1,1,1,1,FALSE,FALSE,FALSE,TRUE,FALSE,FALSE
674,ASV2797,0.520047079,136.838.989.176.862,0.848342813,0.344229282,0.36392967,0.345960407,151.075.782.062.486,376.003.937.768.311,245.213.843.843.656,1,1,1,1,1,1,FALSE,FALSE,FALSE,TRUE,TRUE,TRUE
675,ASV2826,105.384.451.878.931,0.591281871,-0.462562648,0.342843247,0.361588583,0.346645057,307.383.775.931.737,16.352.337.933.358,-133.439.850.903.994,1,1,1,1,1,1,FALSE,FALSE,FALSE,FALSE,TRUE,TRUE
676,ASV2834,-0.043375906,0.51201334,0.555389246,0.3474275,0.366236142,0.347073161,-0.1248488,13.980.415.390.438,160.020.799.133.939,1,1,1,1,1,1,FALSE,FALSE,FALSE,TRUE,TRUE,TRUE
677,ASV2854,-151.455.819.096.555,-117.111.975.521.132,0.343438436,0.352951345,0.380124988,0.355036322,-429.112.458.288.939,-30.808.807.441.013,0.967333241,1,1,1,1,1,1,FALSE,FALSE,FALSE,FALSE,TRUE,FALSE
678,ASV2896,-119.044.404.835.722,-0.667542007,0.522902042,0.344670801,0.363920835,0.346390438,-345.385.813.287.272,-183.430.554.596.574,150.957.412.420.925,1,1,1,1,1,1,FALSE,FALSE,FALSE,TRUE,TRUE,TRUE
679,ASV2903,0.630256836,158.191.687.920.267,0.951660043,0.34430395,0.363920835,0.34602541,183.052.455.738.432,434.687.087.203.488,275.026.057.365.377,1,1,1,1,1,1,FALSE,FALSE,FALSE,TRUE,TRUE,TRUE
680,ASV2929,-0.020733824,0.505163748,0.525897572,0.344233158,0.363920835,0.34595497,-0.060231919,138.811.438.821.669,152.013.301.391.549,1,1,1,1,1,1,FALSE,FALSE,FALSE,TRUE,TRUE,TRUE
681,ASV2934,NA,NA,NA,NA,NA,NA,NA,NA,NA,1,1,1,1,1,1,FALSE,FALSE,FALSE,TRUE,FALSE,TRUE
682,ASV2936,-149.551.858.452.043,-0.888190258,0.607328327,0.346567864,0.367399665,0.34744323,-431.522.579.241.878,-2.417.504.265.514,174.799.297.751.423,1,1,1,1,1,1,FALSE,FALSE,FALSE,TRUE,TRUE,TRUE
683,ASV2939,0.875943016,0.669946875,-0.205996142,0.346570178,0.366238433,0.346212904,25.274.621.744.181,182.926.425.451.946,-0.594998452,1,1,1,1,1,1,FALSE,FALSE,FALSE,TRUE,TRUE,FALSE
684,ASV2940,-0.61468848,0.439747525,105.443.600.461.979,0.344795824,0.363920835,0.346514841,-178.276.080.022.197,120.836.039.622.803,30.429.750.194.035,1,1,1,1,1,1,FALSE,FALSE,FALSE,TRUE,TRUE,TRUE
685,ASV2955,NA,NA,NA,NA,NA,NA,NA,NA,NA,1,1,1,1,1,1,FALSE,FALSE,FALSE,TRUE,FALSE,FALSE
686,ASV2974,NA,NA,NA,NA,NA,NA,NA,NA,NA,1,1,1,1,1,1,FALSE,FALSE,FALSE,TRUE,FALSE,FALSE
687,ASV2983,-0.342415512,-0.186929405,0.155486107,0.344651387,0.363920835,0.34637112,-0.993512649,-0.513654035,0.44890032,1,1,1,1,1,1,FALSE,FALSE,FALSE,TRUE,TRUE,TRUE
688,ASV2991,-0.321559696,0.52277902,0.844338716,0.344229282,0.364352048,0.346404696,-0.934143936,14.348.183.924.309,243.743.438.329.547,1,1,1,1,1,1,FALSE,FALSE,FALSE,TRUE,FALSE,FALSE
689,ASV2992,NA,NA,NA,NA,NA,NA,NA,NA,NA,1,1,1,1,1,1,FALSE,FALSE,FALSE,TRUE,TRUE,TRUE
690,ASV3065,-147.402.761.027.885,0.147922754,162.195.036.451.702,0.346034912,0.363920835,0.347747803,-425.976.559.286.446,0.406469594,466.415.704.306.155,1,1,1,1,1,1,FALSE,FALSE,FALSE,TRUE,TRUE,TRUE
691,ASV3091,-0.028567769,0.199019164,0.227586934,0.344311478,0.363961529,0.345996617,-0.082970714,0.546813739,0.657772135,1,1,1,1,1,1,FALSE,FALSE,FALSE,TRUE,TRUE,TRUE
692,ASV3111,0.475598174,0.60049523,0.124897057,0.342371096,0.361588583,0.346178091,138.913.062.356.539,166.071.402.105.698,0.360788449,1,1,1,1,1,1,FALSE,FALSE,FALSE,TRUE,TRUE,TRUE
693,ASV3116,-326.752.160.433.242,-24.405.923.908.068,0.826929214,0.343828467,0.36191849,0.347962653,-950.334.809.535.015,-674.348.634.121.609,237.648.841.731.445,1,1,1,1,1,1,FALSE,FALSE,FALSE,TRUE,TRUE,TRUE
694,ASV3138,-0.199270861,-0.828406043,-0.629135182,0.346567864,0.366258383,0.346236173,-0.574983667,-226.180.773.372.929,-181.706.947.897.326,1,1,1,1,1,1,FALSE,FALSE,FALSE,TRUE,FALSE,FALSE
695,ASV3148,0.379767682,0.38970942,0.009941738,0.344246746,0.363920835,0.345968491,110.318.452.247.877,107.086.317.220.247,0.028735964,1,1,1,1,1,1,FALSE,FALSE,FALSE,TRUE,TRUE,TRUE
696,ASV3232,0.349430743,0.096927338,-0.252503406,0.34456393,0.365411907,0.347530225,101.412.455.894.555,0.265255006,-0.726565311,1,1,1,1,1,1,FALSE,FALSE,FALSE,TRUE,TRUE,TRUE
697,ASV3241,-0.109682864,-0.834302065,-0.724619201,0.345873461,0.365548669,0.349291112,-0.317118473,-228.232.827.777.395,-207.454.234.062.197,1,1,1,1,1,1,FALSE,FALSE,FALSE,TRUE,FALSE,TRUE
698,ASV3255,NA,NA,NA,NA,NA,NA,NA,NA,NA,1,1,1,1,1,1,FALSE,FALSE,FALSE,TRUE,TRUE,TRUE
699,ASV3265,-0.09943461,0.19846616,0.29790077,0.340736463,0.359950654,0.346008295,-0.291822627,0.551370467,0.860964243,1,1,1,1,1,1,FALSE,FALSE,FALSE,TRUE,TRUE,TRUE
700,ASV3297,0.51285686,0.694760808,0.181903948,0.346305963,0.364515839,0.347489124,148.093.568.694.773,190.598.249.374.765,0.523480984,1,1,1,1,1,1,FALSE,FALSE,FALSE,TRUE,TRUE,TRUE
701,ASV3323,-0.638962367,-0.495179434,0.143782933,0.346669248,0.366436854,0.34633012,-184.314.694.848.635,-135.133.633.134.276,0.415161504,1,1,1,1,1,1,FALSE,FALSE,FALSE,TRUE,TRUE,TRUE
702,ASV3338,NA,NA,NA,NA,NA,NA,NA,NA,NA,1,1,1,1,1,1,FALSE,FALSE,FALSE,TRUE,TRUE,TRUE
703,ASV3364,-0.394409375,0.148205054,0.542614428,0.341873775,0.362171667,0.346296107,-115.366.958.251.635,0.40921217,156.690.882.987.807,1,1,1,1,1,1,FALSE,FALSE,FALSE,TRUE,FALSE,FALSE
704,ASV3398,144.451.055.894.511,169.684.096.980.493,0.252330411,0.346692114,0.366236142,0.346337023,416.655.153.427.182,463.318.819.604.777,0.728568978,1,1,1,1,1,1,FALSE,FALSE,FALSE,TRUE,TRUE,TRUE
705,ASV3437,0.451575378,0.171509242,-0.280066136,0.343295057,0.363201784,0.346709518,131.541.473.943.426,0.472214758,-0.807783233,1,1,1,1,1,1,FALSE,FALSE,FALSE,TRUE,TRUE,TRUE
706,ASV3452,NA,NA,NA,NA,NA,NA,NA,NA,NA,1,1,1,1,1,1,FALSE,FALSE,FALSE,TRUE,FALSE,FALSE
707,ASV3473,-105.504.912.637.334,-113.165.443.189.237,-0.076605306,0.347658167,0.36677629,0.346819481,-303.473.131.831.449,-308.540.781.291.125,-0.220879477,1,1,1,1,1,1,FALSE,FALSE,FALSE,TRUE,TRUE,TRUE
708,ASV3501,-0.638592698,0.042797157,0.681389856,0.344229282,0.364561204,0.346624682,-185.513.764.385.658,0.117393614,196.578.573.864.223,1,1,1,1,1,1,FALSE,FALSE,FALSE,TRUE,TRUE,FALSE
709,ASV3527,-160.885.291.845.135,-135.143.554.682.469,0.257417372,0.344229282,0.36401796,0.346053281,-467.378.286.730.417,-371.255.184.225.712,0.743866294,1,1,1,1,1,1,FALSE,FALSE,FALSE,TRUE,FALSE,FALSE
710,ASV3535,NA,NA,NA,NA,NA,NA,NA,NA,NA,1,1,1,1,1,1,FALSE,FALSE,FALSE,TRUE,TRUE,TRUE
711,ASV3554,100.321.628.122.133,24.992.583.537.211,149.604.207.249.976,0.346567864,0.366236142,0.346212645,289.471.813.784.847,682.417.180.477.767,432.116.530.766.237,1,1,1,1,1,1,FALSE,FALSE,FALSE,TRUE,TRUE,TRUE
712,ASV3561,NA,NA,NA,NA,NA,NA,NA,NA,NA,1,1,1,1,1,1,FALSE,FALSE,FALSE,TRUE,TRUE,TRUE
713,ASV3597,0.231099848,0.976506489,0.745406641,0.348774375,0.363920835,0.350473878,0.662605584,268.329.371.176.923,212.685.363.418.325,1,1,1,1,1,1,FALSE,FALSE,FALSE,TRUE,TRUE,TRUE
714,ASV3598,NA,NA,NA,NA,NA,NA,NA,NA,NA,1,1,1,1,1,1,FALSE,FALSE,FALSE,TRUE,FALSE,TRUE
715,ASV3702,-0.891461907,-118.676.904.275.505,-0.295307135,0.346573866,0.366236142,0.346218654,-257.221.330.032.471,-324.044.764.251.523,-0.852949812,1,1,1,1,1,1,FALSE,FALSE,FALSE,TRUE,TRUE,TRUE
716,ASV3733,-0.92056127,-0.220113469,0.700447801,0.347729327,0.368531743,0.347557162,-264.735.010.136.815,-0.597271398,201.534.561.286.617,1,1,1,1,1,1,FALSE,FALSE,FALSE,TRUE,TRUE,TRUE
717,ASV3737,NA,NA,NA,NA,NA,NA,NA,NA,NA,1,1,1,1,1,1,FALSE,FALSE,FALSE,TRUE,FALSE,FALSE
718,ASV3757,-231.712.953.263.827,-0.191529485,212.560.004.796.993,0.346567864,0.386578984,0.367665058,-668.593.304.497.272,-0.495447225,578.134.908.711.436,1,1,1,1,1,1,FALSE,FALSE,FALSE,TRUE,FALSE,FALSE
719,ASV3763,NA,NA,NA,NA,NA,NA,NA,NA,NA,1,1,1,1,1,1,FALSE,FALSE,FALSE,TRUE,FALSE,FALSE
720,ASV3952,0.504037517,0.733490311,0.229452794,0.346567864,0.366236142,0.346212645,145.436.888.470.823,200.277.970.236.308,0.662751049,1,1,1,1,1,1,FALSE,FALSE,FALSE,TRUE,TRUE,FALSE
721,ASV3958,NA,NA,NA,NA,NA,NA,NA,NA,NA,1,1,1,1,1,1,FALSE,FALSE,FALSE,TRUE,FALSE,FALSE
722,ASV3973,-0.130119134,0.421405439,0.551524573,0.345881426,0.367454521,0.348139882,-0.376195783,11.468.233.875.349,158.420.394.105.747,1,1,1,1,1,1,FALSE,FALSE,FALSE,TRUE,TRUE,FALSE
723,ASV3995,NA,NA,NA,NA,NA,NA,NA,NA,NA,1,1,1,1,1,1,FALSE,FALSE,FALSE,TRUE,TRUE,TRUE
724,ASV4053,-0.376320913,-0.213250113,0.163070799,0.346567864,0.366236142,0.346212645,-108.585.057.028.287,-0.582274901,0.471013411,1,1,1,1,1,1,FALSE,FALSE,FALSE,TRUE,TRUE,TRUE
725,ASV4072,NA,NA,NA,NA,NA,NA,NA,NA,NA,1,1,1,1,1,1,FALSE,FALSE,FALSE,TRUE,FALSE,TRUE
726,ASV4167,-0.326169125,-0.888159644,-0.561990519,0.348561464,0.366818823,0.34768683,-0.935757846,-24.212.488.218.496,-161.636.987.680.176,1,1,1,1,1,1,FALSE,FALSE,FALSE,TRUE,TRUE,TRUE
727,ASV4463,-0.766881995,154.784.757.389.542,231.472.956.885.665,0.34198092,0.362900984,0.347164332,-224.247.012.318.892,426.520.632.977.528,666.753.279.113.777,1,1,1,1,1,1,FALSE,FALSE,FALSE,TRUE,FALSE,FALSE
728,ASV4655,NA,NA,NA,NA,NA,NA,NA,NA,NA,1,1,1,1,1,1,FALSE,FALSE,FALSE,TRUE,TRUE,TRUE
729,ASV4749,NA,NA,NA,NA,NA,NA,NA,NA,NA,1,1,1,1,1,1,FALSE,FALSE,FALSE,TRUE,FALSE,FALSE
730,ASV4889,-0.775013425,0.16204118,0.937054605,0.339671145,0.362214374,0.348356668,-228.165.811.379.236,0.447362645,268.992.872.086.645,1,1,1,1,1,1,FALSE,FALSE,FALSE,TRUE,FALSE,FALSE
731,ASV4976,0.594024025,0.06974086,-0.524283165,0.346640071,0.366236142,0.346284927,17.136.623.120.642,0.190425936,-151.402.248.482.539,1,1,1,1,1,1,FALSE,FALSE,FALSE,TRUE,TRUE,TRUE
732,ASV5116,NA,NA,NA,NA,NA,NA,NA,NA,NA,1,1,1,1,1,1,FALSE,FALSE,FALSE,TRUE,TRUE,TRUE
733,ASV5119,-0.395396288,-0.550002932,-0.154606644,0.341663855,0.359972536,0.347547217,-115.726.695.397.311,-152.790.248.435.646,-0.444850761,1,1,1,1,1,1,FALSE,FALSE,FALSE,TRUE,TRUE,TRUE
734,ASV5526,-0.616927014,0.59221339,12.091.404.040.425,0.346567864,0.366456218,0.346445442,-178.010.450.089.194,161.605.496.182.786,349.013.223.502.166,1,1,1,1,1,1,FALSE,FALSE,FALSE,TRUE,FALSE,FALSE
735,ASV6884,11.867.554.747.619,0.849348872,-0.337406603,0.346567864,0.36633062,0.346312586,342.430.905.706.796,231.853.092.915.542,-0.974283399,1,1,1,1,1,1,FALSE,FALSE,FALSE,TRUE,FALSE,FALSE
736,ASV7427,-143.163.565.354.897,-0.617647954,0.813987699,0.34796732,0.366236142,0.347613531,-411.428.192.416.719,-168.647.460.937.791,234.164.560.799.093,1,1,1,1,1,1,FALSE,FALSE,FALSE,TRUE,TRUE,FALSE
737,ASV7852,NA,NA,NA,NA,NA,NA,NA,NA,NA,1,1,1,1,1,1,FALSE,FALSE,FALSE,TRUE,TRUE,FALSE
