taxon,structural_zero (Plant.condition = Diseased),structural_zero (Plant.condition = Healthy),structural_zero,lfc_(Intercept),lfc_Soil.originSoilB,lfc_Plant.conditionHealthy,se_(Intercept),se_Soil.originSoilB,se_Plant.conditionHealthy,W_(Intercept),W_Soil.originSoilB,W_Plant.conditionHealthy,p_(Intercept),p_Soil.originSoilB,p_Plant.conditionHealthy,q_(Intercept),q_Soil.originSoilB,q_Plant.conditionHealthy,diff_(Intercept),diff_Soil.originSoilB,diff_Plant.conditionHealthy,passed_ss_(Intercept),passed_ss_Soil.originSoilB,passed_ss_Plant.conditionHealthy,
1,ASV5,FALSE,FALSE,FALSE,NA,NA,NA,NA,NA,NA,NA,NA,NA,1,1,1,1,1,1,FALSE,FALSE,FALSE,TRUE,FALSE,FALSE
2,ASV6,FALSE,FALSE,FALSE,0.077997463,0.603331252,-0.486172679,0.119350987,0.229645654,0.206436961,0.653513344,262.722.695.228.351,-235.506.605.028.226,0.531755389,0.030308399,0.046313551,1,1,1,FALSE,FALSE,FALSE,TRUE,TRUE,FALSE
3,ASV7,FALSE,FALSE,FALSE,NA,NA,NA,NA,NA,NA,NA,NA,NA,1,1,1,1,1,1,FALSE,FALSE,FALSE,TRUE,FALSE,FALSE
4,ASV8,FALSE,FALSE,FALSE,NA,NA,NA,NA,NA,NA,NA,NA,NA,1,1,1,1,1,1,FALSE,FALSE,FALSE,TRUE,FALSE,FALSE
5,ASV9,FALSE,FALSE,FALSE,0.01054691,0.193892175,-0.275877131,0.114393826,0.238632072,0.215400089,0.092198243,0.812515153,-128.076.609.572.522,0.932352295,0.475984105,0.290314686,1,1,1,FALSE,FALSE,FALSE,TRUE,TRUE,TRUE
6,ASV10,FALSE,FALSE,FALSE,0.171590914,0.076385064,-0.354705451,0.113205547,0.236216446,0.212986472,151.574.651.253.588,0.323368948,-166.538.957.391.462,0.268828479,0.777096501,0.237751888,1,1,1,FALSE,FALSE,FALSE,TRUE,TRUE,TRUE
7,ASV11,FALSE,FALSE,FALSE,0.611568924,-10.285.369.358.652,-0.323651029,0.214298902,0.403152949,0.381433339,285.381.267.710.643,-255.123.257.315.091,-0.848512692,0.013557503,0.024136254,0.411504511,1,1,1,FALSE,FALSE,FALSE,FALSE,TRUE,TRUE
8,ASV14,FALSE,FALSE,FALSE,0.588973987,-0.902937363,-0.443232331,0.211001875,0.375895835,0.353908313,279.132.110.700.054,-240.209.461.819.752,-125.239.310.470.252,0.016304555,0.033390857,0.234285106,1,1,1,FALSE,FALSE,FALSE,FALSE,FALSE,TRUE
9,ASV15,FALSE,FALSE,FALSE,0.451144735,-0.852146788,-0.316122298,0.202464657,0.387099282,0.365224039,22.282.641.390.539,-220.136.493.950.281,-0.865557204,0.047670993,0.049966842,0.40521541,1,1,1,FALSE,FALSE,FALSE,FALSE,FALSE,TRUE
10,ASV17,FALSE,FALSE,FALSE,-0.119377444,-0.005058788,0.11476356,0.168682651,0.330845956,0.30838217,-0.70770434,-0.015290464,0.372147197,0.491622648,0.988032626,0.715779264,1,1,1,FALSE,FALSE,FALSE,TRUE,TRUE,TRUE
11,ASV20,FALSE,FALSE,FALSE,-0.45240898,0.431294568,0.670749189,0.223265488,0.330600025,0.308133567,-202.632.741.966.226,130.458.117.440.672,217.681.311.591.131,0.082357868,0.23328675,0.065950284,1,1,1,FALSE,FALSE,FALSE,TRUE,FALSE,TRUE
12,ASV21,FALSE,FALSE,FALSE,-0.211702268,0.114037632,0.180316787,0.160042742,0.319946224,0.297363959,-132.278.580.460.092,0.356427498,0.606384133,0.208704452,0.727238633,0.554701444,1,1,1,FALSE,FALSE,FALSE,TRUE,TRUE,TRUE
13,ASV23,FALSE,FALSE,FALSE,-0.020076302,-0.949827046,0.375810997,0.145719278,0.252706779,0.229509453,-0.137773822,-375.861.323.530.155,163.745.323.600.057,0.893452317,0.004494601,0.135961442,1,1,1,FALSE,FALSE,FALSE,TRUE,TRUE,TRUE
14,ASV24,FALSE,FALSE,FALSE,-0.182645018,0.09841247,0.13782745,0.167984994,0.33523677,0.312820621,-108.726.984.228.103,0.293561085,0.440595793,0.296665919,0.773727475,0.666743322,1,1,1,FALSE,FALSE,FALSE,TRUE,TRUE,TRUE
15,ASV25,FALSE,FALSE,FALSE,-0.33903162,-0.27894697,0.6920413,0.162499246,0.318794219,0.296199448,-208.635.811.628.118,-0.875006362,233.640.307.088.028,0.105263189,0.430965592,0.079691391,1,1,1,FALSE,FALSE,FALSE,TRUE,TRUE,TRUE
16,ASV26,FALSE,FALSE,FALSE,-0.58568339,-134.239.858.978.555,154.622.381.485.827,0.290102705,0.402496097,0.380770244,-201.888.289.745.968,-333.518.411.361.911,40.607.790.124.672,0.074255804,0.008726783,0.002838628,1,1,1,FALSE,FALSE,FALSE,TRUE,FALSE,TRUE
17,ASV27,FALSE,FALSE,FALSE,NA,NA,NA,NA,NA,NA,NA,NA,NA,1,1,1,1,1,1,FALSE,FALSE,FALSE,TRUE,FALSE,FALSE
18,ASV28,FALSE,FALSE,FALSE,-0.379370756,0.165277643,0.388207084,0.229745548,0.34872372,0.326452752,-165.126.488.779.901,0.473950103,118.916.774.701.472,0.129694832,0.645713853,0.261843802,1,1,1,FALSE,FALSE,FALSE,TRUE,TRUE,TRUE
19,ASV30,FALSE,FALSE,FALSE,-0.616190787,-0.667214612,110.281.450.870.456,0.250470283,0.352479311,0.330248336,-246.013.530.956.801,-189.291.851.070.957,333.934.917.570.118,0.039310465,0.094998172,0.010241059,1,1,1,FALSE,FALSE,FALSE,FALSE,FALSE,TRUE
20,ASV31,FALSE,FALSE,FALSE,0.127266502,-0.917757901,0.165146366,0.133299,0.258899192,0.235735952,0.954744611,-354.484.653.030.643,0.700556553,0.364645728,0.006266304,0.501287756,1,1,1,FALSE,FALSE,FALSE,TRUE,TRUE,TRUE
21,ASV32,FALSE,FALSE,FALSE,-0.01263029,0.232576695,-0.190084866,0.198898917,0.373443811,0.35143133,-0.063501052,0.622788993,-0.540887651,0.950506766,0.546117697,0.599366972,1,1,1,FALSE,FALSE,FALSE,TRUE,TRUE,TRUE
22,ASV33,FALSE,TRUE,TRUE,NA,NA,NA,NA,NA,NA,NA,NA,NA,NA,NA,NA,NA,NA,NA,NA,NA,NA,NA,NA,NA
23,ASV34,FALSE,FALSE,FALSE,NA,NA,NA,NA,NA,NA,NA,NA,NA,1,1,1,1,1,1,FALSE,FALSE,FALSE,TRUE,FALSE,FALSE
24,ASV36,FALSE,FALSE,FALSE,-0.59057394,0.295287381,0.958008381,0.161378033,0.295250236,0.272404778,-365.956.834.486.832,100.012.580.754.869,351.685.601.312.844,0.03525573,0.390950201,0.039005205,1,1,1,FALSE,FALSE,FALSE,FALSE,TRUE,FALSE
25,ASV38,FALSE,FALSE,FALSE,-0.00484317,-0.941363405,0.500357176,0.142160921,0.253492292,0.230298768,-0.03406822,-371.357.802.190.488,217.264.373.547.693,0.973566364,0.004818238,0.05786379,1,1,1,FALSE,FALSE,FALSE,TRUE,TRUE,TRUE
26,ASV39,FALSE,FALSE,FALSE,-0.384905788,0.812452415,0.137059709,0.153255956,0.301634913,0.278855993,-251.152.253.727.189,269.349.594.959.864,0.491507131,0.036284768,0.027348132,0.636268266,1,1,1,FALSE,FALSE,FALSE,FALSE,TRUE,FALSE
27,ASV40,FALSE,FALSE,FALSE,NA,NA,NA,NA,NA,NA,NA,NA,NA,1,1,1,1,1,1,FALSE,FALSE,FALSE,TRUE,FALSE,FALSE
28,ASV41,FALSE,FALSE,FALSE,0.335690935,-172.702.908.073.194,0.724932668,0.22375604,0.345403967,0.323097471,150.025.418.540.448,-500.002.677.229.839,22.436.965.130.031,0.161693121,0.000402513,0.046399755,1,0.909678982,1,FALSE,FALSE,FALSE,TRUE,TRUE,FALSE
29,ASV42,FALSE,FALSE,FALSE,NA,NA,NA,NA,NA,NA,NA,NA,NA,1,1,1,1,1,1,FALSE,FALSE,FALSE,FALSE,FALSE,TRUE
30,ASV43,FALSE,FALSE,FALSE,-0.105710818,0.343798139,-0.212896045,0.179166549,0.347391912,0.32510671,-0.590014257,0.98965499,-0.654849739,0.566125791,0.341878774,0.524918398,1,1,1,FALSE,FALSE,FALSE,TRUE,TRUE,TRUE
31,ASV45,FALSE,FALSE,FALSE,-0.517661402,-0.795515527,0.93776618,0.239030877,0.364549775,0.342445669,-216.566.750.476.435,-218.218.630.955.992,273.843.784.759.918,0.067044539,0.065429181,0.02898345,1,1,1,FALSE,FALSE,FALSE,TRUE,FALSE,TRUE
32,ASV46,FALSE,TRUE,TRUE,NA,NA,NA,NA,NA,NA,NA,NA,NA,NA,NA,NA,NA,NA,NA,NA,NA,NA,NA,NA,NA
33,ASV47,FALSE,TRUE,TRUE,NA,NA,NA,NA,NA,NA,NA,NA,NA,NA,NA,NA,NA,NA,NA,NA,NA,NA,NA,NA,NA
34,ASV48,FALSE,TRUE,TRUE,NA,NA,NA,NA,NA,NA,NA,NA,NA,NA,NA,NA,NA,NA,NA,NA,NA,NA,NA,NA,NA
35,ASV49,FALSE,FALSE,FALSE,NA,NA,NA,NA,NA,NA,NA,NA,NA,1,1,1,1,1,1,FALSE,FALSE,FALSE,FALSE,FALSE,FALSE
36,ASV50,FALSE,FALSE,FALSE,0.038275905,-0.692418392,0.101454493,0.10465927,0.21424497,0.191214653,0.365719203,-323.190.033.613.714,0.530579069,0.725376384,0.014413762,0.612120124,1,1,1,FALSE,FALSE,FALSE,FALSE,TRUE,TRUE
37,ASV51,FALSE,FALSE,FALSE,-0.552101856,0.17191822,0.656878437,0.219721795,0.325446765,0.302924288,-251.273.141.142.267,0.528252969,216.845.747.279.021,0.045734065,0.616282744,0.073217565,1,1,1,FALSE,FALSE,FALSE,FALSE,TRUE,TRUE
38,ASV52,FALSE,TRUE,TRUE,NA,NA,NA,NA,NA,NA,NA,NA,NA,NA,NA,NA,NA,NA,NA,NA,NA,NA,NA,NA,NA
39,ASV53,FALSE,FALSE,FALSE,NA,NA,NA,NA,NA,NA,NA,NA,NA,1,1,1,1,1,1,FALSE,FALSE,FALSE,TRUE,FALSE,TRUE
40,ASV54,FALSE,FALSE,FALSE,NA,NA,NA,NA,NA,NA,NA,NA,NA,1,1,1,1,1,1,FALSE,FALSE,FALSE,TRUE,TRUE,TRUE
41,ASV55,FALSE,FALSE,FALSE,-0.11146441,-0.197793273,0.140328553,0.129906574,0.260599898,0.237447528,-0.858035177,-0.758992134,0.590987635,0.41583799,0.469627023,0.570844319,1,1,1,FALSE,FALSE,FALSE,TRUE,FALSE,FALSE
42,ASV56,FALSE,FALSE,FALSE,-0.055492262,-0.514559062,0.269480628,0.162778586,0.267260883,0.244156287,-0.340906402,-192.530.630.144.813,110.372.184.540.562,0.740997211,0.086319491,0.298348598,1,1,1,FALSE,FALSE,FALSE,TRUE,FALSE,TRUE
43,ASV58,FALSE,FALSE,FALSE,0.065714711,-170.512.321.794.006,0.132331111,0.139559763,0.229064326,0.20585878,0.470871474,-744.386.194.474.392,0.64282471,0.654363933,0.0003028,0.544105387,1,0.685538539,1,FALSE,FALSE,FALSE,FALSE,TRUE,TRUE
44,ASV59,FALSE,FALSE,FALSE,-0.008691471,-0.896136623,0.535734824,0.152294034,0.267546317,0.244443935,-0.057070331,-334.946.349.631.943,219.164.703.144.045,0.955613415,0.007371997,0.053187543,1,1,1,FALSE,FALSE,FALSE,TRUE,TRUE,TRUE
45,ASV60,FALSE,FALSE,FALSE,-0.38014862,0.509008872,0.090264074,0.239592756,0.42521445,0.403698267,-158.664.487.794.168,119.706.390.797.222,0.223592918,0.156614158,0.270243451,0.829459332,1,1,1,FALSE,FALSE,FALSE,TRUE,TRUE,TRUE
46,ASV61,FALSE,TRUE,TRUE,NA,NA,NA,NA,NA,NA,NA,NA,NA,NA,NA,NA,NA,NA,NA,NA,NA,NA,NA,NA,NA
47,ASV62,FALSE,FALSE,FALSE,-0.801436775,102.484.237.953.318,0.461577849,0.140239503,0.273362339,0.250307559,-571.477.191.484.251,37.490.254.951.224,184.404.278.412.013,0.000724216,0.007177315,0.107704368,1,1,1,FALSE,FALSE,FALSE,FALSE,FALSE,FALSE
48,ASV63,FALSE,FALSE,FALSE,0.11180778,0.085312001,-0.420521188,0.217134892,0.386135233,0.364250444,0.514923139,0.220938141,-115.448.366.653.366,0.615959162,0.828855187,0.270775448,1,1,1,FALSE,FALSE,FALSE,TRUE,TRUE,TRUE
49,ASV65,FALSE,TRUE,TRUE,NA,NA,NA,NA,NA,NA,NA,NA,NA,NA,NA,NA,NA,NA,NA,NA,NA,NA,NA,NA,NA
50,ASV66,FALSE,FALSE,FALSE,-0.486185961,0.417215503,0.381448257,0.235046592,0.362669079,0.340545388,-206.846.633.154.527,1.150.402.741.947,112.010.988.961.186,0.072401415,0.283201969,0.295164882,1,1,1,FALSE,FALSE,FALSE,TRUE,TRUE,TRUE
51,ASV67,FALSE,FALSE,FALSE,0.030190473,-0.793307057,0.013911508,0.111398364,0.230751107,0.207537039,0.271013609,-343.793.392.321.146,0.067031447,0.795462977,0.013835929,0.94873452,1,1,1,FALSE,FALSE,FALSE,FALSE,TRUE,TRUE
52,ASV68,FALSE,FALSE,FALSE,NA,NA,NA,NA,NA,NA,NA,NA,NA,1,1,1,1,1,1,FALSE,FALSE,FALSE,FALSE,FALSE,FALSE
53,ASV71,FALSE,FALSE,FALSE,NA,NA,NA,NA,NA,NA,NA,NA,NA,1,1,1,1,1,1,FALSE,FALSE,FALSE,FALSE,FALSE,TRUE
54,ASV72,FALSE,FALSE,FALSE,-0.336782125,0.617508731,-0.070974757,0.160734666,0.301035845,0.278250618,-209.526.752.205.803,205.127.974.537.395,-0.255074932,0.060090542,0.064832579,0.803371423,1,1,1,FALSE,FALSE,FALSE,TRUE,TRUE,TRUE
55,ASV75,FALSE,TRUE,TRUE,NA,NA,NA,NA,NA,NA,NA,NA,NA,NA,NA,NA,NA,NA,NA,NA,NA,NA,NA,NA,NA
56,ASV76,FALSE,FALSE,FALSE,-0.498394228,0.919095691,0.10927369,0.147141275,0.293696013,0.270834618,-338.718.165.654.937,312.941.153.246.157,0.403470173,0.019521041,0.025974681,0.70327801,1,1,1,FALSE,FALSE,FALSE,FALSE,FALSE,TRUE
57,ASV77,FALSE,TRUE,TRUE,NA,NA,NA,NA,NA,NA,NA,NA,NA,NA,NA,NA,NA,NA,NA,NA,NA,NA,NA,NA,NA
58,ASV79,FALSE,FALSE,FALSE,-0.335737448,-0.464462257,0.885842208,0.1969145,0.331449834,0.308992606,-170.499.098.692.337,-14.013.048.398.041,28.668.718.647.245,0.126592703,0.198703243,0.020929254,1,1,1,FALSE,FALSE,FALSE,TRUE,TRUE,FALSE
59,ASV80,FALSE,TRUE,TRUE,NA,NA,NA,NA,NA,NA,NA,NA,NA,NA,NA,NA,NA,NA,NA,NA,NA,NA,NA,NA,NA
60,ASV82,FALSE,FALSE,FALSE,0.149174064,-165.425.681.933.994,-0.028069004,0.112397253,0.227590537,0.204394002,132.720.382.624.688,-72.685.659.063.853,-0.137327922,0.232708226,0.000344996,0.895264055,1,0.780381151,1,FALSE,FALSE,FALSE,FALSE,TRUE,TRUE
61,ASV83,FALSE,FALSE,FALSE,0.100957047,-0.847421606,0.172965997,0.13100341,0.221565477,0.198423051,0.77064442,-382.470.057.436.574,0.871703141,0.463067093,0.005055833,0.40876794,1,1,1,FALSE,FALSE,FALSE,TRUE,TRUE,TRUE
62,ASV88,FALSE,FALSE,FALSE,NA,NA,NA,NA,NA,NA,NA,NA,NA,1,1,1,1,1,1,FALSE,FALSE,FALSE,FALSE,FALSE,FALSE
63,ASV89,FALSE,FALSE,FALSE,NA,NA,NA,NA,NA,NA,NA,NA,NA,1,1,1,1,1,1,FALSE,FALSE,FALSE,TRUE,TRUE,TRUE
64,ASV91,FALSE,FALSE,FALSE,0.261936484,-234.804.162.146.496,-0.007936839,0.117093239,0.229998264,0.206787771,223.699.068.581.069,-102.089.536.669.968,-0.038381568,0.066622204,5.15E+09,0.970628645,1,0.116890247,1,FALSE,FALSE,FALSE,FALSE,TRUE,TRUE
65,ASV92,FALSE,FALSE,FALSE,NA,NA,NA,NA,NA,NA,NA,NA,NA,1,1,1,1,1,1,FALSE,FALSE,FALSE,FALSE,FALSE,TRUE
66,ASV93,FALSE,FALSE,FALSE,-0.188799156,-0.015061945,0.10274488,0.133934576,0.241522077,0.218291198,-140.963.716.509.614,-0.062362601,0.470678073,0.192253141,0.951637096,0.64906897,1,1,1,FALSE,FALSE,FALSE,TRUE,FALSE,FALSE
67,ASV94,FALSE,FALSE,FALSE,NA,NA,NA,NA,NA,NA,NA,NA,NA,1,1,1,1,1,1,FALSE,FALSE,FALSE,FALSE,FALSE,TRUE
68,ASV97,FALSE,FALSE,FALSE,0.030394696,0.79161153,-0.682132487,0.249158836,0.375003216,0.353006624,0.121989237,211.094.597.615.512,-193.235.039.197.858,0.906890741,0.079269098,0.101512856,1,1,1,FALSE,FALSE,FALSE,TRUE,TRUE,TRUE
69,ASV99,FALSE,FALSE,FALSE,-0.238003518,0.946300956,-0.328237667,0.198057125,0.297285637,0.274461216,-120.169.127.428.472,318.313.715.078.317,-119.593.460.788.168,0.257168896,0.009767282,0.259309437,1,1,1,FALSE,FALSE,FALSE,TRUE,FALSE,TRUE
70,ASV100,FALSE,FALSE,FALSE,-0.311082384,134.972.628.297.213,-0.606449187,0.196566279,0.244947171,0.221722019,-158.258.265.511.593,551.027.503.617.652,-273.517.799.236.361,0.147976077,0.000375167,0.023028567,1,0.84825362,1,FALSE,FALSE,FALSE,TRUE,FALSE,FALSE
71,ASV103,FALSE,FALSE,FALSE,0.071088346,-149.128.285.767.806,0.370470056,0.130159205,0.244323764,0.221097238,0.546164567,-610.371.596.241.054,167.559.784.716.503,0.601917356,0.000489287,0.137724116,1,1,1,FALSE,FALSE,FALSE,FALSE,TRUE,TRUE
72,ASV104,FALSE,FALSE,FALSE,-0.091424411,-0.094951888,0.093147264,0.108838682,0.220206542,0.197080666,-0.839999242,-0.431194672,0.472635221,0.433098974,0.681388405,0.653175426,1,1,1,FALSE,FALSE,FALSE,FALSE,FALSE,TRUE
73,ASV108,FALSE,TRUE,TRUE,NA,NA,NA,NA,NA,NA,NA,NA,NA,NA,NA,NA,NA,NA,NA,NA,NA,NA,NA,NA,NA
74,ASV109,FALSE,FALSE,FALSE,-0.106509058,-0.35927037,0.151413945,0.129761673,0.23801824,0.214786503,-0.820805215,-150.942.368.904.812,0.704950929,0.43295953,0.165469199,0.498676823,1,1,1,FALSE,FALSE,FALSE,TRUE,FALSE,FALSE
75,ASV110,FALSE,FALSE,FALSE,0.065980798,-0.886449802,0.25106927,0.15683755,0.274421381,0.251375739,0.42069516,-323.025.049.395.468,0.998780833,0.683845096,0.010318508,0.343995434,1,1,1,FALSE,FALSE,FALSE,TRUE,TRUE,TRUE
76,ASV111,FALSE,FALSE,FALSE,NA,NA,NA,NA,NA,NA,NA,NA,NA,1,1,1,1,1,1,FALSE,FALSE,FALSE,FALSE,FALSE,TRUE
77,ASV114,FALSE,FALSE,FALSE,0.014875752,-0.378730171,0.120581168,0.130849145,0.23410244,0.210876637,0.113686278,-161.779.676.989.617,0.571809044,0.912287761,0.14436765,0.583156545,1,1,1,FALSE,FALSE,FALSE,TRUE,FALSE,TRUE
78,ASV115,FALSE,FALSE,FALSE,NA,NA,NA,NA,NA,NA,NA,NA,NA,1,1,1,1,1,1,FALSE,FALSE,FALSE,FALSE,FALSE,TRUE
79,ASV117,FALSE,FALSE,FALSE,-0.151652777,0.656299714,-0.231322321,0.128834221,0.24471379,0.221488107,-117.711.564.534.775,268.190.735.864.424,-104.440.064.220.849,0.277618551,0.031452229,0.331019559,1,1,1,FALSE,FALSE,FALSE,TRUE,FALSE,TRUE
80,ASV120,FALSE,FALSE,FALSE,-0.81868977,140.397.427.999.566,-0.579751285,0.163265228,0.336983012,0.314585771,-501.447.724.672.547,416.630.580.537.415,-184.290.371.413.203,0.037543997,0.053065949,0.206668242,1,1,1,FALSE,FALSE,FALSE,FALSE,TRUE,TRUE
81,ASV121,FALSE,FALSE,FALSE,-0.119707729,0.145560142,0.008785797,0.154426532,0.317620876,0.295013376,-0.775175919,0.458282667,0.029781013,0.460532548,0.658941547,0.976971252,1,1,1,FALSE,FALSE,FALSE,TRUE,TRUE,TRUE
82,ASV122,FALSE,TRUE,TRUE,NA,NA,NA,NA,NA,NA,NA,NA,NA,NA,NA,NA,NA,NA,NA,NA,NA,NA,NA,NA,NA
83,ASV123,FALSE,FALSE,FALSE,-0.356668262,0.230475328,0.306704684,0.211039537,0.303043369,0.280279323,-169.005.423.033.517,0.760535788,109.428.223.394.261,0.129486422,0.468754466,0.305681174,1,1,1,FALSE,FALSE,FALSE,TRUE,TRUE,TRUE
84,ASV124,FALSE,FALSE,FALSE,NA,NA,NA,NA,NA,NA,NA,NA,NA,1,1,1,1,1,1,FALSE,FALSE,FALSE,FALSE,FALSE,TRUE
85,ASV125,FALSE,FALSE,FALSE,-0.281787855,0.090796038,0.284298547,0.164899875,0.232585255,0.209363948,-170.884.213.795.847,0.390377445,135.791.548.750.533,0.125856413,0.706446443,0.211547565,1,1,1,FALSE,FALSE,FALSE,TRUE,FALSE,FALSE
86,ASV126,FALSE,FALSE,FALSE,NA,NA,NA,NA,NA,NA,NA,NA,NA,1,1,1,1,1,1,FALSE,FALSE,FALSE,FALSE,FALSE,TRUE
87,ASV129,FALSE,FALSE,FALSE,0.010909291,-119.884.426.973.217,0.557072721,0.165195206,0.276310896,0.253281876,0.066038785,-43.387.513.348.491,219.941.801.935.208,0.948790647,0.001880892,0.055393119,1,1,1,FALSE,FALSE,FALSE,TRUE,TRUE,TRUE
88,ASV130,FALSE,FALSE,FALSE,NA,NA,NA,NA,NA,NA,NA,NA,NA,1,1,1,1,1,1,FALSE,FALSE,FALSE,TRUE,FALSE,FALSE
89,ASV131,FALSE,FALSE,FALSE,-0.22930367,131.438.457.357.069,-0.755840404,0.211667691,0.272031132,0.24896506,-108.331.918.401.408,483.174.320.147.443,-303.592.963.757.325,0.306834527,0.000931645,0.014110569,1,1,1,FALSE,FALSE,FALSE,TRUE,FALSE,FALSE
90,ASV133,FALSE,FALSE,FALSE,-0.473946315,145.068.991.685.782,0.159732772,0.305177712,0.42342252,0.401890267,-155.301.745.897.493,34.261.047.770.757,0.397453696,0.195377512,0.026630575,0.711329682,1,1,1,FALSE,FALSE,FALSE,TRUE,FALSE,TRUE
91,ASV135,FALSE,FALSE,FALSE,0.1041398,0.014027393,-0.295985345,0.121997478,0.244728064,0.221502413,0.853622563,0.057318283,-133.626.239.981.971,0.421561231,0.955893501,0.223264903,1,1,1,FALSE,FALSE,FALSE,TRUE,FALSE,FALSE
92,ASV136,FALSE,FALSE,FALSE,-113.397.888.153.176,100.895.569.339.093,0.510878945,0.198691997,0.405061298,0.383359765,-570.721.970.365.659,249.087.162.374.284,133.263.579.347.599,0.00125198,0.047106604,0.231024792,1,1,1,FALSE,FALSE,FALSE,TRUE,FALSE,TRUE
93,ASV138,FALSE,FALSE,FALSE,-0.474115106,0.607139112,0.110100158,0.133325759,0.232238208,0.209018116,-355.606.530.050.373,261.429.468.005.423,0.526749357,0.007443297,0.030923297,0.612656328,1,1,1,FALSE,FALSE,FALSE,FALSE,FALSE,TRUE
94,ASV139,FALSE,FALSE,FALSE,-152.732.964.158.529,19.666.674.558.189,-0.074729117,0.134713136,0.279684382,0.256685971,-113.376.444.740.098,70.317.385.807.129,-0.291130507,0.05600604,0.08993215,0.819645674,1,1,1,FALSE,FALSE,FALSE,TRUE,TRUE,TRUE
95,ASV140,FALSE,FALSE,FALSE,NA,NA,NA,NA,NA,NA,NA,NA,NA,1,1,1,1,1,1,FALSE,FALSE,FALSE,FALSE,FALSE,TRUE
96,ASV141,FALSE,FALSE,FALSE,-0.41554382,0.19362927,0.35807189,0.178699366,0.355016099,0.332812008,-232.537.937.206.362,0.545409828,107.589.835.079.153,0.059012757,0.605138515,0.323320462,1,1,1,FALSE,FALSE,FALSE,TRUE,TRUE,TRUE
97,ASV143,FALSE,FALSE,FALSE,0.232158751,0.828236704,-0.990122736,0.112460551,0.234611008,0.211383984,206.435.721.774.132,353.025.508.798.866,-468.400.072.085.515,0.130947884,0.038632162,0.018390032,1,1,1,FALSE,FALSE,FALSE,TRUE,FALSE,FALSE
98,ASV144,FALSE,FALSE,FALSE,NA,NA,NA,NA,NA,NA,NA,NA,NA,1,1,1,1,1,1,FALSE,FALSE,FALSE,FALSE,FALSE,TRUE
99,ASV146,FALSE,FALSE,FALSE,0.013626639,-0.787609056,0.200263069,0.143221789,0.229516907,0.206308891,0.095143613,-343.159.494.376.714,0.970695288,0.927298773,0.013943875,0.369188061,1,1,1,FALSE,FALSE,FALSE,FALSE,TRUE,TRUE
100,ASV147,FALSE,FALSE,FALSE,NA,NA,NA,NA,NA,NA,NA,NA,NA,1,1,1,1,1,1,FALSE,FALSE,FALSE,FALSE,FALSE,FALSE
101,ASV148,FALSE,FALSE,FALSE,0.149500234,-213.394.191.951.498,0.083437781,0.112978047,0.225992272,0.20280727,132.326.800.456.575,-944.254.378.430.562,0.411414153,0.233934844,8.03E+09,0.695060742,1,0.182095115,1,FALSE,FALSE,FALSE,FALSE,TRUE,TRUE
102,ASV149,FALSE,FALSE,FALSE,-0.273738605,0.283238958,0.144927479,0.130813489,0.27183276,0.248765023,-20.925.869.900.212,104.196.035.123.294,0.582587846,0.171466768,0.406834813,0.619102274,1,1,1,FALSE,FALSE,FALSE,TRUE,TRUE,TRUE
103,ASV150,FALSE,FALSE,FALSE,0.353293162,-175.788.058.254.859,-0.119026344,0.145791127,0.238957327,0.215725284,242.328.300.817.167,-735.646.236.930.961,-0.551749623,0.045870561,0.000155072,0.598284177,1,0.351394056,1,FALSE,FALSE,FALSE,TRUE,TRUE,TRUE
104,ASV152,FALSE,FALSE,FALSE,0.001192122,-0.038774369,-0.104854098,0.139241559,0.275726392,0.252692188,0.008561536,-0.140626252,-0.414947922,0.993378616,0.89164157,0.689084646,1,1,1,FALSE,FALSE,FALSE,TRUE,FALSE,TRUE
105,ASV153,FALSE,FALSE,FALSE,NA,NA,NA,NA,NA,NA,NA,NA,NA,1,1,1,1,1,1,FALSE,FALSE,FALSE,FALSE,FALSE,TRUE
106,ASV154,FALSE,TRUE,TRUE,NA,NA,NA,NA,NA,NA,NA,NA,NA,NA,NA,NA,NA,NA,NA,NA,NA,NA,NA,NA,NA
107,ASV156,FALSE,FALSE,FALSE,-0.108261441,0.254943457,-0.089845606,0.204722316,0.37585371,0.35386576,-0.52882091,0.678305016,-0.253897425,0.6249134,0.53479159,0.812091768,1,1,1,FALSE,FALSE,FALSE,TRUE,TRUE,TRUE
108,ASV157,FALSE,FALSE,FALSE,0.976551531,0.033656692,-202.860.599.515.073,0.120728691,0.251475229,0.228272277,808.881.073.065.639,0.133837007,-88.867.821.504.892,0.003948415,0.902005249,0.003004597,1,1,1,FALSE,FALSE,FALSE,FALSE,FALSE,FALSE
109,ASV158,FALSE,FALSE,FALSE,-0.283348692,0.765531698,-0.010490937,0.1110963,0.229663459,0.206454673,-255.047.821.470.306,333.327.600.943.416,-0.050814725,0.043462597,0.015742531,0.961122597,1,1,1,FALSE,FALSE,FALSE,FALSE,FALSE,TRUE
110,ASV159,FALSE,FALSE,FALSE,-0.39656939,0.138872012,0.506507902,0.246368724,0.303460325,0.280700694,-160.965.801.298.595,0.457628232,180.444.121.672.563,0.151507867,0.661085157,0.114140031,1,1,1,FALSE,FALSE,FALSE,TRUE,TRUE,TRUE
111,ASV161,FALSE,FALSE,FALSE,0.440427122,-17.910.628.967.462,-0.253188841,0.164949798,0.234513481,0.211286681,267.006.766.176.461,-763.735.581.670.176,-119.831.898.454.379,0.03199655,0.000122423,0.269784979,1,0.277533429,1,FALSE,FALSE,FALSE,TRUE,TRUE,TRUE
112,ASV162,FALSE,FALSE,FALSE,-0.564928131,130.749.551.999.569,0.131356211,0.247524428,0.314604313,0.291964143,-228.231.264.380.558,415.599.998.508.485,0.449905285,0.071331491,0.008858364,0.671612976,1,1,1,FALSE,FALSE,FALSE,TRUE,FALSE,TRUE
113,ASV163,FALSE,FALSE,FALSE,0.213869809,-159.033.987.185.028,0.163002259,0.109885322,0.219751385,0.196631452,194.630.006.254.872,-723.699.589.863.645,0.828973481,0.092671201,0.000171852,0.434472094,1,0.389244914,1,FALSE,FALSE,FALSE,FALSE,TRUE,TRUE
114,ASV164,FALSE,TRUE,TRUE,NA,NA,NA,NA,NA,NA,NA,NA,NA,NA,NA,NA,NA,NA,NA,NA,NA,NA,NA,NA,NA
115,ASV165,FALSE,FALSE,FALSE,-0.119036086,-0.614887086,0.539136585,0.178034838,0.26406212,0.240933615,-0.668611196,-23.285.698.254.896,223.769.765.373.224,0.522564145,0.048269335,0.055624912,1,1,1,FALSE,FALSE,FALSE,FALSE,TRUE,TRUE
116,ASV166,FALSE,FALSE,FALSE,0.201031516,-0.696837384,-0.124619344,0.125174629,0.247394278,0.224175841,160.600.848.789.711,-281.670.777.051.137,-0.555899972,0.159395164,0.030485884,0.598381321,1,1,1,FALSE,FALSE,FALSE,TRUE,TRUE,TRUE
117,ASV170,TRUE,FALSE,TRUE,NA,NA,NA,NA,NA,NA,NA,NA,NA,NA,NA,NA,NA,NA,NA,NA,NA,NA,NA,NA,NA
118,ASV171,FALSE,FALSE,FALSE,NA,NA,NA,NA,NA,NA,NA,NA,NA,1,1,1,1,1,1,FALSE,FALSE,FALSE,TRUE,FALSE,TRUE
119,ASV172,FALSE,FALSE,FALSE,0.076080716,-0.255225061,-0.091959768,0.120875709,0.22952199,0.206313947,0.629412778,-111.198.522.398.968,-0.445727347,0.552275191,0.308703843,0.671426824,1,1,1,FALSE,FALSE,FALSE,FALSE,FALSE,TRUE
120,ASV173,FALSE,FALSE,FALSE,NA,NA,NA,NA,NA,NA,NA,NA,NA,1,1,1,1,1,1,FALSE,FALSE,FALSE,FALSE,FALSE,FALSE
121,ASV174,FALSE,FALSE,FALSE,NA,NA,NA,NA,NA,NA,NA,NA,NA,1,1,1,1,1,1,FALSE,FALSE,FALSE,FALSE,FALSE,TRUE
122,ASV177,FALSE,FALSE,FALSE,-0.217085327,0.434722627,-0.243924095,0.142822263,0.295015605,0.272167734,-151.996.839.612.756,147.355.807.258.612,-0.896227085,0.162839821,0.174694414,0.393471639,1,1,1,FALSE,FALSE,FALSE,TRUE,TRUE,TRUE
123,ASV179,FALSE,FALSE,FALSE,-154.363.060.035.878,180.137.186.063.606,0.11230109,0.137471087,0.285232094,0.262286269,-11.228.765.548.702,631.545.992.228.887,0.428162292,0.05654626,0.099973391,0.742457963,1,1,1,FALSE,FALSE,FALSE,TRUE,TRUE,TRUE
124,ASV182,FALSE,FALSE,FALSE,-0.323089035,0.404477336,0.294538393,0.14678998,0.232391392,0.209170755,-220.102.922.476.864,174.050.050.807.109,140.812.415.453.314,0.070002864,0.132418714,0.20874068,1,1,1,FALSE,FALSE,FALSE,TRUE,FALSE,TRUE
125,ASV183,FALSE,FALSE,FALSE,-0.403449999,0.295292873,0.124649768,0.151485823,0.313373669,0.2907202,-266.328.551.245.243,0.942302761,0.428761979,0.044707225,0.389302927,0.685940848,1,1,1,FALSE,FALSE,FALSE,FALSE,TRUE,TRUE
126,ASV185,FALSE,FALSE,FALSE,-0.258979864,-0.001106745,0.313774995,0.134068767,0.238161264,0.214929455,-193.169.423.324.276,-0.004647041,145.989.759.971.256,0.085440082,0.996393586,0.178324839,1,1,1,FALSE,FALSE,FALSE,TRUE,FALSE,TRUE
127,ASV186,FALSE,TRUE,TRUE,NA,NA,NA,NA,NA,NA,NA,NA,NA,NA,NA,NA,NA,NA,NA,NA,NA,NA,NA,NA,NA
128,ASV187,FALSE,FALSE,FALSE,0.172983018,-0.007882397,-0.31118185,0.139395852,0.289101588,0.266193818,124.094.810.597.121,-0.027265147,-116.900.479.470.894,0.30282068,0.979960559,0.326839894,1,1,1,FALSE,FALSE,FALSE,TRUE,TRUE,TRUE
129,ASV188,FALSE,FALSE,FALSE,-100.790.833.693.539,-147.208.806.489.407,209.590.069.779.999,0.12650633,0.263148749,0.240013734,-796.725.617.542.805,-559.412.906.535.795,873.241.987.355.823,0.004125216,0.011283406,0.003161803,1,1,1,FALSE,FALSE,FALSE,FALSE,FALSE,TRUE
130,ASV189,FALSE,FALSE,FALSE,NA,NA,NA,NA,NA,NA,NA,NA,NA,1,1,1,1,1,1,FALSE,FALSE,FALSE,FALSE,FALSE,FALSE
131,ASV190,FALSE,FALSE,FALSE,NA,NA,NA,NA,NA,NA,NA,NA,NA,1,1,1,1,1,1,FALSE,FALSE,FALSE,FALSE,FALSE,TRUE
132,ASV191,FALSE,FALSE,FALSE,-0.291540157,0.441311544,0.383416667,0.145994874,0.264306254,0.241179513,-199.692.050.612.284,166.969.770.123.908,158.975.636.977.616,0.08600905,0.138907788,0.155914541,1,1,1,FALSE,FALSE,FALSE,FALSE,FALSE,TRUE
133,ASV193,FALSE,FALSE,FALSE,-0.144058054,0.921806464,-0.473058099,0.145343055,0.255935102,0.232754407,-0.991158837,360.171.955.751.878,-203.243.454.815.071,0.377713498,0.022723332,0.111902274,1,1,1,FALSE,FALSE,FALSE,TRUE,FALSE,TRUE
134,ASV194,FALSE,FALSE,FALSE,NA,NA,NA,NA,NA,NA,NA,NA,NA,1,1,1,1,1,1,FALSE,FALSE,FALSE,FALSE,FALSE,TRUE
135,ASV196,FALSE,FALSE,FALSE,NA,NA,NA,NA,NA,NA,NA,NA,NA,1,1,1,1,1,1,FALSE,FALSE,FALSE,FALSE,FALSE,TRUE
136,ASV197,FALSE,FALSE,FALSE,0.088327974,-0.488085554,-0.19635079,0.123360742,0.2423667,0.219136808,0.716013641,-201.383.092.151.469,-0.896019209,0.500886834,0.090672002,0.40475502,1,1,1,FALSE,FALSE,FALSE,FALSE,FALSE,TRUE
137,ASV198,FALSE,FALSE,FALSE,0.208125727,-134.152.138.463.974,-0.112381523,0.131411003,0.232325635,0.20910523,158.377.702.024.278,-577.431.493.786.046,-0.537440038,0.164334602,0.001178323,0.610301074,1,1,1,FALSE,FALSE,FALSE,FALSE,TRUE,TRUE
138,ASV199,FALSE,FALSE,FALSE,-0.236904171,-0.605109612,0.63542418,0.220735667,0.274905433,0.251864011,-107.324.826.547.599,-220.115.551.964.153,252.288.597.680.135,0.32441604,0.069990687,0.04511091,1,1,1,FALSE,FALSE,FALSE,TRUE,FALSE,FALSE
139,ASV200,FALSE,FALSE,FALSE,NA,NA,NA,NA,NA,NA,NA,NA,NA,1,1,1,1,1,1,FALSE,FALSE,FALSE,FALSE,FALSE,TRUE
140,ASV201,FALSE,FALSE,FALSE,NA,NA,NA,NA,NA,NA,NA,NA,NA,1,1,1,1,1,1,FALSE,FALSE,FALSE,TRUE,TRUE,TRUE
141,ASV203,FALSE,FALSE,FALSE,-0.367634145,0.325786807,0.559571412,0.147377707,0.25005359,0.226844674,-249.450.309.148.965,130.286.794.548.767,246.676.019.204.093,0.08813295,0.283606264,0.090323659,1,1,1,FALSE,FALSE,FALSE,TRUE,TRUE,TRUE
142,ASV204,FALSE,FALSE,FALSE,NA,NA,NA,NA,NA,NA,NA,NA,NA,1,1,1,1,1,1,FALSE,FALSE,FALSE,TRUE,TRUE,TRUE
143,ASV205,FALSE,FALSE,FALSE,NA,NA,NA,NA,NA,NA,NA,NA,NA,1,1,1,1,1,1,FALSE,FALSE,FALSE,FALSE,FALSE,TRUE
144,ASV207,FALSE,FALSE,FALSE,0.156429633,-0.617379358,-0.164156959,0.161272696,0.241074321,0.217843036,0.969969728,-256.095.031.125.229,-0.753556148,0.369521512,0.042853816,0.479631382,1,1,1,FALSE,FALSE,FALSE,FALSE,TRUE,TRUE
145,ASV209,FALSE,FALSE,FALSE,-104.096.095.356.671,159.948.829.457.261,0.467845832,0.251049396,0.310768687,0.288087136,-414.643.878.851.934,514.687.728.189.796,162.397.335.018.914,0.008940933,0.003624363,0.165309225,1,1,1,FALSE,FALSE,FALSE,FALSE,FALSE,TRUE
146,ASV211,FALSE,FALSE,FALSE,NA,NA,NA,NA,NA,NA,NA,NA,NA,1,1,1,1,1,1,FALSE,FALSE,FALSE,FALSE,FALSE,FALSE
147,ASV214,FALSE,FALSE,FALSE,NA,NA,NA,NA,NA,NA,NA,NA,NA,1,1,1,1,1,1,FALSE,FALSE,FALSE,FALSE,FALSE,TRUE
148,ASV215,FALSE,FALSE,FALSE,-0.012132472,-0.156955112,0.006980694,0.136855268,0.241215176,0.21798401,-0.088651843,-0.650685062,0.032023881,0.931841609,0.536015337,0.975346975,1,1,1,FALSE,FALSE,FALSE,TRUE,FALSE,TRUE
149,ASV218,FALSE,FALSE,FALSE,NA,NA,NA,NA,NA,NA,NA,NA,NA,1,1,1,1,1,1,FALSE,FALSE,FALSE,FALSE,FALSE,TRUE
150,ASV219,FALSE,FALSE,FALSE,NA,NA,NA,NA,NA,NA,NA,NA,NA,1,1,1,1,1,1,FALSE,FALSE,FALSE,FALSE,FALSE,TRUE
151,ASV220,FALSE,FALSE,FALSE,NA,NA,NA,NA,NA,NA,NA,NA,NA,1,1,1,1,1,1,FALSE,FALSE,FALSE,TRUE,FALSE,TRUE
152,ASV221,FALSE,FALSE,FALSE,0.088919984,0.588907699,-0.404817415,0.113757673,0.236917938,0.213687089,0.781661422,248.570.329.475.441,-189.444.021.579.821,0.478092471,0.067795581,0.131076991,1,1,1,FALSE,FALSE,FALSE,TRUE,TRUE,TRUE
153,ASV222,FALSE,FALSE,FALSE,NA,NA,NA,NA,NA,NA,NA,NA,NA,1,1,1,1,1,1,FALSE,FALSE,FALSE,FALSE,FALSE,FALSE
154,ASV223,FALSE,FALSE,FALSE,-0.382055057,0.733436548,-0.137911009,0.141057808,0.287315326,0.264389863,-270.849.987.940.264,255.272.337.555.165,-0.52161988,0.042351947,0.051096535,0.624208107,1,1,1,FALSE,FALSE,FALSE,FALSE,TRUE,TRUE
155,ASV224,FALSE,FALSE,FALSE,NA,NA,NA,NA,NA,NA,NA,NA,NA,1,1,1,1,1,1,FALSE,FALSE,FALSE,FALSE,FALSE,TRUE
156,ASV226,FALSE,FALSE,FALSE,NA,NA,NA,NA,NA,NA,NA,NA,NA,1,1,1,1,1,1,FALSE,FALSE,FALSE,FALSE,FALSE,TRUE
157,ASV228,FALSE,FALSE,FALSE,NA,NA,NA,NA,NA,NA,NA,NA,NA,1,1,1,1,1,1,FALSE,FALSE,FALSE,TRUE,FALSE,TRUE
158,ASV229,FALSE,FALSE,FALSE,0.21560161,0.447388008,-0.494365619,0.117427818,0.238909361,0.215677324,183.603.521.887.799,187.262.653.391.489,-229.215.389.760.265,0.125787372,0.120007897,0.070459488,1,1,1,FALSE,FALSE,FALSE,TRUE,FALSE,TRUE
159,ASV230,FALSE,FALSE,FALSE,-0.051327414,0.092054311,0.020439033,0.115136782,0.219013132,0.19590328,-0.445795107,0.420314117,0.104332264,0.669207202,0.686857811,0.919832116,1,1,1,FALSE,FALSE,FALSE,FALSE,FALSE,TRUE
160,ASV232,FALSE,FALSE,FALSE,-0.482104957,11.895.001.960.203,0.730807484,0.122167528,0.254155364,0.230965175,-394.626.105.779.325,468.020.888.931.207,316.414.578.064.686,0.05862394,0.042747035,0.087039257,1,1,1,FALSE,FALSE,FALSE,TRUE,FALSE,TRUE
161,ASV233,FALSE,FALSE,FALSE,0.91883592,-111.827.457.839.087,0.092092777,0.150602905,0.311602718,0.288930147,610.105.043.203.447,-35.887.831.318.348,0.318737169,0.008846498,0.037055026,0.770828214,1,1,1,FALSE,FALSE,FALSE,FALSE,FALSE,TRUE
162,ASV235,FALSE,FALSE,FALSE,NA,NA,NA,NA,NA,NA,NA,NA,NA,1,1,1,1,1,1,FALSE,FALSE,FALSE,FALSE,FALSE,FALSE
163,ASV241,FALSE,FALSE,FALSE,NA,NA,NA,NA,NA,NA,NA,NA,NA,1,1,1,1,1,1,FALSE,FALSE,FALSE,TRUE,TRUE,TRUE
164,ASV242,FALSE,FALSE,FALSE,NA,NA,NA,NA,NA,NA,NA,NA,NA,1,1,1,1,1,1,FALSE,FALSE,FALSE,FALSE,FALSE,TRUE
165,ASV243,TRUE,FALSE,TRUE,NA,NA,NA,NA,NA,NA,NA,NA,NA,NA,NA,NA,NA,NA,NA,NA,NA,NA,NA,NA,NA
166,ASV244,FALSE,FALSE,FALSE,0.129227495,-153.304.258.141.849,-0.022884304,0.1274809,0.235881087,0.212651619,101.370.083.920.542,-649.921.790.268.064,-0.107614062,0.357239045,0.001287357,0.918486675,1,1,1,FALSE,FALSE,FALSE,FALSE,TRUE,TRUE
167,ASV245,FALSE,FALSE,FALSE,-0.74540274,327.950.576.698.647,-0.062698609,0.116899562,0.243718651,0.220490929,-637.643.743.027.543,134.561.132.148.488,-0.28435913,0.099032773,0.047224013,0.823626828,1,1,1,FALSE,FALSE,FALSE,TRUE,FALSE,TRUE
168,ASV246,FALSE,FALSE,FALSE,-0.098512334,0.163923437,0.094422659,0.161200643,0.312092307,0.289425012,-0.611116258,0.525240235,0.326242222,0.567835184,0.621865984,0.757453662,1,1,1,FALSE,FALSE,FALSE,TRUE,TRUE,TRUE
169,ASV247,FALSE,FALSE,FALSE,NA,NA,NA,NA,NA,NA,NA,NA,NA,1,1,1,1,1,1,FALSE,FALSE,FALSE,TRUE,TRUE,TRUE
170,ASV248,FALSE,FALSE,FALSE,-0.021535353,0.33259981,-0.289687627,0.174706402,0.262024206,0.238881383,-0.123265965,126.934.764.932.761,-121.268.398.172.209,0.907842014,0.273145424,0.291971835,1,1,1,FALSE,FALSE,FALSE,TRUE,TRUE,TRUE
171,ASV249,FALSE,FALSE,FALSE,0.050053694,-0.020830301,-0.08922665,0.139267831,0.244659304,0.2214335,0.359406001,-0.085140032,-0.402950097,0.733971502,0.935454098,0.703636718,1,1,1,FALSE,FALSE,FALSE,FALSE,FALSE,TRUE
172,ASV250,FALSE,FALSE,FALSE,-0.085718484,0.346794569,-0.0370754,0.138858244,0.227958539,0.204759612,-0.617309292,152.130.545.365.439,-0.181067936,0.559713072,0.179002733,0.862275842,1,1,1,FALSE,FALSE,FALSE,TRUE,FALSE,TRUE
173,ASV253,FALSE,FALSE,FALSE,0.260766797,-175.044.886.094.789,-0.115092337,0.150271095,0.235700104,0.212470933,173.530.909.588.776,-742.659.350.600.349,-0.541685095,0.133372532,0.000306681,0.607548186,1,0.694020231,1,FALSE,FALSE,FALSE,FALSE,TRUE,TRUE
174,ASV254,FALSE,FALSE,FALSE,NA,NA,NA,NA,NA,NA,NA,NA,NA,1,1,1,1,1,1,FALSE,FALSE,FALSE,FALSE,FALSE,FALSE
175,ASV255,FALSE,FALSE,FALSE,NA,NA,NA,NA,NA,NA,NA,NA,NA,1,1,1,1,1,1,FALSE,FALSE,FALSE,FALSE,FALSE,FALSE
176,ASV256,FALSE,FALSE,FALSE,NA,NA,NA,NA,NA,NA,NA,NA,NA,1,1,1,1,1,1,FALSE,FALSE,FALSE,FALSE,FALSE,FALSE
177,ASV257,FALSE,FALSE,FALSE,NA,NA,NA,NA,NA,NA,NA,NA,NA,1,1,1,1,1,1,FALSE,FALSE,FALSE,FALSE,FALSE,TRUE
178,ASV259,FALSE,FALSE,FALSE,NA,NA,NA,NA,NA,NA,NA,NA,NA,1,1,1,1,1,1,FALSE,FALSE,FALSE,FALSE,FALSE,TRUE
179,ASV260,FALSE,FALSE,FALSE,-0.087511427,-0.076871812,-0.014977921,0.112784376,0.21899924,0.195889583,-0.77591799,-0.351014056,-0.076461039,0.463201777,0.73590483,0.941191786,1,1,1,FALSE,FALSE,FALSE,TRUE,FALSE,TRUE
180,ASV261,FALSE,FALSE,FALSE,-209.187.322.336.757,213.016.784.076.844,0.473264506,0.117774902,0.245493448,0.222269615,-177.616.213.948.061,867.708.630.980.055,212.923.617.771.942,0.003154829,0.013022775,0.166998059,1,1,1,FALSE,FALSE,FALSE,FALSE,FALSE,TRUE
181,ASV262,FALSE,FALSE,FALSE,NA,NA,NA,NA,NA,NA,NA,NA,NA,1,1,1,1,1,1,FALSE,FALSE,FALSE,FALSE,FALSE,FALSE
182,ASV263,FALSE,FALSE,FALSE,NA,NA,NA,NA,NA,NA,NA,NA,NA,1,1,1,1,1,1,FALSE,FALSE,FALSE,FALSE,FALSE,FALSE
183,ASV264,FALSE,FALSE,FALSE,NA,NA,NA,NA,NA,NA,NA,NA,NA,1,1,1,1,1,1,FALSE,FALSE,FALSE,FALSE,FALSE,FALSE
184,ASV265,FALSE,TRUE,TRUE,NA,NA,NA,NA,NA,NA,NA,NA,NA,NA,NA,NA,NA,NA,NA,NA,NA,NA,NA,NA,NA
185,ASV266,FALSE,FALSE,FALSE,-0.123325699,0.769083252,-0.022237444,0.110484376,0.2271022,0.20390899,-111.622.750.753.807,338.650.726.817.488,-0.109055733,0.307022288,0.014738979,0.916714127,1,1,1,FALSE,FALSE,FALSE,FALSE,TRUE,TRUE
186,ASV267,FALSE,TRUE,TRUE,NA,NA,NA,NA,NA,NA,NA,NA,NA,NA,NA,NA,NA,NA,NA,NA,NA,NA,NA,NA,NA
187,ASV268,FALSE,FALSE,FALSE,NA,NA,NA,NA,NA,NA,NA,NA,NA,1,1,1,1,1,1,FALSE,FALSE,FALSE,FALSE,FALSE,TRUE
188,ASV269,FALSE,FALSE,FALSE,NA,NA,NA,NA,NA,NA,NA,NA,NA,1,1,1,1,1,1,FALSE,FALSE,FALSE,FALSE,FALSE,FALSE
189,ASV270,FALSE,FALSE,FALSE,-0.443153058,-0.342756793,0.616506382,0.222125293,0.296725799,0.273895573,-199.505.896.562.515,-115.512.973.463.731,225.088.114.706.348,0.116773646,0.312343228,0.087559689,1,1,1,FALSE,FALSE,FALSE,TRUE,FALSE,TRUE
190,ASV271,FALSE,FALSE,FALSE,-0.86478998,105.012.350.226.999,0.588188718,0.11373064,0.236914033,0.213683188,-760.384.343.164.449,443.250.865.863.604,275.262.047.276.427,0.004720309,0.021338484,0.070587065,1,1,1,FALSE,FALSE,FALSE,FALSE,FALSE,TRUE
191,ASV272,FALSE,FALSE,FALSE,-0.007590853,-0.557716745,0.13299854,0.110540456,0.218721897,0.195616176,-0.068670361,-254.988.984.369.494,0.67989541,0.947172442,0.038109736,0.518415772,1,1,1,FALSE,FALSE,FALSE,FALSE,TRUE,TRUE
192,ASV275,FALSE,FALSE,FALSE,0.26105603,-121.756.071.603.813,-0.300638891,0.156193983,0.237454513,0.214223158,167.135.778.207.704,-512.755.347.980.262,-140.339.117.779.601,0.145684354,0.002162179,0.210078237,1,1,1,FALSE,FALSE,FALSE,FALSE,TRUE,TRUE
193,ASV277,FALSE,FALSE,FALSE,-0.763416933,0.812644856,0.290631083,0.154838763,0.3200971,0.297516474,-493.039.932.730.836,253.874.481.955.532,0.976857109,0.007870596,0.064066275,0.383952107,1,1,1,FALSE,FALSE,FALSE,FALSE,TRUE,TRUE
194,ASV279,FALSE,FALSE,FALSE,-0.322237795,0.593383957,0.383982979,0.144658434,0.254890628,0.231704266,-222.757.696.514.079,232.799.441.287.804,165.721.151.850.114,0.061189251,0.052769511,0.141444364,1,1,1,FALSE,FALSE,FALSE,FALSE,FALSE,TRUE
195,ASV280,FALSE,FALSE,FALSE,NA,NA,NA,NA,NA,NA,NA,NA,NA,1,1,1,1,1,1,FALSE,FALSE,FALSE,TRUE,TRUE,TRUE
196,ASV281,FALSE,FALSE,FALSE,0.062074004,113.973.244.722.255,-0.906086075,0.224689596,0.374202857,0.352198117,0.276265592,304.576.094.606.706,-257.266.019.340.667,0.796030705,0.03818625,0.06180474,1,1,1,FALSE,FALSE,FALSE,TRUE,FALSE,TRUE
197,ASV282,FALSE,FALSE,FALSE,NA,NA,NA,NA,NA,NA,NA,NA,NA,1,1,1,1,1,1,FALSE,FALSE,FALSE,TRUE,TRUE,TRUE
198,ASV283,FALSE,FALSE,FALSE,-0.614411406,0.912185574,0.298526213,0.122427751,0.233384519,0.210160681,-501.856.321.307.104,390.850.934.944.136,142.046.653.195.159,0.007392845,0.017415745,0.228504057,1,1,1,FALSE,FALSE,FALSE,FALSE,FALSE,TRUE
199,ASV284,FALSE,FALSE,FALSE,-0.372631028,0.545380198,0.10071373,0.118129305,0.243505068,0.220276956,-315.443.342.754.351,223.970.779.638.052,0.457214098,0.08750765,0.154453366,0.692378024,1,1,1,FALSE,FALSE,FALSE,TRUE,TRUE,TRUE
200,ASV285,FALSE,FALSE,FALSE,NA,NA,NA,NA,NA,NA,NA,NA,NA,1,1,1,1,1,1,FALSE,FALSE,FALSE,FALSE,FALSE,TRUE
201,ASV286,FALSE,FALSE,FALSE,NA,NA,NA,NA,NA,NA,NA,NA,NA,1,1,1,1,1,1,FALSE,FALSE,FALSE,TRUE,TRUE,TRUE
202,ASV287,FALSE,FALSE,FALSE,0.236284229,-230.746.866.084.582,0.061236233,0.116036048,0.225750882,0.202567789,203.630.019.974.604,-1.022.130.517.642,0.302299954,0.087893555,5.11E+09,0.772628742,1,0.11613653,1,FALSE,FALSE,FALSE,FALSE,TRUE,TRUE
203,ASV288,FALSE,FALSE,FALSE,NA,NA,NA,NA,NA,NA,NA,NA,NA,1,1,1,1,1,1,FALSE,FALSE,FALSE,FALSE,FALSE,FALSE
204,ASV291,FALSE,FALSE,FALSE,NA,NA,NA,NA,NA,NA,NA,NA,NA,1,1,1,1,1,1,FALSE,FALSE,FALSE,TRUE,TRUE,TRUE
205,ASV292,FALSE,FALSE,FALSE,NA,NA,NA,NA,NA,NA,NA,NA,NA,1,1,1,1,1,1,FALSE,FALSE,FALSE,FALSE,FALSE,TRUE
206,ASV293,FALSE,FALSE,FALSE,0.078293723,0.665906628,-0.33106237,0.133186165,0.243333101,0.220104688,0.587851767,273.660.519.586.798,-150.411.321.720.405,0.597951143,0.071542137,0.229598869,1,1,1,FALSE,FALSE,FALSE,TRUE,TRUE,TRUE
207,ASV294,FALSE,FALSE,FALSE,0.190556359,-206.377.185.509.041,-0.004497256,0.108805293,0.222325799,0.199174865,175.135.192.950.246,-928.264.673.873.563,-0.022579437,0.130446439,8.84E+08,0.982717932,1,0.200498397,1,FALSE,FALSE,FALSE,FALSE,TRUE,TRUE
208,ASV295,FALSE,FALSE,FALSE,NA,NA,NA,NA,NA,NA,NA,NA,NA,1,1,1,1,1,1,FALSE,FALSE,FALSE,FALSE,FALSE,TRUE
209,ASV296,FALSE,FALSE,FALSE,NA,NA,NA,NA,NA,NA,NA,NA,NA,1,1,1,1,1,1,FALSE,FALSE,FALSE,TRUE,FALSE,TRUE
210,ASV297,FALSE,FALSE,FALSE,-0.438173682,0.998773216,-0.042041278,0.183011248,0.31123937,0.288562885,-239.424.453.891.122,320.901.952.957.183,-0.14569191,0.074822132,0.032619347,0.89121159,1,1,1,FALSE,FALSE,FALSE,TRUE,FALSE,TRUE
211,ASV298,FALSE,FALSE,FALSE,NA,NA,NA,NA,NA,NA,NA,NA,NA,1,1,1,1,1,1,FALSE,FALSE,FALSE,TRUE,TRUE,TRUE
212,ASV300,FALSE,TRUE,TRUE,NA,NA,NA,NA,NA,NA,NA,NA,NA,NA,NA,NA,NA,NA,NA,NA,NA,NA,NA,NA,NA
213,ASV301,FALSE,FALSE,FALSE,NA,NA,NA,NA,NA,NA,NA,NA,NA,1,1,1,1,1,1,FALSE,FALSE,FALSE,FALSE,FALSE,TRUE
214,ASV302,FALSE,FALSE,FALSE,NA,NA,NA,NA,NA,NA,NA,NA,NA,1,1,1,1,1,1,FALSE,FALSE,FALSE,TRUE,TRUE,TRUE
215,ASV303,FALSE,FALSE,FALSE,NA,NA,NA,NA,NA,NA,NA,NA,NA,1,1,1,1,1,1,FALSE,FALSE,FALSE,TRUE,FALSE,TRUE
216,ASV304,FALSE,FALSE,FALSE,-0.337277831,0.669520125,0.383608583,0.13853746,0.244919644,0.221694429,-243.456.052.158.215,273.363.178.461.203,173.034.832.578.537,0.045117589,0.029185232,0.127185481,1,1,1,FALSE,FALSE,FALSE,FALSE,TRUE,TRUE
217,ASV305,FALSE,FALSE,FALSE,NA,NA,NA,NA,NA,NA,NA,NA,NA,1,1,1,1,1,1,FALSE,FALSE,FALSE,TRUE,FALSE,TRUE
218,ASV306,FALSE,FALSE,FALSE,-0.024453575,-0.095482899,-0.011137166,0.124086783,0.22349569,0.200332666,-0.197068327,-0.42722479,-0.05559336,0.850280241,0.684122005,0.957470754,1,1,1,FALSE,FALSE,FALSE,FALSE,FALSE,TRUE
219,ASV307,FALSE,FALSE,FALSE,-157.013.793.299.432,-0.203913316,228.098.283.442.079,0.116421708,0.242749335,0.219519985,-134.866.423.018.254,-0.840015961,103.907.752.757.306,1,1,1,1,1,1,FALSE,FALSE,FALSE,TRUE,TRUE,TRUE
220,ASV308,FALSE,FALSE,FALSE,0.20094434,0.21301162,-0.521730486,0.11652675,0.242962439,0.219733416,172.444.815.870.671,0.876726548,-237.437.935.560.724,0.334547328,0.541756612,0.253766781,1,1,1,FALSE,FALSE,FALSE,TRUE,TRUE,TRUE
221,ASV309,FALSE,FALSE,FALSE,NA,NA,NA,NA,NA,NA,NA,NA,NA,1,1,1,1,1,1,FALSE,FALSE,FALSE,TRUE,FALSE,TRUE
222,ASV310,FALSE,TRUE,TRUE,NA,NA,NA,NA,NA,NA,NA,NA,NA,NA,NA,NA,NA,NA,NA,NA,NA,NA,NA,NA,NA
223,ASV311,FALSE,FALSE,FALSE,NA,NA,NA,NA,NA,NA,NA,NA,NA,1,1,1,1,1,1,FALSE,FALSE,FALSE,FALSE,FALSE,TRUE
224,ASV314,FALSE,FALSE,FALSE,NA,NA,NA,NA,NA,NA,NA,NA,NA,1,1,1,1,1,1,FALSE,FALSE,FALSE,FALSE,FALSE,FALSE
225,ASV316,FALSE,FALSE,FALSE,-0.124015054,0.116753444,-0.196976392,0.115001668,0.235766655,0.212537373,-107.837.613.881.648,0.495207619,-0.92678473,0.341555902,0.646423112,0.406495138,1,1,1,FALSE,FALSE,FALSE,TRUE,TRUE,TRUE
226,ASV317,FALSE,FALSE,FALSE,NA,NA,NA,NA,NA,NA,NA,NA,NA,1,1,1,1,1,1,FALSE,FALSE,FALSE,TRUE,FALSE,TRUE
227,ASV318,FALSE,FALSE,FALSE,NA,NA,NA,NA,NA,NA,NA,NA,NA,1,1,1,1,1,1,FALSE,FALSE,FALSE,FALSE,FALSE,TRUE
228,ASV319,FALSE,FALSE,FALSE,NA,NA,NA,NA,NA,NA,NA,NA,NA,1,1,1,1,1,1,FALSE,FALSE,FALSE,TRUE,TRUE,TRUE
229,ASV320,FALSE,FALSE,FALSE,NA,NA,NA,NA,NA,NA,NA,NA,NA,1,1,1,1,1,1,FALSE,FALSE,FALSE,FALSE,FALSE,TRUE
230,ASV321,TRUE,FALSE,TRUE,NA,NA,NA,NA,NA,NA,NA,NA,NA,NA,NA,NA,NA,NA,NA,NA,NA,NA,NA,NA,NA
231,ASV322,FALSE,FALSE,FALSE,NA,NA,NA,NA,NA,NA,NA,NA,NA,1,1,1,1,1,1,FALSE,FALSE,FALSE,TRUE,FALSE,TRUE
232,ASV323,TRUE,FALSE,TRUE,NA,NA,NA,NA,NA,NA,NA,NA,NA,NA,NA,NA,NA,NA,NA,NA,NA,NA,NA,NA,NA
233,ASV324,TRUE,FALSE,TRUE,NA,NA,NA,NA,NA,NA,NA,NA,NA,NA,NA,NA,NA,NA,NA,NA,NA,NA,NA,NA,NA
234,ASV325,FALSE,FALSE,FALSE,NA,NA,NA,NA,NA,NA,NA,NA,NA,1,1,1,1,1,1,FALSE,FALSE,FALSE,FALSE,FALSE,TRUE
235,ASV326,FALSE,FALSE,FALSE,0.114650933,-137.026.957.506.617,0.100611377,0.159796243,0.240480031,0.217248337,0.71748203,-569.805.971.418.848,0.463116903,0.500043707,0.001262438,0.659602518,1,1,1,FALSE,FALSE,FALSE,FALSE,TRUE,TRUE
236,ASV327,FALSE,FALSE,FALSE,NA,NA,NA,NA,NA,NA,NA,NA,NA,1,1,1,1,1,1,FALSE,FALSE,FALSE,TRUE,FALSE,FALSE
237,ASV328,FALSE,FALSE,FALSE,0.025942712,-0.304357497,-0.056280727,0.13928636,0.24345298,0.220224775,0.186254507,-125.016.952.809.095,-0.255560378,0.859566087,0.266559303,0.80847042,1,1,1,FALSE,FALSE,FALSE,FALSE,FALSE,TRUE
238,ASV330,FALSE,FALSE,FALSE,-0.157944165,-0.56850891,0.497897823,0.188161515,0.303615287,0.280857297,-0.839407382,-187.246.471.062.582,177.277.866.187.945,0.428973039,0.10330317,0.119550038,1,1,1,FALSE,FALSE,FALSE,FALSE,FALSE,TRUE
239,ASV332,FALSE,FALSE,FALSE,NA,NA,NA,NA,NA,NA,NA,NA,NA,1,1,1,1,1,1,FALSE,FALSE,FALSE,FALSE,FALSE,FALSE
240,ASV333,FALSE,FALSE,FALSE,-0.88440876,0.900908499,0.230655567,0.121781535,0.253604925,0.230411959,-726.225.664.584.876,355.240.932.303.298,100.105.727.142.185,0.005387389,0.03802529,0.390565272,1,1,1,FALSE,FALSE,FALSE,FALSE,FALSE,FALSE
241,ASV334,FALSE,FALSE,FALSE,-0.069684509,0.432548387,0.032862948,0.125551471,0.226329436,0.203141843,-0.555027421,19.111.450.759.665,0.161773406,0.598941717,0.104541808,0.87679449,1,1,1,FALSE,FALSE,FALSE,FALSE,FALSE,TRUE
242,ASV335,FALSE,FALSE,FALSE,-0.60611067,0.710409177,0.291826681,0.117712904,0.22625853,0.203071475,-514.905.883.489.586,313.981.168.481.223,143.706.387.327.861,0.00361774,0.025671806,0.210201929,1,1,1,FALSE,FALSE,FALSE,FALSE,FALSE,TRUE
243,ASV336,FALSE,FALSE,FALSE,NA,NA,NA,NA,NA,NA,NA,NA,NA,1,1,1,1,1,1,FALSE,FALSE,FALSE,TRUE,TRUE,TRUE
244,ASV338,FALSE,FALSE,FALSE,-0.064078219,0.002062605,-0.009660585,0.121279367,0.252589289,0.229391408,-0.528352188,0.008165845,-0.042113977,0.625210339,0.993875702,0.968426182,1,1,1,FALSE,FALSE,FALSE,TRUE,TRUE,FALSE
245,ASV339,FALSE,FALSE,FALSE,-0.455628161,0.110089695,0.556476081,0.137555334,0.252236305,0.22903678,-331.232.638.592.816,0.436454599,242.963.632.396.526,0.080317501,0.705104479,0.135745528,1,1,1,FALSE,FALSE,FALSE,TRUE,TRUE,TRUE
246,ASV340,TRUE,FALSE,TRUE,NA,NA,NA,NA,NA,NA,NA,NA,NA,NA,NA,NA,NA,NA,NA,NA,NA,NA,NA,NA,NA
247,ASV341,FALSE,FALSE,FALSE,0.221681996,-0.358718633,-0.323840625,0.131950511,0.272395081,0.249332074,168.003.893.408.054,-131.690.569.077.512,-129.883.259.307.602,0.168247201,0.25824841,0.263814626,1,1,1,FALSE,FALSE,FALSE,TRUE,TRUE,TRUE
248,ASV342,FALSE,FALSE,FALSE,-0.693362135,171.954.389.328.593,-0.243020041,0.143312818,0.260094765,0.236939105,-483.810.272.907.036,661.122.069.120.073,-102.566.455.356.217,0.129757361,0.095569382,0.491934653,1,1,1,FALSE,FALSE,FALSE,TRUE,TRUE,TRUE
249,ASV344,FALSE,FALSE,FALSE,-0.008535022,-0.591286795,0.071987952,0.118471827,0.243680479,0.220452686,-0.072042627,-242.648.404.328.542,0.326546042,0.945360979,0.059638581,0.757237136,1,1,1,FALSE,FALSE,FALSE,TRUE,FALSE,TRUE
250,ASV345,FALSE,FALSE,FALSE,-0.399818632,0.593982266,0.285927743,0.172208463,0.266870917,0.243763319,-232.171.303.277.006,222.572.872.009.869,117.297.279.999.966,0.059309699,0.067662384,0.285260956,1,1,1,FALSE,FALSE,FALSE,TRUE,TRUE,TRUE
251,ASV348,FALSE,FALSE,FALSE,-0.631089554,-0.597593242,100.725.674.008.735,0.154314071,0.319045156,0.296453108,-408.964.360.649.646,-18.730.679.063.023,339.769.330.207.684,0.054911657,0.20192916,0.076779212,1,1,1,FALSE,FALSE,FALSE,TRUE,TRUE,TRUE
252,ASV349,FALSE,FALSE,FALSE,-128.871.993.803.808,0.342246067,102.979.191.196.844,0.115006229,0.239876114,0.21664416,-112.056.533.560.921,14.267.617.625.919,475.337.952.393.318,0.007870007,0.289776952,0.041521314,1,1,1,FALSE,FALSE,FALSE,TRUE,TRUE,FALSE
253,ASV351,TRUE,FALSE,TRUE,NA,NA,NA,NA,NA,NA,NA,NA,NA,NA,NA,NA,NA,NA,NA,NA,NA,NA,NA,NA,NA
254,ASV352,FALSE,FALSE,FALSE,NA,NA,NA,NA,NA,NA,NA,NA,NA,1,1,1,1,1,1,FALSE,FALSE,FALSE,TRUE,TRUE,TRUE
255,ASV353,FALSE,FALSE,FALSE,NA,NA,NA,NA,NA,NA,NA,NA,NA,1,1,1,1,1,1,FALSE,FALSE,FALSE,TRUE,FALSE,TRUE
256,ASV354,FALSE,FALSE,FALSE,-0.294127184,0.289209698,0.778154685,0.15517766,0.259221044,0.236059815,-189.542.220.858.217,111.568.757.501.013,329.643.012.224.378,0.198510012,0.380628255,0.081002184,1,1,1,FALSE,FALSE,FALSE,TRUE,TRUE,TRUE
257,ASV355,FALSE,FALSE,FALSE,0.044486917,111.346.166.892.436,-0.575877207,0.115813773,0.241515678,0.218284792,0.384124578,461.030.803.441.687,-263.819.207.269.196,0.766522114,0.135979763,0.230656509,1,1,1,FALSE,FALSE,FALSE,TRUE,TRUE,TRUE
258,ASV357,FALSE,FALSE,FALSE,0.257102053,-134.014.209.603.381,-0.239457168,0.153645136,0.236490855,0.213260509,167.334.977.010.929,-566.678.189.973.994,-112.283.876.750.948,0.155115636,0.002380338,0.312509749,1,1,1,FALSE,FALSE,FALSE,FALSE,TRUE,TRUE
259,ASV359,FALSE,FALSE,FALSE,-0.097759373,0.501831445,-0.089946842,0.129879059,0.252307612,0.229108417,-0.752695421,198.896.672.282.761,-0.392595102,0.493506153,0.117589477,0.714641154,1,1,1,FALSE,FALSE,FALSE,TRUE,TRUE,TRUE
260,ASV360,FALSE,FALSE,FALSE,NA,NA,NA,NA,NA,NA,NA,NA,NA,1,1,1,1,1,1,FALSE,FALSE,FALSE,TRUE,TRUE,TRUE
261,ASV361,FALSE,FALSE,FALSE,NA,NA,NA,NA,NA,NA,NA,NA,NA,1,1,1,1,1,1,FALSE,FALSE,FALSE,FALSE,FALSE,FALSE
262,ASV362,FALSE,FALSE,FALSE,-0.456593942,155.816.624.077.911,-0.334896461,0.116421708,0.242749335,0.219519985,-392.189.695.324.333,641.882.805.681.693,-152.558.529.546.304,1,1,1,1,1,1,FALSE,FALSE,FALSE,TRUE,TRUE,TRUE
263,ASV363,FALSE,FALSE,FALSE,NA,NA,NA,NA,NA,NA,NA,NA,NA,1,1,1,1,1,1,FALSE,FALSE,FALSE,FALSE,FALSE,TRUE
264,ASV364,FALSE,FALSE,FALSE,-0.090227451,0.486668923,-0.113289433,0.166098129,0.264395193,0.241269098,-0.543217747,18.406.874.866.249,-0.469556333,0.610311091,0.125037005,0.658436392,1,1,1,FALSE,FALSE,FALSE,TRUE,TRUE,TRUE
265,ASV365,TRUE,FALSE,TRUE,NA,NA,NA,NA,NA,NA,NA,NA,NA,NA,NA,NA,NA,NA,NA,NA,NA,NA,NA,NA,NA
266,ASV368,FALSE,FALSE,FALSE,NA,NA,NA,NA,NA,NA,NA,NA,NA,1,1,1,1,1,1,FALSE,FALSE,FALSE,FALSE,FALSE,TRUE
267,ASV370,FALSE,FALSE,FALSE,0.246638433,-0.385298581,-0.39562193,0.130637766,0.242823749,0.219594512,188.795.660.605.732,-158.674.175.149.255,-180.160.208.730.964,0.117668313,0.173431883,0.131486113,1,1,1,FALSE,FALSE,FALSE,TRUE,FALSE,TRUE
268,ASV371,FALSE,FALSE,FALSE,NA,NA,NA,NA,NA,NA,NA,NA,NA,1,1,1,1,1,1,FALSE,FALSE,FALSE,TRUE,TRUE,TRUE
269,ASV373,FALSE,FALSE,FALSE,0.429768639,-175.627.947.477.292,-0.113058149,0.161225338,0.267709114,0.244607999,266.563.956.246.855,-656.040.225.814.445,-0.462201357,0.037242618,0.000600747,0.66022242,1,1,1,FALSE,FALSE,FALSE,TRUE,TRUE,TRUE
270,ASV375,FALSE,FALSE,FALSE,-163.022.418.691.606,19.610.692.759.782,0.252872361,0.138859344,0.288023183,0.265104706,-117.401.115.195.754,680.872.024.602.374,0.953858438,0.007177287,0.02089716,0.440823477,1,1,1,FALSE,FALSE,FALSE,FALSE,FALSE,TRUE
271,ASV377,FALSE,FALSE,FALSE,NA,NA,NA,NA,NA,NA,NA,NA,NA,1,1,1,1,1,1,FALSE,FALSE,FALSE,FALSE,FALSE,TRUE
272,ASV378,FALSE,FALSE,FALSE,NA,NA,NA,NA,NA,NA,NA,NA,NA,1,1,1,1,1,1,FALSE,FALSE,FALSE,FALSE,FALSE,TRUE
273,ASV379,FALSE,FALSE,FALSE,-0.559447723,-0.050547614,0.92715404,0.169681313,0.269180816,0.246091339,-329.704.971.198.419,-0.187783121,376.751.998.944.269,0.016468339,0.857236309,0.009315824,1,1,1,FALSE,FALSE,FALSE,FALSE,TRUE,FALSE
274,ASV380,FALSE,FALSE,FALSE,NA,NA,NA,NA,NA,NA,NA,NA,NA,1,1,1,1,1,1,FALSE,FALSE,FALSE,FALSE,FALSE,TRUE
275,ASV381,TRUE,FALSE,TRUE,NA,NA,NA,NA,NA,NA,NA,NA,NA,NA,NA,NA,NA,NA,NA,NA,NA,NA,NA,NA,NA
276,ASV382,TRUE,FALSE,TRUE,NA,NA,NA,NA,NA,NA,NA,NA,NA,NA,NA,NA,NA,NA,NA,NA,NA,NA,NA,NA,NA
277,ASV383,FALSE,FALSE,FALSE,-0.914094963,0.012214075,176.790.659.582.852,0.116848727,0.24361555,0.220387637,-7.822.891.927.315,0.05013668,802.180.475.216.406,0.080940121,0.968108702,0.078953861,1,1,1,FALSE,FALSE,FALSE,TRUE,TRUE,TRUE
278,ASV385,FALSE,FALSE,FALSE,NA,NA,NA,NA,NA,NA,NA,NA,NA,1,1,1,1,1,1,FALSE,FALSE,FALSE,FALSE,FALSE,TRUE
279,ASV386,TRUE,FALSE,TRUE,NA,NA,NA,NA,NA,NA,NA,NA,NA,NA,NA,NA,NA,NA,NA,NA,NA,NA,NA,NA,NA
280,ASV387,FALSE,FALSE,FALSE,NA,NA,NA,NA,NA,NA,NA,NA,NA,1,1,1,1,1,1,FALSE,FALSE,FALSE,FALSE,FALSE,FALSE
281,ASV388,FALSE,FALSE,FALSE,NA,NA,NA,NA,NA,NA,NA,NA,NA,1,1,1,1,1,1,FALSE,FALSE,FALSE,FALSE,FALSE,FALSE
282,ASV389,FALSE,FALSE,FALSE,NA,NA,NA,NA,NA,NA,NA,NA,NA,1,1,1,1,1,1,FALSE,FALSE,FALSE,FALSE,FALSE,TRUE
283,ASV390,FALSE,FALSE,FALSE,-0.047805768,0.776608175,-0.143521433,0.135774731,0.227042973,0.203850178,-0.352096208,342.053.384.584.918,-0.70405351,0.736802927,0.014134465,0.507789609,1,1,1,FALSE,FALSE,FALSE,FALSE,TRUE,TRUE
284,ASV391,FALSE,FALSE,FALSE,NA,NA,NA,NA,NA,NA,NA,NA,NA,1,1,1,1,1,1,FALSE,FALSE,FALSE,FALSE,FALSE,FALSE
285,ASV392,FALSE,FALSE,FALSE,NA,NA,NA,NA,NA,NA,NA,NA,NA,1,1,1,1,1,1,FALSE,FALSE,FALSE,FALSE,FALSE,TRUE
286,ASV393,FALSE,FALSE,FALSE,-0.008686943,-0.70764703,0.151106412,0.119917501,0.221751235,0.198606682,-0.072440995,-31.911.751.473.147,0.760832467,0.944605429,0.018808392,0.475584556,1,1,1,FALSE,FALSE,FALSE,FALSE,TRUE,TRUE
287,ASV394,FALSE,FALSE,FALSE,-0.132335418,-0.254203696,0.157867215,0.113204629,0.236214578,0.212984607,-116.899.299.590.415,-107.615.583.296.416,0.741214202,0.362882226,0.394434056,0.535778907,1,1,1,FALSE,FALSE,FALSE,TRUE,TRUE,TRUE
288,ASV395,FALSE,FALSE,FALSE,NA,NA,NA,NA,NA,NA,NA,NA,NA,1,1,1,1,1,1,FALSE,FALSE,FALSE,TRUE,FALSE,TRUE
289,ASV396,FALSE,TRUE,TRUE,NA,NA,NA,NA,NA,NA,NA,NA,NA,NA,NA,NA,NA,NA,NA,NA,NA,NA,NA,NA,NA
290,ASV397,FALSE,FALSE,FALSE,-0.080792463,0.150624486,-0.060633718,0.117839136,0.245623646,0.222400143,-0.685616559,0.613232838,-0.272633448,0.617386882,0.649800077,0.830554278,1,1,1,FALSE,FALSE,FALSE,TRUE,TRUE,TRUE
291,ASV398,FALSE,FALSE,FALSE,NA,NA,NA,NA,NA,NA,NA,NA,NA,1,1,1,1,1,1,FALSE,FALSE,FALSE,TRUE,FALSE,TRUE
292,ASV399,TRUE,FALSE,TRUE,NA,NA,NA,NA,NA,NA,NA,NA,NA,NA,NA,NA,NA,NA,NA,NA,NA,NA,NA,NA,NA
293,ASV400,TRUE,FALSE,TRUE,NA,NA,NA,NA,NA,NA,NA,NA,NA,NA,NA,NA,NA,NA,NA,NA,NA,NA,NA,NA,NA
294,ASV401,FALSE,FALSE,FALSE,-0.051421699,0.133789172,-0.008448957,0.1301265,0.226473268,0.203284596,-0.395166999,0.590750393,-0.041562212,0.706385882,0.576247882,0.968196241,1,1,1,FALSE,FALSE,FALSE,FALSE,FALSE,TRUE
295,ASV402,FALSE,FALSE,FALSE,-0.526994004,0.651334298,106.332.481.734.856,0.242368981,0.276033683,0.253002199,-217.434.592.104.705,235.961.890.555.946,420.282.835.686.336,0.117973447,0.099434268,0.024588204,1,1,1,FALSE,FALSE,FALSE,TRUE,TRUE,FALSE
296,ASV404,FALSE,FALSE,FALSE,0.019768921,-0.447215481,-0.008218649,0.141260189,0.232818159,0.209596077,0.139946871,-192.087.886.287.937,-0.039211843,0.894164698,0.112801491,0.970238995,1,1,1,FALSE,FALSE,FALSE,FALSE,FALSE,TRUE
297,ASV405,FALSE,FALSE,FALSE,-0.120769164,-0.819792756,0.303812181,0.139357132,0.237650417,0.214418913,-0.866616313,-344.957.423.370.641,14.169.094.390.344,0.425776106,0.01824601,0.215692548,1,1,1,FALSE,FALSE,FALSE,FALSE,TRUE,TRUE
298,ASV406,FALSE,FALSE,FALSE,NA,NA,NA,NA,NA,NA,NA,NA,NA,1,1,1,1,1,1,FALSE,FALSE,FALSE,FALSE,FALSE,FALSE
299,ASV408,FALSE,FALSE,FALSE,-0.408242677,-0.050684966,0.512585977,0.214538584,0.262071222,0.23892872,-190.288.697.252.336,-0.193401494,21.453.510.308.168,0.115434877,0.854255657,0.084741755,1,1,1,FALSE,FALSE,FALSE,TRUE,TRUE,TRUE
300,ASV410,TRUE,FALSE,TRUE,NA,NA,NA,NA,NA,NA,NA,NA,NA,NA,NA,NA,NA,NA,NA,NA,NA,NA,NA,NA,NA
301,ASV411,FALSE,FALSE,FALSE,NA,NA,NA,NA,NA,NA,NA,NA,NA,1,1,1,1,1,1,FALSE,FALSE,FALSE,TRUE,FALSE,TRUE
302,ASV412,FALSE,FALSE,FALSE,NA,NA,NA,NA,NA,NA,NA,NA,NA,1,1,1,1,1,1,FALSE,FALSE,FALSE,TRUE,TRUE,TRUE
303,ASV413,FALSE,FALSE,FALSE,0.082148433,-116.835.608.473.093,0.079744546,0.116731853,0.22157085,0.198428362,0.703736219,-527.305.864.193.625,0.401880782,0.507973591,0.001877692,0.701695805,1,1,1,FALSE,FALSE,FALSE,FALSE,TRUE,TRUE
304,ASV415,TRUE,FALSE,TRUE,NA,NA,NA,NA,NA,NA,NA,NA,NA,NA,NA,NA,NA,NA,NA,NA,NA,NA,NA,NA,NA
305,ASV416,FALSE,FALSE,FALSE,NA,NA,NA,NA,NA,NA,NA,NA,NA,1,1,1,1,1,1,FALSE,FALSE,FALSE,FALSE,FALSE,TRUE
306,ASV417,FALSE,FALSE,FALSE,0.412902385,0.066093107,-0.844799144,0.12432515,0.257503807,0.234332104,332.114.929.937.827,0.256668467,-360.513.616.470.793,0.079941065,0.821425227,0.069064957,1,1,1,FALSE,FALSE,FALSE,TRUE,TRUE,TRUE
307,ASV418,FALSE,FALSE,FALSE,-0.116463726,-0.575884497,173.681.633.935.969,0.12097045,0.241460965,0.218230025,-0.96274525,-238.500.039.879.775,79.586.497.814.871,0.437258371,0.13984769,0.015423478,1,1,1,FALSE,FALSE,FALSE,TRUE,TRUE,FALSE
308,ASV419,FALSE,FALSE,FALSE,NA,NA,NA,NA,NA,NA,NA,NA,NA,1,1,1,1,1,1,FALSE,FALSE,FALSE,FALSE,FALSE,TRUE
309,ASV420,FALSE,FALSE,FALSE,-0.880983911,-0.083327461,113.015.197.842.854,0.131974036,0.274140364,0.251092284,-667.543.359.706.686,-0.303959111,450.094.268.631.698,0.002617586,0.776314806,0.010814741,1,1,1,FALSE,FALSE,FALSE,FALSE,TRUE,FALSE
310,ASV421,FALSE,FALSE,FALSE,0.165763794,-0.589548698,-0.315442636,0.126097719,0.230612677,0.207399239,131.456.615.126.221,-255.644.532.262.622,-15.209.440.413.218,0.236667371,0.043114592,0.179091073,1,1,1,FALSE,FALSE,FALSE,FALSE,TRUE,TRUE
311,ASV423,FALSE,FALSE,FALSE,0.09026539,-153.632.743.245.141,0.054380732,0.114074267,0.220096297,0.196971843,0.791286172,-698.025.114.443.784,0.276083787,0.458905713,0.000430023,0.791746696,1,0.971421806,1,FALSE,FALSE,FALSE,FALSE,TRUE,TRUE
312,ASV424,FALSE,FALSE,FALSE,NA,NA,NA,NA,NA,NA,NA,NA,NA,1,1,1,1,1,1,FALSE,FALSE,FALSE,FALSE,FALSE,TRUE
313,ASV425,FALSE,FALSE,FALSE,NA,NA,NA,NA,NA,NA,NA,NA,NA,1,1,1,1,1,1,FALSE,FALSE,FALSE,FALSE,FALSE,TRUE
314,ASV426,FALSE,FALSE,FALSE,NA,NA,NA,NA,NA,NA,NA,NA,NA,1,1,1,1,1,1,FALSE,FALSE,FALSE,TRUE,FALSE,TRUE
315,ASV428,FALSE,FALSE,FALSE,0.621454273,-0.291178374,-0.657783153,0.114563062,0.23897592,0.215743876,542.456.059.873.869,-121.844.231.589.036,-304.890.765.426.783,0.11605581,0.437515683,0.201764253,1,1,1,FALSE,FALSE,FALSE,TRUE,TRUE,TRUE
316,ASV429,FALSE,FALSE,FALSE,NA,NA,NA,NA,NA,NA,NA,NA,NA,1,1,1,1,1,1,FALSE,FALSE,FALSE,FALSE,FALSE,TRUE
317,ASV431,FALSE,FALSE,FALSE,0.183533695,-0.38552924,-0.337538421,0.168142645,0.256239911,0.233060919,109.153.567.113.101,-150.456.358.537.286,-144.828.409.026.002,0.32482015,0.192770404,0.2072032,1,1,1,FALSE,FALSE,FALSE,TRUE,FALSE,TRUE
318,ASV432,FALSE,FALSE,FALSE,-0.227646244,0.47993709,-0.095782299,0.116421708,0.242749335,0.219519985,-195.535.907.982.526,197.708.920.843.996,-0.436326098,1,1,1,1,1,1,FALSE,FALSE,FALSE,TRUE,TRUE,TRUE
319,ASV433,FALSE,FALSE,FALSE,0.017072716,0.143270463,-0.18232438,0.11694842,0.234026196,0.210800588,0.14598501,0.612198399,-0.864914,0.89099466,0.57349659,0.435873654,1,1,1,FALSE,FALSE,FALSE,TRUE,TRUE,TRUE
320,ASV434,FALSE,FALSE,FALSE,-0.082626537,0.041430796,0.111595806,0.124288051,0.243407911,0.220179628,-0.664798719,0.170211376,0.506839835,0.553716709,0.875675364,0.647172792,1,1,1,FALSE,FALSE,FALSE,TRUE,FALSE,TRUE
321,ASV436,FALSE,FALSE,FALSE,-0.730178979,0.782768843,0.069692505,0.161905337,0.310624608,0.287941508,-450.991.297.198.862,251.998.335.569.488,0.242037021,0.020369552,0.08617803,0.824353599,1,1,1,FALSE,FALSE,FALSE,FALSE,TRUE,TRUE
322,ASV437,FALSE,FALSE,FALSE,-0.191875308,0.587331673,0.138064057,0.152179469,0.246794198,0.223573926,-126.084.884.629.506,237.984.392.235.718,0.617532013,0.262995829,0.063177168,0.563919518,1,1,1,FALSE,FALSE,FALSE,FALSE,FALSE,TRUE
323,ASV439,FALSE,FALSE,FALSE,-189.722.737.960.976,182.474.598.338.767,144.534.314.239.139,0.12169237,0.253424608,0.23023075,-155.903.560.988.162,720.035.043.158.653,627.780.235.106.612,0.000573466,0.005521366,0.008160826,1,1,1,FALSE,FALSE,FALSE,FALSE,FALSE,FALSE
324,ASV440,FALSE,FALSE,FALSE,NA,NA,NA,NA,NA,NA,NA,NA,NA,1,1,1,1,1,1,FALSE,FALSE,FALSE,FALSE,FALSE,TRUE
325,ASV442,FALSE,FALSE,FALSE,0.22948595,-196.386.957.098.569,0.242709532,0.126085481,0.231636792,0.208418974,182.008.227.877.946,-847.822.815.764.124,116.452.704.986.846,0.111555097,6.28E+09,0.282358566,1,0.142556227,1,FALSE,FALSE,FALSE,FALSE,TRUE,TRUE
326,ASV443,FALSE,FALSE,FALSE,NA,NA,NA,NA,NA,NA,NA,NA,NA,1,1,1,1,1,1,FALSE,FALSE,FALSE,FALSE,FALSE,FALSE
327,ASV444,FALSE,FALSE,FALSE,0.009048233,0.560822595,-0.263428887,0.122675126,0.242786078,0.219556784,0.073757686,230.994.544.137.217,-119.982.121.363.687,0.943600683,0.060273336,0.275431628,1,1,1,FALSE,FALSE,FALSE,FALSE,FALSE,TRUE
328,ASV445,FALSE,FALSE,FALSE,NA,NA,NA,NA,NA,NA,NA,NA,NA,1,1,1,1,1,1,FALSE,FALSE,FALSE,TRUE,FALSE,TRUE
329,ASV446,FALSE,FALSE,FALSE,-11.975.800.901.129,161.387.420.161.976,0.122620734,0.120030272,0.250061786,0.226852903,-997.731.716.367.878,645.390.175.091.811,0.54052971,0.009896642,0.02317659,0.642977215,1,1,1,FALSE,FALSE,FALSE,FALSE,FALSE,TRUE
330,ASV447,FALSE,FALSE,FALSE,NA,NA,NA,NA,NA,NA,NA,NA,NA,1,1,1,1,1,1,FALSE,FALSE,FALSE,FALSE,FALSE,TRUE
331,ASV448,FALSE,FALSE,FALSE,0.072450422,-0.708671444,0.005264037,0.128987235,0.225726007,0.202543114,0.561686759,-313.952.057.244.913,0.025989712,0.594672401,0.020080128,0.980108383,1,1,1,FALSE,FALSE,FALSE,FALSE,TRUE,TRUE
332,ASV449,FALSE,FALSE,FALSE,0.07963917,-108.048.604.559.627,0.255653731,0.142352871,0.245893572,0.222670772,0.559448987,-439.412.073.616.007,114.812.432.825.592,0.675280145,0.142453691,0.456171139,1,1,1,FALSE,FALSE,FALSE,TRUE,TRUE,TRUE
333,ASV451,FALSE,FALSE,FALSE,NA,NA,NA,NA,NA,NA,NA,NA,NA,1,1,1,1,1,1,FALSE,FALSE,FALSE,FALSE,FALSE,FALSE
334,ASV453,FALSE,FALSE,FALSE,-0.642781392,0.027823659,0.783623213,0.30283169,0.319509497,0.29692249,-212.256.977.427.132,0.087082417,263.915.074.765.147,0.087221126,0.933985955,0.046023214,1,1,1,FALSE,FALSE,FALSE,TRUE,TRUE,FALSE
335,ASV454,FALSE,FALSE,FALSE,NA,NA,NA,NA,NA,NA,NA,NA,NA,1,1,1,1,1,1,FALSE,FALSE,FALSE,TRUE,TRUE,TRUE
336,ASV456,FALSE,FALSE,FALSE,0.009963034,-100.486.247.901.165,0.245794813,0.126929295,0.23634142,0.213111273,0.078492783,-425.174.088.130.693,115.336.373.532.011,0.942378402,0.023845178,0.332312736,1,1,1,FALSE,FALSE,FALSE,TRUE,FALSE,TRUE
337,ASV458,FALSE,FALSE,FALSE,-0.283606514,0.603521199,0.199747841,0.116421708,0.242749335,0.219519985,-243.602.776.918.077,248.619.094.825.669,0.909930096,1,1,1,1,1,1,FALSE,FALSE,FALSE,TRUE,TRUE,TRUE
338,ASV459,FALSE,FALSE,FALSE,NA,NA,NA,NA,NA,NA,NA,NA,NA,1,1,1,1,1,1,FALSE,FALSE,FALSE,FALSE,FALSE,FALSE
339,ASV460,FALSE,FALSE,FALSE,NA,NA,NA,NA,NA,NA,NA,NA,NA,1,1,1,1,1,1,FALSE,FALSE,FALSE,FALSE,FALSE,TRUE
340,ASV461,FALSE,FALSE,FALSE,NA,NA,NA,NA,NA,NA,NA,NA,NA,1,1,1,1,1,1,FALSE,FALSE,FALSE,FALSE,FALSE,FALSE
341,ASV465,FALSE,FALSE,FALSE,-101.112.969.193.038,103.364.473.935.995,0.06795801,0.157805826,0.326044511,0.303528535,-640.742.940.629.648,317.025.652.347.127,0.223893316,0.007701764,0.050470722,0.837221134,1,1,1,FALSE,FALSE,FALSE,FALSE,FALSE,TRUE
342,ASV467,FALSE,FALSE,FALSE,-0.4310117,186.289.558.479.372,-0.829034845,0.118631477,0.247229219,0.224010265,-363.319.845.303.473,753.509.473.590.034,-370.087.881.654.523,0.035912698,0.004845419,0.034257115,1,1,1,FALSE,FALSE,FALSE,FALSE,FALSE,FALSE
343,ASV470,TRUE,FALSE,TRUE,NA,NA,NA,NA,NA,NA,NA,NA,NA,NA,NA,NA,NA,NA,NA,NA,NA,NA,NA,NA,NA
344,ASV472,FALSE,FALSE,FALSE,-160.033.918.202.505,196.150.731.521.445,0.512404479,0.159487425,0.329414394,0.306935053,-100.342.655.846.489,595.452.825.843.588,166.942.313.550.314,0.009786265,0.027063931,0.236980018,1,1,1,FALSE,FALSE,FALSE,FALSE,FALSE,TRUE
345,ASV473,FALSE,FALSE,FALSE,0.288129901,-157.779.323.071.687,-0.209134667,0.128778807,0.236924536,0.21369368,223.740.153.596.387,-665.947.586.607.266,-0.978665663,0.066584571,0.000554338,0.365540633,1,1,1,FALSE,FALSE,FALSE,FALSE,TRUE,TRUE
346,ASV474,FALSE,FALSE,FALSE,0.219338407,-129.408.438.770.508,-0.210242436,0.152329445,0.240229591,0.21699777,143.989.501.015.568,-538.686.504.488.556,-0.968869108,0.199962273,0.001684673,0.370027784,1,1,1,FALSE,FALSE,FALSE,FALSE,TRUE,TRUE
347,ASV475,FALSE,FALSE,FALSE,0.084659204,-0.716487676,0.099708119,0.221714376,0.276562929,0.253536155,0.381839036,-259.068.588.247.277,0.393269824,0.718270286,0.048796318,0.710329271,1,1,1,FALSE,FALSE,FALSE,TRUE,FALSE,TRUE
348,ASV477,FALSE,FALSE,FALSE,-0.592554434,0.795173024,-0.120914214,0.140735427,0.291710223,0.26882864,-421.041.415.172.594,272.590.043.847.361,-0.449781741,0.024471029,0.072189473,0.683379586,1,1,1,FALSE,FALSE,FALSE,FALSE,TRUE,TRUE
349,ASV480,FALSE,FALSE,FALSE,NA,NA,NA,NA,NA,NA,NA,NA,NA,1,1,1,1,1,1,FALSE,FALSE,FALSE,FALSE,FALSE,TRUE
350,ASV481,FALSE,FALSE,FALSE,-0.331637473,0.701742717,0.083382146,0.126784761,0.241721093,0.21849042,-26.157.518.478.818,290.310.915.309.348,0.381628386,0.232464649,0.211185479,0.767908067,1,1,1,FALSE,FALSE,FALSE,TRUE,TRUE,TRUE
351,ASV483,FALSE,FALSE,FALSE,0.230458458,-119.007.330.579.451,-0.330696914,0.135818287,0.235194123,0.211965872,169.681.463.790.116,-505.996.192.196.358,-156.014.225.971.945,0.164969659,0.007180729,0.193742013,1,1,1,FALSE,FALSE,FALSE,FALSE,TRUE,TRUE
352,ASV484,FALSE,FALSE,FALSE,NA,NA,NA,NA,NA,NA,NA,NA,NA,1,1,1,1,1,1,FALSE,FALSE,FALSE,TRUE,FALSE,TRUE
353,ASV485,TRUE,FALSE,TRUE,NA,NA,NA,NA,NA,NA,NA,NA,NA,NA,NA,NA,NA,NA,NA,NA,NA,NA,NA,NA,NA
354,ASV486,FALSE,FALSE,FALSE,0.366851929,-0.204047943,-0.441099311,0.117826884,0.240334408,0.217102637,311.348.239.888.889,-0.849016773,-203.175.473.832.104,0.052738288,0.458249803,0.135115273,1,1,1,FALSE,FALSE,FALSE,TRUE,FALSE,TRUE
355,ASV487,FALSE,FALSE,FALSE,NA,NA,NA,NA,NA,NA,NA,NA,NA,1,1,1,1,1,1,FALSE,FALSE,FALSE,TRUE,FALSE,TRUE
356,ASV488,FALSE,FALSE,FALSE,-0.547643639,-0.0584845,0.687505406,0.148029774,0.253157602,0.229962439,-369.955.061.265.313,-0.231020123,298.964.217.973.565,0.020843626,0.828634801,0.04035238,1,1,1,FALSE,FALSE,FALSE,FALSE,TRUE,FALSE
357,ASV489,FALSE,FALSE,FALSE,-0.116288527,0.795300374,-0.108682124,0.129642934,0.241833268,0.218602719,-0.896990864,32.886.309.691.366,-0.497167303,0.399520833,0.013327636,0.634304104,1,1,1,FALSE,FALSE,FALSE,FALSE,TRUE,TRUE
358,ASV490,FALSE,FALSE,FALSE,-0.114330524,-0.013430677,-0.077548918,0.126264172,0.262660092,0.239521655,-0.905486662,-0.0511333,-0.323765793,0.460781561,0.963866908,0.776836565,1,1,1,FALSE,FALSE,FALSE,TRUE,TRUE,TRUE
359,ASV491,FALSE,FALSE,FALSE,NA,NA,NA,NA,NA,NA,NA,NA,NA,1,1,1,1,1,1,FALSE,FALSE,FALSE,FALSE,FALSE,TRUE
360,ASV492,FALSE,FALSE,FALSE,NA,NA,NA,NA,NA,NA,NA,NA,NA,1,1,1,1,1,1,FALSE,FALSE,FALSE,TRUE,FALSE,TRUE
361,ASV493,FALSE,FALSE,FALSE,NA,NA,NA,NA,NA,NA,NA,NA,NA,1,1,1,1,1,1,FALSE,FALSE,FALSE,TRUE,TRUE,TRUE
362,ASV494,FALSE,FALSE,FALSE,-0.971773545,137.449.629.168.369,0.43965421,0.137083083,0.270812875,0.247736666,-70.889.384.760.181,507.544.662.016.577,177.468.364.733.172,0.005773757,0.014772553,0.174044922,1,1,1,FALSE,FALSE,FALSE,FALSE,FALSE,TRUE
363,ASV495,FALSE,FALSE,FALSE,NA,NA,NA,NA,NA,NA,NA,NA,NA,1,1,1,1,1,1,FALSE,FALSE,FALSE,TRUE,TRUE,TRUE
364,ASV497,FALSE,FALSE,FALSE,NA,NA,NA,NA,NA,NA,NA,NA,NA,1,1,1,1,1,1,FALSE,FALSE,FALSE,FALSE,FALSE,TRUE
365,ASV498,FALSE,FALSE,FALSE,NA,NA,NA,NA,NA,NA,NA,NA,NA,1,1,1,1,1,1,FALSE,FALSE,FALSE,FALSE,FALSE,TRUE
366,ASV500,FALSE,FALSE,FALSE,-0.409776925,193.553.825.176.899,-0.550386858,0.116421708,0.242749335,0.219519985,-351.976.389.733.871,797.340.290.807.803,-250.722.893.171.482,1,1,1,1,1,1,FALSE,FALSE,FALSE,TRUE,TRUE,TRUE
367,ASV501,FALSE,FALSE,FALSE,0.016241789,-0.195998055,0.073000205,0.173452398,0.259585738,0.236426814,0.09363831,-0.755041693,0.308764493,0.92989926,0.492243748,0.772913803,1,1,1,FALSE,FALSE,FALSE,TRUE,TRUE,TRUE
368,ASV502,FALSE,FALSE,FALSE,-0.447575441,0.742673257,0.058724025,0.11593378,0.240359631,0.217127872,-386.061.285.965.986,308.984.189.827.329,0.270458254,0.061018036,0.09071639,0.812161279,1,1,1,FALSE,FALSE,FALSE,TRUE,TRUE,TRUE
369,ASV503,FALSE,FALSE,FALSE,0.124534568,-0.093529605,-0.16412004,0.11799641,0.245942405,0.222719735,105.540.980.230.286,-0.380290682,-0.736890422,0.401905925,0.740318861,0.537907317,1,1,1,FALSE,FALSE,FALSE,TRUE,TRUE,TRUE
370,ASV504,FALSE,FALSE,FALSE,NA,NA,NA,NA,NA,NA,NA,NA,NA,1,1,1,1,1,1,FALSE,FALSE,FALSE,FALSE,FALSE,FALSE
371,ASV505,FALSE,FALSE,FALSE,-0.00767842,-139.303.216.625.154,0.157450041,0.123774318,0.233501188,0.210277011,-0.062035645,-59.658.461.673.894,0.748774393,0.952549354,0.000993842,0.482303739,1,1,1,FALSE,FALSE,FALSE,FALSE,TRUE,TRUE
372,ASV506,TRUE,FALSE,TRUE,NA,NA,NA,NA,NA,NA,NA,NA,NA,NA,NA,NA,NA,NA,NA,NA,NA,NA,NA,NA,NA
373,ASV507,TRUE,FALSE,TRUE,NA,NA,NA,NA,NA,NA,NA,NA,NA,NA,NA,NA,NA,NA,NA,NA,NA,NA,NA,NA,NA
374,ASV508,FALSE,TRUE,TRUE,NA,NA,NA,NA,NA,NA,NA,NA,NA,NA,NA,NA,NA,NA,NA,NA,NA,NA,NA,NA,NA
375,ASV509,FALSE,FALSE,FALSE,NA,NA,NA,NA,NA,NA,NA,NA,NA,1,1,1,1,1,1,FALSE,FALSE,FALSE,FALSE,FALSE,TRUE
376,ASV510,TRUE,FALSE,TRUE,NA,NA,NA,NA,NA,NA,NA,NA,NA,NA,NA,NA,NA,NA,NA,NA,NA,NA,NA,NA,NA
377,ASV511,FALSE,FALSE,FALSE,-11.212.484.474.701,0.996707754,255.070.037.392.606,0.116421708,0.242749335,0.219519985,-963.092.249.715.176,410.591.343.220.442,116.194.449.082.375,1,1,1,1,1,1,FALSE,FALSE,FALSE,TRUE,TRUE,TRUE
378,ASV513,FALSE,FALSE,FALSE,-0.089721965,0.586872928,-0.033744883,0.107329052,0.223930282,0.200763067,-0.835952272,262.078.412.572.304,-0.168083122,0.441287424,0.047053228,0.873105239,1,1,1,FALSE,FALSE,FALSE,TRUE,TRUE,TRUE
379,ASV514,FALSE,FALSE,FALSE,0.430181655,-107.016.386.716.661,-0.400666852,0.114685313,0.238820992,0.215588968,375.097.425.243.038,-448.102.932.110.564,-185.847.566.700.562,0.165863468,0.139779601,0.314262232,1,1,1,FALSE,FALSE,FALSE,TRUE,TRUE,TRUE
380,ASV515,FALSE,FALSE,FALSE,-0.486015072,0.170224666,0.676299192,0.149125421,0.28411773,0.261161142,-325.910.276.545.956,0.59913426,258.958.583.277.696,0.082643266,0.609911009,0.122348485,1,1,1,FALSE,FALSE,FALSE,TRUE,TRUE,TRUE
381,ASV518,FALSE,FALSE,FALSE,NA,NA,NA,NA,NA,NA,NA,NA,NA,1,1,1,1,1,1,FALSE,FALSE,FALSE,TRUE,FALSE,TRUE
382,ASV519,FALSE,FALSE,FALSE,-1.007.655.750.035,-0.102802581,132.707.270.907.214,0.222910377,0.309672417,0.286979082,-452.045.240.336.176,-0.33197203,462.428.375.913.848,0.010654644,0.756576775,0.009849365,1,1,1,FALSE,FALSE,FALSE,FALSE,TRUE,FALSE
383,ASV520,FALSE,TRUE,TRUE,NA,NA,NA,NA,NA,NA,NA,NA,NA,NA,NA,NA,NA,NA,NA,NA,NA,NA,NA,NA,NA
384,ASV521,FALSE,FALSE,FALSE,0.150239544,0.200946426,-0.315666232,0.148415242,0.244245106,0.221018416,101.229.187.813.241,0.822724472,-142.823.497.393.629,0.350465682,0.442127386,0.203143812,1,1,1,FALSE,FALSE,FALSE,TRUE,FALSE,TRUE
385,ASV522,FALSE,FALSE,FALSE,-0.38664061,0.268199948,NA,0.118339137,0.246636924,NA,-326.722.520.064.854,108.742.820.680.876,NA,1,1,1,1,1,1,FALSE,FALSE,FALSE,TRUE,TRUE,TRUE
386,ASV524,FALSE,FALSE,FALSE,-0.080963401,0.461003542,0.057345332,0.293224871,0.314233451,0.291589271,-0.276113689,146.707.341.402.003,0.196664751,0.800389352,0.238637799,0.856659035,1,1,1,FALSE,FALSE,FALSE,TRUE,TRUE,TRUE
387,ASV526,FALSE,FALSE,FALSE,0.119790497,0.025870331,-0.337043606,0.113501466,0.236818236,0.213587497,10.554.092.422.527,0.109241294,-157.801.187.419.865,0.401906128,0.922984169,0.255300227,1,1,1,FALSE,FALSE,FALSE,TRUE,TRUE,TRUE
388,ASV528,FALSE,FALSE,FALSE,0.041344927,-0.375983693,-0.090856084,0.115429176,0.238801164,0.215569144,0.358184371,-157.446.340.645.363,-0.421470729,0.743926012,0.213451035,0.701788022,1,1,1,FALSE,FALSE,FALSE,TRUE,FALSE,TRUE
389,ASV531,FALSE,FALSE,FALSE,NA,NA,NA,NA,NA,NA,NA,NA,NA,1,1,1,1,1,1,FALSE,FALSE,FALSE,FALSE,FALSE,TRUE
390,ASV532,TRUE,FALSE,TRUE,NA,NA,NA,NA,NA,NA,NA,NA,NA,NA,NA,NA,NA,NA,NA,NA,NA,NA,NA,NA,NA
391,ASV533,FALSE,FALSE,FALSE,NA,NA,NA,NA,NA,NA,NA,NA,NA,1,1,1,1,1,1,FALSE,FALSE,FALSE,FALSE,FALSE,FALSE
392,ASV534,FALSE,FALSE,FALSE,NA,NA,NA,NA,NA,NA,NA,NA,NA,1,1,1,1,1,1,FALSE,FALSE,FALSE,FALSE,FALSE,FALSE
393,ASV535,FALSE,FALSE,FALSE,-0.33212879,-0.137319773,0.3577537,0.126233502,0.24527091,0.222046527,-263.106.691.464.939,-0.559869793,161.116.548.485.163,0.058121219,0.605437065,0.182434383,1,1,1,FALSE,FALSE,FALSE,TRUE,TRUE,TRUE
394,ASV536,FALSE,FALSE,FALSE,NA,NA,NA,NA,NA,NA,NA,NA,NA,1,1,1,1,1,1,FALSE,FALSE,FALSE,FALSE,FALSE,TRUE
395,ASV537,FALSE,FALSE,FALSE,-0.506476916,0.465562577,0.876944322,0.125062663,0.241289164,0.218058063,-404.978.517.025.635,192.947.983.768.557,402.160.923.739.604,0.154115486,0.304406122,0.155153127,1,1,1,FALSE,FALSE,FALSE,TRUE,TRUE,TRUE
396,ASV538,FALSE,FALSE,FALSE,NA,NA,NA,NA,NA,NA,NA,NA,NA,1,1,1,1,1,1,FALSE,FALSE,FALSE,FALSE,FALSE,TRUE
397,ASV539,FALSE,FALSE,FALSE,-120.357.861.731.471,28.111.784.074.158,NA,0.11720459,0.242926499,NA,-102.690.399.459.372,115.721.356.687.345,NA,0.061799235,0.054876836,1,1,1,1,FALSE,FALSE,FALSE,TRUE,TRUE,TRUE
398,ASV540,FALSE,FALSE,FALSE,NA,NA,NA,NA,NA,NA,NA,NA,NA,1,1,1,1,1,1,FALSE,FALSE,FALSE,FALSE,FALSE,FALSE
399,ASV541,FALSE,FALSE,FALSE,NA,NA,NA,NA,NA,NA,NA,NA,NA,1,1,1,1,1,1,FALSE,FALSE,FALSE,FALSE,FALSE,TRUE
400,ASV542,FALSE,FALSE,FALSE,-0.541727257,0.675722675,0.113657352,0.129964382,0.25369224,0.23049971,-416.827.479.743.633,26.635.527.950.185,0.493091086,0.014050775,0.056181941,0.647791946,1,1,1,FALSE,FALSE,FALSE,FALSE,TRUE,TRUE
401,ASV543,TRUE,FALSE,TRUE,NA,NA,NA,NA,NA,NA,NA,NA,NA,NA,NA,NA,NA,NA,NA,NA,NA,NA,NA,NA,NA
402,ASV544,FALSE,FALSE,FALSE,NA,NA,NA,NA,NA,NA,NA,NA,NA,1,1,1,1,1,1,FALSE,FALSE,FALSE,FALSE,FALSE,TRUE
403,ASV545,FALSE,FALSE,FALSE,NA,NA,NA,NA,NA,NA,NA,NA,NA,1,1,1,1,1,1,FALSE,FALSE,FALSE,FALSE,FALSE,TRUE
404,ASV546,TRUE,FALSE,TRUE,NA,NA,NA,NA,NA,NA,NA,NA,NA,NA,NA,NA,NA,NA,NA,NA,NA,NA,NA,NA,NA
405,ASV547,FALSE,FALSE,FALSE,NA,NA,NA,NA,NA,NA,NA,NA,NA,1,1,1,1,1,1,FALSE,FALSE,FALSE,TRUE,TRUE,TRUE
406,ASV548,FALSE,FALSE,FALSE,NA,NA,NA,NA,NA,NA,NA,NA,NA,1,1,1,1,1,1,FALSE,FALSE,FALSE,FALSE,FALSE,TRUE
407,ASV549,TRUE,FALSE,TRUE,NA,NA,NA,NA,NA,NA,NA,NA,NA,NA,NA,NA,NA,NA,NA,NA,NA,NA,NA,NA,NA
408,ASV551,FALSE,FALSE,FALSE,NA,NA,NA,NA,NA,NA,NA,NA,NA,1,1,1,1,1,1,FALSE,FALSE,FALSE,FALSE,FALSE,FALSE
409,ASV553,FALSE,FALSE,FALSE,0.045920112,-0.062437197,-0.076228253,0.11910137,0.223249811,0.20008923,0.385554856,-0.27967413,-0.380971296,0.713125299,0.789118704,0.716349064,1,1,1,FALSE,FALSE,FALSE,FALSE,FALSE,TRUE
410,ASV554,FALSE,FALSE,FALSE,NA,NA,NA,NA,NA,NA,NA,NA,NA,1,1,1,1,1,1,FALSE,FALSE,FALSE,FALSE,FALSE,FALSE
411,ASV555,FALSE,FALSE,FALSE,NA,NA,NA,NA,NA,NA,NA,NA,NA,1,1,1,1,1,1,FALSE,FALSE,FALSE,FALSE,FALSE,TRUE
412,ASV557,FALSE,FALSE,FALSE,-0.363046441,0.288841741,0.319445008,0.114475562,0.238798145,0.215566126,-317.138.816.507.696,120.956.442.263.102,148.188.870.955.744,0.19445634,0.439800368,0.377911645,1,1,1,FALSE,FALSE,FALSE,TRUE,TRUE,TRUE
413,ASV558,FALSE,FALSE,FALSE,-0.017496643,-0.463384103,0.097961763,0.215674569,0.265129991,0.242009281,-0.081125203,-17.477.619.219.734,0.404785152,0.940451488,0.178828816,0.712768609,1,1,1,FALSE,FALSE,FALSE,TRUE,FALSE,TRUE
414,ASV559,FALSE,FALSE,FALSE,NA,NA,NA,NA,NA,NA,NA,NA,NA,1,1,1,1,1,1,FALSE,FALSE,FALSE,TRUE,TRUE,TRUE
415,ASV560,FALSE,FALSE,FALSE,NA,NA,NA,NA,NA,NA,NA,NA,NA,1,1,1,1,1,1,FALSE,FALSE,FALSE,FALSE,FALSE,TRUE
416,ASV561,FALSE,FALSE,FALSE,0.121194113,-0.920041591,0.097216388,0.19450685,0.255848024,0.232666847,0.623084038,-35.960.472.729.153,0.417835155,0.556156683,0.011420591,0.690608408,1,1,1,FALSE,FALSE,FALSE,TRUE,TRUE,TRUE
417,ASV562,FALSE,FALSE,FALSE,NA,NA,NA,NA,NA,NA,NA,NA,NA,1,1,1,1,1,1,FALSE,FALSE,FALSE,TRUE,TRUE,TRUE
418,ASV563,FALSE,FALSE,FALSE,NA,NA,NA,NA,NA,NA,NA,NA,NA,1,1,1,1,1,1,FALSE,FALSE,FALSE,FALSE,FALSE,TRUE
419,ASV564,TRUE,FALSE,TRUE,NA,NA,NA,NA,NA,NA,NA,NA,NA,NA,NA,NA,NA,NA,NA,NA,NA,NA,NA,NA,NA
420,ASV565,FALSE,FALSE,FALSE,NA,NA,NA,NA,NA,NA,NA,NA,NA,1,1,1,1,1,1,FALSE,FALSE,FALSE,FALSE,FALSE,TRUE
421,ASV566,FALSE,FALSE,FALSE,NA,NA,NA,NA,NA,NA,NA,NA,NA,1,1,1,1,1,1,FALSE,FALSE,FALSE,FALSE,FALSE,TRUE
422,ASV567,FALSE,FALSE,FALSE,NA,NA,NA,NA,NA,NA,NA,NA,NA,1,1,1,1,1,1,FALSE,FALSE,FALSE,FALSE,FALSE,TRUE
423,ASV568,TRUE,FALSE,TRUE,NA,NA,NA,NA,NA,NA,NA,NA,NA,NA,NA,NA,NA,NA,NA,NA,NA,NA,NA,NA,NA
424,ASV569,FALSE,FALSE,FALSE,NA,NA,NA,NA,NA,NA,NA,NA,NA,1,1,1,1,1,1,FALSE,FALSE,FALSE,FALSE,FALSE,TRUE
425,ASV570,FALSE,FALSE,FALSE,-0.232007601,-0.361452059,0.415653913,0.165632652,0.258320438,0.235153637,-140.073.589.867.385,-139.923.910.753.446,176.758.445.525.698,0.210832054,0.211258071,0.127549645,1,1,1,FALSE,FALSE,FALSE,FALSE,FALSE,TRUE
426,ASV571,FALSE,FALSE,FALSE,NA,NA,NA,NA,NA,NA,NA,NA,NA,1,1,1,1,1,1,FALSE,FALSE,FALSE,FALSE,FALSE,TRUE
427,ASV572,FALSE,FALSE,FALSE,0.532183779,-129.112.689.546.982,-0.226689578,0.122757455,0.255577973,0.232395311,433.524.612.104.224,-505.179.252.627.679,-0.975448157,0.022642377,0.014963341,0.401279451,1,1,1,FALSE,FALSE,FALSE,FALSE,FALSE,TRUE
428,ASV573,FALSE,TRUE,TRUE,NA,NA,NA,NA,NA,NA,NA,NA,NA,NA,NA,NA,NA,NA,NA,NA,NA,NA,NA,NA,NA
429,ASV575,FALSE,FALSE,FALSE,0.390644029,-133.676.683.911.016,-0.253760635,0.140899152,0.254788489,0.231601588,277.250.801.680.858,-524.657.469.254.733,-109.567.743.870.721,0.069423015,0.013482559,0.353300343,1,1,1,FALSE,FALSE,FALSE,TRUE,TRUE,TRUE
430,ASV576,FALSE,FALSE,FALSE,NA,NA,NA,NA,NA,NA,NA,NA,NA,1,1,1,1,1,1,FALSE,FALSE,FALSE,FALSE,FALSE,TRUE
431,ASV577,FALSE,FALSE,FALSE,-0.376901675,102.242.881.548.515,-0.473927376,0.171248327,0.283328069,0.260363911,-220.090.719.149.239,360.863.933.657.155,-182.024.987.059.883,0.271500638,0.172097017,0.319814431,1,1,1,FALSE,FALSE,FALSE,TRUE,TRUE,TRUE
432,ASV578,FALSE,FALSE,FALSE,NA,NA,NA,NA,NA,NA,NA,NA,NA,1,1,1,1,1,1,FALSE,FALSE,FALSE,FALSE,FALSE,TRUE
433,ASV580,TRUE,FALSE,TRUE,NA,NA,NA,NA,NA,NA,NA,NA,NA,NA,NA,NA,NA,NA,NA,NA,NA,NA,NA,NA,NA
434,ASV581,FALSE,FALSE,FALSE,NA,NA,NA,NA,NA,NA,NA,NA,NA,1,1,1,1,1,1,FALSE,FALSE,FALSE,FALSE,FALSE,TRUE
435,ASV582,FALSE,FALSE,FALSE,-110.927.147.869.829,0.954679348,0.66777868,0.113076074,0.235953097,0.212723515,-980.995.751.878.018,404.605.559.470.835,313.918.599.396.453,0.01023199,0.056003077,0.088250289,1,1,1,FALSE,FALSE,FALSE,FALSE,TRUE,TRUE
436,ASV583,FALSE,FALSE,FALSE,NA,NA,NA,NA,NA,NA,NA,NA,NA,1,1,1,1,1,1,FALSE,FALSE,FALSE,TRUE,TRUE,TRUE
437,ASV584,FALSE,FALSE,FALSE,0.194056333,-0.794932242,-0.134843872,0.13296915,0.240533185,0.217301522,14.594.086.903.844,-330.487.555.022.946,-0.620538092,0.281860952,0.080637383,0.598192438,1,1,1,FALSE,FALSE,FALSE,TRUE,TRUE,TRUE
438,ASV585,FALSE,FALSE,FALSE,NA,NA,NA,NA,NA,NA,NA,NA,NA,1,1,1,1,1,1,FALSE,FALSE,FALSE,FALSE,FALSE,TRUE
439,ASV586,FALSE,FALSE,FALSE,0.156418831,0.93413443,-0.842402584,0.112576654,0.234937001,0.211709269,138.944.288.318.057,39.761.060.470.091,-397.905.386.025.011,0.237040536,0.016454526,0.016414079,1,1,1,FALSE,FALSE,FALSE,TRUE,FALSE,TRUE
440,ASV587,FALSE,FALSE,FALSE,-0.411436937,0.22076919,0.250495466,0.119246772,0.248475485,0.225260652,-345.029.832.762.272,0.888494854,111.202.495.189.084,0.040927802,0.439723223,0.347222723,1,1,1,FALSE,FALSE,FALSE,FALSE,TRUE,TRUE
441,ASV588,FALSE,FALSE,FALSE,NA,NA,NA,NA,NA,NA,NA,NA,NA,1,1,1,1,1,1,FALSE,FALSE,FALSE,TRUE,FALSE,TRUE
442,ASV590,FALSE,FALSE,FALSE,-0.586475244,112.749.749.934.893,0.281922617,0.116738996,0.243392984,0.220164675,-502.381.605.137.003,46.324.157.774.674,128.050.795.239.484,0.12508543,0.135350238,0.422085605,1,1,1,FALSE,FALSE,FALSE,TRUE,TRUE,TRUE
443,ASV591,FALSE,FALSE,FALSE,NA,NA,NA,NA,NA,NA,NA,NA,NA,1,1,1,1,1,1,FALSE,FALSE,FALSE,TRUE,FALSE,TRUE
444,ASV592,FALSE,FALSE,FALSE,NA,NA,NA,NA,NA,NA,NA,NA,NA,1,1,1,1,1,1,FALSE,FALSE,FALSE,FALSE,FALSE,TRUE
445,ASV593,FALSE,FALSE,FALSE,0.21704153,-0.371674446,NA,0.117166513,0.244260019,NA,18.524.194.720.293,-15.216.343.954.318,NA,0.315130062,0.370138231,1,1,1,1,FALSE,FALSE,FALSE,TRUE,TRUE,TRUE
446,ASV594,FALSE,FALSE,FALSE,NA,NA,NA,NA,NA,NA,NA,NA,NA,1,1,1,1,1,1,FALSE,FALSE,FALSE,TRUE,FALSE,TRUE
447,ASV595,FALSE,FALSE,FALSE,0.069706666,0.34100085,-0.530006679,0.111711349,0.230912275,0.207697489,0.623989123,147.675.496.873.964,-255.182.035.317.009,0.576864064,0.236238188,0.083809651,1,1,1,FALSE,FALSE,FALSE,TRUE,TRUE,TRUE
448,ASV596,FALSE,FALSE,FALSE,NA,NA,NA,NA,NA,NA,NA,NA,NA,1,1,1,1,1,1,FALSE,FALSE,FALSE,TRUE,FALSE,TRUE
449,ASV598,FALSE,FALSE,FALSE,NA,NA,NA,NA,NA,NA,NA,NA,NA,1,1,1,1,1,1,FALSE,FALSE,FALSE,TRUE,FALSE,TRUE
450,ASV599,FALSE,TRUE,TRUE,NA,NA,NA,NA,NA,NA,NA,NA,NA,NA,NA,NA,NA,NA,NA,NA,NA,NA,NA,NA,NA
451,ASV600,FALSE,FALSE,FALSE,NA,NA,NA,NA,NA,NA,NA,NA,NA,1,1,1,1,1,1,FALSE,FALSE,FALSE,FALSE,FALSE,TRUE
452,ASV601,FALSE,FALSE,FALSE,NA,NA,NA,NA,NA,NA,NA,NA,NA,1,1,1,1,1,1,FALSE,FALSE,FALSE,TRUE,TRUE,TRUE
453,ASV602,TRUE,FALSE,TRUE,NA,NA,NA,NA,NA,NA,NA,NA,NA,NA,NA,NA,NA,NA,NA,NA,NA,NA,NA,NA,NA
454,ASV603,FALSE,FALSE,FALSE,0.436040723,-154.371.066.473.633,-0.018206193,0.11893375,0.247841525,0.224624534,366.624.882.498.515,-622.861.993.474.048,-0.081051665,0.169519737,0.101343957,0.948513455,1,1,1,FALSE,FALSE,FALSE,TRUE,TRUE,TRUE
455,ASV604,FALSE,FALSE,FALSE,NA,NA,NA,NA,NA,NA,NA,NA,NA,1,1,1,1,1,1,FALSE,FALSE,FALSE,FALSE,FALSE,TRUE
456,ASV605,FALSE,FALSE,FALSE,NA,NA,NA,NA,NA,NA,NA,NA,NA,1,1,1,1,1,1,FALSE,FALSE,FALSE,TRUE,FALSE,TRUE
457,ASV606,FALSE,FALSE,FALSE,NA,NA,NA,NA,NA,NA,NA,NA,NA,1,1,1,1,1,1,FALSE,FALSE,FALSE,FALSE,FALSE,TRUE
458,ASV608,FALSE,FALSE,FALSE,NA,NA,NA,NA,NA,NA,NA,NA,NA,1,1,1,1,1,1,FALSE,FALSE,FALSE,FALSE,FALSE,TRUE
459,ASV610,FALSE,FALSE,FALSE,0.081370327,-104.673.321.131.523,0.186018962,0.116353114,0.241110317,0.217879061,0.699339488,-434.130.412.010.133,0.853771635,0.556729329,0.049177949,0.483172229,1,1,1,FALSE,FALSE,FALSE,TRUE,FALSE,TRUE
460,ASV611,FALSE,FALSE,FALSE,0.207022471,-0.533732101,NA,0.118682828,0.247333246,NA,174.433.382.007.563,-215.794.725.825.598,NA,0.33138878,0.276257384,1,1,1,1,FALSE,FALSE,FALSE,TRUE,TRUE,TRUE
461,ASV612,FALSE,FALSE,FALSE,NA,NA,NA,NA,NA,NA,NA,NA,NA,1,1,1,1,1,1,FALSE,FALSE,FALSE,FALSE,FALSE,FALSE
462,ASV613,FALSE,FALSE,FALSE,0.173077802,-0.98856498,0.529728451,0.117229645,0.240664061,0.217432478,147.639.961.066.418,-410.765.519.579.177,243.628.944.704.656,0.379007824,0.152026413,0.247957794,1,1,1,FALSE,FALSE,FALSE,TRUE,TRUE,TRUE
463,ASV614,FALSE,FALSE,FALSE,NA,NA,NA,NA,NA,NA,NA,NA,NA,1,1,1,1,1,1,FALSE,FALSE,FALSE,TRUE,TRUE,TRUE
464,ASV615,FALSE,FALSE,FALSE,0.162795805,-0.508029731,NA,0.118241786,0.246439662,NA,137.680.434.500.318,-20.614.771.422.308,NA,0.399907108,0.287527955,1,1,1,1,FALSE,FALSE,FALSE,TRUE,TRUE,TRUE
465,ASV616,FALSE,FALSE,FALSE,-0.215651084,-0.724792296,0.525366192,0.235143725,0.308267091,0.285558681,-0.917103293,-235.118.284.648.709,183.978.364.624.681,0.455902614,0.143070988,0.207166834,1,1,1,FALSE,FALSE,FALSE,TRUE,TRUE,TRUE
466,ASV617,TRUE,FALSE,TRUE,NA,NA,NA,NA,NA,NA,NA,NA,NA,NA,NA,NA,NA,NA,NA,NA,NA,NA,NA,NA,NA
467,ASV618,FALSE,FALSE,FALSE,-0.109146764,-12.370.141.999.489,0.42822689,0.119082982,0.232049338,0.208829937,-0.916560558,-533.082.408.078.249,205.060.106.401.494,0.401419358,0.0031125,0.095569688,1,1,1,FALSE,FALSE,FALSE,TRUE,TRUE,TRUE
468,ASV619,FALSE,FALSE,FALSE,NA,NA,NA,NA,NA,NA,NA,NA,NA,1,1,1,1,1,1,FALSE,FALSE,FALSE,FALSE,FALSE,FALSE
469,ASV620,FALSE,FALSE,FALSE,-0.034761106,0.759200106,-0.90648939,0.20959843,0.282160057,0.259184795,-0.165846211,2.690.671.791.708,-349.746.361.136.319,0.87477544,0.043263896,0.017331399,1,1,1,FALSE,FALSE,FALSE,TRUE,FALSE,FALSE
470,ASV621,FALSE,FALSE,FALSE,-0.004874117,-0.563688471,0.02124904,0.126749795,0.242650165,0.21942067,-0.038454636,-232.305.001.896.531,0.096841558,0.970813358,0.06779548,0.926614188,1,1,1,FALSE,FALSE,FALSE,TRUE,FALSE,FALSE
471,ASV622,FALSE,FALSE,FALSE,NA,NA,NA,NA,NA,NA,NA,NA,NA,1,1,1,1,1,1,FALSE,FALSE,FALSE,FALSE,FALSE,FALSE
472,ASV623,FALSE,FALSE,FALSE,NA,NA,NA,NA,NA,NA,NA,NA,NA,1,1,1,1,1,1,FALSE,FALSE,FALSE,FALSE,FALSE,TRUE
473,ASV624,FALSE,FALSE,FALSE,NA,NA,NA,NA,NA,NA,NA,NA,NA,1,1,1,1,1,1,FALSE,FALSE,FALSE,FALSE,FALSE,TRUE
474,ASV626,FALSE,FALSE,FALSE,-0.092218113,0.91577649,-0.080870307,0.140991648,0.242270029,0.21904001,-0.654067914,37.799.825.859.164,-0.369203358,0.580225591,0.063403908,0.747399973,1,1,1,FALSE,FALSE,FALSE,TRUE,TRUE,TRUE
475,ASV627,FALSE,FALSE,FALSE,0.006020733,-0.39009708,0.158959272,0.161305671,0.273184959,0.250128662,0.037324995,-142.795.958.249.652,0.635510023,0.973616431,0.289481644,0.590110639,1,1,1,FALSE,FALSE,FALSE,TRUE,TRUE,TRUE
476,ASV628,FALSE,FALSE,FALSE,-0.264599683,174.702.045.692.486,-0.814588094,0.113629885,0.235990882,0.212761242,-23.286.099.589.639,740.291.507.316.501,-382.864.889.239.564,0.145280011,0.017762409,0.061948003,1,1,1,FALSE,FALSE,FALSE,TRUE,FALSE,TRUE
477,ASV629,FALSE,FALSE,FALSE,0.17139265,-150.313.674.887.918,0.061451687,0.168454791,0.26416532,0.241037559,101.744.004.737.186,-569.013.658.107.523,0.25494652,0.383853516,0.010759824,0.815242746,1,1,1,FALSE,FALSE,FALSE,TRUE,TRUE,TRUE
478,ASV630,FALSE,FALSE,FALSE,NA,NA,NA,NA,NA,NA,NA,NA,NA,1,1,1,1,1,1,FALSE,FALSE,FALSE,FALSE,FALSE,TRUE
479,ASV631,FALSE,FALSE,FALSE,NA,NA,NA,NA,NA,NA,NA,NA,NA,1,1,1,1,1,1,FALSE,FALSE,FALSE,TRUE,FALSE,TRUE
480,ASV632,TRUE,FALSE,TRUE,NA,NA,NA,NA,NA,NA,NA,NA,NA,NA,NA,NA,NA,NA,NA,NA,NA,NA,NA,NA,NA
481,ASV633,FALSE,FALSE,FALSE,NA,NA,NA,NA,NA,NA,NA,NA,NA,1,1,1,1,1,1,FALSE,FALSE,FALSE,FALSE,FALSE,TRUE
482,ASV634,TRUE,FALSE,TRUE,NA,NA,NA,NA,NA,NA,NA,NA,NA,NA,NA,NA,NA,NA,NA,NA,NA,NA,NA,NA,NA
483,ASV635,FALSE,FALSE,FALSE,-0.091444623,-0.176348437,0.125619828,0.138611549,0.247102968,0.223883625,-0.659718644,-0.713663775,0.561094311,0.533923518,0.502238074,0.595051506,1,1,1,FALSE,FALSE,FALSE,FALSE,FALSE,TRUE
484,ASV637,FALSE,TRUE,TRUE,NA,NA,NA,NA,NA,NA,NA,NA,NA,NA,NA,NA,NA,NA,NA,NA,NA,NA,NA,NA,NA
485,ASV638,FALSE,FALSE,FALSE,0.115811466,-0.500393657,-0.119954313,0.125638756,0.231218161,0.208002055,0.92178138,-216.416.243.070.361,-0.576697732,0.408808033,0.096438347,0.595042898,1,1,1,FALSE,FALSE,FALSE,TRUE,FALSE,TRUE
486,ASV641,TRUE,FALSE,TRUE,NA,NA,NA,NA,NA,NA,NA,NA,NA,NA,NA,NA,NA,NA,NA,NA,NA,NA,NA,NA,NA
487,ASV642,FALSE,FALSE,FALSE,NA,NA,NA,NA,NA,NA,NA,NA,NA,1,1,1,1,1,1,FALSE,FALSE,FALSE,FALSE,FALSE,TRUE
488,ASV644,FALSE,FALSE,FALSE,-162.403.115.350.345,361.462.399.888.992,NA,0.118339137,0.246636924,NA,-13.723.533.864.141,146.556.482.413.123,NA,1,1,1,1,1,1,FALSE,FALSE,FALSE,TRUE,TRUE,TRUE
489,ASV645,FALSE,FALSE,FALSE,-0.01869987,-0.231567093,-0.005851544,0.14477131,0.243150972,0.219922253,-0.129168338,-0.952359316,-0.02660733,0.905397982,0.411174314,0.98044389,1,1,1,FALSE,FALSE,FALSE,TRUE,FALSE,TRUE
490,ASV646,TRUE,FALSE,TRUE,NA,NA,NA,NA,NA,NA,NA,NA,NA,NA,NA,NA,NA,NA,NA,NA,NA,NA,NA,NA,NA
491,ASV648,FALSE,FALSE,FALSE,-0.151599321,0.299669695,0.031448356,0.123912092,0.23393525,0.210709878,-122.344.251.425.138,128.099.418.695.033,0.149249558,0.308493809,0.290244614,0.890825366,1,1,1,FALSE,FALSE,FALSE,TRUE,TRUE,TRUE
492,ASV651,FALSE,FALSE,FALSE,NA,NA,NA,NA,NA,NA,NA,NA,NA,1,1,1,1,1,1,FALSE,FALSE,FALSE,FALSE,FALSE,TRUE
493,ASV652,TRUE,FALSE,TRUE,NA,NA,NA,NA,NA,NA,NA,NA,NA,NA,NA,NA,NA,NA,NA,NA,NA,NA,NA,NA,NA
494,ASV653,FALSE,FALSE,FALSE,-0.525668831,0.518791675,0.135774456,0.114704458,0.239263168,0.216031113,-458.281.080.872.126,21.682.889.179,0.628494917,0.136770849,0.275098089,0.642787191,1,1,1,FALSE,FALSE,FALSE,TRUE,TRUE,TRUE
495,ASV654,FALSE,FALSE,FALSE,-0.082891103,-0.235780373,0.001986919,0.121009275,0.230117544,0.20690646,-0.684997928,-102.460.841.756.776,0.009602984,0.530977791,0.363465513,0.9927979,1,1,1,FALSE,FALSE,FALSE,FALSE,FALSE,TRUE
496,ASV655,TRUE,FALSE,TRUE,NA,NA,NA,NA,NA,NA,NA,NA,NA,NA,NA,NA,NA,NA,NA,NA,NA,NA,NA,NA,NA
497,ASV657,FALSE,FALSE,FALSE,NA,NA,NA,NA,NA,NA,NA,NA,NA,1,1,1,1,1,1,FALSE,FALSE,FALSE,TRUE,FALSE,TRUE
498,ASV658,FALSE,FALSE,FALSE,NA,NA,NA,NA,NA,NA,NA,NA,NA,1,1,1,1,1,1,FALSE,FALSE,FALSE,FALSE,FALSE,TRUE
499,ASV659,FALSE,FALSE,FALSE,NA,NA,NA,NA,NA,NA,NA,NA,NA,1,1,1,1,1,1,FALSE,FALSE,FALSE,FALSE,FALSE,TRUE
500,ASV660,TRUE,FALSE,TRUE,NA,NA,NA,NA,NA,NA,NA,NA,NA,NA,NA,NA,NA,NA,NA,NA,NA,NA,NA,NA,NA
501,ASV661,FALSE,FALSE,FALSE,NA,NA,NA,NA,NA,NA,NA,NA,NA,1,1,1,1,1,1,FALSE,FALSE,FALSE,TRUE,TRUE,TRUE
502,ASV662,FALSE,FALSE,FALSE,NA,NA,NA,NA,NA,NA,NA,NA,NA,1,1,1,1,1,1,FALSE,FALSE,FALSE,FALSE,FALSE,TRUE
503,ASV663,TRUE,FALSE,TRUE,NA,NA,NA,NA,NA,NA,NA,NA,NA,NA,NA,NA,NA,NA,NA,NA,NA,NA,NA,NA,NA
504,ASV664,FALSE,FALSE,FALSE,NA,NA,NA,NA,NA,NA,NA,NA,NA,1,1,1,1,1,1,FALSE,FALSE,FALSE,FALSE,FALSE,TRUE
505,ASV667,FALSE,FALSE,FALSE,-109.311.063.230.571,106.017.475.529.172,0.95133441,0.31205662,0.331953723,0.309501965,-350.292.403.271.839,319.374.263.022.151,307.375.886.661.117,0.024830341,0.033097761,0.03715665,1,1,1,FALSE,FALSE,FALSE,FALSE,FALSE,FALSE
506,ASV669,FALSE,FALSE,FALSE,NA,NA,NA,NA,NA,NA,NA,NA,NA,1,1,1,1,1,1,FALSE,FALSE,FALSE,FALSE,FALSE,TRUE
507,ASV670,TRUE,FALSE,TRUE,NA,NA,NA,NA,NA,NA,NA,NA,NA,NA,NA,NA,NA,NA,NA,NA,NA,NA,NA,NA,NA
508,ASV671,FALSE,FALSE,FALSE,NA,NA,NA,NA,NA,NA,NA,NA,NA,1,1,1,1,1,1,FALSE,FALSE,FALSE,FALSE,FALSE,TRUE
509,ASV672,FALSE,FALSE,FALSE,NA,NA,NA,NA,NA,NA,NA,NA,NA,1,1,1,1,1,1,FALSE,FALSE,FALSE,TRUE,FALSE,TRUE
510,ASV673,FALSE,FALSE,FALSE,-11.164.238.555.923,213.800.519.751.939,-0.876181851,0.116421708,0.242749335,0.219519985,-95.894.818.418.177,880.746.058.302.219,-399.135.345.204.339,1,1,1,1,1,1,FALSE,FALSE,FALSE,TRUE,TRUE,TRUE
511,ASV675,TRUE,FALSE,TRUE,NA,NA,NA,NA,NA,NA,NA,NA,NA,NA,NA,NA,NA,NA,NA,NA,NA,NA,NA,NA,NA
512,ASV676,FALSE,FALSE,FALSE,-0.005007904,0.423980464,-0.1662865,0.137365141,0.249860714,0.226651034,-0.036456875,169.686.726.003.211,-0.733667512,0.972664912,0.164959484,0.503834233,1,1,1,FALSE,FALSE,FALSE,TRUE,TRUE,TRUE
513,ASV678,TRUE,FALSE,TRUE,NA,NA,NA,NA,NA,NA,NA,NA,NA,NA,NA,NA,NA,NA,NA,NA,NA,NA,NA,NA,NA
514,ASV679,FALSE,FALSE,FALSE,NA,NA,NA,NA,NA,NA,NA,NA,NA,1,1,1,1,1,1,FALSE,FALSE,FALSE,TRUE,FALSE,TRUE
515,ASV680,FALSE,FALSE,FALSE,NA,NA,NA,NA,NA,NA,NA,NA,NA,1,1,1,1,1,1,FALSE,FALSE,FALSE,FALSE,FALSE,TRUE
516,ASV681,FALSE,FALSE,FALSE,0.401824582,-0.2427646,-0.521333075,0.116932567,0.24378559,0.220557993,343.637.870.434.797,-0.995811933,-236.370.066.082.895,0.075249353,0.424265097,0.141865976,1,1,1,FALSE,FALSE,FALSE,TRUE,TRUE,TRUE
517,ASV682,TRUE,FALSE,TRUE,NA,NA,NA,NA,NA,NA,NA,NA,NA,NA,NA,NA,NA,NA,NA,NA,NA,NA,NA,NA,NA
518,ASV683,FALSE,FALSE,FALSE,0.259314454,-152.690.799.734.858,-0.106454693,0.116566127,0.242694061,0.219464629,222.461.240.977.874,-629.149.305.767.656,-0.485065378,0.112558984,0.008110672,0.660845194,1,1,1,FALSE,FALSE,FALSE,TRUE,TRUE,TRUE
519,ASV684,FALSE,FALSE,FALSE,NA,NA,NA,NA,NA,NA,NA,NA,NA,1,1,1,1,1,1,FALSE,FALSE,FALSE,FALSE,FALSE,FALSE
520,ASV685,FALSE,FALSE,FALSE,-0.42339567,0.868045865,-0.622008415,0.116421708,0.242749335,0.219519985,-363.674.160.853.343,357.589.389.776.525,-283.349.333.725.553,1,1,1,1,1,1,FALSE,FALSE,FALSE,TRUE,TRUE,TRUE
521,ASV687,FALSE,FALSE,FALSE,0.134741827,-0.348953157,-0.242533952,0.130989756,0.231192,0.207976004,102.864.400.268.097,-150.936.519.157.123,-11.661.631.463.687,0.350812098,0.191584938,0.29614295,1,1,1,FALSE,FALSE,FALSE,FALSE,FALSE,TRUE
522,ASV690,FALSE,FALSE,FALSE,NA,NA,NA,NA,NA,NA,NA,NA,NA,1,1,1,1,1,1,FALSE,FALSE,FALSE,TRUE,TRUE,TRUE
523,ASV691,FALSE,FALSE,FALSE,NA,NA,NA,NA,NA,NA,NA,NA,NA,1,1,1,1,1,1,FALSE,FALSE,FALSE,FALSE,FALSE,FALSE
524,ASV692,FALSE,FALSE,FALSE,0.090391484,0.203799453,-0.292021418,0.1282089,0.227763866,0.204566192,0.705032833,0.894783958,-142.751.553.729.609,0.512268024,0.411901304,0.212786375,1,1,1,FALSE,FALSE,FALSE,FALSE,FALSE,TRUE
525,ASV693,FALSE,FALSE,FALSE,0.046122183,-0.240533699,-0.188498208,0.119332657,0.236136879,0.21290702,0.38650093,-101.861.979.497.158,-0.885354592,0.724909269,0.383374449,0.441172165,1,1,1,FALSE,FALSE,FALSE,TRUE,FALSE,TRUE
526,ASV694,FALSE,FALSE,FALSE,NA,NA,NA,NA,NA,NA,NA,NA,NA,1,1,1,1,1,1,FALSE,FALSE,FALSE,FALSE,FALSE,TRUE
527,ASV695,FALSE,FALSE,FALSE,NA,NA,NA,NA,NA,NA,NA,NA,NA,1,1,1,1,1,1,FALSE,FALSE,FALSE,FALSE,FALSE,TRUE
528,ASV696,FALSE,FALSE,FALSE,NA,NA,NA,NA,NA,NA,NA,NA,NA,1,1,1,1,1,1,FALSE,FALSE,FALSE,FALSE,FALSE,TRUE
529,ASV697,FALSE,FALSE,FALSE,NA,NA,NA,NA,NA,NA,NA,NA,NA,1,1,1,1,1,1,FALSE,FALSE,FALSE,TRUE,TRUE,TRUE
530,ASV699,FALSE,FALSE,FALSE,NA,NA,NA,NA,NA,NA,NA,NA,NA,1,1,1,1,1,1,FALSE,FALSE,FALSE,TRUE,TRUE,TRUE
531,ASV700,TRUE,FALSE,TRUE,NA,NA,NA,NA,NA,NA,NA,NA,NA,NA,NA,NA,NA,NA,NA,NA,NA,NA,NA,NA,NA
532,ASV701,FALSE,FALSE,FALSE,NA,NA,NA,NA,NA,NA,NA,NA,NA,1,1,1,1,1,1,FALSE,FALSE,FALSE,TRUE,FALSE,TRUE
533,ASV703,FALSE,FALSE,FALSE,NA,NA,NA,NA,NA,NA,NA,NA,NA,1,1,1,1,1,1,FALSE,FALSE,FALSE,FALSE,FALSE,TRUE
534,ASV704,FALSE,FALSE,FALSE,NA,NA,NA,NA,NA,NA,NA,NA,NA,1,1,1,1,1,1,FALSE,FALSE,FALSE,FALSE,FALSE,FALSE
535,ASV705,FALSE,TRUE,TRUE,NA,NA,NA,NA,NA,NA,NA,NA,NA,NA,NA,NA,NA,NA,NA,NA,NA,NA,NA,NA,NA
536,ASV706,FALSE,FALSE,FALSE,NA,NA,NA,NA,NA,NA,NA,NA,NA,1,1,1,1,1,1,FALSE,FALSE,FALSE,FALSE,FALSE,TRUE
537,ASV707,TRUE,FALSE,TRUE,NA,NA,NA,NA,NA,NA,NA,NA,NA,NA,NA,NA,NA,NA,NA,NA,NA,NA,NA,NA,NA
538,ASV709,FALSE,FALSE,FALSE,-105.333.847.385.745,134.858.683.372.325,0.292449036,0.120491534,0.248327454,0.225112106,-874.201.228.095.676,543.067.958.169.911,129.912.620.704.526,0.000943494,0.00557736,0.263723275,1,1,1,FALSE,FALSE,FALSE,FALSE,FALSE,TRUE
539,ASV710,FALSE,FALSE,FALSE,NA,NA,NA,NA,NA,NA,NA,NA,NA,1,1,1,1,1,1,FALSE,FALSE,FALSE,TRUE,FALSE,TRUE
540,ASV711,FALSE,FALSE,FALSE,-0.659925902,-0.242014004,111.097.633.625.292,0.114433449,0.235444597,0.212215873,-576.689.688.003.857,-102.790.213.776.573,523.512.364.075.825,0.028777144,0.412059082,0.034604811,1,1,1,FALSE,FALSE,FALSE,FALSE,TRUE,FALSE
541,ASV713,FALSE,FALSE,FALSE,NA,NA,NA,NA,NA,NA,NA,NA,NA,1,1,1,1,1,1,FALSE,FALSE,FALSE,TRUE,FALSE,TRUE
542,ASV714,FALSE,FALSE,FALSE,-0.162440391,-0.006761992,0.157897697,0.12931368,0.239684448,0.216452445,-125.617.329.164.829,-0.028212058,0.72947985,0.297974075,0.979264837,0.518503968,1,1,1,FALSE,FALSE,FALSE,TRUE,TRUE,TRUE
543,ASV715,FALSE,FALSE,FALSE,NA,NA,NA,NA,NA,NA,NA,NA,NA,1,1,1,1,1,1,FALSE,FALSE,FALSE,TRUE,FALSE,TRUE
544,ASV716,FALSE,FALSE,FALSE,-0.266589807,0.99175885,-0.234025862,0.121600771,0.240439703,0.217207987,-219.233.649.020.418,412.477.155.602.096,-107.742.751.522.678,0.272437317,0.151419127,0.47628361,1,1,1,FALSE,FALSE,FALSE,TRUE,TRUE,TRUE
545,ASV719,TRUE,FALSE,TRUE,NA,NA,NA,NA,NA,NA,NA,NA,NA,NA,NA,NA,NA,NA,NA,NA,NA,NA,NA,NA,NA
546,ASV720,FALSE,FALSE,FALSE,NA,NA,NA,NA,NA,NA,NA,NA,NA,1,1,1,1,1,1,FALSE,FALSE,FALSE,FALSE,FALSE,TRUE
547,ASV721,FALSE,FALSE,FALSE,0.029644893,-132.932.137.930.852,151.673.117.798.285,0.115223703,0.24031775,0.217085971,0.257281207,-553.151.557.345.009,698.677.657.228.796,0.839686577,0.113859806,0.090503149,1,1,1,FALSE,FALSE,FALSE,TRUE,TRUE,TRUE
548,ASV722,FALSE,FALSE,FALSE,-0.466406805,0.84947014,NA,0.118339137,0.246636924,NA,-394.127.265.912.916,344.421.316.623.671,NA,1,1,1,1,1,1,FALSE,FALSE,FALSE,TRUE,TRUE,TRUE
549,ASV723,FALSE,FALSE,FALSE,NA,NA,NA,NA,NA,NA,NA,NA,NA,1,1,1,1,1,1,FALSE,FALSE,FALSE,FALSE,FALSE,TRUE
550,ASV724,FALSE,FALSE,FALSE,0.377848298,-0.426925307,-0.372492801,0.122997243,0.256062614,0.232882628,307.200.623.510.753,-166.726.919.256.569,-15.994.872.790.123,0.027720453,0.156336363,0.170607882,1,1,1,FALSE,FALSE,FALSE,FALSE,TRUE,FALSE
551,ASV725,FALSE,FALSE,FALSE,NA,NA,NA,NA,NA,NA,NA,NA,NA,1,1,1,1,1,1,FALSE,FALSE,FALSE,FALSE,FALSE,FALSE
552,ASV726,FALSE,FALSE,FALSE,NA,NA,NA,NA,NA,NA,NA,NA,NA,1,1,1,1,1,1,FALSE,FALSE,FALSE,FALSE,FALSE,TRUE
553,ASV727,FALSE,FALSE,FALSE,NA,NA,NA,NA,NA,NA,NA,NA,NA,1,1,1,1,1,1,FALSE,FALSE,FALSE,FALSE,FALSE,TRUE
554,ASV728,FALSE,FALSE,FALSE,NA,NA,NA,NA,NA,NA,NA,NA,NA,1,1,1,1,1,1,FALSE,FALSE,FALSE,TRUE,TRUE,TRUE
555,ASV729,FALSE,FALSE,FALSE,-0.27192307,0.731309781,-0.233727253,0.125440058,0.260996714,0.237846964,-216.775.306.887.229,280.198.846.135.692,-0.982679154,0.162471008,0.10726387,0.429374485,1,1,1,FALSE,FALSE,FALSE,TRUE,TRUE,TRUE
556,ASV730,FALSE,FALSE,FALSE,0.310203809,0.374279141,-0.903545963,0.125831552,0.26178697,0.23864253,246.523.074.163.947,142.970.882.398.577,-378.619.001.838.855,0.132593275,0.289051063,0.06321546,1,1,1,FALSE,FALSE,FALSE,TRUE,TRUE,TRUE
557,ASV731,FALSE,FALSE,FALSE,NA,NA,NA,NA,NA,NA,NA,NA,NA,1,1,1,1,1,1,FALSE,FALSE,FALSE,FALSE,FALSE,TRUE
558,ASV732,FALSE,FALSE,FALSE,NA,NA,NA,NA,NA,NA,NA,NA,NA,1,1,1,1,1,1,FALSE,FALSE,FALSE,TRUE,FALSE,TRUE
559,ASV733,FALSE,FALSE,FALSE,NA,NA,NA,NA,NA,NA,NA,NA,NA,1,1,1,1,1,1,FALSE,FALSE,FALSE,FALSE,FALSE,TRUE
560,ASV734,FALSE,TRUE,TRUE,NA,NA,NA,NA,NA,NA,NA,NA,NA,NA,NA,NA,NA,NA,NA,NA,NA,NA,NA,NA,NA
561,ASV736,TRUE,FALSE,TRUE,NA,NA,NA,NA,NA,NA,NA,NA,NA,NA,NA,NA,NA,NA,NA,NA,NA,NA,NA,NA,NA
562,ASV738,FALSE,FALSE,FALSE,0.064669584,-0.500384488,0.216762848,0.170503607,0.251245873,0.22804192,0.379285727,-19.916.127.611.079,0.950539478,0.740958989,0.18464958,0.442162955,1,1,1,FALSE,FALSE,FALSE,FALSE,FALSE,TRUE
563,ASV739,FALSE,FALSE,FALSE,-0.292658211,0.687873485,0.086638479,0.122699455,0.239136313,0.215904258,-238.516.307.890.374,287.649.113.872.416,0.401281938,0.139832429,0.102593924,0.727027124,1,1,1,FALSE,FALSE,FALSE,TRUE,TRUE,TRUE
564,ASV740,FALSE,FALSE,FALSE,-0.863575892,0.811826639,NA,0.116477448,0.242862419,NA,-741.410.381.194.755,334.274.294.910.539,NA,0.085350961,0.18505382,1,1,1,1,FALSE,FALSE,FALSE,TRUE,TRUE,TRUE
565,ASV741,FALSE,FALSE,FALSE,NA,NA,NA,NA,NA,NA,NA,NA,NA,1,1,1,1,1,1,FALSE,FALSE,FALSE,FALSE,FALSE,TRUE
566,ASV742,FALSE,FALSE,FALSE,NA,NA,NA,NA,NA,NA,NA,NA,NA,1,1,1,1,1,1,FALSE,FALSE,FALSE,FALSE,FALSE,TRUE
567,ASV744,FALSE,FALSE,FALSE,NA,NA,NA,NA,NA,NA,NA,NA,NA,1,1,1,1,1,1,FALSE,FALSE,FALSE,TRUE,FALSE,TRUE
568,ASV745,FALSE,FALSE,FALSE,NA,NA,NA,NA,NA,NA,NA,NA,NA,1,1,1,1,1,1,FALSE,FALSE,FALSE,TRUE,FALSE,TRUE
569,ASV746,FALSE,FALSE,FALSE,NA,NA,NA,NA,NA,NA,NA,NA,NA,1,1,1,1,1,1,FALSE,FALSE,FALSE,FALSE,FALSE,TRUE
570,ASV747,FALSE,FALSE,FALSE,NA,NA,NA,NA,NA,NA,NA,NA,NA,1,1,1,1,1,1,FALSE,FALSE,FALSE,FALSE,FALSE,TRUE
571,ASV748,FALSE,TRUE,TRUE,NA,NA,NA,NA,NA,NA,NA,NA,NA,NA,NA,NA,NA,NA,NA,NA,NA,NA,NA,NA,NA
572,ASV749,FALSE,FALSE,FALSE,NA,NA,NA,NA,NA,NA,NA,NA,NA,1,1,1,1,1,1,FALSE,FALSE,FALSE,TRUE,FALSE,TRUE
573,ASV750,FALSE,FALSE,FALSE,-0.674949746,0.844818218,NA,0.118339137,0.246636924,NA,-570.352.093.969.967,342.535.174.773.229,NA,1,1,1,1,1,1,FALSE,FALSE,FALSE,TRUE,TRUE,TRUE
574,ASV751,TRUE,FALSE,TRUE,NA,NA,NA,NA,NA,NA,NA,NA,NA,NA,NA,NA,NA,NA,NA,NA,NA,NA,NA,NA,NA
575,ASV752,FALSE,FALSE,FALSE,-121.161.402.090.934,0.907696177,0.63757216,0.119899401,0.249796872,0.226586942,-101.052.549.625.308,363.373.715.904.914,281.380.803.812.349,0.062794438,0.170964875,0.217385757,1,1,1,FALSE,FALSE,FALSE,TRUE,TRUE,TRUE
576,ASV753,FALSE,FALSE,FALSE,NA,NA,NA,NA,NA,NA,NA,NA,NA,1,1,1,1,1,1,FALSE,FALSE,FALSE,FALSE,FALSE,TRUE
577,ASV754,TRUE,FALSE,TRUE,NA,NA,NA,NA,NA,NA,NA,NA,NA,NA,NA,NA,NA,NA,NA,NA,NA,NA,NA,NA,NA
578,ASV755,FALSE,TRUE,TRUE,NA,NA,NA,NA,NA,NA,NA,NA,NA,NA,NA,NA,NA,NA,NA,NA,NA,NA,NA,NA,NA
579,ASV756,FALSE,FALSE,FALSE,NA,NA,NA,NA,NA,NA,NA,NA,NA,1,1,1,1,1,1,FALSE,FALSE,FALSE,FALSE,FALSE,TRUE
580,ASV757,FALSE,FALSE,FALSE,-148.383.386.565.493,23.943.194.883.293,0.881954093,0.132412593,0.275053549,0.252013423,-112.061.386.125.113,870.492.128.180.308,349.963.142.253.635,0.007869333,0.012941232,0.072841056,1,1,1,FALSE,FALSE,FALSE,FALSE,FALSE,TRUE
581,ASV758,FALSE,FALSE,FALSE,NA,NA,NA,NA,NA,NA,NA,NA,NA,1,1,1,1,1,1,FALSE,FALSE,FALSE,FALSE,FALSE,TRUE
582,ASV759,FALSE,FALSE,FALSE,-0.319304138,146.747.035.167.395,-0.198856979,0.115196497,0.240262505,0.217030699,-277.182.160.708.418,610.777.929.038.068,-0.916261983,0.220423381,0.103314329,0.527801722,1,1,1,FALSE,FALSE,FALSE,TRUE,TRUE,TRUE
583,ASV760,FALSE,FALSE,FALSE,NA,NA,NA,NA,NA,NA,NA,NA,NA,1,1,1,1,1,1,FALSE,FALSE,FALSE,TRUE,FALSE,TRUE
584,ASV763,FALSE,FALSE,FALSE,-0.163163026,-0.119668768,NA,0.127357982,0.243265918,NA,-128.113.702.332.962,-0.491925747,NA,0.290200743,0.656517897,1,1,1,1,FALSE,FALSE,FALSE,TRUE,TRUE,TRUE
585,ASV764,FALSE,FALSE,FALSE,NA,NA,NA,NA,NA,NA,NA,NA,NA,1,1,1,1,1,1,FALSE,FALSE,FALSE,FALSE,FALSE,TRUE
586,ASV765,FALSE,FALSE,FALSE,NA,NA,NA,NA,NA,NA,NA,NA,NA,1,1,1,1,1,1,FALSE,FALSE,FALSE,TRUE,TRUE,TRUE
587,ASV767,FALSE,FALSE,FALSE,NA,NA,NA,NA,NA,NA,NA,NA,NA,1,1,1,1,1,1,FALSE,FALSE,FALSE,TRUE,FALSE,TRUE
588,ASV768,FALSE,FALSE,FALSE,NA,NA,NA,NA,NA,NA,NA,NA,NA,1,1,1,1,1,1,FALSE,FALSE,FALSE,FALSE,FALSE,TRUE
589,ASV770,FALSE,FALSE,FALSE,-0.61763989,228.778.698.330.421,-0.521192468,0.135236506,0.278328057,0.255317203,-456.710.918.596.048,821.974.978.207.869,-204.135.272.669.875,0.019689959,0.003768995,0.133872305,1,1,1,FALSE,FALSE,FALSE,FALSE,FALSE,TRUE
590,ASV772,FALSE,FALSE,FALSE,NA,NA,NA,NA,NA,NA,NA,NA,NA,1,1,1,1,1,1,FALSE,FALSE,FALSE,TRUE,FALSE,TRUE
591,ASV773,FALSE,FALSE,FALSE,0.065199163,0.437174829,-0.41838027,0.116421708,0.242749335,0.219519985,0.56002582,180.093.110.977.275,-190.588.692.721.634,1,1,1,1,1,1,FALSE,FALSE,FALSE,TRUE,TRUE,TRUE
592,ASV774,FALSE,FALSE,FALSE,NA,NA,NA,NA,NA,NA,NA,NA,NA,1,1,1,1,1,1,FALSE,FALSE,FALSE,FALSE,FALSE,TRUE
593,ASV775,FALSE,FALSE,FALSE,0.128925519,0.098677646,-0.300155951,0.122428798,0.254913626,0.231727387,105.306.530.394.264,0.387102279,-129.529.770.018.277,0.402760288,0.735989115,0.32457712,1,1,1,FALSE,FALSE,FALSE,TRUE,TRUE,TRUE
594,ASV778,FALSE,TRUE,TRUE,NA,NA,NA,NA,NA,NA,NA,NA,NA,NA,NA,NA,NA,NA,NA,NA,NA,NA,NA,NA,NA
595,ASV779,TRUE,FALSE,TRUE,NA,NA,NA,NA,NA,NA,NA,NA,NA,NA,NA,NA,NA,NA,NA,NA,NA,NA,NA,NA,NA
596,ASV780,TRUE,FALSE,TRUE,NA,NA,NA,NA,NA,NA,NA,NA,NA,NA,NA,NA,NA,NA,NA,NA,NA,NA,NA,NA,NA
597,ASV781,FALSE,FALSE,FALSE,0.105062766,-0.233615897,-0.102389919,0.184298847,0.258021491,0.234852879,0.570067409,-0.905412554,-0.435974723,0.593291158,0.406758713,0.681035845,1,1,1,FALSE,FALSE,FALSE,FALSE,FALSE,TRUE
598,ASV782,FALSE,FALSE,FALSE,NA,NA,NA,NA,NA,NA,NA,NA,NA,1,1,1,1,1,1,FALSE,FALSE,FALSE,FALSE,FALSE,TRUE
599,ASV784,FALSE,FALSE,FALSE,NA,NA,NA,NA,NA,NA,NA,NA,NA,1,1,1,1,1,1,FALSE,FALSE,FALSE,FALSE,FALSE,TRUE
600,ASV785,FALSE,FALSE,FALSE,-0.032086092,-0.850279701,0.138141224,0.114646026,0.236968226,0.213737323,-0.27987095,-358.815.912.113.055,0.646313062,0.805866357,0.06965319,0.584338424,1,1,1,FALSE,FALSE,FALSE,TRUE,TRUE,TRUE
601,ASV786,FALSE,FALSE,FALSE,NA,NA,NA,NA,NA,NA,NA,NA,NA,1,1,1,1,1,1,FALSE,FALSE,FALSE,FALSE,FALSE,FALSE
602,ASV787,FALSE,FALSE,FALSE,NA,NA,NA,NA,NA,NA,NA,NA,NA,1,1,1,1,1,1,FALSE,FALSE,FALSE,TRUE,FALSE,TRUE
603,ASV788,FALSE,FALSE,FALSE,NA,NA,NA,NA,NA,NA,NA,NA,NA,1,1,1,1,1,1,FALSE,FALSE,FALSE,FALSE,FALSE,TRUE
604,ASV789,FALSE,FALSE,FALSE,NA,NA,NA,NA,NA,NA,NA,NA,NA,1,1,1,1,1,1,FALSE,FALSE,FALSE,FALSE,FALSE,TRUE
605,ASV790,FALSE,FALSE,FALSE,0.121801971,-174.641.965.369.611,0.180548525,0.129565112,0.234467331,0.211240639,0.940083093,-744.845.622.484.354,0.854705451,0.400401196,0.001735488,0.440884328,1,1,1,FALSE,FALSE,FALSE,FALSE,TRUE,TRUE
606,ASV792,FALSE,FALSE,FALSE,0.331050464,0.008086751,-0.543143801,0.113198703,0.236202526,0.212972572,292.450.757.215.119,0.034236513,-25.502.993.034.553,0.061272174,0.974839115,0.083920969,1,1,1,FALSE,FALSE,FALSE,TRUE,TRUE,TRUE
607,ASV793,FALSE,FALSE,FALSE,NA,NA,NA,NA,NA,NA,NA,NA,NA,1,1,1,1,1,1,FALSE,FALSE,FALSE,FALSE,FALSE,TRUE
608,ASV794,FALSE,FALSE,FALSE,NA,NA,NA,NA,NA,NA,NA,NA,NA,1,1,1,1,1,1,FALSE,FALSE,FALSE,FALSE,FALSE,FALSE
609,ASV796,FALSE,FALSE,FALSE,NA,NA,NA,NA,NA,NA,NA,NA,NA,1,1,1,1,1,1,FALSE,FALSE,FALSE,FALSE,FALSE,TRUE
610,ASV797,TRUE,FALSE,TRUE,NA,NA,NA,NA,NA,NA,NA,NA,NA,NA,NA,NA,NA,NA,NA,NA,NA,NA,NA,NA,NA
611,ASV798,FALSE,FALSE,FALSE,NA,NA,NA,NA,NA,NA,NA,NA,NA,1,1,1,1,1,1,FALSE,FALSE,FALSE,TRUE,FALSE,TRUE
612,ASV799,FALSE,FALSE,FALSE,NA,NA,NA,NA,NA,NA,NA,NA,NA,1,1,1,1,1,1,FALSE,FALSE,FALSE,FALSE,FALSE,TRUE
613,ASV800,FALSE,FALSE,FALSE,NA,NA,NA,NA,NA,NA,NA,NA,NA,1,1,1,1,1,1,FALSE,FALSE,FALSE,FALSE,FALSE,TRUE
614,ASV801,FALSE,FALSE,FALSE,NA,NA,NA,NA,NA,NA,NA,NA,NA,1,1,1,1,1,1,FALSE,FALSE,FALSE,FALSE,FALSE,TRUE
615,ASV802,TRUE,FALSE,TRUE,NA,NA,NA,NA,NA,NA,NA,NA,NA,NA,NA,NA,NA,NA,NA,NA,NA,NA,NA,NA,NA
616,ASV803,FALSE,FALSE,FALSE,NA,NA,NA,NA,NA,NA,NA,NA,NA,1,1,1,1,1,1,FALSE,FALSE,FALSE,FALSE,FALSE,TRUE
617,ASV804,FALSE,FALSE,FALSE,-0.189452951,-0.626011603,0.383847721,0.131695567,0.242986053,0.219757068,-143.856.741.495.069,-25.763.273.006.807,174.669.113.145.228,0.386717272,0.235707719,0.331017942,1,1,1,FALSE,FALSE,FALSE,TRUE,TRUE,TRUE
618,ASV807,TRUE,FALSE,TRUE,NA,NA,NA,NA,NA,NA,NA,NA,NA,NA,NA,NA,NA,NA,NA,NA,NA,NA,NA,NA,NA
619,ASV808,FALSE,FALSE,FALSE,0.361889881,-101.442.404.802.358,-0.309783859,0.150852588,0.257490594,0.234318814,239.896.369.411.233,-39.396.547.684.647,-132.206.139.959.429,0.074439955,0.016964711,0.256681572,1,1,1,FALSE,FALSE,FALSE,TRUE,FALSE,TRUE
620,ASV809,FALSE,TRUE,TRUE,NA,NA,NA,NA,NA,NA,NA,NA,NA,NA,NA,NA,NA,NA,NA,NA,NA,NA,NA,NA,NA
621,ASV810,FALSE,TRUE,TRUE,NA,NA,NA,NA,NA,NA,NA,NA,NA,NA,NA,NA,NA,NA,NA,NA,NA,NA,NA,NA,NA
622,ASV811,FALSE,FALSE,FALSE,NA,NA,NA,NA,NA,NA,NA,NA,NA,1,1,1,1,1,1,FALSE,FALSE,FALSE,FALSE,FALSE,TRUE
623,ASV812,FALSE,FALSE,FALSE,NA,NA,NA,NA,NA,NA,NA,NA,NA,1,1,1,1,1,1,FALSE,FALSE,FALSE,TRUE,FALSE,TRUE
624,ASV814,TRUE,FALSE,TRUE,NA,NA,NA,NA,NA,NA,NA,NA,NA,NA,NA,NA,NA,NA,NA,NA,NA,NA,NA,NA,NA
625,ASV815,FALSE,FALSE,FALSE,NA,NA,NA,NA,NA,NA,NA,NA,NA,1,1,1,1,1,1,FALSE,FALSE,FALSE,FALSE,FALSE,TRUE
626,ASV816,FALSE,FALSE,FALSE,NA,NA,NA,NA,NA,NA,NA,NA,NA,1,1,1,1,1,1,FALSE,FALSE,FALSE,FALSE,FALSE,FALSE
627,ASV817,FALSE,FALSE,FALSE,NA,NA,NA,NA,NA,NA,NA,NA,NA,1,1,1,1,1,1,FALSE,FALSE,FALSE,FALSE,FALSE,TRUE
628,ASV818,FALSE,FALSE,FALSE,NA,NA,NA,NA,NA,NA,NA,NA,NA,1,1,1,1,1,1,FALSE,FALSE,FALSE,FALSE,FALSE,TRUE
629,ASV819,FALSE,FALSE,FALSE,NA,NA,NA,NA,NA,NA,NA,NA,NA,1,1,1,1,1,1,FALSE,FALSE,FALSE,TRUE,TRUE,TRUE
630,ASV820,FALSE,FALSE,FALSE,NA,NA,NA,NA,NA,NA,NA,NA,NA,1,1,1,1,1,1,FALSE,FALSE,FALSE,TRUE,FALSE,TRUE
631,ASV821,TRUE,FALSE,TRUE,NA,NA,NA,NA,NA,NA,NA,NA,NA,NA,NA,NA,NA,NA,NA,NA,NA,NA,NA,NA,NA
632,ASV822,FALSE,TRUE,TRUE,NA,NA,NA,NA,NA,NA,NA,NA,NA,NA,NA,NA,NA,NA,NA,NA,NA,NA,NA,NA,NA
633,ASV823,FALSE,FALSE,FALSE,NA,NA,NA,NA,NA,NA,NA,NA,NA,1,1,1,1,1,1,FALSE,FALSE,FALSE,TRUE,TRUE,TRUE
634,ASV824,FALSE,FALSE,FALSE,NA,NA,NA,NA,NA,NA,NA,NA,NA,1,1,1,1,1,1,FALSE,FALSE,FALSE,FALSE,FALSE,TRUE
635,ASV825,FALSE,FALSE,FALSE,NA,NA,NA,NA,NA,NA,NA,NA,NA,1,1,1,1,1,1,FALSE,FALSE,FALSE,FALSE,FALSE,FALSE
636,ASV826,FALSE,FALSE,FALSE,NA,NA,NA,NA,NA,NA,NA,NA,NA,1,1,1,1,1,1,FALSE,FALSE,FALSE,FALSE,FALSE,TRUE
637,ASV827,FALSE,FALSE,FALSE,NA,NA,NA,NA,NA,NA,NA,NA,NA,1,1,1,1,1,1,FALSE,FALSE,FALSE,TRUE,FALSE,TRUE
638,ASV828,TRUE,FALSE,TRUE,NA,NA,NA,NA,NA,NA,NA,NA,NA,NA,NA,NA,NA,NA,NA,NA,NA,NA,NA,NA,NA
639,ASV829,FALSE,FALSE,FALSE,-0.387787977,0.729296403,0.150647942,0.11447454,0.238796071,0.215564052,-338.754.779.782.418,305.405.529.211.502,0.698854662,0.182739294,0.201446445,0.611689398,1,1,1,FALSE,FALSE,FALSE,TRUE,TRUE,TRUE
640,ASV830,FALSE,FALSE,FALSE,NA,NA,NA,NA,NA,NA,NA,NA,NA,1,1,1,1,1,1,FALSE,FALSE,FALSE,TRUE,TRUE,TRUE
641,ASV831,FALSE,FALSE,FALSE,NA,NA,NA,NA,NA,NA,NA,NA,NA,1,1,1,1,1,1,FALSE,FALSE,FALSE,FALSE,FALSE,TRUE
642,ASV833,TRUE,FALSE,TRUE,NA,NA,NA,NA,NA,NA,NA,NA,NA,NA,NA,NA,NA,NA,NA,NA,NA,NA,NA,NA,NA
643,ASV835,FALSE,FALSE,FALSE,0.62152412,-169.481.084.433.422,-0.62816885,0.239061045,0.291105289,0.268217599,259.985.527.551.164,-582.198.575.454.339,-234.201.205.591.328,0.121552573,0.028257885,0.143962815,1,1,1,FALSE,FALSE,FALSE,TRUE,FALSE,TRUE
644,ASV836,FALSE,FALSE,FALSE,-0.359836171,0.527808485,NA,0.152621984,0.255351374,NA,-23.576.955.413.971,206.698.901.675.267,NA,0.14244229,0.174684908,1,1,1,1,FALSE,FALSE,FALSE,TRUE,TRUE,TRUE
645,ASV837,FALSE,TRUE,TRUE,NA,NA,NA,NA,NA,NA,NA,NA,NA,NA,NA,NA,NA,NA,NA,NA,NA,NA,NA,NA,NA
646,ASV839,TRUE,FALSE,TRUE,NA,NA,NA,NA,NA,NA,NA,NA,NA,NA,NA,NA,NA,NA,NA,NA,NA,NA,NA,NA,NA
647,ASV840,FALSE,FALSE,FALSE,NA,NA,NA,NA,NA,NA,NA,NA,NA,1,1,1,1,1,1,FALSE,FALSE,FALSE,FALSE,FALSE,TRUE
648,ASV841,TRUE,FALSE,TRUE,NA,NA,NA,NA,NA,NA,NA,NA,NA,NA,NA,NA,NA,NA,NA,NA,NA,NA,NA,NA,NA
649,ASV842,FALSE,FALSE,FALSE,NA,NA,NA,NA,NA,NA,NA,NA,NA,1,1,1,1,1,1,FALSE,FALSE,FALSE,FALSE,FALSE,TRUE
650,ASV844,TRUE,FALSE,TRUE,NA,NA,NA,NA,NA,NA,NA,NA,NA,NA,NA,NA,NA,NA,NA,NA,NA,NA,NA,NA,NA
651,ASV846,FALSE,FALSE,FALSE,-0.392877048,-0.777293557,0.78092468,0.116421708,0.242749335,0.219519985,-337.460.301.916.405,-320.204.196.640.008,355.741.951.747.331,1,1,1,1,1,1,FALSE,FALSE,FALSE,TRUE,TRUE,TRUE
652,ASV847,FALSE,FALSE,FALSE,-0.003883418,-0.540092451,0.256343045,0.141685756,0.24193289,0.218702455,-0.027408666,-223.240.606.879.224,117.210.867.703.943,0.97985511,0.111746478,0.325764682,1,1,1,FALSE,FALSE,FALSE,TRUE,TRUE,TRUE
653,ASV851,FALSE,FALSE,FALSE,-0.083202218,-108.193.520.837.052,0.287509129,0.1803599,0.262795608,0.239658116,-0.461312179,-411.702.164.787.342,119.966.364.593.971,0.66394763,0.009200601,0.284010592,1,1,1,FALSE,FALSE,FALSE,TRUE,TRUE,TRUE
654,ASV852,FALSE,FALSE,FALSE,NA,NA,NA,NA,NA,NA,NA,NA,NA,1,1,1,1,1,1,FALSE,FALSE,FALSE,TRUE,FALSE,TRUE
655,ASV853,FALSE,FALSE,FALSE,NA,NA,NA,NA,NA,NA,NA,NA,NA,1,1,1,1,1,1,FALSE,FALSE,FALSE,TRUE,TRUE,TRUE
656,ASV855,FALSE,FALSE,FALSE,NA,NA,NA,NA,NA,NA,NA,NA,NA,1,1,1,1,1,1,FALSE,FALSE,FALSE,FALSE,FALSE,TRUE
657,ASV856,TRUE,FALSE,TRUE,NA,NA,NA,NA,NA,NA,NA,NA,NA,NA,NA,NA,NA,NA,NA,NA,NA,NA,NA,NA,NA
658,ASV857,FALSE,FALSE,FALSE,-0.278928036,-0.575954564,0.366137218,0.114518036,0.238884442,0.215652408,-243.566.905.369.003,-241.101.747.641.252,169.781.186.923.551,0.248014753,0.250298311,0.338864497,1,1,1,FALSE,FALSE,FALSE,TRUE,TRUE,TRUE
659,ASV860,FALSE,FALSE,FALSE,0.373886246,-0.817943676,-0.392408796,0.152962519,0.255103618,0.231918391,244.429.974.119.372,-320.631.938.285.997,-169.201.241.331.023,0.050177714,0.018452425,0.141592174,1,1,1,FALSE,FALSE,FALSE,TRUE,TRUE,TRUE
660,ASV861,FALSE,FALSE,FALSE,NA,NA,NA,NA,NA,NA,NA,NA,NA,1,1,1,1,1,1,FALSE,FALSE,FALSE,FALSE,FALSE,TRUE
661,ASV862,FALSE,FALSE,FALSE,NA,NA,NA,NA,NA,NA,NA,NA,NA,1,1,1,1,1,1,FALSE,FALSE,FALSE,FALSE,FALSE,FALSE
662,ASV863,TRUE,FALSE,TRUE,NA,NA,NA,NA,NA,NA,NA,NA,NA,NA,NA,NA,NA,NA,NA,NA,NA,NA,NA,NA,NA
663,ASV864,FALSE,FALSE,FALSE,NA,NA,NA,NA,NA,NA,NA,NA,NA,1,1,1,1,1,1,FALSE,FALSE,FALSE,FALSE,FALSE,TRUE
664,ASV866,FALSE,FALSE,FALSE,NA,NA,NA,NA,NA,NA,NA,NA,NA,1,1,1,1,1,1,FALSE,FALSE,FALSE,TRUE,FALSE,TRUE
665,ASV867,TRUE,FALSE,TRUE,NA,NA,NA,NA,NA,NA,NA,NA,NA,NA,NA,NA,NA,NA,NA,NA,NA,NA,NA,NA,NA
666,ASV868,TRUE,FALSE,TRUE,NA,NA,NA,NA,NA,NA,NA,NA,NA,NA,NA,NA,NA,NA,NA,NA,NA,NA,NA,NA,NA
667,ASV869,FALSE,FALSE,FALSE,NA,NA,NA,NA,NA,NA,NA,NA,NA,1,1,1,1,1,1,FALSE,FALSE,FALSE,TRUE,FALSE,TRUE
668,ASV870,FALSE,FALSE,FALSE,-0.044788816,0.599771635,-0.353681341,0.121197989,0.233091206,0.209868254,-0.369550816,257.311.995.950.544,-168.525.412.319.048,0.736261931,0.082269758,0.190526821,1,1,1,FALSE,FALSE,FALSE,TRUE,FALSE,TRUE
669,ASV872,FALSE,TRUE,TRUE,NA,NA,NA,NA,NA,NA,NA,NA,NA,NA,NA,NA,NA,NA,NA,NA,NA,NA,NA,NA,NA
670,ASV873,FALSE,FALSE,FALSE,NA,NA,NA,NA,NA,NA,NA,NA,NA,1,1,1,1,1,1,FALSE,FALSE,FALSE,FALSE,FALSE,FALSE
671,ASV874,FALSE,FALSE,FALSE,-0.627560185,0.381129232,0.506327625,0.116421708,0.242749335,0.219519985,-539.040.523.578.432,157.005.263.416.609,230.652.177.166.448,1,1,1,1,1,1,FALSE,FALSE,FALSE,TRUE,TRUE,TRUE
672,ASV875,FALSE,FALSE,FALSE,NA,NA,NA,NA,NA,NA,NA,NA,NA,1,1,1,1,1,1,FALSE,FALSE,FALSE,TRUE,FALSE,TRUE
673,ASV876,FALSE,FALSE,FALSE,0.108379855,-0.519208664,0.05900182,0.127804868,0.265768303,0.242652343,0.848010385,-195.361.394.698.583,0.24315372,0.485735134,0.189964841,0.830550732,1,1,1,FALSE,FALSE,FALSE,TRUE,TRUE,TRUE
674,ASV877,FALSE,FALSE,FALSE,NA,NA,NA,NA,NA,NA,NA,NA,NA,1,1,1,1,1,1,FALSE,FALSE,FALSE,TRUE,TRUE,TRUE
675,ASV878,FALSE,FALSE,FALSE,NA,NA,NA,NA,NA,NA,NA,NA,NA,1,1,1,1,1,1,FALSE,FALSE,FALSE,TRUE,TRUE,TRUE
676,ASV879,TRUE,FALSE,TRUE,NA,NA,NA,NA,NA,NA,NA,NA,NA,NA,NA,NA,NA,NA,NA,NA,NA,NA,NA,NA,NA
677,ASV880,FALSE,FALSE,FALSE,0.026798605,-0.091569197,0.110105092,0.116553412,0.23385063,0.210625483,0.229925533,-0.39157131,0.522752946,0.832935206,0.72153143,0.637296958,1,1,1,FALSE,FALSE,FALSE,TRUE,FALSE,TRUE
678,ASV882,FALSE,FALSE,FALSE,NA,NA,NA,NA,NA,NA,NA,NA,NA,1,1,1,1,1,1,FALSE,FALSE,FALSE,FALSE,FALSE,TRUE
679,ASV883,FALSE,FALSE,FALSE,-0.655110187,107.077.065.015.517,-0.456718004,0.116421708,0.242749335,0.219519985,-562.704.496.965.655,441.101.373.637.478,-208.053.040.798.273,1,1,1,1,1,1,FALSE,FALSE,FALSE,TRUE,TRUE,TRUE
680,ASV884,FALSE,FALSE,FALSE,NA,NA,NA,NA,NA,NA,NA,NA,NA,1,1,1,1,1,1,FALSE,FALSE,FALSE,FALSE,FALSE,TRUE
681,ASV885,FALSE,FALSE,FALSE,NA,NA,NA,NA,NA,NA,NA,NA,NA,1,1,1,1,1,1,FALSE,FALSE,FALSE,FALSE,FALSE,TRUE
682,ASV886,FALSE,TRUE,TRUE,NA,NA,NA,NA,NA,NA,NA,NA,NA,NA,NA,NA,NA,NA,NA,NA,NA,NA,NA,NA,NA
683,ASV887,FALSE,FALSE,FALSE,NA,NA,NA,NA,NA,NA,NA,NA,NA,1,1,1,1,1,1,FALSE,FALSE,FALSE,FALSE,FALSE,FALSE
684,ASV888,FALSE,FALSE,FALSE,-0.854898776,154.611.257.044.573,0.275332305,0.124725633,0.245012979,0.22178798,-685.423.483.600.681,631.032.927.108.675,124.142.122.241.579,0.020629052,0.024204794,0.340297036,1,1,1,FALSE,FALSE,FALSE,FALSE,FALSE,TRUE
685,ASV890,TRUE,FALSE,TRUE,NA,NA,NA,NA,NA,NA,NA,NA,NA,NA,NA,NA,NA,NA,NA,NA,NA,NA,NA,NA,NA
686,ASV892,TRUE,FALSE,TRUE,NA,NA,NA,NA,NA,NA,NA,NA,NA,NA,NA,NA,NA,NA,NA,NA,NA,NA,NA,NA,NA
687,ASV893,FALSE,FALSE,FALSE,-0.076790838,0.422316203,-0.095123174,0.116421708,0.242749335,0.219519985,-0.659592091,173.972.136.141.308,-0.433323524,1,1,1,1,1,1,FALSE,FALSE,FALSE,TRUE,TRUE,TRUE
688,ASV894,FALSE,FALSE,FALSE,-0.174246776,-0.36277142,0.668911569,0.115176855,0.240222619,0.216990795,-151.286.277.547.486,-151.014.680.591.571,308.267.256.027.968,0.371829367,0.372355768,0.199697152,1,1,1,FALSE,FALSE,FALSE,TRUE,TRUE,TRUE
689,ASV895,FALSE,FALSE,FALSE,NA,NA,NA,NA,NA,NA,NA,NA,NA,1,1,1,1,1,1,FALSE,FALSE,FALSE,FALSE,FALSE,FALSE
690,ASV898,TRUE,FALSE,TRUE,NA,NA,NA,NA,NA,NA,NA,NA,NA,NA,NA,NA,NA,NA,NA,NA,NA,NA,NA,NA,NA
691,ASV899,FALSE,FALSE,FALSE,NA,NA,NA,NA,NA,NA,NA,NA,NA,1,1,1,1,1,1,FALSE,FALSE,FALSE,TRUE,FALSE,TRUE
692,ASV900,FALSE,FALSE,FALSE,0.662426062,-170.017.189.059.737,NA,0.116489529,0.242886927,NA,568.657.174.246.888,-699.984.931.337.051,NA,0.110818365,0.090336389,1,1,1,1,FALSE,FALSE,FALSE,TRUE,TRUE,TRUE
693,ASV902,FALSE,FALSE,FALSE,NA,NA,NA,NA,NA,NA,NA,NA,NA,1,1,1,1,1,1,FALSE,FALSE,FALSE,FALSE,FALSE,TRUE
694,ASV903,TRUE,FALSE,TRUE,NA,NA,NA,NA,NA,NA,NA,NA,NA,NA,NA,NA,NA,NA,NA,NA,NA,NA,NA,NA,NA
695,ASV904,FALSE,TRUE,TRUE,NA,NA,NA,NA,NA,NA,NA,NA,NA,NA,NA,NA,NA,NA,NA,NA,NA,NA,NA,NA,NA
696,ASV905,TRUE,FALSE,TRUE,NA,NA,NA,NA,NA,NA,NA,NA,NA,NA,NA,NA,NA,NA,NA,NA,NA,NA,NA,NA,NA
697,ASV906,FALSE,FALSE,FALSE,0.115317709,-0.443185358,0.238135587,0.115088291,0.238912362,0.215680325,100.199.341.044.213,-185.501.224.803.026,110.411.363.334.746,0.49936611,0.314757989,0.468525092,1,1,1,FALSE,FALSE,FALSE,TRUE,TRUE,TRUE
698,ASV908,FALSE,FALSE,FALSE,NA,NA,NA,NA,NA,NA,NA,NA,NA,1,1,1,1,1,1,FALSE,FALSE,FALSE,TRUE,FALSE,TRUE
699,ASV909,FALSE,FALSE,FALSE,NA,NA,NA,NA,NA,NA,NA,NA,NA,1,1,1,1,1,1,FALSE,FALSE,FALSE,TRUE,TRUE,TRUE
700,ASV910,FALSE,FALSE,FALSE,NA,NA,NA,NA,NA,NA,NA,NA,NA,1,1,1,1,1,1,FALSE,FALSE,FALSE,FALSE,FALSE,TRUE
701,ASV911,FALSE,FALSE,FALSE,NA,NA,NA,NA,NA,NA,NA,NA,NA,1,1,1,1,1,1,FALSE,FALSE,FALSE,FALSE,FALSE,FALSE
702,ASV912,TRUE,FALSE,TRUE,NA,NA,NA,NA,NA,NA,NA,NA,NA,NA,NA,NA,NA,NA,NA,NA,NA,NA,NA,NA,NA
703,ASV914,FALSE,FALSE,FALSE,-0.457844051,0.177374253,NA,0.118339137,0.246636924,NA,-386.891.491.004.639,0.719171525,NA,1,1,1,1,1,1,FALSE,FALSE,FALSE,TRUE,TRUE,TRUE
704,ASV915,FALSE,FALSE,FALSE,-0.070416385,-0.106123929,0.097380503,0.1332111,0.276660518,0.253634615,-0.528607488,-0.383588991,0.383940112,0.633688624,0.726852986,0.726618467,1,1,1,FALSE,FALSE,FALSE,TRUE,TRUE,TRUE
705,ASV917,TRUE,FALSE,TRUE,NA,NA,NA,NA,NA,NA,NA,NA,NA,NA,NA,NA,NA,NA,NA,NA,NA,NA,NA,NA,NA
706,ASV918,FALSE,FALSE,FALSE,-0.004125529,0.26353754,NA,0.118339137,0.246636924,NA,-0.034861919,106.852.427.288.966,NA,1,1,1,1,1,1,FALSE,FALSE,FALSE,TRUE,TRUE,TRUE
707,ASV919,FALSE,FALSE,FALSE,NA,NA,NA,NA,NA,NA,NA,NA,NA,1,1,1,1,1,1,FALSE,FALSE,FALSE,FALSE,FALSE,FALSE
708,ASV921,FALSE,FALSE,FALSE,0.053633861,0.409934902,-0.2277266,0.121339526,0.227224287,0.204030229,0.44201476,180.409.809.188.016,-111.614.147.346.836,0.676942021,0.131064305,0.315109038,1,1,1,FALSE,FALSE,FALSE,TRUE,FALSE,TRUE
709,ASV922,FALSE,FALSE,FALSE,-0.023601556,-0.377271821,0.06523105,0.115529801,0.235434743,0.212206038,-0.204289766,-160.244.752.447.485,0.307394885,0.857029315,0.250229297,0.787598625,1,1,1,FALSE,FALSE,FALSE,TRUE,TRUE,TRUE
710,ASV924,FALSE,FALSE,FALSE,-0.482471518,0.871219466,NA,0.118339137,0.246636924,NA,-407.702.414.298.699,353.239.674.227.627,NA,1,1,1,1,1,1,FALSE,FALSE,FALSE,TRUE,TRUE,TRUE
711,ASV925,FALSE,FALSE,FALSE,0.002775621,0.890342027,-0.410226449,0.116697334,0.243308476,0.220080021,0.023784786,365.931.364.881.345,-186.398.768.639.711,0.984860989,0.169825999,0.313476183,1,1,1,FALSE,FALSE,FALSE,TRUE,TRUE,TRUE
712,ASV927,FALSE,FALSE,FALSE,NA,NA,NA,NA,NA,NA,NA,NA,NA,1,1,1,1,1,1,FALSE,FALSE,FALSE,TRUE,TRUE,TRUE
713,ASV932,FALSE,FALSE,FALSE,NA,NA,NA,NA,NA,NA,NA,NA,NA,1,1,1,1,1,1,FALSE,FALSE,FALSE,FALSE,FALSE,TRUE
714,ASV933,FALSE,FALSE,FALSE,NA,NA,NA,NA,NA,NA,NA,NA,NA,1,1,1,1,1,1,FALSE,FALSE,FALSE,FALSE,FALSE,TRUE
715,ASV934,FALSE,FALSE,FALSE,NA,NA,NA,NA,NA,NA,NA,NA,NA,1,1,1,1,1,1,FALSE,FALSE,FALSE,TRUE,TRUE,TRUE
716,ASV936,FALSE,FALSE,FALSE,NA,NA,NA,NA,NA,NA,NA,NA,NA,1,1,1,1,1,1,FALSE,FALSE,FALSE,FALSE,FALSE,TRUE
717,ASV938,FALSE,FALSE,FALSE,NA,NA,NA,NA,NA,NA,NA,NA,NA,1,1,1,1,1,1,FALSE,FALSE,FALSE,TRUE,FALSE,TRUE
718,ASV940,FALSE,FALSE,FALSE,-0.811819943,201.717.179.824.459,0.61184002,0.116421708,0.242749335,0.219519985,-69.730.976.855.699,830.969.032.387.588,27.871.722.889.885,1,1,1,1,1,1,FALSE,FALSE,FALSE,TRUE,TRUE,TRUE
719,ASV941,TRUE,FALSE,TRUE,NA,NA,NA,NA,NA,NA,NA,NA,NA,NA,NA,NA,NA,NA,NA,NA,NA,NA,NA,NA,NA
720,ASV942,FALSE,FALSE,FALSE,NA,NA,NA,NA,NA,NA,NA,NA,NA,1,1,1,1,1,1,FALSE,FALSE,FALSE,TRUE,TRUE,TRUE
721,ASV943,FALSE,FALSE,FALSE,-0.93924452,0.705297238,0.851540474,0.183608105,0.280479996,0.257488966,-511.548.507.826.074,251.460.798.241.142,330.709.501.416.666,0.006907768,0.065733472,0.029735166,1,1,1,FALSE,FALSE,FALSE,FALSE,TRUE,FALSE
722,ASV944,FALSE,FALSE,FALSE,NA,NA,NA,NA,NA,NA,NA,NA,NA,1,1,1,1,1,1,FALSE,FALSE,FALSE,FALSE,FALSE,TRUE
723,ASV946,FALSE,FALSE,FALSE,NA,NA,NA,NA,NA,NA,NA,NA,NA,1,1,1,1,1,1,FALSE,FALSE,FALSE,FALSE,FALSE,TRUE
724,ASV947,FALSE,TRUE,TRUE,NA,NA,NA,NA,NA,NA,NA,NA,NA,NA,NA,NA,NA,NA,NA,NA,NA,NA,NA,NA,NA
725,ASV948,TRUE,FALSE,TRUE,NA,NA,NA,NA,NA,NA,NA,NA,NA,NA,NA,NA,NA,NA,NA,NA,NA,NA,NA,NA,NA
726,ASV951,TRUE,FALSE,TRUE,NA,NA,NA,NA,NA,NA,NA,NA,NA,NA,NA,NA,NA,NA,NA,NA,NA,NA,NA,NA,NA
727,ASV953,FALSE,FALSE,FALSE,NA,NA,NA,NA,NA,NA,NA,NA,NA,1,1,1,1,1,1,FALSE,FALSE,FALSE,FALSE,FALSE,TRUE
728,ASV954,FALSE,FALSE,FALSE,NA,NA,NA,NA,NA,NA,NA,NA,NA,1,1,1,1,1,1,FALSE,FALSE,FALSE,TRUE,TRUE,TRUE
729,ASV955,FALSE,FALSE,FALSE,-158.324.271.105.787,12.231.039.931.333,110.833.576.795.279,0.115716248,0.241317724,0.218086649,-136.821.123.928.773,506.843.829.477.824,508.208.903.784.357,0.046446761,0.124011951,0.123687179,1,1,1,FALSE,FALSE,FALSE,FALSE,TRUE,TRUE
730,ASV958,TRUE,FALSE,TRUE,NA,NA,NA,NA,NA,NA,NA,NA,NA,NA,NA,NA,NA,NA,NA,NA,NA,NA,NA,NA,NA
731,ASV959,FALSE,FALSE,FALSE,NA,NA,NA,NA,NA,NA,NA,NA,NA,1,1,1,1,1,1,FALSE,FALSE,FALSE,TRUE,FALSE,TRUE
732,ASV960,FALSE,FALSE,FALSE,NA,NA,NA,NA,NA,NA,NA,NA,NA,1,1,1,1,1,1,FALSE,FALSE,FALSE,FALSE,FALSE,FALSE
733,ASV961,FALSE,FALSE,FALSE,NA,NA,NA,NA,NA,NA,NA,NA,NA,1,1,1,1,1,1,FALSE,FALSE,FALSE,FALSE,FALSE,TRUE
734,ASV962,FALSE,FALSE,FALSE,-0.323012954,0.783217685,-0.183318274,0.149612493,0.297893294,0.275075187,-215.899.719.894.166,262.918.871.070.823,-0.666429699,0.119688641,0.078379731,0.552806469,1,1,1,FALSE,FALSE,FALSE,TRUE,TRUE,TRUE
735,ASV963,FALSE,FALSE,FALSE,-0.207466238,0.723232532,-0.253243861,0.126474864,0.262510937,0.239371465,-164.037.526.479.435,275.505.675.722.052,-10.579.534.228.205,0.199461723,0.070443168,0.367726071,1,1,1,FALSE,FALSE,FALSE,TRUE,TRUE,TRUE
736,ASV964,FALSE,FALSE,FALSE,NA,NA,NA,NA,NA,NA,NA,NA,NA,1,1,1,1,1,1,FALSE,FALSE,FALSE,FALSE,FALSE,TRUE
737,ASV965,FALSE,TRUE,TRUE,NA,NA,NA,NA,NA,NA,NA,NA,NA,NA,NA,NA,NA,NA,NA,NA,NA,NA,NA,NA,NA
738,ASV967,TRUE,FALSE,TRUE,NA,NA,NA,NA,NA,NA,NA,NA,NA,NA,NA,NA,NA,NA,NA,NA,NA,NA,NA,NA,NA
739,ASV968,FALSE,FALSE,FALSE,NA,NA,NA,NA,NA,NA,NA,NA,NA,1,1,1,1,1,1,FALSE,FALSE,FALSE,TRUE,TRUE,TRUE
740,ASV969,FALSE,FALSE,FALSE,NA,NA,NA,NA,NA,NA,NA,NA,NA,1,1,1,1,1,1,FALSE,FALSE,FALSE,TRUE,FALSE,TRUE
741,ASV970,FALSE,FALSE,FALSE,NA,NA,NA,NA,NA,NA,NA,NA,NA,1,1,1,1,1,1,FALSE,FALSE,FALSE,FALSE,FALSE,TRUE
742,ASV971,FALSE,FALSE,FALSE,NA,NA,NA,NA,NA,NA,NA,NA,NA,1,1,1,1,1,1,FALSE,FALSE,FALSE,TRUE,FALSE,TRUE
743,ASV972,FALSE,FALSE,FALSE,-0.571543067,0.276767596,0.669199256,0.313054695,0.314054768,0.291408657,-182.569.715.777.711,0.881271754,229.642.887.992.597,0.319012287,0.540124261,0.261457085,1,1,1,FALSE,FALSE,FALSE,TRUE,TRUE,TRUE
744,ASV973,FALSE,FALSE,FALSE,NA,NA,NA,NA,NA,NA,NA,NA,NA,1,1,1,1,1,1,FALSE,FALSE,FALSE,TRUE,TRUE,TRUE
745,ASV974,FALSE,FALSE,FALSE,-0.103946899,11.047.105.243.817,0.00992793,0.114552562,0.232807629,0.20958558,-0.907416627,474.516.462.987.356,0.047369339,0.43108262,0.017754127,0.965195905,1,1,1,FALSE,FALSE,FALSE,TRUE,FALSE,TRUE
746,ASV975,FALSE,FALSE,FALSE,NA,NA,NA,NA,NA,NA,NA,NA,NA,1,1,1,1,1,1,FALSE,FALSE,FALSE,TRUE,FALSE,TRUE
747,ASV976,TRUE,FALSE,TRUE,NA,NA,NA,NA,NA,NA,NA,NA,NA,NA,NA,NA,NA,NA,NA,NA,NA,NA,NA,NA,NA
748,ASV977,FALSE,FALSE,FALSE,NA,NA,NA,NA,NA,NA,NA,NA,NA,1,1,1,1,1,1,FALSE,FALSE,FALSE,TRUE,FALSE,TRUE
749,ASV978,TRUE,FALSE,TRUE,NA,NA,NA,NA,NA,NA,NA,NA,NA,NA,NA,NA,NA,NA,NA,NA,NA,NA,NA,NA,NA
750,ASV979,TRUE,FALSE,TRUE,NA,NA,NA,NA,NA,NA,NA,NA,NA,NA,NA,NA,NA,NA,NA,NA,NA,NA,NA,NA,NA
751,ASV981,FALSE,FALSE,FALSE,NA,NA,NA,NA,NA,NA,NA,NA,NA,1,1,1,1,1,1,FALSE,FALSE,FALSE,TRUE,TRUE,TRUE
752,ASV982,FALSE,FALSE,FALSE,0.369591771,-117.720.179.992.125,-0.270581195,0.120686967,0.251390804,0.228187482,306.240.003.355.503,-468.275.601.406.937,-118.578.456.966.996,0.092130668,0.04270348,0.357492723,1,1,1,FALSE,FALSE,FALSE,TRUE,FALSE,TRUE
753,ASV984,FALSE,TRUE,TRUE,NA,NA,NA,NA,NA,NA,NA,NA,NA,NA,NA,NA,NA,NA,NA,NA,NA,NA,NA,NA,NA
754,ASV985,FALSE,FALSE,FALSE,NA,NA,NA,NA,NA,NA,NA,NA,NA,1,1,1,1,1,1,FALSE,FALSE,FALSE,FALSE,FALSE,FALSE
755,ASV986,FALSE,FALSE,FALSE,NA,NA,NA,NA,NA,NA,NA,NA,NA,1,1,1,1,1,1,FALSE,FALSE,FALSE,FALSE,FALSE,FALSE
756,ASV987,FALSE,FALSE,FALSE,NA,NA,NA,NA,NA,NA,NA,NA,NA,1,1,1,1,1,1,FALSE,FALSE,FALSE,TRUE,FALSE,TRUE
757,ASV989,FALSE,FALSE,FALSE,NA,NA,NA,NA,NA,NA,NA,NA,NA,1,1,1,1,1,1,FALSE,FALSE,FALSE,TRUE,FALSE,TRUE
758,ASV990,FALSE,FALSE,FALSE,-0.21530513,0.895766888,-0.380597147,0.114901876,0.239664171,0.216432163,-187.381.737.027.222,373.759.200.184.757,-175.850.549.077.791,0.312083332,0.166430687,0.329170684,1,1,1,FALSE,FALSE,FALSE,TRUE,TRUE,TRUE
759,ASV991,FALSE,FALSE,FALSE,NA,NA,NA,NA,NA,NA,NA,NA,NA,1,1,1,1,1,1,FALSE,FALSE,FALSE,FALSE,FALSE,TRUE
760,ASV992,FALSE,TRUE,TRUE,NA,NA,NA,NA,NA,NA,NA,NA,NA,NA,NA,NA,NA,NA,NA,NA,NA,NA,NA,NA,NA
761,ASV994,TRUE,FALSE,TRUE,NA,NA,NA,NA,NA,NA,NA,NA,NA,NA,NA,NA,NA,NA,NA,NA,NA,NA,NA,NA,NA
762,ASV995,FALSE,FALSE,FALSE,NA,NA,NA,NA,NA,NA,NA,NA,NA,1,1,1,1,1,1,FALSE,FALSE,FALSE,FALSE,FALSE,FALSE
763,ASV996,TRUE,FALSE,TRUE,NA,NA,NA,NA,NA,NA,NA,NA,NA,NA,NA,NA,NA,NA,NA,NA,NA,NA,NA,NA,NA
764,ASV997,FALSE,FALSE,FALSE,NA,NA,NA,NA,NA,NA,NA,NA,NA,1,1,1,1,1,1,FALSE,FALSE,FALSE,FALSE,FALSE,TRUE
765,ASV998,FALSE,FALSE,FALSE,NA,NA,NA,NA,NA,NA,NA,NA,NA,1,1,1,1,1,1,FALSE,FALSE,FALSE,FALSE,FALSE,FALSE
766,ASV1000,FALSE,FALSE,FALSE,NA,NA,NA,NA,NA,NA,NA,NA,NA,1,1,1,1,1,1,FALSE,FALSE,FALSE,FALSE,FALSE,TRUE
767,ASV1001,FALSE,FALSE,FALSE,NA,NA,NA,NA,NA,NA,NA,NA,NA,1,1,1,1,1,1,FALSE,FALSE,FALSE,FALSE,FALSE,TRUE
768,ASV1002,FALSE,FALSE,FALSE,0.002747085,0.779531675,-0.546703879,0.116421708,0.242749335,0.219519985,0.023595983,321.126.183.758.165,-249.045.151.366.054,1,1,1,1,1,1,FALSE,FALSE,FALSE,TRUE,TRUE,TRUE
769,ASV1003,TRUE,FALSE,TRUE,NA,NA,NA,NA,NA,NA,NA,NA,NA,NA,NA,NA,NA,NA,NA,NA,NA,NA,NA,NA,NA
770,ASV1004,FALSE,FALSE,FALSE,NA,NA,NA,NA,NA,NA,NA,NA,NA,1,1,1,1,1,1,FALSE,FALSE,FALSE,FALSE,FALSE,TRUE
771,ASV1006,FALSE,FALSE,FALSE,-0.958647671,0.766425013,NA,0.114611333,0.239073987,NA,-836.433.574.801.225,320.580.680.137.195,NA,0.013994119,0.085070292,1,1,1,1,FALSE,FALSE,FALSE,FALSE,TRUE,TRUE
772,ASV1008,FALSE,FALSE,FALSE,NA,NA,NA,NA,NA,NA,NA,NA,NA,1,1,1,1,1,1,FALSE,FALSE,FALSE,FALSE,FALSE,TRUE
773,ASV1009,FALSE,FALSE,FALSE,NA,NA,NA,NA,NA,NA,NA,NA,NA,1,1,1,1,1,1,FALSE,FALSE,FALSE,TRUE,FALSE,TRUE
774,ASV1010,FALSE,FALSE,FALSE,NA,NA,NA,NA,NA,NA,NA,NA,NA,1,1,1,1,1,1,FALSE,FALSE,FALSE,FALSE,FALSE,TRUE
775,ASV1011,FALSE,FALSE,FALSE,-0.444305304,0.499382281,0.049735887,0.133038424,0.276313612,0.253284615,-3.339.676.557.386,180.730.249.793.991,0.196363631,0.185214308,0.321735882,0.876561579,1,1,1,FALSE,FALSE,FALSE,TRUE,TRUE,TRUE
776,ASV1012,FALSE,FALSE,FALSE,-0.527771952,0.410162216,0.277867462,0.116421708,0.242749335,0.219519985,-45.332.778.613.229,168.965.330.446.829,126.579.574.119.373,1,1,1,1,1,1,FALSE,FALSE,FALSE,TRUE,TRUE,TRUE
777,ASV1013,FALSE,FALSE,FALSE,NA,NA,NA,NA,NA,NA,NA,NA,NA,1,1,1,1,1,1,FALSE,FALSE,FALSE,TRUE,FALSE,TRUE
778,ASV1015,FALSE,FALSE,FALSE,0.500304242,-108.444.285.261.412,NA,0.118339137,0.246636924,NA,422.771.582.702.832,-439.692.011.965.801,NA,1,1,1,1,1,1,FALSE,FALSE,FALSE,TRUE,TRUE,TRUE
779,ASV1020,FALSE,TRUE,TRUE,NA,NA,NA,NA,NA,NA,NA,NA,NA,NA,NA,NA,NA,NA,NA,NA,NA,NA,NA,NA,NA
780,ASV1021,FALSE,FALSE,FALSE,NA,NA,NA,NA,NA,NA,NA,NA,NA,1,1,1,1,1,1,FALSE,FALSE,FALSE,FALSE,FALSE,TRUE
781,ASV1022,TRUE,FALSE,TRUE,NA,NA,NA,NA,NA,NA,NA,NA,NA,NA,NA,NA,NA,NA,NA,NA,NA,NA,NA,NA,NA
782,ASV1023,FALSE,FALSE,FALSE,NA,NA,NA,NA,NA,NA,NA,NA,NA,1,1,1,1,1,1,FALSE,FALSE,FALSE,TRUE,FALSE,TRUE
783,ASV1025,TRUE,FALSE,TRUE,NA,NA,NA,NA,NA,NA,NA,NA,NA,NA,NA,NA,NA,NA,NA,NA,NA,NA,NA,NA,NA
784,ASV1027,FALSE,FALSE,FALSE,NA,NA,NA,NA,NA,NA,NA,NA,NA,1,1,1,1,1,1,FALSE,FALSE,FALSE,FALSE,FALSE,TRUE
785,ASV1028,FALSE,FALSE,FALSE,NA,NA,NA,NA,NA,NA,NA,NA,NA,1,1,1,1,1,1,FALSE,FALSE,FALSE,FALSE,FALSE,TRUE
786,ASV1029,FALSE,FALSE,FALSE,NA,NA,NA,NA,NA,NA,NA,NA,NA,1,1,1,1,1,1,FALSE,FALSE,FALSE,TRUE,TRUE,TRUE
787,ASV1030,FALSE,FALSE,FALSE,NA,NA,NA,NA,NA,NA,NA,NA,NA,1,1,1,1,1,1,FALSE,FALSE,FALSE,TRUE,TRUE,TRUE
788,ASV1031,FALSE,FALSE,FALSE,NA,NA,NA,NA,NA,NA,NA,NA,NA,1,1,1,1,1,1,FALSE,FALSE,FALSE,FALSE,FALSE,TRUE
789,ASV1032,FALSE,FALSE,FALSE,NA,NA,NA,NA,NA,NA,NA,NA,NA,1,1,1,1,1,1,FALSE,FALSE,FALSE,TRUE,FALSE,TRUE
790,ASV1033,FALSE,FALSE,FALSE,NA,NA,NA,NA,NA,NA,NA,NA,NA,1,1,1,1,1,1,FALSE,FALSE,FALSE,FALSE,FALSE,FALSE
791,ASV1035,FALSE,FALSE,FALSE,NA,NA,NA,NA,NA,NA,NA,NA,NA,1,1,1,1,1,1,FALSE,FALSE,FALSE,FALSE,FALSE,TRUE
792,ASV1036,FALSE,TRUE,TRUE,NA,NA,NA,NA,NA,NA,NA,NA,NA,NA,NA,NA,NA,NA,NA,NA,NA,NA,NA,NA,NA
793,ASV1037,FALSE,FALSE,FALSE,NA,NA,NA,NA,NA,NA,NA,NA,NA,1,1,1,1,1,1,FALSE,FALSE,FALSE,FALSE,FALSE,FALSE
794,ASV1038,FALSE,FALSE,FALSE,-299.957.377.685.454,153.421.699.189.017,17.882.184.130.978,0.120489313,0.250990845,0.227785796,-248.949.362.736.562,611.264.124.048.694,785.043.864.179.899,0.000142109,0.008799266,0.004305114,0.322871016,1,1,FALSE,FALSE,FALSE,TRUE,TRUE,TRUE
795,ASV1040,FALSE,TRUE,TRUE,NA,NA,NA,NA,NA,NA,NA,NA,NA,NA,NA,NA,NA,NA,NA,NA,NA,NA,NA,NA,NA
796,ASV1041,FALSE,FALSE,FALSE,-127.472.280.749.968,147.801.691.461.904,NA,0.157885125,0.326203438,NA,-807.373.591.681.817,453.096.669.868.579,NA,0.078451163,0.138287301,1,1,1,1,FALSE,FALSE,FALSE,TRUE,TRUE,TRUE
797,ASV1042,FALSE,FALSE,FALSE,NA,NA,NA,NA,NA,NA,NA,NA,NA,1,1,1,1,1,1,FALSE,FALSE,FALSE,FALSE,FALSE,TRUE
798,ASV1043,FALSE,FALSE,FALSE,NA,NA,NA,NA,NA,NA,NA,NA,NA,1,1,1,1,1,1,FALSE,FALSE,FALSE,FALSE,FALSE,TRUE
799,ASV1044,FALSE,FALSE,FALSE,NA,NA,NA,NA,NA,NA,NA,NA,NA,1,1,1,1,1,1,FALSE,FALSE,FALSE,TRUE,FALSE,TRUE
800,ASV1045,FALSE,FALSE,FALSE,NA,NA,NA,NA,NA,NA,NA,NA,NA,1,1,1,1,1,1,FALSE,FALSE,FALSE,TRUE,FALSE,TRUE
801,ASV1046,FALSE,FALSE,FALSE,NA,NA,NA,NA,NA,NA,NA,NA,NA,1,1,1,1,1,1,FALSE,FALSE,FALSE,TRUE,TRUE,TRUE
802,ASV1049,FALSE,FALSE,FALSE,101.800.311.839.644,-178.071.975.583.271,NA,0.118339137,0.246636924,NA,860.242.135.070.897,-722.000.472.686.911,NA,1,1,1,1,1,1,FALSE,FALSE,FALSE,TRUE,TRUE,TRUE
803,ASV1050,FALSE,FALSE,FALSE,NA,NA,NA,NA,NA,NA,NA,NA,NA,1,1,1,1,1,1,FALSE,FALSE,FALSE,TRUE,TRUE,TRUE
804,ASV1051,TRUE,FALSE,TRUE,NA,NA,NA,NA,NA,NA,NA,NA,NA,NA,NA,NA,NA,NA,NA,NA,NA,NA,NA,NA,NA
805,ASV1054,FALSE,FALSE,FALSE,-106.161.996.991.738,0.855729449,0.819545578,0.133395532,0.259119767,0.235957903,-795.843.726.724.934,330.244.759.049.047,347.327.030.725.025,0.015424282,0.080742017,0.073831026,1,1,1,FALSE,FALSE,FALSE,FALSE,TRUE,TRUE
806,ASV1055,TRUE,FALSE,TRUE,NA,NA,NA,NA,NA,NA,NA,NA,NA,NA,NA,NA,NA,NA,NA,NA,NA,NA,NA,NA,NA
807,ASV1056,TRUE,FALSE,TRUE,NA,NA,NA,NA,NA,NA,NA,NA,NA,NA,NA,NA,NA,NA,NA,NA,NA,NA,NA,NA,NA
808,ASV1059,TRUE,FALSE,TRUE,NA,NA,NA,NA,NA,NA,NA,NA,NA,NA,NA,NA,NA,NA,NA,NA,NA,NA,NA,NA,NA
809,ASV1060,FALSE,FALSE,FALSE,NA,NA,NA,NA,NA,NA,NA,NA,NA,1,1,1,1,1,1,FALSE,FALSE,FALSE,FALSE,FALSE,TRUE
810,ASV1062,TRUE,FALSE,TRUE,NA,NA,NA,NA,NA,NA,NA,NA,NA,NA,NA,NA,NA,NA,NA,NA,NA,NA,NA,NA,NA
811,ASV1063,TRUE,FALSE,TRUE,NA,NA,NA,NA,NA,NA,NA,NA,NA,NA,NA,NA,NA,NA,NA,NA,NA,NA,NA,NA,NA
812,ASV1066,FALSE,TRUE,TRUE,NA,NA,NA,NA,NA,NA,NA,NA,NA,NA,NA,NA,NA,NA,NA,NA,NA,NA,NA,NA,NA
813,ASV1067,FALSE,FALSE,FALSE,-0.308183085,-0.571081102,0.450015268,0.131456572,0.273128204,0.250071422,-234.437.184.534.039,-209.089.026.580.404,179.954.696.400.359,0.25667601,0.284001844,0.322896969,1,1,1,FALSE,FALSE,FALSE,TRUE,TRUE,TRUE
814,ASV1068,FALSE,FALSE,FALSE,NA,NA,NA,NA,NA,NA,NA,NA,NA,1,1,1,1,1,1,FALSE,FALSE,FALSE,TRUE,FALSE,TRUE
815,ASV1069,FALSE,FALSE,FALSE,NA,NA,NA,NA,NA,NA,NA,NA,NA,1,1,1,1,1,1,FALSE,FALSE,FALSE,FALSE,FALSE,TRUE
816,ASV1070,FALSE,FALSE,FALSE,NA,NA,NA,NA,NA,NA,NA,NA,NA,1,1,1,1,1,1,FALSE,FALSE,FALSE,FALSE,FALSE,TRUE
817,ASV1071,TRUE,FALSE,TRUE,NA,NA,NA,NA,NA,NA,NA,NA,NA,NA,NA,NA,NA,NA,NA,NA,NA,NA,NA,NA,NA
818,ASV1072,FALSE,FALSE,FALSE,NA,NA,NA,NA,NA,NA,NA,NA,NA,1,1,1,1,1,1,FALSE,FALSE,FALSE,TRUE,FALSE,TRUE
819,ASV1073,FALSE,FALSE,FALSE,NA,NA,NA,NA,NA,NA,NA,NA,NA,1,1,1,1,1,1,FALSE,FALSE,FALSE,TRUE,FALSE,TRUE
820,ASV1074,FALSE,FALSE,FALSE,NA,NA,NA,NA,NA,NA,NA,NA,NA,1,1,1,1,1,1,FALSE,FALSE,FALSE,FALSE,FALSE,TRUE
821,ASV1075,FALSE,FALSE,FALSE,NA,NA,NA,NA,NA,NA,NA,NA,NA,1,1,1,1,1,1,FALSE,FALSE,FALSE,TRUE,TRUE,TRUE
822,ASV1076,TRUE,FALSE,TRUE,NA,NA,NA,NA,NA,NA,NA,NA,NA,NA,NA,NA,NA,NA,NA,NA,NA,NA,NA,NA,NA
823,ASV1077,TRUE,FALSE,TRUE,NA,NA,NA,NA,NA,NA,NA,NA,NA,NA,NA,NA,NA,NA,NA,NA,NA,NA,NA,NA,NA
824,ASV1078,FALSE,FALSE,FALSE,-165.125.244.916.524,-0.05922154,178.350.518.018.603,0.125343102,0.260800982,0.237649936,-131.738.597.539.964,-0.227075602,750.475.766.975.357,0.005712681,0.841463958,0.017295943,1,1,1,FALSE,FALSE,FALSE,FALSE,TRUE,FALSE
825,ASV1079,FALSE,FALSE,FALSE,NA,NA,NA,NA,NA,NA,NA,NA,NA,1,1,1,1,1,1,FALSE,FALSE,FALSE,FALSE,FALSE,TRUE
826,ASV1080,FALSE,FALSE,FALSE,NA,NA,NA,NA,NA,NA,NA,NA,NA,1,1,1,1,1,1,FALSE,FALSE,FALSE,FALSE,FALSE,TRUE
827,ASV1081,FALSE,FALSE,FALSE,NA,NA,NA,NA,NA,NA,NA,NA,NA,1,1,1,1,1,1,FALSE,FALSE,FALSE,FALSE,FALSE,FALSE
828,ASV1084,TRUE,FALSE,TRUE,NA,NA,NA,NA,NA,NA,NA,NA,NA,NA,NA,NA,NA,NA,NA,NA,NA,NA,NA,NA,NA
829,ASV1085,TRUE,FALSE,TRUE,NA,NA,NA,NA,NA,NA,NA,NA,NA,NA,NA,NA,NA,NA,NA,NA,NA,NA,NA,NA,NA
830,ASV1086,FALSE,FALSE,FALSE,NA,NA,NA,NA,NA,NA,NA,NA,NA,1,1,1,1,1,1,FALSE,FALSE,FALSE,TRUE,FALSE,TRUE
831,ASV1090,FALSE,FALSE,FALSE,NA,NA,NA,NA,NA,NA,NA,NA,NA,1,1,1,1,1,1,FALSE,FALSE,FALSE,TRUE,FALSE,TRUE
832,ASV1091,TRUE,FALSE,TRUE,NA,NA,NA,NA,NA,NA,NA,NA,NA,NA,NA,NA,NA,NA,NA,NA,NA,NA,NA,NA,NA
833,ASV1092,FALSE,FALSE,FALSE,-0.170622289,0.271440127,0.01719208,0.140539731,0.265751179,0.242635091,-121.405.020.501.907,102.140.704.558.722,0.070855704,0.348631321,0.414497924,0.949960219,1,1,1,FALSE,FALSE,FALSE,TRUE,TRUE,TRUE
834,ASV1094,FALSE,FALSE,FALSE,NA,NA,NA,NA,NA,NA,NA,NA,NA,1,1,1,1,1,1,FALSE,FALSE,FALSE,TRUE,FALSE,TRUE
835,ASV1096,TRUE,FALSE,TRUE,NA,NA,NA,NA,NA,NA,NA,NA,NA,NA,NA,NA,NA,NA,NA,NA,NA,NA,NA,NA,NA
836,ASV1097,FALSE,FALSE,FALSE,NA,NA,NA,NA,NA,NA,NA,NA,NA,1,1,1,1,1,1,FALSE,FALSE,FALSE,TRUE,TRUE,TRUE
837,ASV1098,FALSE,TRUE,TRUE,NA,NA,NA,NA,NA,NA,NA,NA,NA,NA,NA,NA,NA,NA,NA,NA,NA,NA,NA,NA,NA
838,ASV1099,FALSE,FALSE,FALSE,NA,NA,NA,NA,NA,NA,NA,NA,NA,1,1,1,1,1,1,FALSE,FALSE,FALSE,FALSE,FALSE,TRUE
839,ASV1101,FALSE,FALSE,FALSE,NA,NA,NA,NA,NA,NA,NA,NA,NA,1,1,1,1,1,1,FALSE,FALSE,FALSE,TRUE,TRUE,TRUE
840,ASV1102,TRUE,FALSE,TRUE,NA,NA,NA,NA,NA,NA,NA,NA,NA,NA,NA,NA,NA,NA,NA,NA,NA,NA,NA,NA,NA
841,ASV1104,FALSE,FALSE,FALSE,NA,NA,NA,NA,NA,NA,NA,NA,NA,1,1,1,1,1,1,FALSE,FALSE,FALSE,FALSE,FALSE,FALSE
842,ASV1105,TRUE,FALSE,TRUE,NA,NA,NA,NA,NA,NA,NA,NA,NA,NA,NA,NA,NA,NA,NA,NA,NA,NA,NA,NA,NA
843,ASV1106,FALSE,FALSE,FALSE,NA,NA,NA,NA,NA,NA,NA,NA,NA,1,1,1,1,1,1,FALSE,FALSE,FALSE,FALSE,FALSE,TRUE
844,ASV1108,FALSE,FALSE,FALSE,0.43599471,-0.61670294,NA,0.118339137,0.246636924,NA,368.428.164.548.476,-250.044.855.390.933,NA,1,1,1,1,1,1,FALSE,FALSE,FALSE,TRUE,TRUE,TRUE
845,ASV1109,FALSE,FALSE,FALSE,NA,NA,NA,NA,NA,NA,NA,NA,NA,1,1,1,1,1,1,FALSE,FALSE,FALSE,FALSE,FALSE,TRUE
846,ASV1110,FALSE,FALSE,FALSE,0.694803801,-145.163.134.315.675,-0.393753104,0.118085653,0.246123265,0.222901083,588.389.686.200.665,-589.798.507.939.436,-176.649.255.891.881,0.107172903,0.106921697,0.327932437,1,1,1,FALSE,FALSE,FALSE,TRUE,TRUE,TRUE
847,ASV1111,FALSE,FALSE,FALSE,NA,NA,NA,NA,NA,NA,NA,NA,NA,1,1,1,1,1,1,FALSE,FALSE,FALSE,FALSE,FALSE,TRUE
848,ASV1112,FALSE,FALSE,FALSE,-0.210979955,0.223604846,0.350133206,0.118387798,0.239674397,0.216442391,-178.210.896.076.279,0.932952576,161.767.389.504.851,0.325535748,0.522073283,0.352479754,1,1,1,FALSE,FALSE,FALSE,TRUE,TRUE,TRUE
849,ASV1113,FALSE,FALSE,FALSE,NA,NA,NA,NA,NA,NA,NA,NA,NA,1,1,1,1,1,1,FALSE,FALSE,FALSE,FALSE,FALSE,TRUE
850,ASV1114,FALSE,FALSE,FALSE,NA,NA,NA,NA,NA,NA,NA,NA,NA,1,1,1,1,1,1,FALSE,FALSE,FALSE,TRUE,TRUE,TRUE
851,ASV1115,FALSE,FALSE,FALSE,NA,NA,NA,NA,NA,NA,NA,NA,NA,1,1,1,1,1,1,FALSE,FALSE,FALSE,FALSE,FALSE,FALSE
852,ASV1116,FALSE,TRUE,TRUE,NA,NA,NA,NA,NA,NA,NA,NA,NA,NA,NA,NA,NA,NA,NA,NA,NA,NA,NA,NA,NA
853,ASV1117,FALSE,FALSE,FALSE,NA,NA,NA,NA,NA,NA,NA,NA,NA,1,1,1,1,1,1,FALSE,FALSE,FALSE,FALSE,FALSE,FALSE
854,ASV1119,FALSE,FALSE,FALSE,NA,NA,NA,NA,NA,NA,NA,NA,NA,1,1,1,1,1,1,FALSE,FALSE,FALSE,FALSE,FALSE,FALSE
855,ASV1120,TRUE,FALSE,TRUE,NA,NA,NA,NA,NA,NA,NA,NA,NA,NA,NA,NA,NA,NA,NA,NA,NA,NA,NA,NA,NA
856,ASV1122,TRUE,FALSE,TRUE,NA,NA,NA,NA,NA,NA,NA,NA,NA,NA,NA,NA,NA,NA,NA,NA,NA,NA,NA,NA,NA
857,ASV1124,FALSE,FALSE,FALSE,NA,NA,NA,NA,NA,NA,NA,NA,NA,1,1,1,1,1,1,FALSE,FALSE,FALSE,FALSE,FALSE,TRUE
858,ASV1125,FALSE,FALSE,FALSE,-0.041825517,-0.623640662,0.233395464,0.184361556,0.250532867,0.227325896,-0.226866806,-248.925.687.738.358,102.669.985.348.735,0.831650035,0.067538125,0.36259052,1,1,1,FALSE,FALSE,FALSE,TRUE,FALSE,TRUE
859,ASV1127,TRUE,FALSE,TRUE,NA,NA,NA,NA,NA,NA,NA,NA,NA,NA,NA,NA,NA,NA,NA,NA,NA,NA,NA,NA,NA
860,ASV1128,FALSE,FALSE,FALSE,NA,NA,NA,NA,NA,NA,NA,NA,NA,1,1,1,1,1,1,FALSE,FALSE,FALSE,FALSE,FALSE,TRUE
861,ASV1130,FALSE,FALSE,FALSE,NA,NA,NA,NA,NA,NA,NA,NA,NA,1,1,1,1,1,1,FALSE,FALSE,FALSE,FALSE,FALSE,FALSE
862,ASV1131,TRUE,FALSE,TRUE,NA,NA,NA,NA,NA,NA,NA,NA,NA,NA,NA,NA,NA,NA,NA,NA,NA,NA,NA,NA,NA
863,ASV1133,TRUE,FALSE,TRUE,NA,NA,NA,NA,NA,NA,NA,NA,NA,NA,NA,NA,NA,NA,NA,NA,NA,NA,NA,NA,NA
864,ASV1135,FALSE,FALSE,FALSE,NA,NA,NA,NA,NA,NA,NA,NA,NA,1,1,1,1,1,1,FALSE,FALSE,FALSE,TRUE,FALSE,TRUE
865,ASV1136,FALSE,FALSE,FALSE,-0.518353646,0.942983722,NA,0.118339137,0.246636924,NA,-438.023.852.092.841,382.336.799.866.891,NA,1,1,1,1,1,1,FALSE,FALSE,FALSE,TRUE,TRUE,TRUE
866,ASV1138,FALSE,FALSE,FALSE,NA,NA,NA,NA,NA,NA,NA,NA,NA,1,1,1,1,1,1,FALSE,FALSE,FALSE,TRUE,FALSE,TRUE
867,ASV1139,FALSE,FALSE,FALSE,NA,NA,NA,NA,NA,NA,NA,NA,NA,1,1,1,1,1,1,FALSE,FALSE,FALSE,TRUE,TRUE,TRUE
868,ASV1141,FALSE,FALSE,FALSE,NA,NA,NA,NA,NA,NA,NA,NA,NA,1,1,1,1,1,1,FALSE,FALSE,FALSE,TRUE,FALSE,TRUE
869,ASV1142,TRUE,FALSE,TRUE,NA,NA,NA,NA,NA,NA,NA,NA,NA,NA,NA,NA,NA,NA,NA,NA,NA,NA,NA,NA,NA
870,ASV1143,FALSE,FALSE,FALSE,NA,NA,NA,NA,NA,NA,NA,NA,NA,1,1,1,1,1,1,FALSE,FALSE,FALSE,FALSE,FALSE,TRUE
871,ASV1145,FALSE,FALSE,FALSE,NA,NA,NA,NA,NA,NA,NA,NA,NA,1,1,1,1,1,1,FALSE,FALSE,FALSE,TRUE,FALSE,TRUE
872,ASV1146,TRUE,FALSE,TRUE,NA,NA,NA,NA,NA,NA,NA,NA,NA,NA,NA,NA,NA,NA,NA,NA,NA,NA,NA,NA,NA
873,ASV1147,FALSE,FALSE,FALSE,NA,NA,NA,NA,NA,NA,NA,NA,NA,1,1,1,1,1,1,FALSE,FALSE,FALSE,FALSE,FALSE,TRUE
874,ASV1148,FALSE,FALSE,FALSE,NA,NA,NA,NA,NA,NA,NA,NA,NA,1,1,1,1,1,1,FALSE,FALSE,FALSE,TRUE,TRUE,TRUE
875,ASV1149,FALSE,FALSE,FALSE,-0.353421461,103.958.999.071.775,NA,0.176924921,0.259908768,NA,-199.757.874.859.893,399.982.654.574.225,NA,0.295475817,0.155964757,1,1,1,1,FALSE,FALSE,FALSE,TRUE,TRUE,TRUE
876,ASV1150,FALSE,FALSE,FALSE,-0.269478232,0.606201473,0.379948765,0.185601308,0.256499052,0.233321525,-145.191.989.393.011,23.633.673.006.115,162.843.426.317.837,0.283652639,0.141897884,0.244977662,1,1,1,FALSE,FALSE,FALSE,TRUE,TRUE,TRUE
877,ASV1151,FALSE,FALSE,FALSE,NA,NA,NA,NA,NA,NA,NA,NA,NA,1,1,1,1,1,1,FALSE,FALSE,FALSE,TRUE,TRUE,TRUE
878,ASV1152,FALSE,FALSE,FALSE,-0.550882313,0.66708761,NA,0.118339137,0.246636924,NA,-465.511.517.861.077,270.473.536.472.235,NA,1,1,1,1,1,1,FALSE,FALSE,FALSE,TRUE,TRUE,TRUE
879,ASV1154,FALSE,FALSE,FALSE,NA,NA,NA,NA,NA,NA,NA,NA,NA,1,1,1,1,1,1,FALSE,FALSE,FALSE,FALSE,FALSE,TRUE
880,ASV1155,FALSE,FALSE,FALSE,NA,NA,NA,NA,NA,NA,NA,NA,NA,1,1,1,1,1,1,FALSE,FALSE,FALSE,TRUE,TRUE,TRUE
881,ASV1156,FALSE,FALSE,FALSE,NA,NA,NA,NA,NA,NA,NA,NA,NA,1,1,1,1,1,1,FALSE,FALSE,FALSE,FALSE,FALSE,FALSE
882,ASV1157,FALSE,FALSE,FALSE,0.231715422,0.917651966,-0.665338079,0.127688007,0.265532612,0.24241489,181.469.996.928.889,345.589.176.323.569,-274.462.546.451.592,0.320635487,0.179315299,0.222434803,1,1,1,FALSE,FALSE,FALSE,TRUE,TRUE,TRUE
883,ASV1158,FALSE,TRUE,TRUE,NA,NA,NA,NA,NA,NA,NA,NA,NA,NA,NA,NA,NA,NA,NA,NA,NA,NA,NA,NA,NA
884,ASV1160,FALSE,FALSE,FALSE,0.156777575,-0.397389517,NA,0.118339137,0.246636924,NA,132.481.593.636.241,-161.123.286.398.214,NA,1,1,1,1,1,1,FALSE,FALSE,FALSE,TRUE,TRUE,TRUE
885,ASV1162,FALSE,FALSE,FALSE,-0.439298546,-0.69758882,0.807248738,0.161012369,0.303029361,0.280265166,-272.835.278.317.736,-230.205.026.327.659,288.030.349.512.142,0.052532116,0.082752214,0.044999368,1,1,1,FALSE,FALSE,FALSE,TRUE,TRUE,FALSE
886,ASV1163,FALSE,FALSE,FALSE,NA,NA,NA,NA,NA,NA,NA,NA,NA,1,1,1,1,1,1,FALSE,FALSE,FALSE,FALSE,FALSE,TRUE
887,ASV1164,FALSE,FALSE,FALSE,NA,NA,NA,NA,NA,NA,NA,NA,NA,1,1,1,1,1,1,FALSE,FALSE,FALSE,TRUE,FALSE,TRUE
888,ASV1165,FALSE,FALSE,FALSE,-0.099967794,0.239602132,-0.005721065,0.115800837,0.228922725,0.20571798,-0.863273499,10.466.507.076.457,-0.027810235,0.436675734,0.354336772,0.979145684,1,1,1,FALSE,FALSE,FALSE,TRUE,FALSE,TRUE
889,ASV1166,TRUE,FALSE,TRUE,NA,NA,NA,NA,NA,NA,NA,NA,NA,NA,NA,NA,NA,NA,NA,NA,NA,NA,NA,NA,NA
890,ASV1169,FALSE,FALSE,FALSE,NA,NA,NA,NA,NA,NA,NA,NA,NA,1,1,1,1,1,1,FALSE,FALSE,FALSE,FALSE,FALSE,TRUE
891,ASV1170,FALSE,FALSE,FALSE,NA,NA,NA,NA,NA,NA,NA,NA,NA,1,1,1,1,1,1,FALSE,FALSE,FALSE,FALSE,FALSE,TRUE
892,ASV1171,FALSE,FALSE,FALSE,NA,NA,NA,NA,NA,NA,NA,NA,NA,1,1,1,1,1,1,FALSE,FALSE,FALSE,TRUE,FALSE,TRUE
893,ASV1172,TRUE,FALSE,TRUE,NA,NA,NA,NA,NA,NA,NA,NA,NA,NA,NA,NA,NA,NA,NA,NA,NA,NA,NA,NA,NA
894,ASV1175,FALSE,FALSE,FALSE,NA,NA,NA,NA,NA,NA,NA,NA,NA,1,1,1,1,1,1,FALSE,FALSE,FALSE,FALSE,FALSE,TRUE
895,ASV1176,TRUE,FALSE,TRUE,NA,NA,NA,NA,NA,NA,NA,NA,NA,NA,NA,NA,NA,NA,NA,NA,NA,NA,NA,NA,NA
896,ASV1177,FALSE,TRUE,TRUE,NA,NA,NA,NA,NA,NA,NA,NA,NA,NA,NA,NA,NA,NA,NA,NA,NA,NA,NA,NA,NA
897,ASV1178,FALSE,FALSE,FALSE,-122.185.356.371.528,146.047.710.205.779,0.28185572,0.116421708,0.242749335,0.219519985,-104.950.664.605.708,601.640.001.797.225,128.396.382.737.974,1,1,1,1,1,1,FALSE,FALSE,FALSE,TRUE,TRUE,TRUE
898,ASV1179,FALSE,FALSE,FALSE,NA,NA,NA,NA,NA,NA,NA,NA,NA,1,1,1,1,1,1,FALSE,FALSE,FALSE,TRUE,FALSE,TRUE
899,ASV1180,TRUE,FALSE,TRUE,NA,NA,NA,NA,NA,NA,NA,NA,NA,NA,NA,NA,NA,NA,NA,NA,NA,NA,NA,NA,NA
900,ASV1181,FALSE,FALSE,FALSE,NA,NA,NA,NA,NA,NA,NA,NA,NA,1,1,1,1,1,1,FALSE,FALSE,FALSE,TRUE,FALSE,TRUE
901,ASV1182,FALSE,FALSE,FALSE,NA,NA,NA,NA,NA,NA,NA,NA,NA,1,1,1,1,1,1,FALSE,FALSE,FALSE,FALSE,FALSE,TRUE
902,ASV1183,FALSE,TRUE,TRUE,NA,NA,NA,NA,NA,NA,NA,NA,NA,NA,NA,NA,NA,NA,NA,NA,NA,NA,NA,NA,NA
903,ASV1184,TRUE,FALSE,TRUE,NA,NA,NA,NA,NA,NA,NA,NA,NA,NA,NA,NA,NA,NA,NA,NA,NA,NA,NA,NA,NA
904,ASV1187,TRUE,FALSE,TRUE,NA,NA,NA,NA,NA,NA,NA,NA,NA,NA,NA,NA,NA,NA,NA,NA,NA,NA,NA,NA,NA
905,ASV1188,FALSE,FALSE,FALSE,-0.405252507,0.206483935,NA,0.118339137,0.246636924,NA,-342.450.111.999.072,0.837197984,NA,1,1,1,1,1,1,FALSE,FALSE,FALSE,TRUE,TRUE,TRUE
906,ASV1189,FALSE,FALSE,FALSE,-0.430875808,0.129537015,0.517621066,0.114146784,0.23813006,0.214898265,-377.475.205.591.986,0.543975906,240.867.959.678.815,0.063563333,0.640993547,0.137650393,1,1,1,FALSE,FALSE,FALSE,TRUE,TRUE,TRUE
907,ASV1190,FALSE,FALSE,FALSE,-0.020565313,-0.012119609,-0.026574859,0.129723557,0.230787788,0.207573555,-0.158531833,-0.052514081,-0.128026227,0.880241867,0.960152582,0.90311816,1,1,1,FALSE,FALSE,FALSE,TRUE,FALSE,TRUE
908,ASV1191,FALSE,FALSE,FALSE,NA,NA,NA,NA,NA,NA,NA,NA,NA,1,1,1,1,1,1,FALSE,FALSE,FALSE,FALSE,FALSE,FALSE
909,ASV1192,FALSE,FALSE,FALSE,NA,NA,NA,NA,NA,NA,NA,NA,NA,1,1,1,1,1,1,FALSE,FALSE,FALSE,TRUE,TRUE,TRUE
910,ASV1194,FALSE,FALSE,FALSE,-0.121459198,-0.393332898,0.197792111,0.114813955,0.239485589,0.216253551,-105.787.836.319.832,-164.240.737.452.931,0.91463058,0.482099623,0.348174011,0.528366771,1,1,1,FALSE,FALSE,FALSE,TRUE,TRUE,TRUE
911,ASV1197,FALSE,FALSE,FALSE,0.4188171,-115.306.129.994.005,-0.490410004,0.11387122,0.231664412,0.208446485,36.779.890.336.265,-497.729.146.063.105,-235.269.021.246.943,0.034805901,0.015585633,0.100061118,1,1,1,FALSE,FALSE,FALSE,FALSE,TRUE,TRUE
912,ASV1198,TRUE,FALSE,TRUE,NA,NA,NA,NA,NA,NA,NA,NA,NA,NA,NA,NA,NA,NA,NA,NA,NA,NA,NA,NA,NA
913,ASV1199,FALSE,TRUE,TRUE,NA,NA,NA,NA,NA,NA,NA,NA,NA,NA,NA,NA,NA,NA,NA,NA,NA,NA,NA,NA,NA
914,ASV1200,FALSE,FALSE,FALSE,0.995447765,-173.560.904.925.208,NA,0.118339137,0.246636924,NA,841.182.207.924.209,-70.371.014.296.615,NA,1,1,1,1,1,1,FALSE,FALSE,FALSE,TRUE,TRUE,TRUE
915,ASV1201,FALSE,FALSE,FALSE,NA,NA,NA,NA,NA,NA,NA,NA,NA,1,1,1,1,1,1,FALSE,FALSE,FALSE,FALSE,FALSE,TRUE
916,ASV1203,TRUE,FALSE,TRUE,NA,NA,NA,NA,NA,NA,NA,NA,NA,NA,NA,NA,NA,NA,NA,NA,NA,NA,NA,NA,NA
917,ASV1204,FALSE,FALSE,FALSE,-0.079349077,-101.099.139.206.359,0.570410941,0.142109344,0.258068052,0.23489972,-0.558366361,-391.753.797.488.928,24.283.168.187.832,0.606371274,0.017283531,0.072111937,1,1,1,FALSE,FALSE,FALSE,TRUE,FALSE,TRUE
918,ASV1205,FALSE,FALSE,FALSE,NA,NA,NA,NA,NA,NA,NA,NA,NA,1,1,1,1,1,1,FALSE,FALSE,FALSE,TRUE,FALSE,TRUE
919,ASV1206,TRUE,FALSE,TRUE,NA,NA,NA,NA,NA,NA,NA,NA,NA,NA,NA,NA,NA,NA,NA,NA,NA,NA,NA,NA,NA
920,ASV1207,FALSE,TRUE,TRUE,NA,NA,NA,NA,NA,NA,NA,NA,NA,NA,NA,NA,NA,NA,NA,NA,NA,NA,NA,NA,NA
921,ASV1209,FALSE,FALSE,FALSE,NA,NA,NA,NA,NA,NA,NA,NA,NA,1,1,1,1,1,1,FALSE,FALSE,FALSE,FALSE,FALSE,TRUE
922,ASV1210,FALSE,FALSE,FALSE,NA,NA,NA,NA,NA,NA,NA,NA,NA,1,1,1,1,1,1,FALSE,FALSE,FALSE,FALSE,FALSE,TRUE
923,ASV1212,FALSE,FALSE,FALSE,0.234475973,-0.766073709,-0.179480129,0.13461328,0.232110119,0.208890493,174.184.874.217.808,-330.047.526.977.892,-0.859206786,0.142006228,0.021464262,0.429485315,1,1,1,FALSE,FALSE,FALSE,TRUE,TRUE,TRUE
924,ASV1213,FALSE,TRUE,TRUE,NA,NA,NA,NA,NA,NA,NA,NA,NA,NA,NA,NA,NA,NA,NA,NA,NA,NA,NA,NA,NA
925,ASV1214,FALSE,FALSE,FALSE,NA,NA,NA,NA,NA,NA,NA,NA,NA,1,1,1,1,1,1,FALSE,FALSE,FALSE,TRUE,TRUE,TRUE
926,ASV1215,FALSE,FALSE,FALSE,-0.581397997,0.930364039,0.260398759,0.153041818,0.246102963,0.222880726,-379.894.859.108.327,378.038.536.750.736,116.833.233.731.876,0.062830673,0.063391656,0.363096209,1,1,1,FALSE,FALSE,FALSE,TRUE,TRUE,TRUE
927,ASV1216,FALSE,FALSE,FALSE,NA,NA,NA,NA,NA,NA,NA,NA,NA,1,1,1,1,1,1,FALSE,FALSE,FALSE,FALSE,FALSE,FALSE
928,ASV1217,FALSE,FALSE,FALSE,-0.521696562,0.43931167,0.64250465,0.116421708,0.242749335,0.219519985,-448.109.352.085.517,180.973.377.521.214,292.686.176.054.503,1,1,1,1,1,1,FALSE,FALSE,FALSE,TRUE,TRUE,TRUE
929,ASV1218,FALSE,FALSE,FALSE,NA,NA,NA,NA,NA,NA,NA,NA,NA,1,1,1,1,1,1,FALSE,FALSE,FALSE,TRUE,TRUE,TRUE
930,ASV1219,FALSE,FALSE,FALSE,NA,NA,NA,NA,NA,NA,NA,NA,NA,1,1,1,1,1,1,FALSE,FALSE,FALSE,FALSE,FALSE,TRUE
931,ASV1220,FALSE,FALSE,FALSE,NA,NA,NA,NA,NA,NA,NA,NA,NA,1,1,1,1,1,1,FALSE,FALSE,FALSE,FALSE,FALSE,TRUE
932,ASV1221,FALSE,FALSE,FALSE,NA,NA,NA,NA,NA,NA,NA,NA,NA,1,1,1,1,1,1,FALSE,FALSE,FALSE,FALSE,FALSE,TRUE
933,ASV1222,FALSE,FALSE,FALSE,0.022347953,0.673143264,-0.264930466,0.192052842,0.259133531,0.235971754,0.116363565,259.766.947.392.517,-112.272.109.572.232,0.91799566,0.121721369,0.378230229,1,1,1,FALSE,FALSE,FALSE,TRUE,TRUE,TRUE
934,ASV1223,FALSE,FALSE,FALSE,NA,NA,NA,NA,NA,NA,NA,NA,NA,1,1,1,1,1,1,FALSE,FALSE,FALSE,TRUE,TRUE,TRUE
935,ASV1224,FALSE,FALSE,FALSE,NA,NA,NA,NA,NA,NA,NA,NA,NA,1,1,1,1,1,1,FALSE,FALSE,FALSE,TRUE,FALSE,TRUE
936,ASV1225,TRUE,FALSE,TRUE,NA,NA,NA,NA,NA,NA,NA,NA,NA,NA,NA,NA,NA,NA,NA,NA,NA,NA,NA,NA,NA
937,ASV1226,FALSE,FALSE,FALSE,NA,NA,NA,NA,NA,NA,NA,NA,NA,1,1,1,1,1,1,FALSE,FALSE,FALSE,TRUE,FALSE,TRUE
938,ASV1227,TRUE,FALSE,TRUE,NA,NA,NA,NA,NA,NA,NA,NA,NA,NA,NA,NA,NA,NA,NA,NA,NA,NA,NA,NA,NA
939,ASV1229,TRUE,FALSE,TRUE,NA,NA,NA,NA,NA,NA,NA,NA,NA,NA,NA,NA,NA,NA,NA,NA,NA,NA,NA,NA,NA
940,ASV1232,TRUE,FALSE,TRUE,NA,NA,NA,NA,NA,NA,NA,NA,NA,NA,NA,NA,NA,NA,NA,NA,NA,NA,NA,NA,NA
941,ASV1233,TRUE,FALSE,TRUE,NA,NA,NA,NA,NA,NA,NA,NA,NA,NA,NA,NA,NA,NA,NA,NA,NA,NA,NA,NA,NA
942,ASV1235,FALSE,FALSE,FALSE,-0.159739179,-0.358444319,0.265773803,0.114544503,0.238938214,0.215706173,-139.455.998.095.546,-150.015.484.697.509,123.211.032.551.048,0.396036111,0.374303754,0.434036934,1,1,1,FALSE,FALSE,FALSE,TRUE,TRUE,TRUE
943,ASV1237,FALSE,FALSE,FALSE,NA,NA,NA,NA,NA,NA,NA,NA,NA,1,1,1,1,1,1,FALSE,FALSE,FALSE,FALSE,FALSE,TRUE
944,ASV1238,FALSE,FALSE,FALSE,NA,NA,NA,NA,NA,NA,NA,NA,NA,1,1,1,1,1,1,FALSE,FALSE,FALSE,FALSE,FALSE,TRUE
945,ASV1239,FALSE,FALSE,FALSE,-0.137195178,-0.287146493,0.947116087,0.150144786,0.293382562,0.270517967,-0.913752528,-0.97874424,350.112.082.698.434,0.428223762,0.399885141,0.039449169,1,1,1,FALSE,FALSE,FALSE,TRUE,TRUE,FALSE
946,ASV1241,FALSE,FALSE,FALSE,-0.032380617,-0.360026579,NA,0.118339137,0.246636924,NA,-0.273625595,-145.974.322.771.884,NA,1,1,1,1,1,1,FALSE,FALSE,FALSE,TRUE,TRUE,TRUE
947,ASV1243,FALSE,FALSE,FALSE,NA,NA,NA,NA,NA,NA,NA,NA,NA,1,1,1,1,1,1,FALSE,FALSE,FALSE,TRUE,TRUE,TRUE
948,ASV1244,FALSE,FALSE,FALSE,NA,NA,NA,NA,NA,NA,NA,NA,NA,1,1,1,1,1,1,FALSE,FALSE,FALSE,TRUE,FALSE,TRUE
949,ASV1245,FALSE,FALSE,FALSE,NA,NA,NA,NA,NA,NA,NA,NA,NA,1,1,1,1,1,1,FALSE,FALSE,FALSE,TRUE,FALSE,TRUE
950,ASV1246,FALSE,TRUE,TRUE,NA,NA,NA,NA,NA,NA,NA,NA,NA,NA,NA,NA,NA,NA,NA,NA,NA,NA,NA,NA,NA
951,ASV1248,TRUE,FALSE,TRUE,NA,NA,NA,NA,NA,NA,NA,NA,NA,NA,NA,NA,NA,NA,NA,NA,NA,NA,NA,NA,NA
952,ASV1249,FALSE,TRUE,TRUE,NA,NA,NA,NA,NA,NA,NA,NA,NA,NA,NA,NA,NA,NA,NA,NA,NA,NA,NA,NA,NA
953,ASV1250,FALSE,FALSE,FALSE,NA,NA,NA,NA,NA,NA,NA,NA,NA,1,1,1,1,1,1,FALSE,FALSE,FALSE,TRUE,FALSE,TRUE
954,ASV1251,TRUE,FALSE,TRUE,NA,NA,NA,NA,NA,NA,NA,NA,NA,NA,NA,NA,NA,NA,NA,NA,NA,NA,NA,NA,NA
955,ASV1252,FALSE,FALSE,FALSE,NA,NA,NA,NA,NA,NA,NA,NA,NA,1,1,1,1,1,1,FALSE,FALSE,FALSE,FALSE,FALSE,TRUE
956,ASV1255,FALSE,FALSE,FALSE,NA,NA,NA,NA,NA,NA,NA,NA,NA,1,1,1,1,1,1,FALSE,FALSE,FALSE,TRUE,TRUE,TRUE
957,ASV1256,FALSE,FALSE,FALSE,NA,NA,NA,NA,NA,NA,NA,NA,NA,1,1,1,1,1,1,FALSE,FALSE,FALSE,FALSE,FALSE,FALSE
958,ASV1258,FALSE,FALSE,FALSE,NA,NA,NA,NA,NA,NA,NA,NA,NA,1,1,1,1,1,1,FALSE,FALSE,FALSE,TRUE,TRUE,TRUE
959,ASV1260,FALSE,FALSE,FALSE,-0.58175256,0.609038265,NA,0.123713619,0.257510159,NA,-470.241.322.373.462,236.510.384.125.029,NA,0.133394368,0.254659357,1,1,1,1,FALSE,FALSE,FALSE,TRUE,TRUE,TRUE
960,ASV1261,FALSE,FALSE,FALSE,NA,NA,NA,NA,NA,NA,NA,NA,NA,1,1,1,1,1,1,FALSE,FALSE,FALSE,TRUE,TRUE,TRUE
961,ASV1262,TRUE,FALSE,TRUE,NA,NA,NA,NA,NA,NA,NA,NA,NA,NA,NA,NA,NA,NA,NA,NA,NA,NA,NA,NA,NA
962,ASV1263,FALSE,FALSE,FALSE,NA,NA,NA,NA,NA,NA,NA,NA,NA,1,1,1,1,1,1,FALSE,FALSE,FALSE,TRUE,FALSE,TRUE
963,ASV1264,TRUE,FALSE,TRUE,NA,NA,NA,NA,NA,NA,NA,NA,NA,NA,NA,NA,NA,NA,NA,NA,NA,NA,NA,NA,NA
964,ASV1265,TRUE,FALSE,TRUE,NA,NA,NA,NA,NA,NA,NA,NA,NA,NA,NA,NA,NA,NA,NA,NA,NA,NA,NA,NA,NA
965,ASV1266,FALSE,FALSE,FALSE,NA,NA,NA,NA,NA,NA,NA,NA,NA,1,1,1,1,1,1,FALSE,FALSE,FALSE,FALSE,FALSE,TRUE
966,ASV1268,FALSE,FALSE,FALSE,-0.524077367,164.934.525.818.817,-0.515219019,0.115144874,0.239234203,0.216002147,-455.146.067.781.065,689.427.028.609.253,-238.524.952.177.501,0.137683908,0.091700887,0.252728263,1,1,1,FALSE,FALSE,FALSE,TRUE,TRUE,TRUE
967,ASV1269,FALSE,FALSE,FALSE,NA,NA,NA,NA,NA,NA,NA,NA,NA,1,1,1,1,1,1,FALSE,FALSE,FALSE,FALSE,FALSE,FALSE
968,ASV1270,FALSE,TRUE,TRUE,NA,NA,NA,NA,NA,NA,NA,NA,NA,NA,NA,NA,NA,NA,NA,NA,NA,NA,NA,NA,NA
969,ASV1271,TRUE,FALSE,TRUE,NA,NA,NA,NA,NA,NA,NA,NA,NA,NA,NA,NA,NA,NA,NA,NA,NA,NA,NA,NA,NA
970,ASV1273,FALSE,FALSE,FALSE,NA,NA,NA,NA,NA,NA,NA,NA,NA,1,1,1,1,1,1,FALSE,FALSE,FALSE,FALSE,FALSE,TRUE
971,ASV1274,FALSE,FALSE,FALSE,NA,NA,NA,NA,NA,NA,NA,NA,NA,1,1,1,1,1,1,FALSE,FALSE,FALSE,TRUE,FALSE,TRUE
972,ASV1275,FALSE,FALSE,FALSE,-0.724397728,0.32418791,110.406.534.008.754,0.252346387,0.297418081,0.274595035,-28.706.483.093.753,109.000.740.339.817,402.070.394.445.898,0.064016362,0.355432692,0.027632305,1,1,1,FALSE,FALSE,FALSE,TRUE,TRUE,FALSE
973,ASV1276,FALSE,FALSE,FALSE,NA,NA,NA,NA,NA,NA,NA,NA,NA,1,1,1,1,1,1,FALSE,FALSE,FALSE,TRUE,TRUE,TRUE
974,ASV1278,FALSE,FALSE,FALSE,NA,NA,NA,NA,NA,NA,NA,NA,NA,1,1,1,1,1,1,FALSE,FALSE,FALSE,TRUE,FALSE,TRUE
975,ASV1279,FALSE,FALSE,FALSE,NA,NA,NA,NA,NA,NA,NA,NA,NA,1,1,1,1,1,1,FALSE,FALSE,FALSE,TRUE,TRUE,TRUE
976,ASV1281,FALSE,FALSE,FALSE,NA,NA,NA,NA,NA,NA,NA,NA,NA,1,1,1,1,1,1,FALSE,FALSE,FALSE,TRUE,TRUE,TRUE
977,ASV1282,FALSE,FALSE,FALSE,-0.625498922,0.869829241,NA,0.118339137,0.246636924,NA,-528.564.714.580.647,35.267.600.123.296,NA,1,1,1,1,1,1,FALSE,FALSE,FALSE,TRUE,TRUE,TRUE
978,ASV1283,FALSE,FALSE,FALSE,NA,NA,NA,NA,NA,NA,NA,NA,NA,1,1,1,1,1,1,FALSE,FALSE,FALSE,FALSE,FALSE,TRUE
979,ASV1285,FALSE,TRUE,TRUE,NA,NA,NA,NA,NA,NA,NA,NA,NA,NA,NA,NA,NA,NA,NA,NA,NA,NA,NA,NA,NA
980,ASV1288,FALSE,FALSE,FALSE,NA,NA,NA,NA,NA,NA,NA,NA,NA,1,1,1,1,1,1,FALSE,FALSE,FALSE,TRUE,TRUE,TRUE
981,ASV1290,TRUE,FALSE,TRUE,NA,NA,NA,NA,NA,NA,NA,NA,NA,NA,NA,NA,NA,NA,NA,NA,NA,NA,NA,NA,NA
982,ASV1291,FALSE,FALSE,FALSE,0.087438304,0.151535321,-0.372702955,0.120857454,0.236919366,0.213688516,0.723482923,0.639607152,-174.414.125.116.449,0.544558223,0.587915632,0.223254051,1,1,1,FALSE,FALSE,FALSE,TRUE,TRUE,TRUE
983,ASV1292,FALSE,FALSE,FALSE,NA,NA,NA,NA,NA,NA,NA,NA,NA,1,1,1,1,1,1,FALSE,FALSE,FALSE,FALSE,FALSE,TRUE
984,ASV1296,TRUE,FALSE,TRUE,NA,NA,NA,NA,NA,NA,NA,NA,NA,NA,NA,NA,NA,NA,NA,NA,NA,NA,NA,NA,NA
985,ASV1297,FALSE,TRUE,TRUE,NA,NA,NA,NA,NA,NA,NA,NA,NA,NA,NA,NA,NA,NA,NA,NA,NA,NA,NA,NA,NA
986,ASV1298,FALSE,FALSE,FALSE,NA,NA,NA,NA,NA,NA,NA,NA,NA,1,1,1,1,1,1,FALSE,FALSE,FALSE,FALSE,FALSE,TRUE
987,ASV1299,FALSE,FALSE,FALSE,NA,NA,NA,NA,NA,NA,NA,NA,NA,1,1,1,1,1,1,FALSE,FALSE,FALSE,TRUE,TRUE,TRUE
988,ASV1300,FALSE,FALSE,FALSE,0.140035125,-142.096.485.601.551,160.704.395.247.158,0.12579101,0.261705141,0.238560145,111.323.634.715.595,-54.296.405.899.744,673.643.098.032.993,0.465919751,0.115949614,0.093818875,1,1,1,FALSE,FALSE,FALSE,TRUE,TRUE,TRUE
989,ASV1301,FALSE,FALSE,FALSE,NA,NA,NA,NA,NA,NA,NA,NA,NA,1,1,1,1,1,1,FALSE,FALSE,FALSE,FALSE,FALSE,TRUE
990,ASV1303,FALSE,FALSE,FALSE,-0.172606048,0.203383118,0.125279626,0.121895521,0.236930264,0.213699401,-141.601.632.462.837,0.8584092,0.58624229,0.292442959,0.481119239,0.617062423,1,1,1,FALSE,FALSE,FALSE,TRUE,TRUE,TRUE
991,ASV1304,TRUE,FALSE,TRUE,NA,NA,NA,NA,NA,NA,NA,NA,NA,NA,NA,NA,NA,NA,NA,NA,NA,NA,NA,NA,NA
992,ASV1305,FALSE,FALSE,FALSE,NA,NA,NA,NA,NA,NA,NA,NA,NA,1,1,1,1,1,1,FALSE,FALSE,FALSE,TRUE,TRUE,TRUE
993,ASV1306,FALSE,FALSE,FALSE,NA,NA,NA,NA,NA,NA,NA,NA,NA,1,1,1,1,1,1,FALSE,FALSE,FALSE,TRUE,FALSE,TRUE
994,ASV1308,FALSE,FALSE,FALSE,-0.097316271,-0.337562792,NA,0.125163315,0.26043801,NA,-0.777514333,-129.613.489.352.575,NA,0.57927136,0.418345234,1,1,1,1,FALSE,FALSE,FALSE,TRUE,TRUE,TRUE
995,ASV1311,FALSE,FALSE,FALSE,NA,NA,NA,NA,NA,NA,NA,NA,NA,1,1,1,1,1,1,FALSE,FALSE,FALSE,TRUE,FALSE,TRUE
996,ASV1315,FALSE,FALSE,FALSE,NA,NA,NA,NA,NA,NA,NA,NA,NA,1,1,1,1,1,1,FALSE,FALSE,FALSE,FALSE,FALSE,TRUE
997,ASV1316,TRUE,FALSE,TRUE,NA,NA,NA,NA,NA,NA,NA,NA,NA,NA,NA,NA,NA,NA,NA,NA,NA,NA,NA,NA,NA
998,ASV1317,FALSE,FALSE,FALSE,0.267443799,-0.568765829,-0.319069989,0.143928591,0.246341586,0.223120009,185.817.006.402.798,-230.885.023.213.167,-143.003.754.269.781,0.314305918,0.26020232,0.388493493,1,1,1,FALSE,FALSE,FALSE,TRUE,TRUE,TRUE
999,ASV1319,FALSE,FALSE,FALSE,NA,NA,NA,NA,NA,NA,NA,NA,NA,1,1,1,1,1,1,FALSE,FALSE,FALSE,TRUE,FALSE,TRUE
1000,ASV1320,FALSE,TRUE,TRUE,NA,NA,NA,NA,NA,NA,NA,NA,NA,NA,NA,NA,NA,NA,NA,NA,NA,NA,NA,NA,NA
1001,ASV1321,FALSE,TRUE,TRUE,NA,NA,NA,NA,NA,NA,NA,NA,NA,NA,NA,NA,NA,NA,NA,NA,NA,NA,NA,NA,NA
1002,ASV1322,FALSE,FALSE,FALSE,NA,NA,NA,NA,NA,NA,NA,NA,NA,1,1,1,1,1,1,FALSE,FALSE,FALSE,TRUE,FALSE,TRUE
1003,ASV1326,FALSE,FALSE,FALSE,NA,NA,NA,NA,NA,NA,NA,NA,NA,1,1,1,1,1,1,FALSE,FALSE,FALSE,FALSE,FALSE,TRUE
1004,ASV1327,FALSE,FALSE,FALSE,NA,NA,NA,NA,NA,NA,NA,NA,NA,1,1,1,1,1,1,FALSE,FALSE,FALSE,FALSE,FALSE,TRUE
1005,ASV1328,FALSE,TRUE,TRUE,NA,NA,NA,NA,NA,NA,NA,NA,NA,NA,NA,NA,NA,NA,NA,NA,NA,NA,NA,NA,NA
1006,ASV1329,FALSE,FALSE,FALSE,NA,NA,NA,NA,NA,NA,NA,NA,NA,1,1,1,1,1,1,FALSE,FALSE,FALSE,TRUE,FALSE,TRUE
1007,ASV1331,TRUE,FALSE,TRUE,NA,NA,NA,NA,NA,NA,NA,NA,NA,NA,NA,NA,NA,NA,NA,NA,NA,NA,NA,NA,NA
1008,ASV1332,TRUE,FALSE,TRUE,NA,NA,NA,NA,NA,NA,NA,NA,NA,NA,NA,NA,NA,NA,NA,NA,NA,NA,NA,NA,NA
1009,ASV1335,FALSE,FALSE,FALSE,NA,NA,NA,NA,NA,NA,NA,NA,NA,1,1,1,1,1,1,FALSE,FALSE,FALSE,FALSE,FALSE,TRUE
1010,ASV1340,FALSE,FALSE,FALSE,NA,NA,NA,NA,NA,NA,NA,NA,NA,1,1,1,1,1,1,FALSE,FALSE,FALSE,TRUE,FALSE,TRUE
1011,ASV1341,TRUE,FALSE,TRUE,NA,NA,NA,NA,NA,NA,NA,NA,NA,NA,NA,NA,NA,NA,NA,NA,NA,NA,NA,NA,NA
1012,ASV1344,FALSE,FALSE,FALSE,NA,NA,NA,NA,NA,NA,NA,NA,NA,1,1,1,1,1,1,FALSE,FALSE,FALSE,TRUE,FALSE,TRUE
1013,ASV1345,TRUE,FALSE,TRUE,NA,NA,NA,NA,NA,NA,NA,NA,NA,NA,NA,NA,NA,NA,NA,NA,NA,NA,NA,NA,NA
1014,ASV1346,TRUE,FALSE,TRUE,NA,NA,NA,NA,NA,NA,NA,NA,NA,NA,NA,NA,NA,NA,NA,NA,NA,NA,NA,NA,NA
1015,ASV1347,FALSE,TRUE,TRUE,NA,NA,NA,NA,NA,NA,NA,NA,NA,NA,NA,NA,NA,NA,NA,NA,NA,NA,NA,NA,NA
1016,ASV1348,FALSE,FALSE,FALSE,-0.556825999,-117.648.144.355.431,126.164.417.956.857,0.116421708,0.242749335,0.219519985,-478.283.653.959.714,-484.648.678.720.889,574.728.619.172.596,1,1,1,1,1,1,FALSE,FALSE,FALSE,TRUE,TRUE,TRUE
1017,ASV1349,FALSE,FALSE,FALSE,NA,NA,NA,NA,NA,NA,NA,NA,NA,1,1,1,1,1,1,FALSE,FALSE,FALSE,TRUE,FALSE,TRUE
1018,ASV1350,FALSE,FALSE,FALSE,-0.133447318,0.028334016,NA,0.134155859,0.24708025,NA,-0.994718525,0.114675356,NA,0.501685593,0.927312914,1,1,1,1,FALSE,FALSE,FALSE,TRUE,TRUE,TRUE
1019,ASV1351,FALSE,FALSE,FALSE,NA,NA,NA,NA,NA,NA,NA,NA,NA,1,1,1,1,1,1,FALSE,FALSE,FALSE,TRUE,FALSE,TRUE
1020,ASV1354,FALSE,FALSE,FALSE,NA,NA,NA,NA,NA,NA,NA,NA,NA,1,1,1,1,1,1,FALSE,FALSE,FALSE,FALSE,FALSE,TRUE
1021,ASV1356,FALSE,TRUE,TRUE,NA,NA,NA,NA,NA,NA,NA,NA,NA,NA,NA,NA,NA,NA,NA,NA,NA,NA,NA,NA,NA
1022,ASV1357,FALSE,FALSE,FALSE,-0.756129856,101.570.508.315.095,-0.170782421,0.121304073,0.252639263,0.229441617,-623.334.267.947.217,402.037.701.059.861,-0.744339335,0.101268462,0.15519882,0.592647107,1,1,1,FALSE,FALSE,FALSE,TRUE,TRUE,TRUE
1023,ASV1358,FALSE,FALSE,FALSE,NA,NA,NA,NA,NA,NA,NA,NA,NA,1,1,1,1,1,1,FALSE,FALSE,FALSE,TRUE,FALSE,TRUE
1024,ASV1360,FALSE,FALSE,FALSE,NA,NA,NA,NA,NA,NA,NA,NA,NA,1,1,1,1,1,1,FALSE,FALSE,FALSE,FALSE,FALSE,TRUE
1025,ASV1361,FALSE,FALSE,FALSE,NA,NA,NA,NA,NA,NA,NA,NA,NA,1,1,1,1,1,1,FALSE,FALSE,FALSE,TRUE,FALSE,TRUE
1026,ASV1362,FALSE,FALSE,FALSE,-195.702.014.823.426,126.899.736.893.452,150.364.978.651.224,0.116421708,0.242749335,0.219519985,-168.097.529.281.182,522.760.389.910.059,684.971.705.585.696,1,1,1,1,1,1,FALSE,FALSE,FALSE,TRUE,TRUE,TRUE
1027,ASV1366,FALSE,FALSE,FALSE,NA,NA,NA,NA,NA,NA,NA,NA,NA,1,1,1,1,1,1,FALSE,FALSE,FALSE,FALSE,FALSE,TRUE
1028,ASV1367,FALSE,FALSE,FALSE,NA,NA,NA,NA,NA,NA,NA,NA,NA,1,1,1,1,1,1,FALSE,FALSE,FALSE,FALSE,FALSE,TRUE
1029,ASV1368,FALSE,FALSE,FALSE,NA,NA,NA,NA,NA,NA,NA,NA,NA,1,1,1,1,1,1,FALSE,FALSE,FALSE,TRUE,FALSE,TRUE
1030,ASV1369,TRUE,FALSE,TRUE,NA,NA,NA,NA,NA,NA,NA,NA,NA,NA,NA,NA,NA,NA,NA,NA,NA,NA,NA,NA,NA
1031,ASV1370,FALSE,FALSE,FALSE,NA,NA,NA,NA,NA,NA,NA,NA,NA,1,1,1,1,1,1,FALSE,FALSE,FALSE,TRUE,TRUE,TRUE
1032,ASV1371,FALSE,FALSE,FALSE,NA,NA,NA,NA,NA,NA,NA,NA,NA,1,1,1,1,1,1,FALSE,FALSE,FALSE,TRUE,FALSE,TRUE
1033,ASV1372,TRUE,FALSE,TRUE,NA,NA,NA,NA,NA,NA,NA,NA,NA,NA,NA,NA,NA,NA,NA,NA,NA,NA,NA,NA,NA
1034,ASV1375,FALSE,FALSE,FALSE,NA,NA,NA,NA,NA,NA,NA,NA,NA,1,1,1,1,1,1,FALSE,FALSE,FALSE,TRUE,TRUE,TRUE
1035,ASV1376,FALSE,FALSE,FALSE,NA,NA,NA,NA,NA,NA,NA,NA,NA,1,1,1,1,1,1,FALSE,FALSE,FALSE,TRUE,TRUE,TRUE
1036,ASV1377,TRUE,FALSE,TRUE,NA,NA,NA,NA,NA,NA,NA,NA,NA,NA,NA,NA,NA,NA,NA,NA,NA,NA,NA,NA,NA
1037,ASV1378,FALSE,FALSE,FALSE,0.200598502,0.096137936,-0.390569055,0.117199491,0.233500927,0.21027675,171.159.874.833.704,0.411724,-185.740.484.648.975,0.18549345,0.708190643,0.160242045,1,1,1,FALSE,FALSE,FALSE,TRUE,FALSE,TRUE
1038,ASV1380,FALSE,FALSE,FALSE,0.243783399,-0.570910268,NA,0.118339137,0.246636924,NA,206.004.036.633.157,-231.478.019.970.832,NA,1,1,1,1,1,1,FALSE,FALSE,FALSE,TRUE,TRUE,TRUE
1039,ASV1384,FALSE,FALSE,FALSE,0.152955194,170.096.493.437.309,-118.688.072.028.062,0.116421708,0.242749335,0.219519985,131.380.303.732.385,700.708.381.344.244,-540.670.918.580.797,1,1,1,1,1,1,FALSE,FALSE,FALSE,TRUE,TRUE,TRUE
1040,ASV1385,TRUE,FALSE,TRUE,NA,NA,NA,NA,NA,NA,NA,NA,NA,NA,NA,NA,NA,NA,NA,NA,NA,NA,NA,NA,NA
1041,ASV1386,TRUE,FALSE,TRUE,NA,NA,NA,NA,NA,NA,NA,NA,NA,NA,NA,NA,NA,NA,NA,NA,NA,NA,NA,NA,NA
1042,ASV1388,FALSE,FALSE,FALSE,NA,NA,NA,NA,NA,NA,NA,NA,NA,1,1,1,1,1,1,FALSE,FALSE,FALSE,TRUE,TRUE,TRUE
1043,ASV1389,FALSE,FALSE,FALSE,NA,NA,NA,NA,NA,NA,NA,NA,NA,1,1,1,1,1,1,FALSE,FALSE,FALSE,TRUE,FALSE,TRUE
1044,ASV1390,TRUE,FALSE,TRUE,NA,NA,NA,NA,NA,NA,NA,NA,NA,NA,NA,NA,NA,NA,NA,NA,NA,NA,NA,NA,NA
1045,ASV1391,FALSE,FALSE,FALSE,NA,NA,NA,NA,NA,NA,NA,NA,NA,1,1,1,1,1,1,FALSE,FALSE,FALSE,FALSE,FALSE,TRUE
1046,ASV1392,FALSE,FALSE,FALSE,NA,NA,NA,NA,NA,NA,NA,NA,NA,1,1,1,1,1,1,FALSE,FALSE,FALSE,TRUE,TRUE,TRUE
1047,ASV1393,TRUE,FALSE,TRUE,NA,NA,NA,NA,NA,NA,NA,NA,NA,NA,NA,NA,NA,NA,NA,NA,NA,NA,NA,NA,NA
1048,ASV1394,TRUE,FALSE,TRUE,NA,NA,NA,NA,NA,NA,NA,NA,NA,NA,NA,NA,NA,NA,NA,NA,NA,NA,NA,NA,NA
1049,ASV1395,TRUE,FALSE,TRUE,NA,NA,NA,NA,NA,NA,NA,NA,NA,NA,NA,NA,NA,NA,NA,NA,NA,NA,NA,NA,NA
1050,ASV1396,FALSE,FALSE,FALSE,NA,NA,NA,NA,NA,NA,NA,NA,NA,1,1,1,1,1,1,FALSE,FALSE,FALSE,FALSE,FALSE,TRUE
1051,ASV1397,FALSE,FALSE,FALSE,NA,NA,NA,NA,NA,NA,NA,NA,NA,1,1,1,1,1,1,FALSE,FALSE,FALSE,FALSE,FALSE,TRUE
1052,ASV1398,FALSE,TRUE,TRUE,NA,NA,NA,NA,NA,NA,NA,NA,NA,NA,NA,NA,NA,NA,NA,NA,NA,NA,NA,NA,NA
1053,ASV1399,FALSE,FALSE,FALSE,NA,NA,NA,NA,NA,NA,NA,NA,NA,1,1,1,1,1,1,FALSE,FALSE,FALSE,TRUE,FALSE,TRUE
1054,ASV1401,FALSE,FALSE,FALSE,NA,NA,NA,NA,NA,NA,NA,NA,NA,1,1,1,1,1,1,FALSE,FALSE,FALSE,TRUE,FALSE,TRUE
1055,ASV1404,FALSE,FALSE,FALSE,NA,NA,NA,NA,NA,NA,NA,NA,NA,1,1,1,1,1,1,FALSE,FALSE,FALSE,TRUE,FALSE,TRUE
1056,ASV1405,FALSE,TRUE,TRUE,NA,NA,NA,NA,NA,NA,NA,NA,NA,NA,NA,NA,NA,NA,NA,NA,NA,NA,NA,NA,NA
1057,ASV1407,FALSE,FALSE,FALSE,NA,NA,NA,NA,NA,NA,NA,NA,NA,1,1,1,1,1,1,FALSE,FALSE,FALSE,TRUE,FALSE,TRUE
1058,ASV1408,FALSE,FALSE,FALSE,NA,NA,NA,NA,NA,NA,NA,NA,NA,1,1,1,1,1,1,FALSE,FALSE,FALSE,TRUE,FALSE,TRUE
1059,ASV1409,TRUE,FALSE,TRUE,NA,NA,NA,NA,NA,NA,NA,NA,NA,NA,NA,NA,NA,NA,NA,NA,NA,NA,NA,NA,NA
1060,ASV1412,FALSE,FALSE,FALSE,NA,NA,NA,NA,NA,NA,NA,NA,NA,1,1,1,1,1,1,FALSE,FALSE,FALSE,FALSE,FALSE,TRUE
1061,ASV1413,FALSE,FALSE,FALSE,NA,NA,NA,NA,NA,NA,NA,NA,NA,1,1,1,1,1,1,FALSE,FALSE,FALSE,FALSE,FALSE,TRUE
1062,ASV1414,TRUE,FALSE,TRUE,NA,NA,NA,NA,NA,NA,NA,NA,NA,NA,NA,NA,NA,NA,NA,NA,NA,NA,NA,NA,NA
1063,ASV1415,FALSE,TRUE,TRUE,NA,NA,NA,NA,NA,NA,NA,NA,NA,NA,NA,NA,NA,NA,NA,NA,NA,NA,NA,NA,NA
1064,ASV1419,FALSE,FALSE,FALSE,NA,NA,NA,NA,NA,NA,NA,NA,NA,1,1,1,1,1,1,FALSE,FALSE,FALSE,TRUE,TRUE,TRUE
1065,ASV1421,FALSE,FALSE,FALSE,NA,NA,NA,NA,NA,NA,NA,NA,NA,1,1,1,1,1,1,FALSE,FALSE,FALSE,FALSE,FALSE,TRUE
1066,ASV1422,TRUE,FALSE,TRUE,NA,NA,NA,NA,NA,NA,NA,NA,NA,NA,NA,NA,NA,NA,NA,NA,NA,NA,NA,NA,NA
1067,ASV1423,FALSE,FALSE,FALSE,NA,NA,NA,NA,NA,NA,NA,NA,NA,1,1,1,1,1,1,FALSE,FALSE,FALSE,FALSE,FALSE,TRUE
1068,ASV1424,FALSE,FALSE,FALSE,NA,NA,NA,NA,NA,NA,NA,NA,NA,1,1,1,1,1,1,FALSE,FALSE,FALSE,FALSE,FALSE,TRUE
1069,ASV1425,TRUE,FALSE,TRUE,NA,NA,NA,NA,NA,NA,NA,NA,NA,NA,NA,NA,NA,NA,NA,NA,NA,NA,NA,NA,NA
1070,ASV1426,TRUE,FALSE,TRUE,NA,NA,NA,NA,NA,NA,NA,NA,NA,NA,NA,NA,NA,NA,NA,NA,NA,NA,NA,NA,NA
1071,ASV1427,FALSE,FALSE,FALSE,NA,NA,NA,NA,NA,NA,NA,NA,NA,1,1,1,1,1,1,FALSE,FALSE,FALSE,TRUE,FALSE,TRUE
1072,ASV1429,FALSE,FALSE,FALSE,NA,NA,NA,NA,NA,NA,NA,NA,NA,1,1,1,1,1,1,FALSE,FALSE,FALSE,FALSE,FALSE,FALSE
1073,ASV1430,FALSE,FALSE,FALSE,-0.452583513,-0.322775843,0.557304855,0.115152926,0.240174028,0.216942182,-393.028.235.206.136,-134.392.484.554.679,256.890.960.073.077,0.15861259,0.407250423,0.236327571,1,1,1,FALSE,FALSE,FALSE,TRUE,TRUE,TRUE
1074,ASV1431,TRUE,FALSE,TRUE,NA,NA,NA,NA,NA,NA,NA,NA,NA,NA,NA,NA,NA,NA,NA,NA,NA,NA,NA,NA,NA
1075,ASV1432,FALSE,FALSE,FALSE,NA,NA,NA,NA,NA,NA,NA,NA,NA,1,1,1,1,1,1,FALSE,FALSE,FALSE,FALSE,FALSE,TRUE
1076,ASV1433,FALSE,FALSE,FALSE,NA,NA,NA,NA,NA,NA,NA,NA,NA,1,1,1,1,1,1,FALSE,FALSE,FALSE,TRUE,FALSE,TRUE
1077,ASV1436,FALSE,TRUE,TRUE,NA,NA,NA,NA,NA,NA,NA,NA,NA,NA,NA,NA,NA,NA,NA,NA,NA,NA,NA,NA,NA
1078,ASV1438,FALSE,FALSE,FALSE,NA,NA,NA,NA,NA,NA,NA,NA,NA,1,1,1,1,1,1,FALSE,FALSE,FALSE,TRUE,FALSE,TRUE
1079,ASV1440,FALSE,FALSE,FALSE,NA,NA,NA,NA,NA,NA,NA,NA,NA,1,1,1,1,1,1,FALSE,FALSE,FALSE,TRUE,FALSE,TRUE
1080,ASV1441,FALSE,FALSE,FALSE,NA,NA,NA,NA,NA,NA,NA,NA,NA,1,1,1,1,1,1,FALSE,FALSE,FALSE,TRUE,FALSE,TRUE
1081,ASV1442,FALSE,FALSE,FALSE,-0.341287672,0.350689448,NA,0.117090096,0.244105058,NA,-29.147.441.468.321,143.663.327.050.554,NA,0.210402642,0.387118784,1,1,1,1,FALSE,FALSE,FALSE,TRUE,TRUE,TRUE
1082,ASV1445,TRUE,FALSE,TRUE,NA,NA,NA,NA,NA,NA,NA,NA,NA,NA,NA,NA,NA,NA,NA,NA,NA,NA,NA,NA,NA
1083,ASV1446,FALSE,FALSE,FALSE,NA,NA,NA,NA,NA,NA,NA,NA,NA,1,1,1,1,1,1,FALSE,FALSE,FALSE,FALSE,FALSE,TRUE
1084,ASV1447,FALSE,FALSE,FALSE,NA,NA,NA,NA,NA,NA,NA,NA,NA,1,1,1,1,1,1,FALSE,FALSE,FALSE,FALSE,FALSE,TRUE
1085,ASV1449,TRUE,FALSE,TRUE,NA,NA,NA,NA,NA,NA,NA,NA,NA,NA,NA,NA,NA,NA,NA,NA,NA,NA,NA,NA,NA
1086,ASV1450,TRUE,FALSE,TRUE,NA,NA,NA,NA,NA,NA,NA,NA,NA,NA,NA,NA,NA,NA,NA,NA,NA,NA,NA,NA,NA
1087,ASV1451,TRUE,FALSE,TRUE,NA,NA,NA,NA,NA,NA,NA,NA,NA,NA,NA,NA,NA,NA,NA,NA,NA,NA,NA,NA,NA
1088,ASV1455,FALSE,TRUE,TRUE,NA,NA,NA,NA,NA,NA,NA,NA,NA,NA,NA,NA,NA,NA,NA,NA,NA,NA,NA,NA,NA
1089,ASV1456,FALSE,FALSE,FALSE,NA,NA,NA,NA,NA,NA,NA,NA,NA,1,1,1,1,1,1,FALSE,FALSE,FALSE,FALSE,FALSE,TRUE
1090,ASV1457,FALSE,FALSE,FALSE,NA,NA,NA,NA,NA,NA,NA,NA,NA,1,1,1,1,1,1,FALSE,FALSE,FALSE,FALSE,FALSE,FALSE
1091,ASV1458,TRUE,FALSE,TRUE,NA,NA,NA,NA,NA,NA,NA,NA,NA,NA,NA,NA,NA,NA,NA,NA,NA,NA,NA,NA,NA
1092,ASV1459,FALSE,FALSE,FALSE,NA,NA,NA,NA,NA,NA,NA,NA,NA,1,1,1,1,1,1,FALSE,FALSE,FALSE,TRUE,FALSE,TRUE
1093,ASV1460,TRUE,FALSE,TRUE,NA,NA,NA,NA,NA,NA,NA,NA,NA,NA,NA,NA,NA,NA,NA,NA,NA,NA,NA,NA,NA
1094,ASV1461,TRUE,FALSE,TRUE,NA,NA,NA,NA,NA,NA,NA,NA,NA,NA,NA,NA,NA,NA,NA,NA,NA,NA,NA,NA,NA
1095,ASV1462,FALSE,FALSE,FALSE,NA,NA,NA,NA,NA,NA,NA,NA,NA,1,1,1,1,1,1,FALSE,FALSE,FALSE,TRUE,FALSE,TRUE
1096,ASV1463,FALSE,FALSE,FALSE,NA,NA,NA,NA,NA,NA,NA,NA,NA,1,1,1,1,1,1,FALSE,FALSE,FALSE,FALSE,FALSE,FALSE
1097,ASV1464,FALSE,TRUE,TRUE,NA,NA,NA,NA,NA,NA,NA,NA,NA,NA,NA,NA,NA,NA,NA,NA,NA,NA,NA,NA,NA
1098,ASV1465,TRUE,FALSE,TRUE,NA,NA,NA,NA,NA,NA,NA,NA,NA,NA,NA,NA,NA,NA,NA,NA,NA,NA,NA,NA,NA
1099,ASV1468,FALSE,FALSE,FALSE,0.417492928,-177.611.720.557.987,12.872.159.546.444,0.118122244,0.246197419,0.222975441,353.441.411.593.425,-721.419.912.325.487,577.290.462.855.584,0.071563887,0.01867764,0.028719834,1,1,1,FALSE,FALSE,FALSE,TRUE,FALSE,FALSE
1100,ASV1469,FALSE,FALSE,FALSE,NA,NA,NA,NA,NA,NA,NA,NA,NA,1,1,1,1,1,1,FALSE,FALSE,FALSE,TRUE,FALSE,TRUE
1101,ASV1471,FALSE,FALSE,FALSE,NA,NA,NA,NA,NA,NA,NA,NA,NA,1,1,1,1,1,1,FALSE,FALSE,FALSE,TRUE,TRUE,TRUE
1102,ASV1472,FALSE,FALSE,FALSE,-0.78554509,14.877.467.112.587,NA,0.118339137,0.246636924,NA,-663.808.365.229.311,603.213.293.528.534,NA,1,1,1,1,1,1,FALSE,FALSE,FALSE,TRUE,TRUE,TRUE
1103,ASV1474,FALSE,FALSE,FALSE,NA,NA,NA,NA,NA,NA,NA,NA,NA,1,1,1,1,1,1,FALSE,FALSE,FALSE,TRUE,TRUE,TRUE
1104,ASV1475,FALSE,TRUE,TRUE,NA,NA,NA,NA,NA,NA,NA,NA,NA,NA,NA,NA,NA,NA,NA,NA,NA,NA,NA,NA,NA
1105,ASV1476,FALSE,FALSE,FALSE,NA,NA,NA,NA,NA,NA,NA,NA,NA,1,1,1,1,1,1,FALSE,FALSE,FALSE,TRUE,FALSE,TRUE
1106,ASV1477,FALSE,FALSE,FALSE,NA,NA,NA,NA,NA,NA,NA,NA,NA,1,1,1,1,1,1,FALSE,FALSE,FALSE,FALSE,FALSE,TRUE
1107,ASV1479,FALSE,TRUE,TRUE,NA,NA,NA,NA,NA,NA,NA,NA,NA,NA,NA,NA,NA,NA,NA,NA,NA,NA,NA,NA,NA
1108,ASV1481,TRUE,FALSE,TRUE,NA,NA,NA,NA,NA,NA,NA,NA,NA,NA,NA,NA,NA,NA,NA,NA,NA,NA,NA,NA,NA
1109,ASV1482,FALSE,FALSE,FALSE,NA,NA,NA,NA,NA,NA,NA,NA,NA,1,1,1,1,1,1,FALSE,FALSE,FALSE,TRUE,FALSE,TRUE
1110,ASV1485,TRUE,FALSE,TRUE,NA,NA,NA,NA,NA,NA,NA,NA,NA,NA,NA,NA,NA,NA,NA,NA,NA,NA,NA,NA,NA
1111,ASV1487,TRUE,FALSE,TRUE,NA,NA,NA,NA,NA,NA,NA,NA,NA,NA,NA,NA,NA,NA,NA,NA,NA,NA,NA,NA,NA
1112,ASV1488,TRUE,FALSE,TRUE,NA,NA,NA,NA,NA,NA,NA,NA,NA,NA,NA,NA,NA,NA,NA,NA,NA,NA,NA,NA,NA
1113,ASV1489,TRUE,FALSE,TRUE,NA,NA,NA,NA,NA,NA,NA,NA,NA,NA,NA,NA,NA,NA,NA,NA,NA,NA,NA,NA,NA
1114,ASV1490,FALSE,FALSE,FALSE,NA,NA,NA,NA,NA,NA,NA,NA,NA,1,1,1,1,1,1,FALSE,FALSE,FALSE,TRUE,FALSE,TRUE
1115,ASV1491,FALSE,TRUE,TRUE,NA,NA,NA,NA,NA,NA,NA,NA,NA,NA,NA,NA,NA,NA,NA,NA,NA,NA,NA,NA,NA
1116,ASV1492,TRUE,FALSE,TRUE,NA,NA,NA,NA,NA,NA,NA,NA,NA,NA,NA,NA,NA,NA,NA,NA,NA,NA,NA,NA,NA
1117,ASV1493,FALSE,FALSE,FALSE,NA,NA,NA,NA,NA,NA,NA,NA,NA,1,1,1,1,1,1,FALSE,FALSE,FALSE,TRUE,FALSE,TRUE
1118,ASV1494,FALSE,FALSE,FALSE,NA,NA,NA,NA,NA,NA,NA,NA,NA,1,1,1,1,1,1,FALSE,FALSE,FALSE,TRUE,TRUE,TRUE
1119,ASV1496,FALSE,TRUE,TRUE,NA,NA,NA,NA,NA,NA,NA,NA,NA,NA,NA,NA,NA,NA,NA,NA,NA,NA,NA,NA,NA
1120,ASV1497,FALSE,TRUE,TRUE,NA,NA,NA,NA,NA,NA,NA,NA,NA,NA,NA,NA,NA,NA,NA,NA,NA,NA,NA,NA,NA
1121,ASV1498,FALSE,TRUE,TRUE,NA,NA,NA,NA,NA,NA,NA,NA,NA,NA,NA,NA,NA,NA,NA,NA,NA,NA,NA,NA,NA
1122,ASV1500,FALSE,FALSE,FALSE,NA,NA,NA,NA,NA,NA,NA,NA,NA,1,1,1,1,1,1,FALSE,FALSE,FALSE,FALSE,FALSE,TRUE
1123,ASV1501,FALSE,FALSE,FALSE,NA,NA,NA,NA,NA,NA,NA,NA,NA,1,1,1,1,1,1,FALSE,FALSE,FALSE,TRUE,FALSE,TRUE
1124,ASV1505,FALSE,FALSE,FALSE,-0.300394457,0.393781799,0.385500025,0.202054347,0.265708081,0.242591669,-148.670.128.495.104,148.200.911.989.478,158.909.012.077.384,0.376955149,0.377887662,0.357575944,1,1,1,FALSE,FALSE,FALSE,TRUE,TRUE,TRUE
1125,ASV1507,FALSE,FALSE,FALSE,NA,NA,NA,NA,NA,NA,NA,NA,NA,1,1,1,1,1,1,FALSE,FALSE,FALSE,FALSE,FALSE,TRUE
1126,ASV1510,FALSE,FALSE,FALSE,NA,NA,NA,NA,NA,NA,NA,NA,NA,1,1,1,1,1,1,FALSE,FALSE,FALSE,TRUE,FALSE,TRUE
1127,ASV1511,TRUE,FALSE,TRUE,NA,NA,NA,NA,NA,NA,NA,NA,NA,NA,NA,NA,NA,NA,NA,NA,NA,NA,NA,NA,NA
1128,ASV1514,FALSE,FALSE,FALSE,NA,NA,NA,NA,NA,NA,NA,NA,NA,1,1,1,1,1,1,FALSE,FALSE,FALSE,TRUE,FALSE,TRUE
1129,ASV1517,TRUE,FALSE,TRUE,NA,NA,NA,NA,NA,NA,NA,NA,NA,NA,NA,NA,NA,NA,NA,NA,NA,NA,NA,NA,NA
1130,ASV1518,FALSE,TRUE,TRUE,NA,NA,NA,NA,NA,NA,NA,NA,NA,NA,NA,NA,NA,NA,NA,NA,NA,NA,NA,NA,NA
1131,ASV1519,FALSE,FALSE,FALSE,NA,NA,NA,NA,NA,NA,NA,NA,NA,1,1,1,1,1,1,FALSE,FALSE,FALSE,FALSE,FALSE,FALSE
1132,ASV1521,FALSE,TRUE,TRUE,NA,NA,NA,NA,NA,NA,NA,NA,NA,NA,NA,NA,NA,NA,NA,NA,NA,NA,NA,NA,NA
1133,ASV1523,FALSE,FALSE,FALSE,NA,NA,NA,NA,NA,NA,NA,NA,NA,1,1,1,1,1,1,FALSE,FALSE,FALSE,FALSE,FALSE,TRUE
1134,ASV1524,FALSE,FALSE,FALSE,NA,NA,NA,NA,NA,NA,NA,NA,NA,1,1,1,1,1,1,FALSE,FALSE,FALSE,TRUE,FALSE,TRUE
1135,ASV1526,FALSE,FALSE,FALSE,-108.728.528.948.187,142.748.816.417.138,-0.344509978,0.116724433,0.243363443,0.220135082,-931.497.600.733.539,5.865.663.905.411,-156.499.352.199.647,0.0113294,0.027855967,0.25805562,1,1,1,FALSE,FALSE,FALSE,FALSE,FALSE,TRUE
1136,ASV1527,TRUE,FALSE,TRUE,NA,NA,NA,NA,NA,NA,NA,NA,NA,NA,NA,NA,NA,NA,NA,NA,NA,NA,NA,NA,NA
1137,ASV1528,TRUE,FALSE,TRUE,NA,NA,NA,NA,NA,NA,NA,NA,NA,NA,NA,NA,NA,NA,NA,NA,NA,NA,NA,NA,NA
1138,ASV1530,FALSE,FALSE,FALSE,NA,NA,NA,NA,NA,NA,NA,NA,NA,1,1,1,1,1,1,FALSE,FALSE,FALSE,TRUE,TRUE,TRUE
1139,ASV1531,FALSE,FALSE,FALSE,0.327078604,0.611731331,-0.903449034,0.116421708,0.242749335,0.219519985,280.942.969.526.601,252.001.238.742.918,-411.556.621.129.438,1,1,1,1,1,1,FALSE,FALSE,FALSE,TRUE,TRUE,TRUE
1140,ASV1534,TRUE,FALSE,TRUE,NA,NA,NA,NA,NA,NA,NA,NA,NA,NA,NA,NA,NA,NA,NA,NA,NA,NA,NA,NA,NA
1141,ASV1535,TRUE,FALSE,TRUE,NA,NA,NA,NA,NA,NA,NA,NA,NA,NA,NA,NA,NA,NA,NA,NA,NA,NA,NA,NA,NA
1142,ASV1536,FALSE,FALSE,FALSE,NA,NA,NA,NA,NA,NA,NA,NA,NA,1,1,1,1,1,1,FALSE,FALSE,FALSE,TRUE,FALSE,TRUE
1143,ASV1538,TRUE,FALSE,TRUE,NA,NA,NA,NA,NA,NA,NA,NA,NA,NA,NA,NA,NA,NA,NA,NA,NA,NA,NA,NA,NA
1144,ASV1539,FALSE,FALSE,FALSE,NA,NA,NA,NA,NA,NA,NA,NA,NA,1,1,1,1,1,1,FALSE,FALSE,FALSE,TRUE,FALSE,TRUE
1145,ASV1540,TRUE,FALSE,TRUE,NA,NA,NA,NA,NA,NA,NA,NA,NA,NA,NA,NA,NA,NA,NA,NA,NA,NA,NA,NA,NA
1146,ASV1541,FALSE,FALSE,FALSE,NA,NA,NA,NA,NA,NA,NA,NA,NA,1,1,1,1,1,1,FALSE,FALSE,FALSE,TRUE,FALSE,TRUE
1147,ASV1542,TRUE,FALSE,TRUE,NA,NA,NA,NA,NA,NA,NA,NA,NA,NA,NA,NA,NA,NA,NA,NA,NA,NA,NA,NA,NA
1148,ASV1543,TRUE,FALSE,TRUE,NA,NA,NA,NA,NA,NA,NA,NA,NA,NA,NA,NA,NA,NA,NA,NA,NA,NA,NA,NA,NA
1149,ASV1544,FALSE,FALSE,FALSE,-0.261274066,-0.054104473,0.133706431,0.111167115,0.232066734,0.208847268,-235.028.196.917.637,-0.233141873,0.64021154,0.100280119,0.830653145,0.567577334,1,1,1,FALSE,FALSE,FALSE,TRUE,TRUE,TRUE
1150,ASV1545,TRUE,FALSE,TRUE,NA,NA,NA,NA,NA,NA,NA,NA,NA,NA,NA,NA,NA,NA,NA,NA,NA,NA,NA,NA,NA
1151,ASV1547,FALSE,FALSE,FALSE,NA,NA,NA,NA,NA,NA,NA,NA,NA,1,1,1,1,1,1,FALSE,FALSE,FALSE,TRUE,FALSE,TRUE
1152,ASV1548,TRUE,FALSE,TRUE,NA,NA,NA,NA,NA,NA,NA,NA,NA,NA,NA,NA,NA,NA,NA,NA,NA,NA,NA,NA,NA
1153,ASV1550,FALSE,FALSE,FALSE,NA,NA,NA,NA,NA,NA,NA,NA,NA,1,1,1,1,1,1,FALSE,FALSE,FALSE,FALSE,FALSE,TRUE
1154,ASV1551,FALSE,FALSE,FALSE,NA,NA,NA,NA,NA,NA,NA,NA,NA,1,1,1,1,1,1,FALSE,FALSE,FALSE,TRUE,FALSE,TRUE
1155,ASV1552,FALSE,FALSE,FALSE,NA,NA,NA,NA,NA,NA,NA,NA,NA,1,1,1,1,1,1,FALSE,FALSE,FALSE,TRUE,FALSE,TRUE
1156,ASV1553,FALSE,FALSE,FALSE,NA,NA,NA,NA,NA,NA,NA,NA,NA,1,1,1,1,1,1,FALSE,FALSE,FALSE,FALSE,FALSE,TRUE
1157,ASV1554,FALSE,FALSE,FALSE,NA,NA,NA,NA,NA,NA,NA,NA,NA,1,1,1,1,1,1,FALSE,FALSE,FALSE,TRUE,FALSE,TRUE
1158,ASV1555,FALSE,FALSE,FALSE,NA,NA,NA,NA,NA,NA,NA,NA,NA,1,1,1,1,1,1,FALSE,FALSE,FALSE,FALSE,FALSE,TRUE
1159,ASV1556,FALSE,FALSE,FALSE,-0.276510797,0.459298024,NA,0.118339137,0.246636924,NA,-233.659.636.688.054,186.224.356.513.317,NA,1,1,1,1,1,1,FALSE,FALSE,FALSE,TRUE,TRUE,TRUE
1160,ASV1557,TRUE,FALSE,TRUE,NA,NA,NA,NA,NA,NA,NA,NA,NA,NA,NA,NA,NA,NA,NA,NA,NA,NA,NA,NA,NA
1161,ASV1560,TRUE,FALSE,TRUE,NA,NA,NA,NA,NA,NA,NA,NA,NA,NA,NA,NA,NA,NA,NA,NA,NA,NA,NA,NA,NA
1162,ASV1562,FALSE,TRUE,TRUE,NA,NA,NA,NA,NA,NA,NA,NA,NA,NA,NA,NA,NA,NA,NA,NA,NA,NA,NA,NA,NA
1163,ASV1563,FALSE,TRUE,TRUE,NA,NA,NA,NA,NA,NA,NA,NA,NA,NA,NA,NA,NA,NA,NA,NA,NA,NA,NA,NA,NA
1164,ASV1565,FALSE,FALSE,FALSE,-0.417907808,0.752472147,NA,0.118339137,0.246636924,NA,-353.144.208.382.547,305.093.063.717.648,NA,1,1,1,1,1,1,FALSE,FALSE,FALSE,TRUE,TRUE,TRUE
1165,ASV1568,FALSE,FALSE,FALSE,0.021683379,-0.630938502,0.80091695,0.146770599,0.24716106,0.223941896,0.147736528,-255.274.233.913.258,357.644.981.279.193,0.906623444,0.2376894,0.173570646,1,1,1,FALSE,FALSE,FALSE,TRUE,TRUE,TRUE
1166,ASV1569,FALSE,FALSE,FALSE,NA,NA,NA,NA,NA,NA,NA,NA,NA,1,1,1,1,1,1,FALSE,FALSE,FALSE,TRUE,FALSE,TRUE
1167,ASV1571,FALSE,FALSE,FALSE,NA,NA,NA,NA,NA,NA,NA,NA,NA,1,1,1,1,1,1,FALSE,FALSE,FALSE,TRUE,TRUE,TRUE
1168,ASV1572,TRUE,FALSE,TRUE,NA,NA,NA,NA,NA,NA,NA,NA,NA,NA,NA,NA,NA,NA,NA,NA,NA,NA,NA,NA,NA
1169,ASV1573,FALSE,FALSE,FALSE,-0.773616992,158.780.318.424.227,NA,0.118339137,0.246636924,NA,-653.728.776.044.354,643.781.620.213.798,NA,1,1,1,1,1,1,FALSE,FALSE,FALSE,TRUE,TRUE,TRUE
1170,ASV1574,FALSE,FALSE,FALSE,-0.490402848,0.599637094,NA,0.118339137,0.246636924,NA,-414.404.617.877.772,243.125.435.085.475,NA,1,1,1,1,1,1,FALSE,FALSE,FALSE,TRUE,TRUE,TRUE
1171,ASV1576,FALSE,FALSE,FALSE,NA,NA,NA,NA,NA,NA,NA,NA,NA,1,1,1,1,1,1,FALSE,FALSE,FALSE,TRUE,FALSE,TRUE
1172,ASV1578,TRUE,FALSE,TRUE,NA,NA,NA,NA,NA,NA,NA,NA,NA,NA,NA,NA,NA,NA,NA,NA,NA,NA,NA,NA,NA
1173,ASV1579,FALSE,FALSE,FALSE,NA,NA,NA,NA,NA,NA,NA,NA,NA,1,1,1,1,1,1,FALSE,FALSE,FALSE,FALSE,FALSE,FALSE
1174,ASV1580,TRUE,FALSE,TRUE,NA,NA,NA,NA,NA,NA,NA,NA,NA,NA,NA,NA,NA,NA,NA,NA,NA,NA,NA,NA,NA
1175,ASV1584,FALSE,FALSE,FALSE,NA,NA,NA,NA,NA,NA,NA,NA,NA,1,1,1,1,1,1,FALSE,FALSE,FALSE,TRUE,FALSE,TRUE
1176,ASV1585,FALSE,FALSE,FALSE,-0.026271955,128.789.293.757.481,-0.711504,0.116421708,0.242749335,0.219519985,-0.225661992,530.544.373.605.993,-324.118.097.514.784,1,1,1,1,1,1,FALSE,FALSE,FALSE,TRUE,TRUE,TRUE
1177,ASV1587,TRUE,FALSE,TRUE,NA,NA,NA,NA,NA,NA,NA,NA,NA,NA,NA,NA,NA,NA,NA,NA,NA,NA,NA,NA,NA
1178,ASV1589,FALSE,FALSE,FALSE,NA,NA,NA,NA,NA,NA,NA,NA,NA,1,1,1,1,1,1,FALSE,FALSE,FALSE,TRUE,FALSE,TRUE
1179,ASV1590,TRUE,FALSE,TRUE,NA,NA,NA,NA,NA,NA,NA,NA,NA,NA,NA,NA,NA,NA,NA,NA,NA,NA,NA,NA,NA
1180,ASV1592,TRUE,FALSE,TRUE,NA,NA,NA,NA,NA,NA,NA,NA,NA,NA,NA,NA,NA,NA,NA,NA,NA,NA,NA,NA,NA
1181,ASV1593,TRUE,FALSE,TRUE,NA,NA,NA,NA,NA,NA,NA,NA,NA,NA,NA,NA,NA,NA,NA,NA,NA,NA,NA,NA,NA
1182,ASV1594,FALSE,FALSE,FALSE,-0.290071573,-0.289646302,0.563286349,0.144427142,0.245803379,0.222580341,-200.842.839.380.953,-117.836.582.685.654,253.071.024.370.597,0.182361278,0.359862241,0.127055509,1,1,1,FALSE,FALSE,FALSE,TRUE,TRUE,TRUE
1183,ASV1595,TRUE,FALSE,TRUE,NA,NA,NA,NA,NA,NA,NA,NA,NA,NA,NA,NA,NA,NA,NA,NA,NA,NA,NA,NA,NA
1184,ASV1596,TRUE,FALSE,TRUE,NA,NA,NA,NA,NA,NA,NA,NA,NA,NA,NA,NA,NA,NA,NA,NA,NA,NA,NA,NA,NA
1185,ASV1597,TRUE,FALSE,TRUE,NA,NA,NA,NA,NA,NA,NA,NA,NA,NA,NA,NA,NA,NA,NA,NA,NA,NA,NA,NA,NA
1186,ASV1598,TRUE,FALSE,TRUE,NA,NA,NA,NA,NA,NA,NA,NA,NA,NA,NA,NA,NA,NA,NA,NA,NA,NA,NA,NA,NA
1187,ASV1599,FALSE,FALSE,FALSE,NA,NA,NA,NA,NA,NA,NA,NA,NA,1,1,1,1,1,1,FALSE,FALSE,FALSE,TRUE,FALSE,TRUE
1188,ASV1601,FALSE,FALSE,FALSE,NA,NA,NA,NA,NA,NA,NA,NA,NA,1,1,1,1,1,1,FALSE,FALSE,FALSE,FALSE,FALSE,TRUE
1189,ASV1605,FALSE,FALSE,FALSE,NA,NA,NA,NA,NA,NA,NA,NA,NA,1,1,1,1,1,1,FALSE,FALSE,FALSE,TRUE,TRUE,TRUE
1190,ASV1608,FALSE,FALSE,FALSE,NA,NA,NA,NA,NA,NA,NA,NA,NA,1,1,1,1,1,1,FALSE,FALSE,FALSE,TRUE,TRUE,TRUE
1191,ASV1609,TRUE,FALSE,TRUE,NA,NA,NA,NA,NA,NA,NA,NA,NA,NA,NA,NA,NA,NA,NA,NA,NA,NA,NA,NA,NA
1192,ASV1611,TRUE,FALSE,TRUE,NA,NA,NA,NA,NA,NA,NA,NA,NA,NA,NA,NA,NA,NA,NA,NA,NA,NA,NA,NA,NA
1193,ASV1612,TRUE,FALSE,TRUE,NA,NA,NA,NA,NA,NA,NA,NA,NA,NA,NA,NA,NA,NA,NA,NA,NA,NA,NA,NA,NA
1194,ASV1613,TRUE,FALSE,TRUE,NA,NA,NA,NA,NA,NA,NA,NA,NA,NA,NA,NA,NA,NA,NA,NA,NA,NA,NA,NA,NA
1195,ASV1614,FALSE,TRUE,TRUE,NA,NA,NA,NA,NA,NA,NA,NA,NA,NA,NA,NA,NA,NA,NA,NA,NA,NA,NA,NA,NA
1196,ASV1618,FALSE,FALSE,FALSE,NA,NA,NA,NA,NA,NA,NA,NA,NA,1,1,1,1,1,1,FALSE,FALSE,FALSE,TRUE,TRUE,TRUE
1197,ASV1619,FALSE,FALSE,FALSE,-0.227721063,-0.183471169,0.342456099,0.116421708,0.242749335,0.219519985,-195.600.173.100.835,-0.755805035,156.002.242.168.093,1,1,1,1,1,1,FALSE,FALSE,FALSE,TRUE,TRUE,TRUE
1198,ASV1621,FALSE,TRUE,TRUE,NA,NA,NA,NA,NA,NA,NA,NA,NA,NA,NA,NA,NA,NA,NA,NA,NA,NA,NA,NA,NA
1199,ASV1623,FALSE,FALSE,FALSE,NA,NA,NA,NA,NA,NA,NA,NA,NA,1,1,1,1,1,1,FALSE,FALSE,FALSE,TRUE,FALSE,TRUE
1200,ASV1624,FALSE,FALSE,FALSE,NA,NA,NA,NA,NA,NA,NA,NA,NA,1,1,1,1,1,1,FALSE,FALSE,FALSE,TRUE,FALSE,TRUE
1201,ASV1625,FALSE,FALSE,FALSE,NA,NA,NA,NA,NA,NA,NA,NA,NA,1,1,1,1,1,1,FALSE,FALSE,FALSE,FALSE,FALSE,TRUE
1202,ASV1626,FALSE,FALSE,FALSE,0.185187559,-0.548522752,0.039477291,0.114573498,0.238997122,0.215765076,161.632.106.346.491,-229.510.190.932.843,0.18296423,0.352718015,0.261591806,0.884795599,1,1,1,FALSE,FALSE,FALSE,TRUE,TRUE,TRUE
1203,ASV1630,FALSE,FALSE,FALSE,NA,NA,NA,NA,NA,NA,NA,NA,NA,1,1,1,1,1,1,FALSE,FALSE,FALSE,TRUE,FALSE,TRUE
1204,ASV1632,TRUE,FALSE,TRUE,NA,NA,NA,NA,NA,NA,NA,NA,NA,NA,NA,NA,NA,NA,NA,NA,NA,NA,NA,NA,NA
1205,ASV1633,FALSE,TRUE,TRUE,NA,NA,NA,NA,NA,NA,NA,NA,NA,NA,NA,NA,NA,NA,NA,NA,NA,NA,NA,NA,NA
1206,ASV1634,FALSE,FALSE,FALSE,0.000414829,148.275.237.656.864,-105.182.431.426.573,0.116421708,0.242749335,0.219519985,0.003563156,61.081.624.713.367,-479.147.405.853.229,1,1,1,1,1,1,FALSE,FALSE,FALSE,TRUE,TRUE,TRUE
1207,ASV1636,TRUE,FALSE,TRUE,NA,NA,NA,NA,NA,NA,NA,NA,NA,NA,NA,NA,NA,NA,NA,NA,NA,NA,NA,NA,NA
1208,ASV1639,FALSE,TRUE,TRUE,NA,NA,NA,NA,NA,NA,NA,NA,NA,NA,NA,NA,NA,NA,NA,NA,NA,NA,NA,NA,NA
1209,ASV1640,FALSE,FALSE,FALSE,NA,NA,NA,NA,NA,NA,NA,NA,NA,1,1,1,1,1,1,FALSE,FALSE,FALSE,TRUE,TRUE,TRUE
1210,ASV1641,FALSE,FALSE,FALSE,NA,NA,NA,NA,NA,NA,NA,NA,NA,1,1,1,1,1,1,FALSE,FALSE,FALSE,TRUE,FALSE,TRUE
1211,ASV1646,FALSE,FALSE,FALSE,NA,NA,NA,NA,NA,NA,NA,NA,NA,1,1,1,1,1,1,FALSE,FALSE,FALSE,FALSE,FALSE,TRUE
1212,ASV1647,FALSE,FALSE,FALSE,0.20694431,-138.377.369.462.858,0.322318088,0.118232981,0.246421819,0.223200468,175.030.950.798.254,-561.546.740.252.906,14.440.744.256.208,0.330450186,0.112192873,0.385578041,1,1,1,FALSE,FALSE,FALSE,TRUE,TRUE,TRUE
1213,ASV1648,TRUE,FALSE,TRUE,NA,NA,NA,NA,NA,NA,NA,NA,NA,NA,NA,NA,NA,NA,NA,NA,NA,NA,NA,NA,NA
1214,ASV1649,FALSE,FALSE,FALSE,NA,NA,NA,NA,NA,NA,NA,NA,NA,1,1,1,1,1,1,FALSE,FALSE,FALSE,TRUE,FALSE,TRUE
1215,ASV1650,FALSE,FALSE,FALSE,NA,NA,NA,NA,NA,NA,NA,NA,NA,1,1,1,1,1,1,FALSE,FALSE,FALSE,FALSE,FALSE,TRUE
1216,ASV1651,TRUE,FALSE,TRUE,NA,NA,NA,NA,NA,NA,NA,NA,NA,NA,NA,NA,NA,NA,NA,NA,NA,NA,NA,NA,NA
1217,ASV1652,FALSE,TRUE,TRUE,NA,NA,NA,NA,NA,NA,NA,NA,NA,NA,NA,NA,NA,NA,NA,NA,NA,NA,NA,NA,NA
1218,ASV1653,FALSE,FALSE,FALSE,NA,NA,NA,NA,NA,NA,NA,NA,NA,1,1,1,1,1,1,FALSE,FALSE,FALSE,FALSE,FALSE,TRUE
1219,ASV1656,TRUE,FALSE,TRUE,NA,NA,NA,NA,NA,NA,NA,NA,NA,NA,NA,NA,NA,NA,NA,NA,NA,NA,NA,NA,NA
1220,ASV1657,TRUE,FALSE,TRUE,NA,NA,NA,NA,NA,NA,NA,NA,NA,NA,NA,NA,NA,NA,NA,NA,NA,NA,NA,NA,NA
1221,ASV1658,FALSE,FALSE,FALSE,NA,NA,NA,NA,NA,NA,NA,NA,NA,1,1,1,1,1,1,FALSE,FALSE,FALSE,FALSE,FALSE,TRUE
1222,ASV1659,FALSE,FALSE,FALSE,NA,NA,NA,NA,NA,NA,NA,NA,NA,1,1,1,1,1,1,FALSE,FALSE,FALSE,FALSE,FALSE,TRUE
1223,ASV1660,FALSE,FALSE,FALSE,NA,NA,NA,NA,NA,NA,NA,NA,NA,1,1,1,1,1,1,FALSE,FALSE,FALSE,FALSE,FALSE,TRUE
1224,ASV1661,TRUE,FALSE,TRUE,NA,NA,NA,NA,NA,NA,NA,NA,NA,NA,NA,NA,NA,NA,NA,NA,NA,NA,NA,NA,NA
1225,ASV1662,TRUE,FALSE,TRUE,NA,NA,NA,NA,NA,NA,NA,NA,NA,NA,NA,NA,NA,NA,NA,NA,NA,NA,NA,NA,NA
1226,ASV1665,FALSE,FALSE,FALSE,NA,NA,NA,NA,NA,NA,NA,NA,NA,1,1,1,1,1,1,FALSE,FALSE,FALSE,TRUE,TRUE,TRUE
1227,ASV1668,FALSE,TRUE,TRUE,NA,NA,NA,NA,NA,NA,NA,NA,NA,NA,NA,NA,NA,NA,NA,NA,NA,NA,NA,NA,NA
1228,ASV1669,TRUE,FALSE,TRUE,NA,NA,NA,NA,NA,NA,NA,NA,NA,NA,NA,NA,NA,NA,NA,NA,NA,NA,NA,NA,NA
1229,ASV1670,FALSE,FALSE,FALSE,NA,NA,NA,NA,NA,NA,NA,NA,NA,1,1,1,1,1,1,FALSE,FALSE,FALSE,TRUE,TRUE,TRUE
1230,ASV1671,FALSE,FALSE,FALSE,NA,NA,NA,NA,NA,NA,NA,NA,NA,1,1,1,1,1,1,FALSE,FALSE,FALSE,TRUE,TRUE,TRUE
1231,ASV1672,TRUE,FALSE,TRUE,NA,NA,NA,NA,NA,NA,NA,NA,NA,NA,NA,NA,NA,NA,NA,NA,NA,NA,NA,NA,NA
1232,ASV1673,FALSE,FALSE,FALSE,-0.209268482,0.118152721,NA,0.118339137,0.246636924,NA,-176.837.931.826.426,0.479055282,NA,1,1,1,1,1,1,FALSE,FALSE,FALSE,TRUE,TRUE,TRUE
1233,ASV1674,FALSE,FALSE,FALSE,NA,NA,NA,NA,NA,NA,NA,NA,NA,1,1,1,1,1,1,FALSE,FALSE,FALSE,TRUE,FALSE,TRUE
1234,ASV1675,FALSE,TRUE,TRUE,NA,NA,NA,NA,NA,NA,NA,NA,NA,NA,NA,NA,NA,NA,NA,NA,NA,NA,NA,NA,NA
1235,ASV1676,FALSE,FALSE,FALSE,-0.853190674,0.705718296,0.285631432,0.118335448,0.24662945,0.223408695,-720.993.316.058.928,28.614.518.506.678,127.851.528.897.144,0.08773785,0.21403488,0.422566642,1,1,1,FALSE,FALSE,FALSE,TRUE,TRUE,TRUE
1236,ASV1677,FALSE,FALSE,FALSE,NA,NA,NA,NA,NA,NA,NA,NA,NA,1,1,1,1,1,1,FALSE,FALSE,FALSE,FALSE,FALSE,TRUE
1237,ASV1678,TRUE,FALSE,TRUE,NA,NA,NA,NA,NA,NA,NA,NA,NA,NA,NA,NA,NA,NA,NA,NA,NA,NA,NA,NA,NA
1238,ASV1679,FALSE,FALSE,FALSE,0.061512862,0.292276133,-0.086879288,0.116771857,0.243459637,0.220231445,0.526778143,120.051.165.925.127,-0.39449084,0.69134132,0.44215066,0.760791331,1,1,1,FALSE,FALSE,FALSE,TRUE,TRUE,TRUE
1239,ASV1681,FALSE,FALSE,FALSE,NA,NA,NA,NA,NA,NA,NA,NA,NA,1,1,1,1,1,1,FALSE,FALSE,FALSE,FALSE,FALSE,FALSE
1240,ASV1683,FALSE,FALSE,FALSE,-0.833301844,108.871.070.597.712,NA,0.119359421,0.248703605,NA,-698.145.009.275.865,437.754.292.878.819,NA,0.09057127,0.142975238,1,1,1,1,FALSE,FALSE,FALSE,TRUE,TRUE,TRUE
1241,ASV1684,FALSE,FALSE,FALSE,NA,NA,NA,NA,NA,NA,NA,NA,NA,1,1,1,1,1,1,FALSE,FALSE,FALSE,TRUE,TRUE,TRUE
1242,ASV1686,FALSE,TRUE,TRUE,NA,NA,NA,NA,NA,NA,NA,NA,NA,NA,NA,NA,NA,NA,NA,NA,NA,NA,NA,NA,NA
1243,ASV1687,FALSE,FALSE,FALSE,NA,NA,NA,NA,NA,NA,NA,NA,NA,1,1,1,1,1,1,FALSE,FALSE,FALSE,TRUE,FALSE,TRUE
1244,ASV1688,TRUE,FALSE,TRUE,NA,NA,NA,NA,NA,NA,NA,NA,NA,NA,NA,NA,NA,NA,NA,NA,NA,NA,NA,NA,NA
1245,ASV1690,TRUE,FALSE,TRUE,NA,NA,NA,NA,NA,NA,NA,NA,NA,NA,NA,NA,NA,NA,NA,NA,NA,NA,NA,NA,NA
1246,ASV1691,TRUE,FALSE,TRUE,NA,NA,NA,NA,NA,NA,NA,NA,NA,NA,NA,NA,NA,NA,NA,NA,NA,NA,NA,NA,NA
1247,ASV1692,FALSE,FALSE,FALSE,NA,NA,NA,NA,NA,NA,NA,NA,NA,1,1,1,1,1,1,FALSE,FALSE,FALSE,TRUE,FALSE,TRUE
1248,ASV1693,TRUE,FALSE,TRUE,NA,NA,NA,NA,NA,NA,NA,NA,NA,NA,NA,NA,NA,NA,NA,NA,NA,NA,NA,NA,NA
1249,ASV1694,FALSE,FALSE,FALSE,NA,NA,NA,NA,NA,NA,NA,NA,NA,1,1,1,1,1,1,FALSE,FALSE,FALSE,TRUE,FALSE,TRUE
1250,ASV1695,FALSE,FALSE,FALSE,NA,NA,NA,NA,NA,NA,NA,NA,NA,1,1,1,1,1,1,FALSE,FALSE,FALSE,FALSE,FALSE,TRUE
1251,ASV1696,TRUE,FALSE,TRUE,NA,NA,NA,NA,NA,NA,NA,NA,NA,NA,NA,NA,NA,NA,NA,NA,NA,NA,NA,NA,NA
1252,ASV1698,FALSE,TRUE,TRUE,NA,NA,NA,NA,NA,NA,NA,NA,NA,NA,NA,NA,NA,NA,NA,NA,NA,NA,NA,NA,NA
1253,ASV1699,FALSE,FALSE,FALSE,NA,NA,NA,NA,NA,NA,NA,NA,NA,1,1,1,1,1,1,FALSE,FALSE,FALSE,FALSE,FALSE,TRUE
1254,ASV1700,FALSE,FALSE,FALSE,NA,NA,NA,NA,NA,NA,NA,NA,NA,1,1,1,1,1,1,FALSE,FALSE,FALSE,FALSE,FALSE,TRUE
1255,ASV1701,FALSE,TRUE,TRUE,NA,NA,NA,NA,NA,NA,NA,NA,NA,NA,NA,NA,NA,NA,NA,NA,NA,NA,NA,NA,NA
1256,ASV1703,TRUE,FALSE,TRUE,NA,NA,NA,NA,NA,NA,NA,NA,NA,NA,NA,NA,NA,NA,NA,NA,NA,NA,NA,NA,NA
1257,ASV1705,FALSE,FALSE,FALSE,NA,NA,NA,NA,NA,NA,NA,NA,NA,1,1,1,1,1,1,FALSE,FALSE,FALSE,TRUE,FALSE,TRUE
1258,ASV1706,FALSE,FALSE,FALSE,-0.292769166,-0.503582911,0.408558419,0.116421708,0.242749335,0.219519985,-251.473.003.859.836,-207.449.759.486.337,186.114.452.747.466,1,1,1,1,1,1,FALSE,FALSE,FALSE,TRUE,TRUE,TRUE
1259,ASV1710,TRUE,FALSE,TRUE,NA,NA,NA,NA,NA,NA,NA,NA,NA,NA,NA,NA,NA,NA,NA,NA,NA,NA,NA,NA,NA
1260,ASV1711,FALSE,FALSE,FALSE,NA,NA,NA,NA,NA,NA,NA,NA,NA,1,1,1,1,1,1,FALSE,FALSE,FALSE,FALSE,FALSE,TRUE
1261,ASV1712,FALSE,FALSE,FALSE,0.879284479,-13.692.158.585.255,-0.554703146,0.116421708,0.242749335,0.219519985,755.258.184.625.981,-564.045.153.753.788,-252.689.132.627.423,1,1,1,1,1,1,FALSE,FALSE,FALSE,TRUE,TRUE,TRUE
1262,ASV1715,TRUE,FALSE,TRUE,NA,NA,NA,NA,NA,NA,NA,NA,NA,NA,NA,NA,NA,NA,NA,NA,NA,NA,NA,NA,NA
1263,ASV1716,FALSE,FALSE,FALSE,NA,NA,NA,NA,NA,NA,NA,NA,NA,1,1,1,1,1,1,FALSE,FALSE,FALSE,TRUE,FALSE,TRUE
1264,ASV1717,FALSE,FALSE,FALSE,NA,NA,NA,NA,NA,NA,NA,NA,NA,1,1,1,1,1,1,FALSE,FALSE,FALSE,TRUE,FALSE,TRUE
1265,ASV1719,FALSE,TRUE,TRUE,NA,NA,NA,NA,NA,NA,NA,NA,NA,NA,NA,NA,NA,NA,NA,NA,NA,NA,NA,NA,NA
1266,ASV1720,FALSE,FALSE,FALSE,NA,NA,NA,NA,NA,NA,NA,NA,NA,1,1,1,1,1,1,FALSE,FALSE,FALSE,TRUE,TRUE,TRUE
1267,ASV1723,FALSE,FALSE,FALSE,NA,NA,NA,NA,NA,NA,NA,NA,NA,1,1,1,1,1,1,FALSE,FALSE,FALSE,TRUE,TRUE,TRUE
1268,ASV1724,TRUE,FALSE,TRUE,NA,NA,NA,NA,NA,NA,NA,NA,NA,NA,NA,NA,NA,NA,NA,NA,NA,NA,NA,NA,NA
1269,ASV1725,TRUE,FALSE,TRUE,NA,NA,NA,NA,NA,NA,NA,NA,NA,NA,NA,NA,NA,NA,NA,NA,NA,NA,NA,NA,NA
1270,ASV1726,FALSE,FALSE,FALSE,-0.600258101,145.580.268.339.734,NA,0.118339137,0.246636924,NA,-507.235.490.004.457,590.261.450.241.637,NA,1,1,1,1,1,1,FALSE,FALSE,FALSE,TRUE,TRUE,TRUE
1271,ASV1727,TRUE,FALSE,TRUE,NA,NA,NA,NA,NA,NA,NA,NA,NA,NA,NA,NA,NA,NA,NA,NA,NA,NA,NA,NA,NA
1272,ASV1728,FALSE,FALSE,FALSE,NA,NA,NA,NA,NA,NA,NA,NA,NA,1,1,1,1,1,1,FALSE,FALSE,FALSE,TRUE,FALSE,TRUE
1273,ASV1729,FALSE,FALSE,FALSE,0.24299671,-179.459.817.171.743,0.103543418,0.116421708,0.242749335,0.219519985,208.721.134.744.818,-739.280.366.488.521,0.471681055,1,1,1,1,1,1,FALSE,FALSE,FALSE,TRUE,TRUE,TRUE
1274,ASV1730,FALSE,FALSE,FALSE,NA,NA,NA,NA,NA,NA,NA,NA,NA,1,1,1,1,1,1,FALSE,FALSE,FALSE,TRUE,FALSE,TRUE
1275,ASV1731,FALSE,FALSE,FALSE,NA,NA,NA,NA,NA,NA,NA,NA,NA,1,1,1,1,1,1,FALSE,FALSE,FALSE,FALSE,FALSE,TRUE
1276,ASV1732,FALSE,FALSE,FALSE,-0.097265705,-0.384074718,0.046121089,0.171214616,0.254782084,0.231595149,-0.568092302,-150.746.360.402.627,0.199145318,0.67110474,0.372877112,0.87485735,1,1,1,FALSE,FALSE,FALSE,TRUE,TRUE,TRUE
1277,ASV1733,FALSE,FALSE,FALSE,NA,NA,NA,NA,NA,NA,NA,NA,NA,1,1,1,1,1,1,FALSE,FALSE,FALSE,TRUE,TRUE,TRUE
1278,ASV1734,TRUE,FALSE,TRUE,NA,NA,NA,NA,NA,NA,NA,NA,NA,NA,NA,NA,NA,NA,NA,NA,NA,NA,NA,NA,NA
1279,ASV1736,FALSE,FALSE,FALSE,-0.545054206,0.149216143,0.555767388,0.130690259,0.271584491,0.24851468,-417.058.018.396.309,0.549428072,223.635.637.392.572,0.025094493,0.620966898,0.111337347,1,1,1,FALSE,FALSE,FALSE,FALSE,TRUE,TRUE
1280,ASV1737,FALSE,FALSE,FALSE,NA,NA,NA,NA,NA,NA,NA,NA,NA,1,1,1,1,1,1,FALSE,FALSE,FALSE,FALSE,FALSE,FALSE
1281,ASV1739,FALSE,FALSE,FALSE,NA,NA,NA,NA,NA,NA,NA,NA,NA,1,1,1,1,1,1,FALSE,FALSE,FALSE,TRUE,FALSE,TRUE
1282,ASV1740,FALSE,FALSE,FALSE,NA,NA,NA,NA,NA,NA,NA,NA,NA,1,1,1,1,1,1,FALSE,FALSE,FALSE,TRUE,FALSE,TRUE
1283,ASV1741,FALSE,FALSE,FALSE,NA,NA,NA,NA,NA,NA,NA,NA,NA,1,1,1,1,1,1,FALSE,FALSE,FALSE,TRUE,FALSE,TRUE
1284,ASV1742,FALSE,TRUE,TRUE,NA,NA,NA,NA,NA,NA,NA,NA,NA,NA,NA,NA,NA,NA,NA,NA,NA,NA,NA,NA,NA
1285,ASV1745,FALSE,FALSE,FALSE,0.627862666,-0.064620143,-0.760580554,0.116421708,0.242749335,0.219519985,539.300.339.133.406,-0.266201113,-346.474.401.034.352,1,1,1,1,1,1,FALSE,FALSE,FALSE,TRUE,TRUE,TRUE
1286,ASV1746,FALSE,FALSE,FALSE,NA,NA,NA,NA,NA,NA,NA,NA,NA,1,1,1,1,1,1,FALSE,FALSE,FALSE,TRUE,FALSE,TRUE
1287,ASV1747,FALSE,FALSE,FALSE,NA,NA,NA,NA,NA,NA,NA,NA,NA,1,1,1,1,1,1,FALSE,FALSE,FALSE,TRUE,TRUE,TRUE
1288,ASV1748,FALSE,FALSE,FALSE,-0.412656913,0.621450126,0.065580809,0.116421708,0.242749335,0.219519985,-354.450.144.702.205,256.004.872.868.557,0.298746417,1,1,1,1,1,1,FALSE,FALSE,FALSE,TRUE,TRUE,TRUE
1289,ASV1750,FALSE,FALSE,FALSE,NA,NA,NA,NA,NA,NA,NA,NA,NA,1,1,1,1,1,1,FALSE,FALSE,FALSE,TRUE,TRUE,TRUE
1290,ASV1751,FALSE,FALSE,FALSE,0.084535927,-0.541149117,0.216224584,0.127877182,0.238450105,0.215218176,0.661071237,-226.944.382.185.821,100.467.621.840.432,0.576533417,0.151298403,0.420854057,1,1,1,FALSE,FALSE,FALSE,FALSE,FALSE,TRUE
1291,ASV1753,FALSE,FALSE,FALSE,NA,NA,NA,NA,NA,NA,NA,NA,NA,1,1,1,1,1,1,FALSE,FALSE,FALSE,TRUE,FALSE,TRUE
1292,ASV1755,FALSE,TRUE,TRUE,NA,NA,NA,NA,NA,NA,NA,NA,NA,NA,NA,NA,NA,NA,NA,NA,NA,NA,NA,NA,NA
1293,ASV1756,TRUE,FALSE,TRUE,NA,NA,NA,NA,NA,NA,NA,NA,NA,NA,NA,NA,NA,NA,NA,NA,NA,NA,NA,NA,NA
1294,ASV1758,FALSE,TRUE,TRUE,NA,NA,NA,NA,NA,NA,NA,NA,NA,NA,NA,NA,NA,NA,NA,NA,NA,NA,NA,NA,NA
1295,ASV1759,FALSE,TRUE,TRUE,NA,NA,NA,NA,NA,NA,NA,NA,NA,NA,NA,NA,NA,NA,NA,NA,NA,NA,NA,NA,NA
1296,ASV1761,TRUE,FALSE,TRUE,NA,NA,NA,NA,NA,NA,NA,NA,NA,NA,NA,NA,NA,NA,NA,NA,NA,NA,NA,NA,NA
1297,ASV1763,TRUE,FALSE,TRUE,NA,NA,NA,NA,NA,NA,NA,NA,NA,NA,NA,NA,NA,NA,NA,NA,NA,NA,NA,NA,NA
1298,ASV1764,TRUE,FALSE,TRUE,NA,NA,NA,NA,NA,NA,NA,NA,NA,NA,NA,NA,NA,NA,NA,NA,NA,NA,NA,NA,NA
1299,ASV1765,TRUE,FALSE,TRUE,NA,NA,NA,NA,NA,NA,NA,NA,NA,NA,NA,NA,NA,NA,NA,NA,NA,NA,NA,NA,NA
1300,ASV1766,FALSE,FALSE,FALSE,NA,NA,NA,NA,NA,NA,NA,NA,NA,1,1,1,1,1,1,FALSE,FALSE,FALSE,TRUE,FALSE,TRUE
1301,ASV1767,FALSE,FALSE,FALSE,NA,NA,NA,NA,NA,NA,NA,NA,NA,1,1,1,1,1,1,FALSE,FALSE,FALSE,TRUE,FALSE,TRUE
1302,ASV1768,FALSE,FALSE,FALSE,0.00559868,0.508375965,-0.154340936,0.113740332,0.237303891,0.214072664,0.049223347,214.229.932.671.323,-0.720974521,0.965214902,0.165443611,0.545811102,1,1,1,FALSE,FALSE,FALSE,TRUE,TRUE,TRUE
1303,ASV1771,FALSE,FALSE,FALSE,NA,NA,NA,NA,NA,NA,NA,NA,NA,1,1,1,1,1,1,FALSE,FALSE,FALSE,TRUE,TRUE,TRUE
1304,ASV1773,TRUE,FALSE,TRUE,NA,NA,NA,NA,NA,NA,NA,NA,NA,NA,NA,NA,NA,NA,NA,NA,NA,NA,NA,NA,NA
1305,ASV1774,FALSE,FALSE,FALSE,NA,NA,NA,NA,NA,NA,NA,NA,NA,1,1,1,1,1,1,FALSE,FALSE,FALSE,TRUE,FALSE,TRUE
1306,ASV1775,FALSE,FALSE,FALSE,0.074793068,0.091725824,-0.144466732,0.116421708,0.242749335,0.219519985,0.64243232,0.377862308,-0.658102867,1,1,1,1,1,1,FALSE,FALSE,FALSE,TRUE,TRUE,TRUE
1307,ASV1776,FALSE,FALSE,FALSE,NA,NA,NA,NA,NA,NA,NA,NA,NA,1,1,1,1,1,1,FALSE,FALSE,FALSE,TRUE,FALSE,TRUE
1308,ASV1777,TRUE,FALSE,TRUE,NA,NA,NA,NA,NA,NA,NA,NA,NA,NA,NA,NA,NA,NA,NA,NA,NA,NA,NA,NA,NA
1309,ASV1779,FALSE,FALSE,FALSE,NA,NA,NA,NA,NA,NA,NA,NA,NA,1,1,1,1,1,1,FALSE,FALSE,FALSE,FALSE,FALSE,TRUE
1310,ASV1780,FALSE,FALSE,FALSE,NA,NA,NA,NA,NA,NA,NA,NA,NA,1,1,1,1,1,1,FALSE,FALSE,FALSE,FALSE,FALSE,FALSE
1311,ASV1781,FALSE,TRUE,TRUE,NA,NA,NA,NA,NA,NA,NA,NA,NA,NA,NA,NA,NA,NA,NA,NA,NA,NA,NA,NA,NA
1312,ASV1783,TRUE,FALSE,TRUE,NA,NA,NA,NA,NA,NA,NA,NA,NA,NA,NA,NA,NA,NA,NA,NA,NA,NA,NA,NA,NA
1313,ASV1786,FALSE,FALSE,FALSE,NA,NA,NA,NA,NA,NA,NA,NA,NA,1,1,1,1,1,1,FALSE,FALSE,FALSE,FALSE,FALSE,TRUE
1314,ASV1789,TRUE,FALSE,TRUE,NA,NA,NA,NA,NA,NA,NA,NA,NA,NA,NA,NA,NA,NA,NA,NA,NA,NA,NA,NA,NA
1315,ASV1790,FALSE,TRUE,TRUE,NA,NA,NA,NA,NA,NA,NA,NA,NA,NA,NA,NA,NA,NA,NA,NA,NA,NA,NA,NA,NA
1316,ASV1793,FALSE,FALSE,FALSE,NA,NA,NA,NA,NA,NA,NA,NA,NA,1,1,1,1,1,1,FALSE,FALSE,FALSE,TRUE,FALSE,TRUE
1317,ASV1794,FALSE,FALSE,FALSE,0.739574833,-19.138.266.819.931,NA,0.118339137,0.246636924,NA,62.496.216.584.172,-775.969.247.555.003,NA,1,1,1,1,1,1,FALSE,FALSE,FALSE,TRUE,TRUE,TRUE
1318,ASV1795,TRUE,FALSE,TRUE,NA,NA,NA,NA,NA,NA,NA,NA,NA,NA,NA,NA,NA,NA,NA,NA,NA,NA,NA,NA,NA
1319,ASV1797,FALSE,FALSE,FALSE,NA,NA,NA,NA,NA,NA,NA,NA,NA,1,1,1,1,1,1,FALSE,FALSE,FALSE,TRUE,FALSE,TRUE
1320,ASV1799,FALSE,FALSE,FALSE,NA,NA,NA,NA,NA,NA,NA,NA,NA,1,1,1,1,1,1,FALSE,FALSE,FALSE,TRUE,FALSE,TRUE
1321,ASV1801,FALSE,FALSE,FALSE,NA,NA,NA,NA,NA,NA,NA,NA,NA,1,1,1,1,1,1,FALSE,FALSE,FALSE,TRUE,TRUE,TRUE
1322,ASV1802,FALSE,FALSE,FALSE,0.392609165,-0.974967997,NA,0.126728964,0.260832277,NA,309.802.235.922.411,-373.791.160.723.646,NA,0.053377908,0.033392481,1,1,1,1,FALSE,FALSE,FALSE,TRUE,FALSE,TRUE
1323,ASV1803,FALSE,FALSE,FALSE,NA,NA,NA,NA,NA,NA,NA,NA,NA,1,1,1,1,1,1,FALSE,FALSE,FALSE,TRUE,FALSE,TRUE
1324,ASV1806,FALSE,FALSE,FALSE,NA,NA,NA,NA,NA,NA,NA,NA,NA,1,1,1,1,1,1,FALSE,FALSE,FALSE,FALSE,FALSE,TRUE
1325,ASV1807,FALSE,FALSE,FALSE,-0.326668315,0.569502262,NA,0.118339137,0.246636924,NA,-276.044.192.405.411,230.907.137.885.601,NA,1,1,1,1,1,1,FALSE,FALSE,FALSE,TRUE,TRUE,TRUE
1326,ASV1808,FALSE,TRUE,TRUE,NA,NA,NA,NA,NA,NA,NA,NA,NA,NA,NA,NA,NA,NA,NA,NA,NA,NA,NA,NA,NA
1327,ASV1809,FALSE,FALSE,FALSE,0.033342134,0.203615128,-0.063716671,0.119829366,0.249655094,0.226444613,0.278246767,0.815585712,-0.281378613,0.827232731,0.564442298,0.825383706,1,1,1,FALSE,FALSE,FALSE,TRUE,TRUE,TRUE
1328,ASV1810,FALSE,FALSE,FALSE,NA,NA,NA,NA,NA,NA,NA,NA,NA,1,1,1,1,1,1,FALSE,FALSE,FALSE,FALSE,FALSE,TRUE
1329,ASV1811,FALSE,FALSE,FALSE,NA,NA,NA,NA,NA,NA,NA,NA,NA,1,1,1,1,1,1,FALSE,FALSE,FALSE,FALSE,FALSE,TRUE
1330,ASV1812,TRUE,FALSE,TRUE,NA,NA,NA,NA,NA,NA,NA,NA,NA,NA,NA,NA,NA,NA,NA,NA,NA,NA,NA,NA,NA
1331,ASV1814,TRUE,FALSE,TRUE,NA,NA,NA,NA,NA,NA,NA,NA,NA,NA,NA,NA,NA,NA,NA,NA,NA,NA,NA,NA,NA
1332,ASV1815,FALSE,TRUE,TRUE,NA,NA,NA,NA,NA,NA,NA,NA,NA,NA,NA,NA,NA,NA,NA,NA,NA,NA,NA,NA,NA
1333,ASV1816,FALSE,TRUE,TRUE,NA,NA,NA,NA,NA,NA,NA,NA,NA,NA,NA,NA,NA,NA,NA,NA,NA,NA,NA,NA,NA
1334,ASV1819,TRUE,FALSE,TRUE,NA,NA,NA,NA,NA,NA,NA,NA,NA,NA,NA,NA,NA,NA,NA,NA,NA,NA,NA,NA,NA
1335,ASV1820,FALSE,FALSE,FALSE,NA,NA,NA,NA,NA,NA,NA,NA,NA,1,1,1,1,1,1,FALSE,FALSE,FALSE,TRUE,FALSE,TRUE
1336,ASV1823,TRUE,FALSE,TRUE,NA,NA,NA,NA,NA,NA,NA,NA,NA,NA,NA,NA,NA,NA,NA,NA,NA,NA,NA,NA,NA
1337,ASV1825,TRUE,FALSE,TRUE,NA,NA,NA,NA,NA,NA,NA,NA,NA,NA,NA,NA,NA,NA,NA,NA,NA,NA,NA,NA,NA
1338,ASV1826,FALSE,FALSE,FALSE,NA,NA,NA,NA,NA,NA,NA,NA,NA,1,1,1,1,1,1,FALSE,FALSE,FALSE,TRUE,TRUE,TRUE
1339,ASV1827,FALSE,FALSE,FALSE,NA,NA,NA,NA,NA,NA,NA,NA,NA,1,1,1,1,1,1,FALSE,FALSE,FALSE,FALSE,FALSE,TRUE
1340,ASV1828,FALSE,FALSE,FALSE,NA,NA,NA,NA,NA,NA,NA,NA,NA,1,1,1,1,1,1,FALSE,FALSE,FALSE,TRUE,TRUE,TRUE
1341,ASV1829,FALSE,TRUE,TRUE,NA,NA,NA,NA,NA,NA,NA,NA,NA,NA,NA,NA,NA,NA,NA,NA,NA,NA,NA,NA,NA
1342,ASV1831,FALSE,TRUE,TRUE,NA,NA,NA,NA,NA,NA,NA,NA,NA,NA,NA,NA,NA,NA,NA,NA,NA,NA,NA,NA,NA
1343,ASV1832,FALSE,TRUE,TRUE,NA,NA,NA,NA,NA,NA,NA,NA,NA,NA,NA,NA,NA,NA,NA,NA,NA,NA,NA,NA,NA
1344,ASV1833,FALSE,FALSE,FALSE,NA,NA,NA,NA,NA,NA,NA,NA,NA,1,1,1,1,1,1,FALSE,FALSE,FALSE,TRUE,FALSE,TRUE
1345,ASV1834,TRUE,FALSE,TRUE,NA,NA,NA,NA,NA,NA,NA,NA,NA,NA,NA,NA,NA,NA,NA,NA,NA,NA,NA,NA,NA
1346,ASV1835,TRUE,FALSE,TRUE,NA,NA,NA,NA,NA,NA,NA,NA,NA,NA,NA,NA,NA,NA,NA,NA,NA,NA,NA,NA,NA
1347,ASV1837,TRUE,FALSE,TRUE,NA,NA,NA,NA,NA,NA,NA,NA,NA,NA,NA,NA,NA,NA,NA,NA,NA,NA,NA,NA,NA
1348,ASV1838,FALSE,TRUE,TRUE,NA,NA,NA,NA,NA,NA,NA,NA,NA,NA,NA,NA,NA,NA,NA,NA,NA,NA,NA,NA,NA
1349,ASV1839,FALSE,FALSE,FALSE,NA,NA,NA,NA,NA,NA,NA,NA,NA,1,1,1,1,1,1,FALSE,FALSE,FALSE,FALSE,FALSE,FALSE
1350,ASV1840,TRUE,FALSE,TRUE,NA,NA,NA,NA,NA,NA,NA,NA,NA,NA,NA,NA,NA,NA,NA,NA,NA,NA,NA,NA,NA
1351,ASV1841,TRUE,FALSE,TRUE,NA,NA,NA,NA,NA,NA,NA,NA,NA,NA,NA,NA,NA,NA,NA,NA,NA,NA,NA,NA,NA
1352,ASV1842,FALSE,FALSE,FALSE,NA,NA,NA,NA,NA,NA,NA,NA,NA,1,1,1,1,1,1,FALSE,FALSE,FALSE,TRUE,FALSE,TRUE
1353,ASV1843,FALSE,FALSE,FALSE,NA,NA,NA,NA,NA,NA,NA,NA,NA,1,1,1,1,1,1,FALSE,FALSE,FALSE,TRUE,FALSE,TRUE
1354,ASV1844,FALSE,FALSE,FALSE,NA,NA,NA,NA,NA,NA,NA,NA,NA,1,1,1,1,1,1,FALSE,FALSE,FALSE,FALSE,FALSE,TRUE
1355,ASV1845,TRUE,FALSE,TRUE,NA,NA,NA,NA,NA,NA,NA,NA,NA,NA,NA,NA,NA,NA,NA,NA,NA,NA,NA,NA,NA
1356,ASV1846,FALSE,FALSE,FALSE,-0.02083846,-0.042157447,NA,0.118339137,0.246636924,NA,-0.176091028,-0.170929181,NA,1,1,1,1,1,1,FALSE,FALSE,FALSE,TRUE,TRUE,TRUE
1357,ASV1847,TRUE,FALSE,TRUE,NA,NA,NA,NA,NA,NA,NA,NA,NA,NA,NA,NA,NA,NA,NA,NA,NA,NA,NA,NA,NA
1358,ASV1848,FALSE,TRUE,TRUE,NA,NA,NA,NA,NA,NA,NA,NA,NA,NA,NA,NA,NA,NA,NA,NA,NA,NA,NA,NA,NA
1359,ASV1849,TRUE,FALSE,TRUE,NA,NA,NA,NA,NA,NA,NA,NA,NA,NA,NA,NA,NA,NA,NA,NA,NA,NA,NA,NA,NA
1360,ASV1850,TRUE,FALSE,TRUE,NA,NA,NA,NA,NA,NA,NA,NA,NA,NA,NA,NA,NA,NA,NA,NA,NA,NA,NA,NA,NA
1361,ASV1852,FALSE,FALSE,FALSE,NA,NA,NA,NA,NA,NA,NA,NA,NA,1,1,1,1,1,1,FALSE,FALSE,FALSE,TRUE,TRUE,TRUE
1362,ASV1853,TRUE,FALSE,TRUE,NA,NA,NA,NA,NA,NA,NA,NA,NA,NA,NA,NA,NA,NA,NA,NA,NA,NA,NA,NA,NA
1363,ASV1856,FALSE,FALSE,FALSE,NA,NA,NA,NA,NA,NA,NA,NA,NA,1,1,1,1,1,1,FALSE,FALSE,FALSE,TRUE,TRUE,TRUE
1364,ASV1857,TRUE,FALSE,TRUE,NA,NA,NA,NA,NA,NA,NA,NA,NA,NA,NA,NA,NA,NA,NA,NA,NA,NA,NA,NA,NA
1365,ASV1859,TRUE,FALSE,TRUE,NA,NA,NA,NA,NA,NA,NA,NA,NA,NA,NA,NA,NA,NA,NA,NA,NA,NA,NA,NA,NA
1366,ASV1860,FALSE,FALSE,FALSE,NA,NA,NA,NA,NA,NA,NA,NA,NA,1,1,1,1,1,1,FALSE,FALSE,FALSE,TRUE,FALSE,TRUE
1367,ASV1863,TRUE,FALSE,TRUE,NA,NA,NA,NA,NA,NA,NA,NA,NA,NA,NA,NA,NA,NA,NA,NA,NA,NA,NA,NA,NA
1368,ASV1864,TRUE,FALSE,TRUE,NA,NA,NA,NA,NA,NA,NA,NA,NA,NA,NA,NA,NA,NA,NA,NA,NA,NA,NA,NA,NA
1369,ASV1866,FALSE,FALSE,FALSE,NA,NA,NA,NA,NA,NA,NA,NA,NA,1,1,1,1,1,1,FALSE,FALSE,FALSE,TRUE,FALSE,TRUE
1370,ASV1867,FALSE,FALSE,FALSE,NA,NA,NA,NA,NA,NA,NA,NA,NA,1,1,1,1,1,1,FALSE,FALSE,FALSE,TRUE,FALSE,TRUE
1371,ASV1868,FALSE,FALSE,FALSE,NA,NA,NA,NA,NA,NA,NA,NA,NA,1,1,1,1,1,1,FALSE,FALSE,FALSE,TRUE,TRUE,TRUE
1372,ASV1869,FALSE,FALSE,FALSE,NA,NA,NA,NA,NA,NA,NA,NA,NA,1,1,1,1,1,1,FALSE,FALSE,FALSE,TRUE,FALSE,TRUE
1373,ASV1870,TRUE,FALSE,TRUE,NA,NA,NA,NA,NA,NA,NA,NA,NA,NA,NA,NA,NA,NA,NA,NA,NA,NA,NA,NA,NA
1374,ASV1871,FALSE,FALSE,FALSE,NA,NA,NA,NA,NA,NA,NA,NA,NA,1,1,1,1,1,1,FALSE,FALSE,FALSE,TRUE,FALSE,TRUE
1375,ASV1872,FALSE,FALSE,FALSE,0.308600515,-0.987918483,NA,0.117352108,0.238137205,NA,262.969.723.863.346,-414.852.641.133.064,NA,0.058204661,0.014277341,1,1,1,1,FALSE,FALSE,FALSE,TRUE,FALSE,TRUE
1376,ASV1874,FALSE,FALSE,FALSE,NA,NA,NA,NA,NA,NA,NA,NA,NA,1,1,1,1,1,1,FALSE,FALSE,FALSE,TRUE,FALSE,TRUE
1377,ASV1875,FALSE,FALSE,FALSE,NA,NA,NA,NA,NA,NA,NA,NA,NA,1,1,1,1,1,1,FALSE,FALSE,FALSE,FALSE,FALSE,TRUE
1378,ASV1876,FALSE,FALSE,FALSE,NA,NA,NA,NA,NA,NA,NA,NA,NA,1,1,1,1,1,1,FALSE,FALSE,FALSE,TRUE,FALSE,TRUE
1379,ASV1877,TRUE,FALSE,TRUE,NA,NA,NA,NA,NA,NA,NA,NA,NA,NA,NA,NA,NA,NA,NA,NA,NA,NA,NA,NA,NA
1380,ASV1879,TRUE,FALSE,TRUE,NA,NA,NA,NA,NA,NA,NA,NA,NA,NA,NA,NA,NA,NA,NA,NA,NA,NA,NA,NA,NA
1381,ASV1880,FALSE,FALSE,FALSE,0.040998344,-0.618915642,NA,0.145078748,0.250055589,NA,0.282593728,-247.511.221.556.052,NA,0.824667121,0.244442179,1,1,1,1,FALSE,FALSE,FALSE,TRUE,TRUE,TRUE
1382,ASV1881,FALSE,FALSE,FALSE,NA,NA,NA,NA,NA,NA,NA,NA,NA,1,1,1,1,1,1,FALSE,FALSE,FALSE,TRUE,TRUE,TRUE
1383,ASV1882,FALSE,FALSE,FALSE,127.769.274.418.353,-282.142.268.006.461,0.104870029,0.140584036,0.257945341,0.234776271,908.846.253.976.982,-109.380.641.156.634,0.446680699,0.069766387,0.058040885,0.732562294,1,1,1,FALSE,FALSE,FALSE,TRUE,TRUE,TRUE
1384,ASV1884,TRUE,FALSE,TRUE,NA,NA,NA,NA,NA,NA,NA,NA,NA,NA,NA,NA,NA,NA,NA,NA,NA,NA,NA,NA,NA
1385,ASV1886,FALSE,FALSE,FALSE,NA,NA,NA,NA,NA,NA,NA,NA,NA,1,1,1,1,1,1,FALSE,FALSE,FALSE,TRUE,TRUE,TRUE
1386,ASV1888,FALSE,FALSE,FALSE,-0.560726035,0.457719087,0.322300801,0.116421708,0.242749335,0.219519985,-481.633.575.356.463,188.556.268.256.102,146.820.710.230.657,1,1,1,1,1,1,FALSE,FALSE,FALSE,TRUE,TRUE,TRUE
1387,ASV1891,FALSE,FALSE,FALSE,NA,NA,NA,NA,NA,NA,NA,NA,NA,1,1,1,1,1,1,FALSE,FALSE,FALSE,TRUE,FALSE,TRUE
1388,ASV1892,FALSE,FALSE,FALSE,NA,NA,NA,NA,NA,NA,NA,NA,NA,1,1,1,1,1,1,FALSE,FALSE,FALSE,FALSE,FALSE,FALSE
1389,ASV1893,FALSE,FALSE,FALSE,NA,NA,NA,NA,NA,NA,NA,NA,NA,1,1,1,1,1,1,FALSE,FALSE,FALSE,TRUE,TRUE,TRUE
1390,ASV1894,TRUE,FALSE,TRUE,NA,NA,NA,NA,NA,NA,NA,NA,NA,NA,NA,NA,NA,NA,NA,NA,NA,NA,NA,NA,NA
1391,ASV1898,FALSE,FALSE,FALSE,NA,NA,NA,NA,NA,NA,NA,NA,NA,1,1,1,1,1,1,FALSE,FALSE,FALSE,TRUE,TRUE,TRUE
1392,ASV1899,FALSE,TRUE,TRUE,NA,NA,NA,NA,NA,NA,NA,NA,NA,NA,NA,NA,NA,NA,NA,NA,NA,NA,NA,NA,NA
1393,ASV1900,TRUE,FALSE,TRUE,NA,NA,NA,NA,NA,NA,NA,NA,NA,NA,NA,NA,NA,NA,NA,NA,NA,NA,NA,NA,NA
1394,ASV1902,FALSE,TRUE,TRUE,NA,NA,NA,NA,NA,NA,NA,NA,NA,NA,NA,NA,NA,NA,NA,NA,NA,NA,NA,NA,NA
1395,ASV1903,FALSE,TRUE,TRUE,NA,NA,NA,NA,NA,NA,NA,NA,NA,NA,NA,NA,NA,NA,NA,NA,NA,NA,NA,NA,NA
1396,ASV1904,FALSE,FALSE,FALSE,NA,NA,NA,NA,NA,NA,NA,NA,NA,1,1,1,1,1,1,FALSE,FALSE,FALSE,TRUE,TRUE,TRUE
1397,ASV1905,FALSE,FALSE,FALSE,NA,NA,NA,NA,NA,NA,NA,NA,NA,1,1,1,1,1,1,FALSE,FALSE,FALSE,TRUE,FALSE,TRUE
1398,ASV1906,FALSE,FALSE,FALSE,NA,NA,NA,NA,NA,NA,NA,NA,NA,1,1,1,1,1,1,FALSE,FALSE,FALSE,TRUE,FALSE,TRUE
1399,ASV1908,FALSE,FALSE,FALSE,NA,NA,NA,NA,NA,NA,NA,NA,NA,1,1,1,1,1,1,FALSE,FALSE,FALSE,TRUE,FALSE,TRUE
1400,ASV1909,FALSE,FALSE,FALSE,-0.676074877,0.721776285,0.879600177,0.194660999,0.259897664,0.236740734,-347.308.849.288.774,277.715.571.842.974,37.154.576.687.406,0.073837921,0.108887333,0.065411979,1,1,1,FALSE,FALSE,FALSE,TRUE,TRUE,TRUE
1401,ASV1910,FALSE,FALSE,FALSE,NA,NA,NA,NA,NA,NA,NA,NA,NA,1,1,1,1,1,1,FALSE,FALSE,FALSE,TRUE,TRUE,TRUE
1402,ASV1911,FALSE,FALSE,FALSE,-0.007642108,-0.068550152,NA,0.118339137,0.246636924,NA,-0.064578029,-0.277939534,NA,1,1,1,1,1,1,FALSE,FALSE,FALSE,TRUE,TRUE,TRUE
1403,ASV1912,TRUE,FALSE,TRUE,NA,NA,NA,NA,NA,NA,NA,NA,NA,NA,NA,NA,NA,NA,NA,NA,NA,NA,NA,NA,NA
1404,ASV1913,TRUE,FALSE,TRUE,NA,NA,NA,NA,NA,NA,NA,NA,NA,NA,NA,NA,NA,NA,NA,NA,NA,NA,NA,NA,NA
1405,ASV1917,FALSE,FALSE,FALSE,NA,NA,NA,NA,NA,NA,NA,NA,NA,1,1,1,1,1,1,FALSE,FALSE,FALSE,FALSE,FALSE,TRUE
1406,ASV1919,FALSE,FALSE,FALSE,NA,NA,NA,NA,NA,NA,NA,NA,NA,1,1,1,1,1,1,FALSE,FALSE,FALSE,TRUE,FALSE,TRUE
1407,ASV1922,FALSE,FALSE,FALSE,-0.257157535,119.295.911.008.244,-0.535833116,0.20013821,0.318051488,0.295448658,-128.489.974.225.728,375.083.644.121.839,-181.362.515.027.511,0.268184854,0.019932608,0.143939416,1,1,1,FALSE,FALSE,FALSE,TRUE,FALSE,TRUE
1408,ASV1923,TRUE,FALSE,TRUE,NA,NA,NA,NA,NA,NA,NA,NA,NA,NA,NA,NA,NA,NA,NA,NA,NA,NA,NA,NA,NA
1409,ASV1926,TRUE,FALSE,TRUE,NA,NA,NA,NA,NA,NA,NA,NA,NA,NA,NA,NA,NA,NA,NA,NA,NA,NA,NA,NA,NA
1410,ASV1928,FALSE,FALSE,FALSE,NA,NA,NA,NA,NA,NA,NA,NA,NA,1,1,1,1,1,1,FALSE,FALSE,FALSE,FALSE,FALSE,FALSE
1411,ASV1929,FALSE,TRUE,TRUE,NA,NA,NA,NA,NA,NA,NA,NA,NA,NA,NA,NA,NA,NA,NA,NA,NA,NA,NA,NA,NA
1412,ASV1930,TRUE,FALSE,TRUE,NA,NA,NA,NA,NA,NA,NA,NA,NA,NA,NA,NA,NA,NA,NA,NA,NA,NA,NA,NA,NA
1413,ASV1931,FALSE,FALSE,FALSE,-0.495858207,103.228.561.560.963,NA,0.118339137,0.246636924,NA,-419.014.554.312.552,418.544.636.221.845,NA,1,1,1,1,1,1,FALSE,FALSE,FALSE,TRUE,TRUE,TRUE
1414,ASV1932,FALSE,FALSE,FALSE,NA,NA,NA,NA,NA,NA,NA,NA,NA,1,1,1,1,1,1,FALSE,FALSE,FALSE,TRUE,TRUE,TRUE
1415,ASV1933,FALSE,FALSE,FALSE,NA,NA,NA,NA,NA,NA,NA,NA,NA,1,1,1,1,1,1,FALSE,FALSE,FALSE,TRUE,FALSE,TRUE
1416,ASV1934,FALSE,TRUE,TRUE,NA,NA,NA,NA,NA,NA,NA,NA,NA,NA,NA,NA,NA,NA,NA,NA,NA,NA,NA,NA,NA
1417,ASV1935,TRUE,FALSE,TRUE,NA,NA,NA,NA,NA,NA,NA,NA,NA,NA,NA,NA,NA,NA,NA,NA,NA,NA,NA,NA,NA
1418,ASV1936,FALSE,TRUE,TRUE,NA,NA,NA,NA,NA,NA,NA,NA,NA,NA,NA,NA,NA,NA,NA,NA,NA,NA,NA,NA,NA
1419,ASV1937,FALSE,FALSE,FALSE,NA,NA,NA,NA,NA,NA,NA,NA,NA,1,1,1,1,1,1,FALSE,FALSE,FALSE,FALSE,FALSE,TRUE
1420,ASV1939,FALSE,TRUE,TRUE,NA,NA,NA,NA,NA,NA,NA,NA,NA,NA,NA,NA,NA,NA,NA,NA,NA,NA,NA,NA,NA
1421,ASV1940,FALSE,TRUE,TRUE,NA,NA,NA,NA,NA,NA,NA,NA,NA,NA,NA,NA,NA,NA,NA,NA,NA,NA,NA,NA,NA
1422,ASV1941,FALSE,TRUE,TRUE,NA,NA,NA,NA,NA,NA,NA,NA,NA,NA,NA,NA,NA,NA,NA,NA,NA,NA,NA,NA,NA
1423,ASV1942,FALSE,FALSE,FALSE,-0.252189906,201.509.027.393.947,-0.764341612,0.116421708,0.242749335,0.219519985,-21.661.759.701.629,830.111.553.495.993,-348.187.711.310.685,1,1,1,1,1,1,FALSE,FALSE,FALSE,TRUE,TRUE,TRUE
1424,ASV1945,FALSE,FALSE,FALSE,NA,NA,NA,NA,NA,NA,NA,NA,NA,1,1,1,1,1,1,FALSE,FALSE,FALSE,FALSE,FALSE,TRUE
1425,ASV1946,TRUE,FALSE,TRUE,NA,NA,NA,NA,NA,NA,NA,NA,NA,NA,NA,NA,NA,NA,NA,NA,NA,NA,NA,NA,NA
1426,ASV1947,FALSE,FALSE,FALSE,NA,NA,NA,NA,NA,NA,NA,NA,NA,1,1,1,1,1,1,FALSE,FALSE,FALSE,TRUE,TRUE,TRUE
1427,ASV1948,FALSE,FALSE,FALSE,NA,NA,NA,NA,NA,NA,NA,NA,NA,1,1,1,1,1,1,FALSE,FALSE,FALSE,TRUE,FALSE,TRUE
1428,ASV1949,FALSE,FALSE,FALSE,NA,NA,NA,NA,NA,NA,NA,NA,NA,1,1,1,1,1,1,FALSE,FALSE,FALSE,FALSE,FALSE,TRUE
1429,ASV1952,FALSE,FALSE,FALSE,NA,NA,NA,NA,NA,NA,NA,NA,NA,1,1,1,1,1,1,FALSE,FALSE,FALSE,TRUE,FALSE,TRUE
1430,ASV1953,TRUE,FALSE,TRUE,NA,NA,NA,NA,NA,NA,NA,NA,NA,NA,NA,NA,NA,NA,NA,NA,NA,NA,NA,NA,NA
1431,ASV1955,FALSE,FALSE,FALSE,NA,NA,NA,NA,NA,NA,NA,NA,NA,1,1,1,1,1,1,FALSE,FALSE,FALSE,TRUE,FALSE,TRUE
1432,ASV1959,FALSE,FALSE,FALSE,0.781895593,-290.625.883.005.559,-0.424767269,0.124861715,0.25053895,0.227332005,626.209.238.577.795,-116.000.279.652.889,-186.848.864.122.796,0.008218881,0.001375926,0.158490592,1,1,1,FALSE,FALSE,FALSE,FALSE,TRUE,TRUE
1433,ASV1961,FALSE,FALSE,FALSE,NA,NA,NA,NA,NA,NA,NA,NA,NA,1,1,1,1,1,1,FALSE,FALSE,FALSE,TRUE,TRUE,TRUE
1434,ASV1962,FALSE,FALSE,FALSE,-0.296862795,0.510382121,NA,0.118339137,0.246636924,NA,-250.857.664.453.012,206.936.622.716.069,NA,1,1,1,1,1,1,FALSE,FALSE,FALSE,TRUE,TRUE,TRUE
1435,ASV1964,TRUE,FALSE,TRUE,NA,NA,NA,NA,NA,NA,NA,NA,NA,NA,NA,NA,NA,NA,NA,NA,NA,NA,NA,NA,NA
1436,ASV1965,FALSE,TRUE,TRUE,NA,NA,NA,NA,NA,NA,NA,NA,NA,NA,NA,NA,NA,NA,NA,NA,NA,NA,NA,NA,NA
1437,ASV1966,FALSE,TRUE,TRUE,NA,NA,NA,NA,NA,NA,NA,NA,NA,NA,NA,NA,NA,NA,NA,NA,NA,NA,NA,NA,NA
1438,ASV1968,FALSE,FALSE,FALSE,NA,NA,NA,NA,NA,NA,NA,NA,NA,1,1,1,1,1,1,FALSE,FALSE,FALSE,FALSE,FALSE,TRUE
1439,ASV1969,FALSE,FALSE,FALSE,NA,NA,NA,NA,NA,NA,NA,NA,NA,1,1,1,1,1,1,FALSE,FALSE,FALSE,TRUE,TRUE,TRUE
1440,ASV1970,TRUE,FALSE,TRUE,NA,NA,NA,NA,NA,NA,NA,NA,NA,NA,NA,NA,NA,NA,NA,NA,NA,NA,NA,NA,NA
1441,ASV1971,FALSE,FALSE,FALSE,NA,NA,NA,NA,NA,NA,NA,NA,NA,1,1,1,1,1,1,FALSE,FALSE,FALSE,TRUE,TRUE,TRUE
1442,ASV1972,FALSE,FALSE,FALSE,NA,NA,NA,NA,NA,NA,NA,NA,NA,1,1,1,1,1,1,FALSE,FALSE,FALSE,FALSE,FALSE,TRUE
1443,ASV1974,FALSE,FALSE,FALSE,NA,NA,NA,NA,NA,NA,NA,NA,NA,1,1,1,1,1,1,FALSE,FALSE,FALSE,TRUE,FALSE,TRUE
1444,ASV1975,TRUE,FALSE,TRUE,NA,NA,NA,NA,NA,NA,NA,NA,NA,NA,NA,NA,NA,NA,NA,NA,NA,NA,NA,NA,NA
1445,ASV1977,FALSE,FALSE,FALSE,NA,NA,NA,NA,NA,NA,NA,NA,NA,1,1,1,1,1,1,FALSE,FALSE,FALSE,TRUE,FALSE,TRUE
1446,ASV1978,FALSE,FALSE,FALSE,NA,NA,NA,NA,NA,NA,NA,NA,NA,1,1,1,1,1,1,FALSE,FALSE,FALSE,FALSE,FALSE,TRUE
1447,ASV1979,TRUE,FALSE,TRUE,NA,NA,NA,NA,NA,NA,NA,NA,NA,NA,NA,NA,NA,NA,NA,NA,NA,NA,NA,NA,NA
1448,ASV1980,FALSE,FALSE,FALSE,NA,NA,NA,NA,NA,NA,NA,NA,NA,1,1,1,1,1,1,FALSE,FALSE,FALSE,TRUE,FALSE,TRUE
1449,ASV1981,FALSE,FALSE,FALSE,-0.148454697,-0.136453282,0.148282516,0.116732931,0.235706393,0.212477212,-127.174.650.897.973,-0.578912097,0.697874914,0.331339086,0.621159644,0.557475696,1,1,1,FALSE,FALSE,FALSE,TRUE,TRUE,TRUE
1450,ASV1982,FALSE,FALSE,FALSE,NA,NA,NA,NA,NA,NA,NA,NA,NA,1,1,1,1,1,1,FALSE,FALSE,FALSE,TRUE,TRUE,TRUE
1451,ASV1983,TRUE,FALSE,TRUE,NA,NA,NA,NA,NA,NA,NA,NA,NA,NA,NA,NA,NA,NA,NA,NA,NA,NA,NA,NA,NA
1452,ASV1984,FALSE,FALSE,FALSE,NA,NA,NA,NA,NA,NA,NA,NA,NA,1,1,1,1,1,1,FALSE,FALSE,FALSE,TRUE,FALSE,TRUE
1453,ASV1986,FALSE,FALSE,FALSE,NA,NA,NA,NA,NA,NA,NA,NA,NA,1,1,1,1,1,1,FALSE,FALSE,FALSE,TRUE,FALSE,TRUE
1454,ASV1987,TRUE,FALSE,TRUE,NA,NA,NA,NA,NA,NA,NA,NA,NA,NA,NA,NA,NA,NA,NA,NA,NA,NA,NA,NA,NA
1455,ASV1988,FALSE,FALSE,FALSE,-0.0771492,0.245786806,0.030648241,0.114915291,0.239691418,0.216459416,-0.67135713,102.543.014.433.944,0.141588854,0.62360313,0.492007386,0.910456939,1,1,1,FALSE,FALSE,FALSE,TRUE,TRUE,TRUE
1456,ASV1990,TRUE,FALSE,TRUE,NA,NA,NA,NA,NA,NA,NA,NA,NA,NA,NA,NA,NA,NA,NA,NA,NA,NA,NA,NA,NA
1457,ASV1992,FALSE,FALSE,FALSE,NA,NA,NA,NA,NA,NA,NA,NA,NA,1,1,1,1,1,1,FALSE,FALSE,FALSE,TRUE,TRUE,TRUE
1458,ASV1993,FALSE,TRUE,TRUE,NA,NA,NA,NA,NA,NA,NA,NA,NA,NA,NA,NA,NA,NA,NA,NA,NA,NA,NA,NA,NA
1459,ASV1994,FALSE,FALSE,FALSE,NA,NA,NA,NA,NA,NA,NA,NA,NA,1,1,1,1,1,1,FALSE,FALSE,FALSE,TRUE,TRUE,TRUE
1460,ASV1995,TRUE,FALSE,TRUE,NA,NA,NA,NA,NA,NA,NA,NA,NA,NA,NA,NA,NA,NA,NA,NA,NA,NA,NA,NA,NA
1461,ASV1996,FALSE,TRUE,TRUE,NA,NA,NA,NA,NA,NA,NA,NA,NA,NA,NA,NA,NA,NA,NA,NA,NA,NA,NA,NA,NA
1462,ASV1997,FALSE,FALSE,FALSE,NA,NA,NA,NA,NA,NA,NA,NA,NA,1,1,1,1,1,1,FALSE,FALSE,FALSE,FALSE,FALSE,TRUE
1463,ASV1998,FALSE,FALSE,FALSE,NA,NA,NA,NA,NA,NA,NA,NA,NA,1,1,1,1,1,1,FALSE,FALSE,FALSE,TRUE,FALSE,TRUE
1464,ASV1999,FALSE,FALSE,FALSE,NA,NA,NA,NA,NA,NA,NA,NA,NA,1,1,1,1,1,1,FALSE,FALSE,FALSE,FALSE,FALSE,FALSE
1465,ASV2000,FALSE,FALSE,FALSE,NA,NA,NA,NA,NA,NA,NA,NA,NA,1,1,1,1,1,1,FALSE,FALSE,FALSE,TRUE,FALSE,TRUE
1466,ASV2001,FALSE,FALSE,FALSE,-0.339548245,0.335168767,NA,0.160770038,0.255624468,NA,-211.201.196.851.827,131.117.639.041.343,NA,0.169078242,0.320112094,1,1,1,1,FALSE,FALSE,FALSE,TRUE,TRUE,TRUE
1467,ASV2003,FALSE,FALSE,FALSE,NA,NA,NA,NA,NA,NA,NA,NA,NA,1,1,1,1,1,1,FALSE,FALSE,FALSE,TRUE,TRUE,TRUE
1468,ASV2004,FALSE,FALSE,FALSE,NA,NA,NA,NA,NA,NA,NA,NA,NA,1,1,1,1,1,1,FALSE,FALSE,FALSE,TRUE,TRUE,TRUE
1469,ASV2006,FALSE,FALSE,FALSE,NA,NA,NA,NA,NA,NA,NA,NA,NA,1,1,1,1,1,1,FALSE,FALSE,FALSE,FALSE,FALSE,TRUE
1470,ASV2008,TRUE,FALSE,TRUE,NA,NA,NA,NA,NA,NA,NA,NA,NA,NA,NA,NA,NA,NA,NA,NA,NA,NA,NA,NA,NA
1471,ASV2010,FALSE,FALSE,FALSE,-0.535694081,0.333074312,NA,0.118339137,0.246636924,NA,-452.677.022.013.052,135.046.410.178.782,NA,1,1,1,1,1,1,FALSE,FALSE,FALSE,TRUE,TRUE,TRUE
1472,ASV2011,TRUE,FALSE,TRUE,NA,NA,NA,NA,NA,NA,NA,NA,NA,NA,NA,NA,NA,NA,NA,NA,NA,NA,NA,NA,NA
1473,ASV2013,FALSE,FALSE,FALSE,NA,NA,NA,NA,NA,NA,NA,NA,NA,1,1,1,1,1,1,FALSE,FALSE,FALSE,TRUE,FALSE,TRUE
1474,ASV2016,FALSE,FALSE,FALSE,NA,NA,NA,NA,NA,NA,NA,NA,NA,1,1,1,1,1,1,FALSE,FALSE,FALSE,TRUE,FALSE,TRUE
1475,ASV2018,TRUE,FALSE,TRUE,NA,NA,NA,NA,NA,NA,NA,NA,NA,NA,NA,NA,NA,NA,NA,NA,NA,NA,NA,NA,NA
1476,ASV2019,FALSE,TRUE,TRUE,NA,NA,NA,NA,NA,NA,NA,NA,NA,NA,NA,NA,NA,NA,NA,NA,NA,NA,NA,NA,NA
1477,ASV2020,FALSE,FALSE,FALSE,NA,NA,NA,NA,NA,NA,NA,NA,NA,1,1,1,1,1,1,FALSE,FALSE,FALSE,TRUE,FALSE,TRUE
1478,ASV2021,TRUE,FALSE,TRUE,NA,NA,NA,NA,NA,NA,NA,NA,NA,NA,NA,NA,NA,NA,NA,NA,NA,NA,NA,NA,NA
1479,ASV2024,TRUE,FALSE,TRUE,NA,NA,NA,NA,NA,NA,NA,NA,NA,NA,NA,NA,NA,NA,NA,NA,NA,NA,NA,NA,NA
1480,ASV2026,FALSE,FALSE,FALSE,NA,NA,NA,NA,NA,NA,NA,NA,NA,1,1,1,1,1,1,FALSE,FALSE,FALSE,TRUE,TRUE,TRUE
1481,ASV2028,FALSE,FALSE,FALSE,NA,NA,NA,NA,NA,NA,NA,NA,NA,1,1,1,1,1,1,FALSE,FALSE,FALSE,TRUE,TRUE,TRUE
1482,ASV2030,FALSE,FALSE,FALSE,NA,NA,NA,NA,NA,NA,NA,NA,NA,1,1,1,1,1,1,FALSE,FALSE,FALSE,TRUE,FALSE,TRUE
1483,ASV2031,TRUE,FALSE,TRUE,NA,NA,NA,NA,NA,NA,NA,NA,NA,NA,NA,NA,NA,NA,NA,NA,NA,NA,NA,NA,NA
1484,ASV2033,TRUE,FALSE,TRUE,NA,NA,NA,NA,NA,NA,NA,NA,NA,NA,NA,NA,NA,NA,NA,NA,NA,NA,NA,NA,NA
1485,ASV2034,FALSE,TRUE,TRUE,NA,NA,NA,NA,NA,NA,NA,NA,NA,NA,NA,NA,NA,NA,NA,NA,NA,NA,NA,NA,NA
1486,ASV2037,FALSE,FALSE,FALSE,NA,NA,NA,NA,NA,NA,NA,NA,NA,1,1,1,1,1,1,FALSE,FALSE,FALSE,TRUE,FALSE,TRUE
1487,ASV2038,FALSE,FALSE,FALSE,NA,NA,NA,NA,NA,NA,NA,NA,NA,1,1,1,1,1,1,FALSE,FALSE,FALSE,TRUE,TRUE,TRUE
1488,ASV2039,TRUE,FALSE,TRUE,NA,NA,NA,NA,NA,NA,NA,NA,NA,NA,NA,NA,NA,NA,NA,NA,NA,NA,NA,NA,NA
1489,ASV2040,TRUE,FALSE,TRUE,NA,NA,NA,NA,NA,NA,NA,NA,NA,NA,NA,NA,NA,NA,NA,NA,NA,NA,NA,NA,NA
1490,ASV2041,TRUE,FALSE,TRUE,NA,NA,NA,NA,NA,NA,NA,NA,NA,NA,NA,NA,NA,NA,NA,NA,NA,NA,NA,NA,NA
1491,ASV2043,FALSE,FALSE,FALSE,NA,NA,NA,NA,NA,NA,NA,NA,NA,1,1,1,1,1,1,FALSE,FALSE,FALSE,TRUE,TRUE,TRUE
1492,ASV2046,TRUE,FALSE,TRUE,NA,NA,NA,NA,NA,NA,NA,NA,NA,NA,NA,NA,NA,NA,NA,NA,NA,NA,NA,NA,NA
1493,ASV2049,FALSE,TRUE,TRUE,NA,NA,NA,NA,NA,NA,NA,NA,NA,NA,NA,NA,NA,NA,NA,NA,NA,NA,NA,NA,NA
1494,ASV2051,FALSE,FALSE,FALSE,NA,NA,NA,NA,NA,NA,NA,NA,NA,1,1,1,1,1,1,FALSE,FALSE,FALSE,FALSE,FALSE,TRUE
1495,ASV2052,FALSE,FALSE,FALSE,NA,NA,NA,NA,NA,NA,NA,NA,NA,1,1,1,1,1,1,FALSE,FALSE,FALSE,TRUE,TRUE,TRUE
1496,ASV2056,TRUE,FALSE,TRUE,NA,NA,NA,NA,NA,NA,NA,NA,NA,NA,NA,NA,NA,NA,NA,NA,NA,NA,NA,NA,NA
1497,ASV2057,FALSE,FALSE,FALSE,NA,NA,NA,NA,NA,NA,NA,NA,NA,1,1,1,1,1,1,FALSE,FALSE,FALSE,TRUE,FALSE,TRUE
1498,ASV2059,FALSE,FALSE,FALSE,NA,NA,NA,NA,NA,NA,NA,NA,NA,1,1,1,1,1,1,FALSE,FALSE,FALSE,TRUE,TRUE,TRUE
1499,ASV2060,TRUE,FALSE,TRUE,NA,NA,NA,NA,NA,NA,NA,NA,NA,NA,NA,NA,NA,NA,NA,NA,NA,NA,NA,NA,NA
1500,ASV2063,FALSE,FALSE,FALSE,NA,NA,NA,NA,NA,NA,NA,NA,NA,1,1,1,1,1,1,FALSE,FALSE,FALSE,TRUE,FALSE,TRUE
1501,ASV2065,FALSE,FALSE,FALSE,NA,NA,NA,NA,NA,NA,NA,NA,NA,1,1,1,1,1,1,FALSE,FALSE,FALSE,TRUE,FALSE,TRUE
1502,ASV2066,FALSE,FALSE,FALSE,NA,NA,NA,NA,NA,NA,NA,NA,NA,1,1,1,1,1,1,FALSE,FALSE,FALSE,FALSE,FALSE,TRUE
1503,ASV2067,FALSE,FALSE,FALSE,NA,NA,NA,NA,NA,NA,NA,NA,NA,1,1,1,1,1,1,FALSE,FALSE,FALSE,TRUE,FALSE,TRUE
1504,ASV2068,FALSE,FALSE,FALSE,NA,NA,NA,NA,NA,NA,NA,NA,NA,1,1,1,1,1,1,FALSE,FALSE,FALSE,TRUE,TRUE,TRUE
1505,ASV2069,FALSE,FALSE,FALSE,NA,NA,NA,NA,NA,NA,NA,NA,NA,1,1,1,1,1,1,FALSE,FALSE,FALSE,TRUE,TRUE,TRUE
1506,ASV2071,FALSE,TRUE,TRUE,NA,NA,NA,NA,NA,NA,NA,NA,NA,NA,NA,NA,NA,NA,NA,NA,NA,NA,NA,NA,NA
1507,ASV2078,FALSE,FALSE,FALSE,NA,NA,NA,NA,NA,NA,NA,NA,NA,1,1,1,1,1,1,FALSE,FALSE,FALSE,TRUE,FALSE,TRUE
1508,ASV2079,FALSE,FALSE,FALSE,NA,NA,NA,NA,NA,NA,NA,NA,NA,1,1,1,1,1,1,FALSE,FALSE,FALSE,TRUE,TRUE,TRUE
1509,ASV2080,TRUE,FALSE,TRUE,NA,NA,NA,NA,NA,NA,NA,NA,NA,NA,NA,NA,NA,NA,NA,NA,NA,NA,NA,NA,NA
1510,ASV2081,FALSE,FALSE,FALSE,NA,NA,NA,NA,NA,NA,NA,NA,NA,1,1,1,1,1,1,FALSE,FALSE,FALSE,TRUE,FALSE,TRUE
1511,ASV2082,FALSE,FALSE,FALSE,NA,NA,NA,NA,NA,NA,NA,NA,NA,1,1,1,1,1,1,FALSE,FALSE,FALSE,TRUE,TRUE,TRUE
1512,ASV2083,TRUE,FALSE,TRUE,NA,NA,NA,NA,NA,NA,NA,NA,NA,NA,NA,NA,NA,NA,NA,NA,NA,NA,NA,NA,NA
1513,ASV2085,FALSE,TRUE,TRUE,NA,NA,NA,NA,NA,NA,NA,NA,NA,NA,NA,NA,NA,NA,NA,NA,NA,NA,NA,NA,NA
1514,ASV2086,FALSE,FALSE,FALSE,NA,NA,NA,NA,NA,NA,NA,NA,NA,1,1,1,1,1,1,FALSE,FALSE,FALSE,TRUE,TRUE,TRUE
1515,ASV2088,FALSE,FALSE,FALSE,NA,NA,NA,NA,NA,NA,NA,NA,NA,1,1,1,1,1,1,FALSE,FALSE,FALSE,TRUE,FALSE,TRUE
1516,ASV2089,FALSE,FALSE,FALSE,NA,NA,NA,NA,NA,NA,NA,NA,NA,1,1,1,1,1,1,FALSE,FALSE,FALSE,TRUE,TRUE,TRUE
1517,ASV2091,TRUE,FALSE,TRUE,NA,NA,NA,NA,NA,NA,NA,NA,NA,NA,NA,NA,NA,NA,NA,NA,NA,NA,NA,NA,NA
1518,ASV2092,TRUE,FALSE,TRUE,NA,NA,NA,NA,NA,NA,NA,NA,NA,NA,NA,NA,NA,NA,NA,NA,NA,NA,NA,NA,NA
1519,ASV2093,TRUE,FALSE,TRUE,NA,NA,NA,NA,NA,NA,NA,NA,NA,NA,NA,NA,NA,NA,NA,NA,NA,NA,NA,NA,NA
1520,ASV2094,FALSE,FALSE,FALSE,NA,NA,NA,NA,NA,NA,NA,NA,NA,1,1,1,1,1,1,FALSE,FALSE,FALSE,TRUE,TRUE,TRUE
1521,ASV2095,FALSE,FALSE,FALSE,NA,NA,NA,NA,NA,NA,NA,NA,NA,1,1,1,1,1,1,FALSE,FALSE,FALSE,FALSE,FALSE,TRUE
1522,ASV2100,FALSE,FALSE,FALSE,NA,NA,NA,NA,NA,NA,NA,NA,NA,1,1,1,1,1,1,FALSE,FALSE,FALSE,TRUE,TRUE,TRUE
1523,ASV2101,FALSE,FALSE,FALSE,NA,NA,NA,NA,NA,NA,NA,NA,NA,1,1,1,1,1,1,FALSE,FALSE,FALSE,FALSE,FALSE,TRUE
1524,ASV2107,FALSE,FALSE,FALSE,NA,NA,NA,NA,NA,NA,NA,NA,NA,1,1,1,1,1,1,FALSE,FALSE,FALSE,TRUE,FALSE,TRUE
1525,ASV2108,FALSE,FALSE,FALSE,NA,NA,NA,NA,NA,NA,NA,NA,NA,1,1,1,1,1,1,FALSE,FALSE,FALSE,TRUE,TRUE,TRUE
1526,ASV2109,TRUE,FALSE,TRUE,NA,NA,NA,NA,NA,NA,NA,NA,NA,NA,NA,NA,NA,NA,NA,NA,NA,NA,NA,NA,NA
1527,ASV2110,FALSE,FALSE,FALSE,NA,NA,NA,NA,NA,NA,NA,NA,NA,1,1,1,1,1,1,FALSE,FALSE,FALSE,FALSE,FALSE,TRUE
1528,ASV2111,FALSE,FALSE,FALSE,NA,NA,NA,NA,NA,NA,NA,NA,NA,1,1,1,1,1,1,FALSE,FALSE,FALSE,TRUE,TRUE,TRUE
1529,ASV2116,FALSE,FALSE,FALSE,0.077807515,-0.709503394,0.03726161,0.120789602,0.240244365,0.217012551,0.644157396,-295.325.717.342.493,0.171702558,0.635689898,0.207850805,0.891746356,1,1,1,FALSE,FALSE,FALSE,TRUE,TRUE,TRUE
1530,ASV2117,FALSE,FALSE,FALSE,NA,NA,NA,NA,NA,NA,NA,NA,NA,1,1,1,1,1,1,FALSE,FALSE,FALSE,TRUE,TRUE,TRUE
1531,ASV2118,TRUE,FALSE,TRUE,NA,NA,NA,NA,NA,NA,NA,NA,NA,NA,NA,NA,NA,NA,NA,NA,NA,NA,NA,NA,NA
1532,ASV2119,FALSE,FALSE,FALSE,NA,NA,NA,NA,NA,NA,NA,NA,NA,1,1,1,1,1,1,FALSE,FALSE,FALSE,TRUE,FALSE,TRUE
1533,ASV2120,FALSE,FALSE,FALSE,NA,NA,NA,NA,NA,NA,NA,NA,NA,1,1,1,1,1,1,FALSE,FALSE,FALSE,FALSE,FALSE,TRUE
1534,ASV2121,FALSE,FALSE,FALSE,NA,NA,NA,NA,NA,NA,NA,NA,NA,1,1,1,1,1,1,FALSE,FALSE,FALSE,TRUE,TRUE,TRUE
1535,ASV2122,FALSE,TRUE,TRUE,NA,NA,NA,NA,NA,NA,NA,NA,NA,NA,NA,NA,NA,NA,NA,NA,NA,NA,NA,NA,NA
1536,ASV2125,FALSE,FALSE,FALSE,NA,NA,NA,NA,NA,NA,NA,NA,NA,1,1,1,1,1,1,FALSE,FALSE,FALSE,FALSE,FALSE,TRUE
1537,ASV2126,FALSE,FALSE,FALSE,NA,NA,NA,NA,NA,NA,NA,NA,NA,1,1,1,1,1,1,FALSE,FALSE,FALSE,TRUE,TRUE,TRUE
1538,ASV2127,FALSE,FALSE,FALSE,NA,NA,NA,NA,NA,NA,NA,NA,NA,1,1,1,1,1,1,FALSE,FALSE,FALSE,TRUE,TRUE,TRUE
1539,ASV2128,TRUE,FALSE,TRUE,NA,NA,NA,NA,NA,NA,NA,NA,NA,NA,NA,NA,NA,NA,NA,NA,NA,NA,NA,NA,NA
1540,ASV2130,FALSE,FALSE,FALSE,NA,NA,NA,NA,NA,NA,NA,NA,NA,1,1,1,1,1,1,FALSE,FALSE,FALSE,TRUE,FALSE,TRUE
1541,ASV2131,FALSE,FALSE,FALSE,NA,NA,NA,NA,NA,NA,NA,NA,NA,1,1,1,1,1,1,FALSE,FALSE,FALSE,TRUE,FALSE,TRUE
1542,ASV2132,FALSE,FALSE,FALSE,NA,NA,NA,NA,NA,NA,NA,NA,NA,1,1,1,1,1,1,FALSE,FALSE,FALSE,TRUE,FALSE,TRUE
1543,ASV2133,FALSE,FALSE,FALSE,NA,NA,NA,NA,NA,NA,NA,NA,NA,1,1,1,1,1,1,FALSE,FALSE,FALSE,TRUE,FALSE,TRUE
1544,ASV2135,FALSE,FALSE,FALSE,-0.374605983,0.665377597,NA,0.118339137,0.246636924,NA,-316.552.910.836.343,269.780.204.449.024,NA,1,1,1,1,1,1,FALSE,FALSE,FALSE,TRUE,TRUE,TRUE
1545,ASV2136,FALSE,FALSE,FALSE,0.526890083,-147.856.797.930.757,NA,0.118339137,0.246636924,NA,445.237.388.797.719,-599.491.737.238.906,NA,1,1,1,1,1,1,FALSE,FALSE,FALSE,TRUE,TRUE,TRUE
1546,ASV2137,FALSE,FALSE,FALSE,NA,NA,NA,NA,NA,NA,NA,NA,NA,1,1,1,1,1,1,FALSE,FALSE,FALSE,TRUE,TRUE,TRUE
1547,ASV2140,TRUE,FALSE,TRUE,NA,NA,NA,NA,NA,NA,NA,NA,NA,NA,NA,NA,NA,NA,NA,NA,NA,NA,NA,NA,NA
1548,ASV2141,TRUE,FALSE,TRUE,NA,NA,NA,NA,NA,NA,NA,NA,NA,NA,NA,NA,NA,NA,NA,NA,NA,NA,NA,NA,NA
1549,ASV2146,FALSE,TRUE,TRUE,NA,NA,NA,NA,NA,NA,NA,NA,NA,NA,NA,NA,NA,NA,NA,NA,NA,NA,NA,NA,NA
1550,ASV2150,FALSE,FALSE,FALSE,NA,NA,NA,NA,NA,NA,NA,NA,NA,1,1,1,1,1,1,FALSE,FALSE,FALSE,TRUE,FALSE,TRUE
1551,ASV2151,FALSE,FALSE,FALSE,NA,NA,NA,NA,NA,NA,NA,NA,NA,1,1,1,1,1,1,FALSE,FALSE,FALSE,TRUE,TRUE,TRUE
1552,ASV2152,TRUE,FALSE,TRUE,NA,NA,NA,NA,NA,NA,NA,NA,NA,NA,NA,NA,NA,NA,NA,NA,NA,NA,NA,NA,NA
1553,ASV2157,FALSE,TRUE,TRUE,NA,NA,NA,NA,NA,NA,NA,NA,NA,NA,NA,NA,NA,NA,NA,NA,NA,NA,NA,NA,NA
1554,ASV2159,FALSE,FALSE,FALSE,NA,NA,NA,NA,NA,NA,NA,NA,NA,1,1,1,1,1,1,FALSE,FALSE,FALSE,TRUE,TRUE,TRUE
1555,ASV2162,FALSE,TRUE,TRUE,NA,NA,NA,NA,NA,NA,NA,NA,NA,NA,NA,NA,NA,NA,NA,NA,NA,NA,NA,NA,NA
1556,ASV2163,TRUE,FALSE,TRUE,NA,NA,NA,NA,NA,NA,NA,NA,NA,NA,NA,NA,NA,NA,NA,NA,NA,NA,NA,NA,NA
1557,ASV2164,FALSE,FALSE,FALSE,0.00322168,108.113.278.829.352,-0.423929959,0.143587848,0.258268723,0.235101607,0.022436998,418.607.710.961.352,-180.317.763.239.599,0.984136643,0.052604626,0.213137385,1,1,1,FALSE,FALSE,FALSE,TRUE,TRUE,TRUE
1558,ASV2165,FALSE,FALSE,FALSE,NA,NA,NA,NA,NA,NA,NA,NA,NA,1,1,1,1,1,1,FALSE,FALSE,FALSE,TRUE,FALSE,TRUE
1559,ASV2166,TRUE,FALSE,TRUE,NA,NA,NA,NA,NA,NA,NA,NA,NA,NA,NA,NA,NA,NA,NA,NA,NA,NA,NA,NA,NA
1560,ASV2167,FALSE,TRUE,TRUE,NA,NA,NA,NA,NA,NA,NA,NA,NA,NA,NA,NA,NA,NA,NA,NA,NA,NA,NA,NA,NA
1561,ASV2168,FALSE,TRUE,TRUE,NA,NA,NA,NA,NA,NA,NA,NA,NA,NA,NA,NA,NA,NA,NA,NA,NA,NA,NA,NA,NA
1562,ASV2169,FALSE,FALSE,FALSE,NA,NA,NA,NA,NA,NA,NA,NA,NA,1,1,1,1,1,1,FALSE,FALSE,FALSE,TRUE,FALSE,TRUE
1563,ASV2171,TRUE,FALSE,TRUE,NA,NA,NA,NA,NA,NA,NA,NA,NA,NA,NA,NA,NA,NA,NA,NA,NA,NA,NA,NA,NA
1564,ASV2172,FALSE,FALSE,FALSE,NA,NA,NA,NA,NA,NA,NA,NA,NA,1,1,1,1,1,1,FALSE,FALSE,FALSE,TRUE,FALSE,TRUE
1565,ASV2173,FALSE,FALSE,FALSE,NA,NA,NA,NA,NA,NA,NA,NA,NA,1,1,1,1,1,1,FALSE,FALSE,FALSE,TRUE,FALSE,TRUE
1566,ASV2174,TRUE,FALSE,TRUE,NA,NA,NA,NA,NA,NA,NA,NA,NA,NA,NA,NA,NA,NA,NA,NA,NA,NA,NA,NA,NA
1567,ASV2176,FALSE,TRUE,TRUE,NA,NA,NA,NA,NA,NA,NA,NA,NA,NA,NA,NA,NA,NA,NA,NA,NA,NA,NA,NA,NA
1568,ASV2177,FALSE,TRUE,TRUE,NA,NA,NA,NA,NA,NA,NA,NA,NA,NA,NA,NA,NA,NA,NA,NA,NA,NA,NA,NA,NA
1569,ASV2178,FALSE,FALSE,FALSE,NA,NA,NA,NA,NA,NA,NA,NA,NA,1,1,1,1,1,1,FALSE,FALSE,FALSE,TRUE,TRUE,TRUE
1570,ASV2179,FALSE,FALSE,FALSE,NA,NA,NA,NA,NA,NA,NA,NA,NA,1,1,1,1,1,1,FALSE,FALSE,FALSE,TRUE,FALSE,TRUE
1571,ASV2180,FALSE,FALSE,FALSE,NA,NA,NA,NA,NA,NA,NA,NA,NA,1,1,1,1,1,1,FALSE,FALSE,FALSE,TRUE,TRUE,TRUE
1572,ASV2181,FALSE,FALSE,FALSE,NA,NA,NA,NA,NA,NA,NA,NA,NA,1,1,1,1,1,1,FALSE,FALSE,FALSE,FALSE,FALSE,TRUE
1573,ASV2182,FALSE,FALSE,FALSE,NA,NA,NA,NA,NA,NA,NA,NA,NA,1,1,1,1,1,1,FALSE,FALSE,FALSE,TRUE,FALSE,TRUE
1574,ASV2185,TRUE,FALSE,TRUE,NA,NA,NA,NA,NA,NA,NA,NA,NA,NA,NA,NA,NA,NA,NA,NA,NA,NA,NA,NA,NA
1575,ASV2186,FALSE,TRUE,TRUE,NA,NA,NA,NA,NA,NA,NA,NA,NA,NA,NA,NA,NA,NA,NA,NA,NA,NA,NA,NA,NA
1576,ASV2188,FALSE,FALSE,FALSE,NA,NA,NA,NA,NA,NA,NA,NA,NA,1,1,1,1,1,1,FALSE,FALSE,FALSE,FALSE,FALSE,TRUE
1577,ASV2190,TRUE,FALSE,TRUE,NA,NA,NA,NA,NA,NA,NA,NA,NA,NA,NA,NA,NA,NA,NA,NA,NA,NA,NA,NA,NA
1578,ASV2195,FALSE,FALSE,FALSE,NA,NA,NA,NA,NA,NA,NA,NA,NA,1,1,1,1,1,1,FALSE,FALSE,FALSE,TRUE,TRUE,TRUE
1579,ASV2196,FALSE,FALSE,FALSE,NA,NA,NA,NA,NA,NA,NA,NA,NA,1,1,1,1,1,1,FALSE,FALSE,FALSE,TRUE,FALSE,TRUE
1580,ASV2197,FALSE,FALSE,FALSE,NA,NA,NA,NA,NA,NA,NA,NA,NA,1,1,1,1,1,1,FALSE,FALSE,FALSE,TRUE,TRUE,TRUE
1581,ASV2198,FALSE,FALSE,FALSE,NA,NA,NA,NA,NA,NA,NA,NA,NA,1,1,1,1,1,1,FALSE,FALSE,FALSE,TRUE,TRUE,TRUE
1582,ASV2199,FALSE,FALSE,FALSE,-110.681.699.536.795,146.628.219.239.014,0.572736351,0.116421708,0.242749335,0.219519985,-950.696.406.757.197,604.031.394.687.307,260.903.967.439.853,1,1,1,1,1,1,FALSE,FALSE,FALSE,TRUE,TRUE,TRUE
1583,ASV2201,TRUE,FALSE,TRUE,NA,NA,NA,NA,NA,NA,NA,NA,NA,NA,NA,NA,NA,NA,NA,NA,NA,NA,NA,NA,NA
1584,ASV2202,TRUE,FALSE,TRUE,NA,NA,NA,NA,NA,NA,NA,NA,NA,NA,NA,NA,NA,NA,NA,NA,NA,NA,NA,NA,NA
1585,ASV2204,FALSE,FALSE,FALSE,0.205012764,-131.896.403.326.323,0.136722471,0.116421708,0.242749335,0.219519985,17.609.496.292.038,-543.344.036.154.268,0.622824709,1,1,1,1,1,1,FALSE,FALSE,FALSE,TRUE,TRUE,TRUE
1586,ASV2205,FALSE,FALSE,FALSE,NA,NA,NA,NA,NA,NA,NA,NA,NA,1,1,1,1,1,1,FALSE,FALSE,FALSE,TRUE,TRUE,TRUE
1587,ASV2206,FALSE,FALSE,FALSE,NA,NA,NA,NA,NA,NA,NA,NA,NA,1,1,1,1,1,1,FALSE,FALSE,FALSE,FALSE,FALSE,TRUE
1588,ASV2207,FALSE,FALSE,FALSE,NA,NA,NA,NA,NA,NA,NA,NA,NA,1,1,1,1,1,1,FALSE,FALSE,FALSE,FALSE,FALSE,TRUE
1589,ASV2208,FALSE,FALSE,FALSE,0.193752341,102.868.094.037.132,-109.047.441.448.894,0.116811171,0.239307199,0.216075145,165.867.990.127.351,42.985.791.708.414,-504.673.692.280.394,0.345392402,0.145511903,0.12453174,1,1,1,FALSE,FALSE,FALSE,TRUE,TRUE,TRUE
1590,ASV2211,FALSE,FALSE,FALSE,-0.015551309,-12.346.341.639.986,0.54595489,0.116421708,0.242749335,0.219519985,-0.133577398,-508.604.550.937.797,248.703.957.085.246,1,1,1,1,1,1,FALSE,FALSE,FALSE,TRUE,TRUE,TRUE
1591,ASV2212,FALSE,FALSE,FALSE,NA,NA,NA,NA,NA,NA,NA,NA,NA,1,1,1,1,1,1,FALSE,FALSE,FALSE,TRUE,FALSE,TRUE
1592,ASV2213,FALSE,FALSE,FALSE,NA,NA,NA,NA,NA,NA,NA,NA,NA,1,1,1,1,1,1,FALSE,FALSE,FALSE,TRUE,TRUE,TRUE
1593,ASV2215,TRUE,FALSE,TRUE,NA,NA,NA,NA,NA,NA,NA,NA,NA,NA,NA,NA,NA,NA,NA,NA,NA,NA,NA,NA,NA
1594,ASV2216,FALSE,TRUE,TRUE,NA,NA,NA,NA,NA,NA,NA,NA,NA,NA,NA,NA,NA,NA,NA,NA,NA,NA,NA,NA,NA
1595,ASV2219,FALSE,FALSE,FALSE,0.277586936,-107.063.524.575.273,NA,0.118339137,0.246636924,NA,234.569.004.762.931,-434.093.658.464.109,NA,1,1,1,1,1,1,FALSE,FALSE,FALSE,TRUE,TRUE,TRUE
1596,ASV2220,TRUE,FALSE,TRUE,NA,NA,NA,NA,NA,NA,NA,NA,NA,NA,NA,NA,NA,NA,NA,NA,NA,NA,NA,NA,NA
1597,ASV2222,TRUE,FALSE,TRUE,NA,NA,NA,NA,NA,NA,NA,NA,NA,NA,NA,NA,NA,NA,NA,NA,NA,NA,NA,NA,NA
1598,ASV2223,FALSE,FALSE,FALSE,NA,NA,NA,NA,NA,NA,NA,NA,NA,1,1,1,1,1,1,FALSE,FALSE,FALSE,TRUE,TRUE,TRUE
1599,ASV2225,FALSE,FALSE,FALSE,-0.002549782,-0.675216603,0.216034938,0.164292508,0.252523917,0.229325729,-0.015519771,-267.387.189.030.371,0.942044049,0.9901206,0.22783632,0.518992853,1,1,1,FALSE,FALSE,FALSE,TRUE,TRUE,TRUE
1600,ASV2227,TRUE,FALSE,TRUE,NA,NA,NA,NA,NA,NA,NA,NA,NA,NA,NA,NA,NA,NA,NA,NA,NA,NA,NA,NA,NA
1601,ASV2228,FALSE,FALSE,FALSE,NA,NA,NA,NA,NA,NA,NA,NA,NA,1,1,1,1,1,1,FALSE,FALSE,FALSE,TRUE,TRUE,TRUE
1602,ASV2229,TRUE,FALSE,TRUE,NA,NA,NA,NA,NA,NA,NA,NA,NA,NA,NA,NA,NA,NA,NA,NA,NA,NA,NA,NA,NA
1603,ASV2230,TRUE,FALSE,TRUE,NA,NA,NA,NA,NA,NA,NA,NA,NA,NA,NA,NA,NA,NA,NA,NA,NA,NA,NA,NA,NA
1604,ASV2231,FALSE,FALSE,FALSE,NA,NA,NA,NA,NA,NA,NA,NA,NA,1,1,1,1,1,1,FALSE,FALSE,FALSE,FALSE,FALSE,TRUE
1605,ASV2234,FALSE,FALSE,FALSE,NA,NA,NA,NA,NA,NA,NA,NA,NA,1,1,1,1,1,1,FALSE,FALSE,FALSE,TRUE,TRUE,TRUE
1606,ASV2236,FALSE,FALSE,FALSE,-0.979515078,153.424.234.404.031,NA,0.118339137,0.246636924,NA,-827.718.625.916.142,622.065.147.525.349,NA,1,1,1,1,1,1,FALSE,FALSE,FALSE,TRUE,TRUE,TRUE
1607,ASV2239,TRUE,FALSE,TRUE,NA,NA,NA,NA,NA,NA,NA,NA,NA,NA,NA,NA,NA,NA,NA,NA,NA,NA,NA,NA,NA
1608,ASV2240,FALSE,FALSE,FALSE,NA,NA,NA,NA,NA,NA,NA,NA,NA,1,1,1,1,1,1,FALSE,FALSE,FALSE,TRUE,TRUE,TRUE
1609,ASV2242,FALSE,FALSE,FALSE,NA,NA,NA,NA,NA,NA,NA,NA,NA,1,1,1,1,1,1,FALSE,FALSE,FALSE,TRUE,FALSE,TRUE
1610,ASV2243,FALSE,FALSE,FALSE,NA,NA,NA,NA,NA,NA,NA,NA,NA,1,1,1,1,1,1,FALSE,FALSE,FALSE,TRUE,FALSE,TRUE
1611,ASV2244,FALSE,FALSE,FALSE,NA,NA,NA,NA,NA,NA,NA,NA,NA,1,1,1,1,1,1,FALSE,FALSE,FALSE,FALSE,FALSE,TRUE
1612,ASV2246,TRUE,FALSE,TRUE,NA,NA,NA,NA,NA,NA,NA,NA,NA,NA,NA,NA,NA,NA,NA,NA,NA,NA,NA,NA,NA
1613,ASV2248,FALSE,TRUE,TRUE,NA,NA,NA,NA,NA,NA,NA,NA,NA,NA,NA,NA,NA,NA,NA,NA,NA,NA,NA,NA,NA
1614,ASV2250,FALSE,FALSE,FALSE,NA,NA,NA,NA,NA,NA,NA,NA,NA,1,1,1,1,1,1,FALSE,FALSE,FALSE,TRUE,FALSE,TRUE
1615,ASV2251,FALSE,FALSE,FALSE,NA,NA,NA,NA,NA,NA,NA,NA,NA,1,1,1,1,1,1,FALSE,FALSE,FALSE,TRUE,FALSE,TRUE
1616,ASV2253,TRUE,FALSE,TRUE,NA,NA,NA,NA,NA,NA,NA,NA,NA,NA,NA,NA,NA,NA,NA,NA,NA,NA,NA,NA,NA
1617,ASV2254,FALSE,FALSE,FALSE,NA,NA,NA,NA,NA,NA,NA,NA,NA,1,1,1,1,1,1,FALSE,FALSE,FALSE,TRUE,FALSE,TRUE
1618,ASV2255,FALSE,FALSE,FALSE,NA,NA,NA,NA,NA,NA,NA,NA,NA,1,1,1,1,1,1,FALSE,FALSE,FALSE,TRUE,TRUE,TRUE
1619,ASV2256,FALSE,FALSE,FALSE,NA,NA,NA,NA,NA,NA,NA,NA,NA,1,1,1,1,1,1,FALSE,FALSE,FALSE,TRUE,FALSE,TRUE
1620,ASV2258,TRUE,FALSE,TRUE,NA,NA,NA,NA,NA,NA,NA,NA,NA,NA,NA,NA,NA,NA,NA,NA,NA,NA,NA,NA,NA
1621,ASV2260,FALSE,TRUE,TRUE,NA,NA,NA,NA,NA,NA,NA,NA,NA,NA,NA,NA,NA,NA,NA,NA,NA,NA,NA,NA,NA
1622,ASV2261,TRUE,FALSE,TRUE,NA,NA,NA,NA,NA,NA,NA,NA,NA,NA,NA,NA,NA,NA,NA,NA,NA,NA,NA,NA,NA
1623,ASV2262,FALSE,TRUE,TRUE,NA,NA,NA,NA,NA,NA,NA,NA,NA,NA,NA,NA,NA,NA,NA,NA,NA,NA,NA,NA,NA
1624,ASV2263,TRUE,FALSE,TRUE,NA,NA,NA,NA,NA,NA,NA,NA,NA,NA,NA,NA,NA,NA,NA,NA,NA,NA,NA,NA,NA
1625,ASV2264,FALSE,TRUE,TRUE,NA,NA,NA,NA,NA,NA,NA,NA,NA,NA,NA,NA,NA,NA,NA,NA,NA,NA,NA,NA,NA
1626,ASV2266,FALSE,FALSE,FALSE,NA,NA,NA,NA,NA,NA,NA,NA,NA,1,1,1,1,1,1,FALSE,FALSE,FALSE,FALSE,FALSE,TRUE
1627,ASV2267,FALSE,FALSE,FALSE,NA,NA,NA,NA,NA,NA,NA,NA,NA,1,1,1,1,1,1,FALSE,FALSE,FALSE,TRUE,FALSE,TRUE
1628,ASV2272,FALSE,FALSE,FALSE,NA,NA,NA,NA,NA,NA,NA,NA,NA,1,1,1,1,1,1,FALSE,FALSE,FALSE,FALSE,FALSE,FALSE
1629,ASV2273,FALSE,FALSE,FALSE,NA,NA,NA,NA,NA,NA,NA,NA,NA,1,1,1,1,1,1,FALSE,FALSE,FALSE,TRUE,FALSE,TRUE
1630,ASV2274,FALSE,FALSE,FALSE,NA,NA,NA,NA,NA,NA,NA,NA,NA,1,1,1,1,1,1,FALSE,FALSE,FALSE,FALSE,FALSE,TRUE
1631,ASV2276,FALSE,FALSE,FALSE,NA,NA,NA,NA,NA,NA,NA,NA,NA,1,1,1,1,1,1,FALSE,FALSE,FALSE,TRUE,FALSE,TRUE
1632,ASV2280,TRUE,FALSE,TRUE,NA,NA,NA,NA,NA,NA,NA,NA,NA,NA,NA,NA,NA,NA,NA,NA,NA,NA,NA,NA,NA
1633,ASV2281,FALSE,TRUE,TRUE,NA,NA,NA,NA,NA,NA,NA,NA,NA,NA,NA,NA,NA,NA,NA,NA,NA,NA,NA,NA,NA
1634,ASV2282,TRUE,FALSE,TRUE,NA,NA,NA,NA,NA,NA,NA,NA,NA,NA,NA,NA,NA,NA,NA,NA,NA,NA,NA,NA,NA
1635,ASV2283,TRUE,FALSE,TRUE,NA,NA,NA,NA,NA,NA,NA,NA,NA,NA,NA,NA,NA,NA,NA,NA,NA,NA,NA,NA,NA
1636,ASV2285,TRUE,FALSE,TRUE,NA,NA,NA,NA,NA,NA,NA,NA,NA,NA,NA,NA,NA,NA,NA,NA,NA,NA,NA,NA,NA
1637,ASV2287,FALSE,FALSE,FALSE,NA,NA,NA,NA,NA,NA,NA,NA,NA,1,1,1,1,1,1,FALSE,FALSE,FALSE,TRUE,FALSE,TRUE
1638,ASV2291,FALSE,FALSE,FALSE,NA,NA,NA,NA,NA,NA,NA,NA,NA,1,1,1,1,1,1,FALSE,FALSE,FALSE,TRUE,FALSE,TRUE
1639,ASV2293,FALSE,FALSE,FALSE,NA,NA,NA,NA,NA,NA,NA,NA,NA,1,1,1,1,1,1,FALSE,FALSE,FALSE,FALSE,FALSE,TRUE
1640,ASV2294,TRUE,FALSE,TRUE,NA,NA,NA,NA,NA,NA,NA,NA,NA,NA,NA,NA,NA,NA,NA,NA,NA,NA,NA,NA,NA
1641,ASV2295,FALSE,FALSE,FALSE,NA,NA,NA,NA,NA,NA,NA,NA,NA,1,1,1,1,1,1,FALSE,FALSE,FALSE,TRUE,TRUE,TRUE
1642,ASV2296,TRUE,FALSE,TRUE,NA,NA,NA,NA,NA,NA,NA,NA,NA,NA,NA,NA,NA,NA,NA,NA,NA,NA,NA,NA,NA
1643,ASV2297,FALSE,FALSE,FALSE,-0.642024161,0.859260509,NA,0.118339137,0.246636924,NA,-542.529.020.734.769,348.390.863.696.449,NA,1,1,1,1,1,1,FALSE,FALSE,FALSE,TRUE,TRUE,TRUE
1644,ASV2298,TRUE,FALSE,TRUE,NA,NA,NA,NA,NA,NA,NA,NA,NA,NA,NA,NA,NA,NA,NA,NA,NA,NA,NA,NA,NA
1645,ASV2301,FALSE,FALSE,FALSE,NA,NA,NA,NA,NA,NA,NA,NA,NA,1,1,1,1,1,1,FALSE,FALSE,FALSE,TRUE,FALSE,TRUE
1646,ASV2303,TRUE,FALSE,TRUE,NA,NA,NA,NA,NA,NA,NA,NA,NA,NA,NA,NA,NA,NA,NA,NA,NA,NA,NA,NA,NA
1647,ASV2304,TRUE,FALSE,TRUE,NA,NA,NA,NA,NA,NA,NA,NA,NA,NA,NA,NA,NA,NA,NA,NA,NA,NA,NA,NA,NA
1648,ASV2306,TRUE,FALSE,TRUE,NA,NA,NA,NA,NA,NA,NA,NA,NA,NA,NA,NA,NA,NA,NA,NA,NA,NA,NA,NA,NA
1649,ASV2307,TRUE,FALSE,TRUE,NA,NA,NA,NA,NA,NA,NA,NA,NA,NA,NA,NA,NA,NA,NA,NA,NA,NA,NA,NA,NA
1650,ASV2308,FALSE,FALSE,FALSE,NA,NA,NA,NA,NA,NA,NA,NA,NA,1,1,1,1,1,1,FALSE,FALSE,FALSE,TRUE,TRUE,TRUE
1651,ASV2309,FALSE,FALSE,FALSE,NA,NA,NA,NA,NA,NA,NA,NA,NA,1,1,1,1,1,1,FALSE,FALSE,FALSE,TRUE,FALSE,TRUE
1652,ASV2310,FALSE,FALSE,FALSE,NA,NA,NA,NA,NA,NA,NA,NA,NA,1,1,1,1,1,1,FALSE,FALSE,FALSE,TRUE,FALSE,TRUE
1653,ASV2311,FALSE,FALSE,FALSE,NA,NA,NA,NA,NA,NA,NA,NA,NA,1,1,1,1,1,1,FALSE,FALSE,FALSE,FALSE,FALSE,TRUE
1654,ASV2312,FALSE,TRUE,TRUE,NA,NA,NA,NA,NA,NA,NA,NA,NA,NA,NA,NA,NA,NA,NA,NA,NA,NA,NA,NA,NA
1655,ASV2313,FALSE,TRUE,TRUE,NA,NA,NA,NA,NA,NA,NA,NA,NA,NA,NA,NA,NA,NA,NA,NA,NA,NA,NA,NA,NA
1656,ASV2314,FALSE,FALSE,FALSE,NA,NA,NA,NA,NA,NA,NA,NA,NA,1,1,1,1,1,1,FALSE,FALSE,FALSE,TRUE,TRUE,TRUE
1657,ASV2316,TRUE,FALSE,TRUE,NA,NA,NA,NA,NA,NA,NA,NA,NA,NA,NA,NA,NA,NA,NA,NA,NA,NA,NA,NA,NA
1658,ASV2317,TRUE,FALSE,TRUE,NA,NA,NA,NA,NA,NA,NA,NA,NA,NA,NA,NA,NA,NA,NA,NA,NA,NA,NA,NA,NA
1659,ASV2318,FALSE,FALSE,FALSE,NA,NA,NA,NA,NA,NA,NA,NA,NA,1,1,1,1,1,1,FALSE,FALSE,FALSE,TRUE,FALSE,TRUE
1660,ASV2319,TRUE,FALSE,TRUE,NA,NA,NA,NA,NA,NA,NA,NA,NA,NA,NA,NA,NA,NA,NA,NA,NA,NA,NA,NA,NA
1661,ASV2320,FALSE,FALSE,FALSE,NA,NA,NA,NA,NA,NA,NA,NA,NA,1,1,1,1,1,1,FALSE,FALSE,FALSE,TRUE,FALSE,TRUE
1662,ASV2321,FALSE,FALSE,FALSE,NA,NA,NA,NA,NA,NA,NA,NA,NA,1,1,1,1,1,1,FALSE,FALSE,FALSE,FALSE,FALSE,TRUE
1663,ASV2324,FALSE,FALSE,FALSE,0.223519378,-0.530873124,NA,0.118339137,0.246636924,NA,188.880.351.673.872,-215.244.788.144.296,NA,1,1,1,1,1,1,FALSE,FALSE,FALSE,TRUE,TRUE,TRUE
1664,ASV2326,FALSE,FALSE,FALSE,NA,NA,NA,NA,NA,NA,NA,NA,NA,1,1,1,1,1,1,FALSE,FALSE,FALSE,FALSE,FALSE,TRUE
1665,ASV2328,FALSE,FALSE,FALSE,NA,NA,NA,NA,NA,NA,NA,NA,NA,1,1,1,1,1,1,FALSE,FALSE,FALSE,TRUE,TRUE,TRUE
1666,ASV2329,TRUE,FALSE,TRUE,NA,NA,NA,NA,NA,NA,NA,NA,NA,NA,NA,NA,NA,NA,NA,NA,NA,NA,NA,NA,NA
1667,ASV2330,FALSE,FALSE,FALSE,NA,NA,NA,NA,NA,NA,NA,NA,NA,1,1,1,1,1,1,FALSE,FALSE,FALSE,TRUE,TRUE,TRUE
1668,ASV2333,TRUE,FALSE,TRUE,NA,NA,NA,NA,NA,NA,NA,NA,NA,NA,NA,NA,NA,NA,NA,NA,NA,NA,NA,NA,NA
1669,ASV2338,TRUE,FALSE,TRUE,NA,NA,NA,NA,NA,NA,NA,NA,NA,NA,NA,NA,NA,NA,NA,NA,NA,NA,NA,NA,NA
1670,ASV2339,TRUE,FALSE,TRUE,NA,NA,NA,NA,NA,NA,NA,NA,NA,NA,NA,NA,NA,NA,NA,NA,NA,NA,NA,NA,NA
1671,ASV2340,FALSE,FALSE,FALSE,NA,NA,NA,NA,NA,NA,NA,NA,NA,1,1,1,1,1,1,FALSE,FALSE,FALSE,TRUE,TRUE,TRUE
1672,ASV2341,FALSE,FALSE,FALSE,NA,NA,NA,NA,NA,NA,NA,NA,NA,1,1,1,1,1,1,FALSE,FALSE,FALSE,TRUE,FALSE,TRUE
1673,ASV2342,FALSE,FALSE,FALSE,NA,NA,NA,NA,NA,NA,NA,NA,NA,1,1,1,1,1,1,FALSE,FALSE,FALSE,TRUE,FALSE,TRUE
1674,ASV2343,FALSE,TRUE,TRUE,NA,NA,NA,NA,NA,NA,NA,NA,NA,NA,NA,NA,NA,NA,NA,NA,NA,NA,NA,NA,NA
1675,ASV2344,FALSE,TRUE,TRUE,NA,NA,NA,NA,NA,NA,NA,NA,NA,NA,NA,NA,NA,NA,NA,NA,NA,NA,NA,NA,NA
1676,ASV2345,TRUE,FALSE,TRUE,NA,NA,NA,NA,NA,NA,NA,NA,NA,NA,NA,NA,NA,NA,NA,NA,NA,NA,NA,NA,NA
1677,ASV2349,FALSE,FALSE,FALSE,NA,NA,NA,NA,NA,NA,NA,NA,NA,1,1,1,1,1,1,FALSE,FALSE,FALSE,TRUE,FALSE,TRUE
1678,ASV2350,FALSE,FALSE,FALSE,NA,NA,NA,NA,NA,NA,NA,NA,NA,1,1,1,1,1,1,FALSE,FALSE,FALSE,TRUE,FALSE,TRUE
1679,ASV2353,TRUE,FALSE,TRUE,NA,NA,NA,NA,NA,NA,NA,NA,NA,NA,NA,NA,NA,NA,NA,NA,NA,NA,NA,NA,NA
1680,ASV2355,FALSE,FALSE,FALSE,NA,NA,NA,NA,NA,NA,NA,NA,NA,1,1,1,1,1,1,FALSE,FALSE,FALSE,TRUE,TRUE,TRUE
1681,ASV2356,TRUE,FALSE,TRUE,NA,NA,NA,NA,NA,NA,NA,NA,NA,NA,NA,NA,NA,NA,NA,NA,NA,NA,NA,NA,NA
1682,ASV2357,TRUE,FALSE,TRUE,NA,NA,NA,NA,NA,NA,NA,NA,NA,NA,NA,NA,NA,NA,NA,NA,NA,NA,NA,NA,NA
1683,ASV2358,FALSE,FALSE,FALSE,NA,NA,NA,NA,NA,NA,NA,NA,NA,1,1,1,1,1,1,FALSE,FALSE,FALSE,TRUE,FALSE,TRUE
1684,ASV2360,FALSE,FALSE,FALSE,NA,NA,NA,NA,NA,NA,NA,NA,NA,1,1,1,1,1,1,FALSE,FALSE,FALSE,TRUE,FALSE,TRUE
1685,ASV2361,FALSE,FALSE,FALSE,NA,NA,NA,NA,NA,NA,NA,NA,NA,1,1,1,1,1,1,FALSE,FALSE,FALSE,FALSE,FALSE,TRUE
1686,ASV2362,FALSE,FALSE,FALSE,NA,NA,NA,NA,NA,NA,NA,NA,NA,1,1,1,1,1,1,FALSE,FALSE,FALSE,TRUE,TRUE,TRUE
1687,ASV2363,TRUE,FALSE,TRUE,NA,NA,NA,NA,NA,NA,NA,NA,NA,NA,NA,NA,NA,NA,NA,NA,NA,NA,NA,NA,NA
1688,ASV2364,TRUE,FALSE,TRUE,NA,NA,NA,NA,NA,NA,NA,NA,NA,NA,NA,NA,NA,NA,NA,NA,NA,NA,NA,NA,NA
1689,ASV2365,FALSE,FALSE,FALSE,NA,NA,NA,NA,NA,NA,NA,NA,NA,1,1,1,1,1,1,FALSE,FALSE,FALSE,TRUE,FALSE,TRUE
1690,ASV2366,FALSE,FALSE,FALSE,NA,NA,NA,NA,NA,NA,NA,NA,NA,1,1,1,1,1,1,FALSE,FALSE,FALSE,TRUE,TRUE,TRUE
1691,ASV2367,TRUE,FALSE,TRUE,NA,NA,NA,NA,NA,NA,NA,NA,NA,NA,NA,NA,NA,NA,NA,NA,NA,NA,NA,NA,NA
1692,ASV2369,TRUE,FALSE,TRUE,NA,NA,NA,NA,NA,NA,NA,NA,NA,NA,NA,NA,NA,NA,NA,NA,NA,NA,NA,NA,NA
1693,ASV2370,FALSE,FALSE,FALSE,NA,NA,NA,NA,NA,NA,NA,NA,NA,1,1,1,1,1,1,FALSE,FALSE,FALSE,TRUE,TRUE,TRUE
1694,ASV2371,FALSE,FALSE,FALSE,NA,NA,NA,NA,NA,NA,NA,NA,NA,1,1,1,1,1,1,FALSE,FALSE,FALSE,TRUE,FALSE,TRUE
1695,ASV2373,FALSE,TRUE,TRUE,NA,NA,NA,NA,NA,NA,NA,NA,NA,NA,NA,NA,NA,NA,NA,NA,NA,NA,NA,NA,NA
1696,ASV2374,FALSE,TRUE,TRUE,NA,NA,NA,NA,NA,NA,NA,NA,NA,NA,NA,NA,NA,NA,NA,NA,NA,NA,NA,NA,NA
1697,ASV2375,TRUE,FALSE,TRUE,NA,NA,NA,NA,NA,NA,NA,NA,NA,NA,NA,NA,NA,NA,NA,NA,NA,NA,NA,NA,NA
1698,ASV2376,FALSE,FALSE,FALSE,NA,NA,NA,NA,NA,NA,NA,NA,NA,1,1,1,1,1,1,FALSE,FALSE,FALSE,TRUE,FALSE,TRUE
1699,ASV2378,FALSE,FALSE,FALSE,NA,NA,NA,NA,NA,NA,NA,NA,NA,1,1,1,1,1,1,FALSE,FALSE,FALSE,TRUE,FALSE,TRUE
1700,ASV2379,FALSE,FALSE,FALSE,NA,NA,NA,NA,NA,NA,NA,NA,NA,1,1,1,1,1,1,FALSE,FALSE,FALSE,TRUE,TRUE,TRUE
1701,ASV2382,FALSE,FALSE,FALSE,NA,NA,NA,NA,NA,NA,NA,NA,NA,1,1,1,1,1,1,FALSE,FALSE,FALSE,TRUE,TRUE,TRUE
1702,ASV2384,FALSE,FALSE,FALSE,NA,NA,NA,NA,NA,NA,NA,NA,NA,1,1,1,1,1,1,FALSE,FALSE,FALSE,TRUE,FALSE,TRUE
1703,ASV2386,TRUE,FALSE,TRUE,NA,NA,NA,NA,NA,NA,NA,NA,NA,NA,NA,NA,NA,NA,NA,NA,NA,NA,NA,NA,NA
1704,ASV2387,FALSE,FALSE,FALSE,-0.441616761,-0.841667711,115.904.656.432.437,0.116421708,0.242749335,0.219519985,-379.325.100.663.457,-346.722.973.198.628,527.991.364.172.643,1,1,1,1,1,1,FALSE,FALSE,FALSE,TRUE,TRUE,TRUE
1705,ASV2388,TRUE,FALSE,TRUE,NA,NA,NA,NA,NA,NA,NA,NA,NA,NA,NA,NA,NA,NA,NA,NA,NA,NA,NA,NA,NA
1706,ASV2391,FALSE,FALSE,FALSE,NA,NA,NA,NA,NA,NA,NA,NA,NA,1,1,1,1,1,1,FALSE,FALSE,FALSE,TRUE,FALSE,TRUE
1707,ASV2393,TRUE,FALSE,TRUE,NA,NA,NA,NA,NA,NA,NA,NA,NA,NA,NA,NA,NA,NA,NA,NA,NA,NA,NA,NA,NA
1708,ASV2395,FALSE,TRUE,TRUE,NA,NA,NA,NA,NA,NA,NA,NA,NA,NA,NA,NA,NA,NA,NA,NA,NA,NA,NA,NA,NA
1709,ASV2398,TRUE,FALSE,TRUE,NA,NA,NA,NA,NA,NA,NA,NA,NA,NA,NA,NA,NA,NA,NA,NA,NA,NA,NA,NA,NA
1710,ASV2400,TRUE,FALSE,TRUE,NA,NA,NA,NA,NA,NA,NA,NA,NA,NA,NA,NA,NA,NA,NA,NA,NA,NA,NA,NA,NA
1711,ASV2401,FALSE,FALSE,FALSE,0.633981573,-19.570.433.296.307,-0.403422205,0.14521596,0.24977354,0.226563519,436.578.439.750.689,-783.527.082.363.494,-178.061.413.908.098,0.022222143,0.004329228,0.17301093,1,1,1,FALSE,FALSE,FALSE,FALSE,TRUE,TRUE
1712,ASV2403,TRUE,FALSE,TRUE,NA,NA,NA,NA,NA,NA,NA,NA,NA,NA,NA,NA,NA,NA,NA,NA,NA,NA,NA,NA,NA
1713,ASV2408,TRUE,FALSE,TRUE,NA,NA,NA,NA,NA,NA,NA,NA,NA,NA,NA,NA,NA,NA,NA,NA,NA,NA,NA,NA,NA
1714,ASV2409,TRUE,FALSE,TRUE,NA,NA,NA,NA,NA,NA,NA,NA,NA,NA,NA,NA,NA,NA,NA,NA,NA,NA,NA,NA,NA
1715,ASV2410,FALSE,FALSE,FALSE,NA,NA,NA,NA,NA,NA,NA,NA,NA,1,1,1,1,1,1,FALSE,FALSE,FALSE,TRUE,FALSE,TRUE
1716,ASV2411,FALSE,TRUE,TRUE,NA,NA,NA,NA,NA,NA,NA,NA,NA,NA,NA,NA,NA,NA,NA,NA,NA,NA,NA,NA,NA
1717,ASV2413,TRUE,FALSE,TRUE,NA,NA,NA,NA,NA,NA,NA,NA,NA,NA,NA,NA,NA,NA,NA,NA,NA,NA,NA,NA,NA
1718,ASV2414,FALSE,FALSE,FALSE,NA,NA,NA,NA,NA,NA,NA,NA,NA,1,1,1,1,1,1,FALSE,FALSE,FALSE,FALSE,FALSE,TRUE
1719,ASV2415,FALSE,TRUE,TRUE,NA,NA,NA,NA,NA,NA,NA,NA,NA,NA,NA,NA,NA,NA,NA,NA,NA,NA,NA,NA,NA
1720,ASV2416,FALSE,FALSE,FALSE,NA,NA,NA,NA,NA,NA,NA,NA,NA,1,1,1,1,1,1,FALSE,FALSE,FALSE,TRUE,FALSE,TRUE
1721,ASV2417,TRUE,FALSE,TRUE,NA,NA,NA,NA,NA,NA,NA,NA,NA,NA,NA,NA,NA,NA,NA,NA,NA,NA,NA,NA,NA
1722,ASV2419,FALSE,TRUE,TRUE,NA,NA,NA,NA,NA,NA,NA,NA,NA,NA,NA,NA,NA,NA,NA,NA,NA,NA,NA,NA,NA
1723,ASV2421,TRUE,FALSE,TRUE,NA,NA,NA,NA,NA,NA,NA,NA,NA,NA,NA,NA,NA,NA,NA,NA,NA,NA,NA,NA,NA
1724,ASV2422,FALSE,FALSE,FALSE,NA,NA,NA,NA,NA,NA,NA,NA,NA,1,1,1,1,1,1,FALSE,FALSE,FALSE,FALSE,FALSE,TRUE
1725,ASV2423,TRUE,FALSE,TRUE,NA,NA,NA,NA,NA,NA,NA,NA,NA,NA,NA,NA,NA,NA,NA,NA,NA,NA,NA,NA,NA
1726,ASV2424,FALSE,FALSE,FALSE,NA,NA,NA,NA,NA,NA,NA,NA,NA,1,1,1,1,1,1,FALSE,FALSE,FALSE,TRUE,FALSE,TRUE
1727,ASV2425,FALSE,TRUE,TRUE,NA,NA,NA,NA,NA,NA,NA,NA,NA,NA,NA,NA,NA,NA,NA,NA,NA,NA,NA,NA,NA
1728,ASV2426,FALSE,FALSE,FALSE,NA,NA,NA,NA,NA,NA,NA,NA,NA,1,1,1,1,1,1,FALSE,FALSE,FALSE,TRUE,TRUE,TRUE
1729,ASV2428,TRUE,FALSE,TRUE,NA,NA,NA,NA,NA,NA,NA,NA,NA,NA,NA,NA,NA,NA,NA,NA,NA,NA,NA,NA,NA
1730,ASV2429,FALSE,FALSE,FALSE,NA,NA,NA,NA,NA,NA,NA,NA,NA,1,1,1,1,1,1,FALSE,FALSE,FALSE,FALSE,FALSE,FALSE
1731,ASV2430,FALSE,FALSE,FALSE,NA,NA,NA,NA,NA,NA,NA,NA,NA,1,1,1,1,1,1,FALSE,FALSE,FALSE,TRUE,FALSE,TRUE
1732,ASV2431,FALSE,FALSE,FALSE,NA,NA,NA,NA,NA,NA,NA,NA,NA,1,1,1,1,1,1,FALSE,FALSE,FALSE,TRUE,TRUE,TRUE
1733,ASV2433,TRUE,FALSE,TRUE,NA,NA,NA,NA,NA,NA,NA,NA,NA,NA,NA,NA,NA,NA,NA,NA,NA,NA,NA,NA,NA
1734,ASV2435,FALSE,TRUE,TRUE,NA,NA,NA,NA,NA,NA,NA,NA,NA,NA,NA,NA,NA,NA,NA,NA,NA,NA,NA,NA,NA
1735,ASV2436,FALSE,TRUE,TRUE,NA,NA,NA,NA,NA,NA,NA,NA,NA,NA,NA,NA,NA,NA,NA,NA,NA,NA,NA,NA,NA
1736,ASV2438,TRUE,FALSE,TRUE,NA,NA,NA,NA,NA,NA,NA,NA,NA,NA,NA,NA,NA,NA,NA,NA,NA,NA,NA,NA,NA
1737,ASV2439,FALSE,FALSE,FALSE,NA,NA,NA,NA,NA,NA,NA,NA,NA,1,1,1,1,1,1,FALSE,FALSE,FALSE,FALSE,FALSE,TRUE
1738,ASV2440,TRUE,FALSE,TRUE,NA,NA,NA,NA,NA,NA,NA,NA,NA,NA,NA,NA,NA,NA,NA,NA,NA,NA,NA,NA,NA
1739,ASV2441,FALSE,FALSE,FALSE,NA,NA,NA,NA,NA,NA,NA,NA,NA,1,1,1,1,1,1,FALSE,FALSE,FALSE,FALSE,FALSE,TRUE
1740,ASV2444,FALSE,FALSE,FALSE,NA,NA,NA,NA,NA,NA,NA,NA,NA,1,1,1,1,1,1,FALSE,FALSE,FALSE,TRUE,FALSE,TRUE
1741,ASV2445,FALSE,FALSE,FALSE,0.112226338,0.142109015,NA,0.118339137,0.246636924,NA,0.948345081,0.576187105,NA,1,1,1,1,1,1,FALSE,FALSE,FALSE,TRUE,TRUE,TRUE
1742,ASV2446,FALSE,TRUE,TRUE,NA,NA,NA,NA,NA,NA,NA,NA,NA,NA,NA,NA,NA,NA,NA,NA,NA,NA,NA,NA,NA
1743,ASV2447,FALSE,FALSE,FALSE,NA,NA,NA,NA,NA,NA,NA,NA,NA,1,1,1,1,1,1,FALSE,FALSE,FALSE,TRUE,TRUE,TRUE
1744,ASV2448,FALSE,FALSE,FALSE,NA,NA,NA,NA,NA,NA,NA,NA,NA,1,1,1,1,1,1,FALSE,FALSE,FALSE,FALSE,FALSE,TRUE
1745,ASV2449,FALSE,FALSE,FALSE,NA,NA,NA,NA,NA,NA,NA,NA,NA,1,1,1,1,1,1,FALSE,FALSE,FALSE,TRUE,TRUE,TRUE
1746,ASV2450,FALSE,FALSE,FALSE,NA,NA,NA,NA,NA,NA,NA,NA,NA,1,1,1,1,1,1,FALSE,FALSE,FALSE,TRUE,FALSE,TRUE
1747,ASV2451,FALSE,FALSE,FALSE,NA,NA,NA,NA,NA,NA,NA,NA,NA,1,1,1,1,1,1,FALSE,FALSE,FALSE,TRUE,TRUE,TRUE
1748,ASV2452,FALSE,FALSE,FALSE,NA,NA,NA,NA,NA,NA,NA,NA,NA,1,1,1,1,1,1,FALSE,FALSE,FALSE,FALSE,FALSE,TRUE
1749,ASV2456,TRUE,FALSE,TRUE,NA,NA,NA,NA,NA,NA,NA,NA,NA,NA,NA,NA,NA,NA,NA,NA,NA,NA,NA,NA,NA
1750,ASV2460,FALSE,FALSE,FALSE,NA,NA,NA,NA,NA,NA,NA,NA,NA,1,1,1,1,1,1,FALSE,FALSE,FALSE,TRUE,TRUE,TRUE
1751,ASV2461,FALSE,TRUE,TRUE,NA,NA,NA,NA,NA,NA,NA,NA,NA,NA,NA,NA,NA,NA,NA,NA,NA,NA,NA,NA,NA
1752,ASV2465,TRUE,FALSE,TRUE,NA,NA,NA,NA,NA,NA,NA,NA,NA,NA,NA,NA,NA,NA,NA,NA,NA,NA,NA,NA,NA
1753,ASV2466,TRUE,FALSE,TRUE,NA,NA,NA,NA,NA,NA,NA,NA,NA,NA,NA,NA,NA,NA,NA,NA,NA,NA,NA,NA,NA
1754,ASV2469,TRUE,FALSE,TRUE,NA,NA,NA,NA,NA,NA,NA,NA,NA,NA,NA,NA,NA,NA,NA,NA,NA,NA,NA,NA,NA
1755,ASV2470,TRUE,FALSE,TRUE,NA,NA,NA,NA,NA,NA,NA,NA,NA,NA,NA,NA,NA,NA,NA,NA,NA,NA,NA,NA,NA
1756,ASV2471,FALSE,FALSE,FALSE,NA,NA,NA,NA,NA,NA,NA,NA,NA,1,1,1,1,1,1,FALSE,FALSE,FALSE,FALSE,FALSE,TRUE
1757,ASV2476,FALSE,FALSE,FALSE,NA,NA,NA,NA,NA,NA,NA,NA,NA,1,1,1,1,1,1,FALSE,FALSE,FALSE,TRUE,TRUE,TRUE
1758,ASV2478,FALSE,FALSE,FALSE,NA,NA,NA,NA,NA,NA,NA,NA,NA,1,1,1,1,1,1,FALSE,FALSE,FALSE,TRUE,FALSE,TRUE
1759,ASV2479,TRUE,FALSE,TRUE,NA,NA,NA,NA,NA,NA,NA,NA,NA,NA,NA,NA,NA,NA,NA,NA,NA,NA,NA,NA,NA
1760,ASV2480,FALSE,TRUE,TRUE,NA,NA,NA,NA,NA,NA,NA,NA,NA,NA,NA,NA,NA,NA,NA,NA,NA,NA,NA,NA,NA
1761,ASV2481,TRUE,FALSE,TRUE,NA,NA,NA,NA,NA,NA,NA,NA,NA,NA,NA,NA,NA,NA,NA,NA,NA,NA,NA,NA,NA
1762,ASV2482,FALSE,FALSE,FALSE,NA,NA,NA,NA,NA,NA,NA,NA,NA,1,1,1,1,1,1,FALSE,FALSE,FALSE,TRUE,FALSE,TRUE
1763,ASV2483,FALSE,FALSE,FALSE,NA,NA,NA,NA,NA,NA,NA,NA,NA,1,1,1,1,1,1,FALSE,FALSE,FALSE,TRUE,FALSE,TRUE
1764,ASV2486,FALSE,FALSE,FALSE,NA,NA,NA,NA,NA,NA,NA,NA,NA,1,1,1,1,1,1,FALSE,FALSE,FALSE,TRUE,TRUE,TRUE
1765,ASV2487,TRUE,FALSE,TRUE,NA,NA,NA,NA,NA,NA,NA,NA,NA,NA,NA,NA,NA,NA,NA,NA,NA,NA,NA,NA,NA
1766,ASV2488,TRUE,FALSE,TRUE,NA,NA,NA,NA,NA,NA,NA,NA,NA,NA,NA,NA,NA,NA,NA,NA,NA,NA,NA,NA,NA
1767,ASV2490,FALSE,FALSE,FALSE,NA,NA,NA,NA,NA,NA,NA,NA,NA,1,1,1,1,1,1,FALSE,FALSE,FALSE,TRUE,FALSE,TRUE
1768,ASV2491,TRUE,FALSE,TRUE,NA,NA,NA,NA,NA,NA,NA,NA,NA,NA,NA,NA,NA,NA,NA,NA,NA,NA,NA,NA,NA
1769,ASV2492,FALSE,FALSE,FALSE,NA,NA,NA,NA,NA,NA,NA,NA,NA,1,1,1,1,1,1,FALSE,FALSE,FALSE,TRUE,TRUE,TRUE
1770,ASV2495,FALSE,FALSE,FALSE,NA,NA,NA,NA,NA,NA,NA,NA,NA,1,1,1,1,1,1,FALSE,FALSE,FALSE,TRUE,TRUE,TRUE
1771,ASV2499,FALSE,TRUE,TRUE,NA,NA,NA,NA,NA,NA,NA,NA,NA,NA,NA,NA,NA,NA,NA,NA,NA,NA,NA,NA,NA
1772,ASV2501,TRUE,FALSE,TRUE,NA,NA,NA,NA,NA,NA,NA,NA,NA,NA,NA,NA,NA,NA,NA,NA,NA,NA,NA,NA,NA
1773,ASV2502,FALSE,FALSE,FALSE,NA,NA,NA,NA,NA,NA,NA,NA,NA,1,1,1,1,1,1,FALSE,FALSE,FALSE,TRUE,TRUE,TRUE
1774,ASV2503,TRUE,FALSE,TRUE,NA,NA,NA,NA,NA,NA,NA,NA,NA,NA,NA,NA,NA,NA,NA,NA,NA,NA,NA,NA,NA
1775,ASV2504,FALSE,FALSE,FALSE,0.940541245,199.541.621.561.903,-239.493.419.365.571,0.116421708,0.242749335,0.219519985,807.874.459.986.227,822.006.872.863.484,-10.909.868.601.777,1,1,1,1,1,1,FALSE,FALSE,FALSE,TRUE,TRUE,TRUE
1776,ASV2507,TRUE,FALSE,TRUE,NA,NA,NA,NA,NA,NA,NA,NA,NA,NA,NA,NA,NA,NA,NA,NA,NA,NA,NA,NA,NA
1777,ASV2509,FALSE,FALSE,FALSE,NA,NA,NA,NA,NA,NA,NA,NA,NA,1,1,1,1,1,1,FALSE,FALSE,FALSE,TRUE,TRUE,TRUE
1778,ASV2510,FALSE,FALSE,FALSE,NA,NA,NA,NA,NA,NA,NA,NA,NA,1,1,1,1,1,1,FALSE,FALSE,FALSE,FALSE,FALSE,TRUE
1779,ASV2511,FALSE,FALSE,FALSE,NA,NA,NA,NA,NA,NA,NA,NA,NA,1,1,1,1,1,1,FALSE,FALSE,FALSE,TRUE,FALSE,TRUE
1780,ASV2512,FALSE,FALSE,FALSE,NA,NA,NA,NA,NA,NA,NA,NA,NA,1,1,1,1,1,1,FALSE,FALSE,FALSE,TRUE,TRUE,TRUE
1781,ASV2513,FALSE,FALSE,FALSE,NA,NA,NA,NA,NA,NA,NA,NA,NA,1,1,1,1,1,1,FALSE,FALSE,FALSE,FALSE,FALSE,TRUE
1782,ASV2514,FALSE,FALSE,FALSE,-0.050758668,-0.354439923,0.085046134,0.115017563,0.235340947,0.212112415,-0.441312326,-150.606.992.610.684,0.400948402,0.702112089,0.271011993,0.727237125,1,1,1,FALSE,FALSE,FALSE,TRUE,TRUE,TRUE
1783,ASV2517,FALSE,TRUE,TRUE,NA,NA,NA,NA,NA,NA,NA,NA,NA,NA,NA,NA,NA,NA,NA,NA,NA,NA,NA,NA,NA
1784,ASV2518,FALSE,TRUE,TRUE,NA,NA,NA,NA,NA,NA,NA,NA,NA,NA,NA,NA,NA,NA,NA,NA,NA,NA,NA,NA,NA
1785,ASV2520,FALSE,TRUE,TRUE,NA,NA,NA,NA,NA,NA,NA,NA,NA,NA,NA,NA,NA,NA,NA,NA,NA,NA,NA,NA,NA
1786,ASV2521,FALSE,FALSE,FALSE,NA,NA,NA,NA,NA,NA,NA,NA,NA,1,1,1,1,1,1,FALSE,FALSE,FALSE,TRUE,TRUE,TRUE
1787,ASV2523,FALSE,TRUE,TRUE,NA,NA,NA,NA,NA,NA,NA,NA,NA,NA,NA,NA,NA,NA,NA,NA,NA,NA,NA,NA,NA
1788,ASV2525,FALSE,FALSE,FALSE,-0.648332874,114.544.117.703.444,NA,0.221152335,0.276074015,NA,-293.161.215.284.918,414.903.653.936.226,NA,0.209277591,0.150566322,1,1,1,1,FALSE,FALSE,FALSE,TRUE,TRUE,TRUE
1789,ASV2527,FALSE,FALSE,FALSE,0.078542838,0.389958429,-0.435188798,0.114653103,0.239158842,0.215926787,0.685047642,163.054.154.670.419,-201.544.609.093.375,0.617633319,0.350227836,0.29321266,1,1,1,FALSE,FALSE,FALSE,TRUE,TRUE,TRUE
1790,ASV2528,FALSE,FALSE,FALSE,NA,NA,NA,NA,NA,NA,NA,NA,NA,1,1,1,1,1,1,FALSE,FALSE,FALSE,TRUE,FALSE,TRUE
1791,ASV2529,FALSE,FALSE,FALSE,NA,NA,NA,NA,NA,NA,NA,NA,NA,1,1,1,1,1,1,FALSE,FALSE,FALSE,TRUE,FALSE,TRUE
1792,ASV2530,TRUE,FALSE,TRUE,NA,NA,NA,NA,NA,NA,NA,NA,NA,NA,NA,NA,NA,NA,NA,NA,NA,NA,NA,NA,NA
1793,ASV2531,FALSE,FALSE,FALSE,0.217249615,-0.154779809,NA,0.118339137,0.246636924,NA,183.582.220.600.729,-0.627561382,NA,1,1,1,1,1,1,FALSE,FALSE,FALSE,TRUE,TRUE,TRUE
1794,ASV2533,FALSE,TRUE,TRUE,NA,NA,NA,NA,NA,NA,NA,NA,NA,NA,NA,NA,NA,NA,NA,NA,NA,NA,NA,NA,NA
1795,ASV2534,TRUE,FALSE,TRUE,NA,NA,NA,NA,NA,NA,NA,NA,NA,NA,NA,NA,NA,NA,NA,NA,NA,NA,NA,NA,NA
1796,ASV2535,FALSE,FALSE,FALSE,NA,NA,NA,NA,NA,NA,NA,NA,NA,1,1,1,1,1,1,FALSE,FALSE,FALSE,TRUE,FALSE,TRUE
1797,ASV2536,TRUE,FALSE,TRUE,NA,NA,NA,NA,NA,NA,NA,NA,NA,NA,NA,NA,NA,NA,NA,NA,NA,NA,NA,NA,NA
1798,ASV2537,FALSE,FALSE,FALSE,NA,NA,NA,NA,NA,NA,NA,NA,NA,1,1,1,1,1,1,FALSE,FALSE,FALSE,TRUE,FALSE,TRUE
1799,ASV2539,FALSE,FALSE,FALSE,-0.140955142,-0.659343031,0.312841028,0.123480076,0.241800853,0.218570268,-114.152.134.749.797,-272.680.192.365.971,143.130.642.465.006,0.371905365,0.112287547,0.288658506,1,1,1,FALSE,FALSE,FALSE,TRUE,TRUE,TRUE
1800,ASV2540,FALSE,FALSE,FALSE,NA,NA,NA,NA,NA,NA,NA,NA,NA,1,1,1,1,1,1,FALSE,FALSE,FALSE,FALSE,FALSE,TRUE
1801,ASV2541,FALSE,FALSE,FALSE,NA,NA,NA,NA,NA,NA,NA,NA,NA,1,1,1,1,1,1,FALSE,FALSE,FALSE,TRUE,TRUE,TRUE
1802,ASV2542,TRUE,FALSE,TRUE,NA,NA,NA,NA,NA,NA,NA,NA,NA,NA,NA,NA,NA,NA,NA,NA,NA,NA,NA,NA,NA
1803,ASV2547,TRUE,FALSE,TRUE,NA,NA,NA,NA,NA,NA,NA,NA,NA,NA,NA,NA,NA,NA,NA,NA,NA,NA,NA,NA,NA
1804,ASV2549,FALSE,FALSE,FALSE,NA,NA,NA,NA,NA,NA,NA,NA,NA,1,1,1,1,1,1,FALSE,FALSE,FALSE,TRUE,TRUE,TRUE
1805,ASV2550,FALSE,FALSE,FALSE,NA,NA,NA,NA,NA,NA,NA,NA,NA,1,1,1,1,1,1,FALSE,FALSE,FALSE,TRUE,FALSE,TRUE
1806,ASV2551,FALSE,FALSE,FALSE,NA,NA,NA,NA,NA,NA,NA,NA,NA,1,1,1,1,1,1,FALSE,FALSE,FALSE,FALSE,FALSE,TRUE
1807,ASV2552,FALSE,TRUE,TRUE,NA,NA,NA,NA,NA,NA,NA,NA,NA,NA,NA,NA,NA,NA,NA,NA,NA,NA,NA,NA,NA
1808,ASV2553,FALSE,TRUE,TRUE,NA,NA,NA,NA,NA,NA,NA,NA,NA,NA,NA,NA,NA,NA,NA,NA,NA,NA,NA,NA,NA
1809,ASV2554,TRUE,FALSE,TRUE,NA,NA,NA,NA,NA,NA,NA,NA,NA,NA,NA,NA,NA,NA,NA,NA,NA,NA,NA,NA,NA
1810,ASV2558,TRUE,FALSE,TRUE,NA,NA,NA,NA,NA,NA,NA,NA,NA,NA,NA,NA,NA,NA,NA,NA,NA,NA,NA,NA,NA
1811,ASV2559,FALSE,FALSE,FALSE,-0.840226148,0.504972243,164.627.499.493.288,0.116586627,0.243083907,0.219855078,-720.688.270.573.524,207.735.777.294.076,748.800.078.780.638,0.087774518,0.285614081,0.084518568,1,1,1,FALSE,FALSE,FALSE,TRUE,TRUE,TRUE
1812,ASV2560,FALSE,FALSE,FALSE,NA,NA,NA,NA,NA,NA,NA,NA,NA,1,1,1,1,1,1,FALSE,FALSE,FALSE,TRUE,TRUE,TRUE
1813,ASV2561,FALSE,TRUE,TRUE,NA,NA,NA,NA,NA,NA,NA,NA,NA,NA,NA,NA,NA,NA,NA,NA,NA,NA,NA,NA,NA
1814,ASV2566,FALSE,FALSE,FALSE,NA,NA,NA,NA,NA,NA,NA,NA,NA,1,1,1,1,1,1,FALSE,FALSE,FALSE,FALSE,FALSE,TRUE
1815,ASV2567,TRUE,FALSE,TRUE,NA,NA,NA,NA,NA,NA,NA,NA,NA,NA,NA,NA,NA,NA,NA,NA,NA,NA,NA,NA,NA
1816,ASV2568,TRUE,FALSE,TRUE,NA,NA,NA,NA,NA,NA,NA,NA,NA,NA,NA,NA,NA,NA,NA,NA,NA,NA,NA,NA,NA
1817,ASV2573,FALSE,FALSE,FALSE,NA,NA,NA,NA,NA,NA,NA,NA,NA,1,1,1,1,1,1,FALSE,FALSE,FALSE,FALSE,FALSE,TRUE
1818,ASV2574,TRUE,FALSE,TRUE,NA,NA,NA,NA,NA,NA,NA,NA,NA,NA,NA,NA,NA,NA,NA,NA,NA,NA,NA,NA,NA
1819,ASV2575,TRUE,FALSE,TRUE,NA,NA,NA,NA,NA,NA,NA,NA,NA,NA,NA,NA,NA,NA,NA,NA,NA,NA,NA,NA,NA
1820,ASV2576,FALSE,FALSE,FALSE,NA,NA,NA,NA,NA,NA,NA,NA,NA,1,1,1,1,1,1,FALSE,FALSE,FALSE,TRUE,FALSE,TRUE
1821,ASV2577,FALSE,FALSE,FALSE,NA,NA,NA,NA,NA,NA,NA,NA,NA,1,1,1,1,1,1,FALSE,FALSE,FALSE,TRUE,TRUE,TRUE
1822,ASV2578,TRUE,FALSE,TRUE,NA,NA,NA,NA,NA,NA,NA,NA,NA,NA,NA,NA,NA,NA,NA,NA,NA,NA,NA,NA,NA
1823,ASV2582,TRUE,FALSE,TRUE,NA,NA,NA,NA,NA,NA,NA,NA,NA,NA,NA,NA,NA,NA,NA,NA,NA,NA,NA,NA,NA
1824,ASV2584,FALSE,FALSE,FALSE,NA,NA,NA,NA,NA,NA,NA,NA,NA,1,1,1,1,1,1,FALSE,FALSE,FALSE,TRUE,TRUE,TRUE
1825,ASV2585,FALSE,FALSE,FALSE,NA,NA,NA,NA,NA,NA,NA,NA,NA,1,1,1,1,1,1,FALSE,FALSE,FALSE,TRUE,FALSE,TRUE
1826,ASV2586,TRUE,FALSE,TRUE,NA,NA,NA,NA,NA,NA,NA,NA,NA,NA,NA,NA,NA,NA,NA,NA,NA,NA,NA,NA,NA
1827,ASV2587,FALSE,FALSE,FALSE,NA,NA,NA,NA,NA,NA,NA,NA,NA,1,1,1,1,1,1,FALSE,FALSE,FALSE,FALSE,FALSE,TRUE
1828,ASV2588,FALSE,TRUE,TRUE,NA,NA,NA,NA,NA,NA,NA,NA,NA,NA,NA,NA,NA,NA,NA,NA,NA,NA,NA,NA,NA
1829,ASV2590,FALSE,TRUE,TRUE,NA,NA,NA,NA,NA,NA,NA,NA,NA,NA,NA,NA,NA,NA,NA,NA,NA,NA,NA,NA,NA
1830,ASV2593,FALSE,FALSE,FALSE,NA,NA,NA,NA,NA,NA,NA,NA,NA,1,1,1,1,1,1,FALSE,FALSE,FALSE,TRUE,FALSE,TRUE
1831,ASV2595,FALSE,FALSE,FALSE,NA,NA,NA,NA,NA,NA,NA,NA,NA,1,1,1,1,1,1,FALSE,FALSE,FALSE,TRUE,TRUE,TRUE
1832,ASV2596,FALSE,FALSE,FALSE,NA,NA,NA,NA,NA,NA,NA,NA,NA,1,1,1,1,1,1,FALSE,FALSE,FALSE,TRUE,TRUE,TRUE
1833,ASV2600,TRUE,FALSE,TRUE,NA,NA,NA,NA,NA,NA,NA,NA,NA,NA,NA,NA,NA,NA,NA,NA,NA,NA,NA,NA,NA
1834,ASV2603,FALSE,FALSE,FALSE,NA,NA,NA,NA,NA,NA,NA,NA,NA,1,1,1,1,1,1,FALSE,FALSE,FALSE,TRUE,FALSE,TRUE
1835,ASV2604,FALSE,FALSE,FALSE,NA,NA,NA,NA,NA,NA,NA,NA,NA,1,1,1,1,1,1,FALSE,FALSE,FALSE,TRUE,FALSE,TRUE
1836,ASV2606,FALSE,FALSE,FALSE,NA,NA,NA,NA,NA,NA,NA,NA,NA,1,1,1,1,1,1,FALSE,FALSE,FALSE,TRUE,TRUE,TRUE
1837,ASV2607,FALSE,FALSE,FALSE,NA,NA,NA,NA,NA,NA,NA,NA,NA,1,1,1,1,1,1,FALSE,FALSE,FALSE,FALSE,FALSE,TRUE
1838,ASV2609,TRUE,FALSE,TRUE,NA,NA,NA,NA,NA,NA,NA,NA,NA,NA,NA,NA,NA,NA,NA,NA,NA,NA,NA,NA,NA
1839,ASV2610,FALSE,TRUE,TRUE,NA,NA,NA,NA,NA,NA,NA,NA,NA,NA,NA,NA,NA,NA,NA,NA,NA,NA,NA,NA,NA
1840,ASV2611,FALSE,FALSE,FALSE,NA,NA,NA,NA,NA,NA,NA,NA,NA,1,1,1,1,1,1,FALSE,FALSE,FALSE,TRUE,FALSE,TRUE
1841,ASV2612,TRUE,FALSE,TRUE,NA,NA,NA,NA,NA,NA,NA,NA,NA,NA,NA,NA,NA,NA,NA,NA,NA,NA,NA,NA,NA
1842,ASV2613,FALSE,FALSE,FALSE,NA,NA,NA,NA,NA,NA,NA,NA,NA,1,1,1,1,1,1,FALSE,FALSE,FALSE,TRUE,TRUE,TRUE
1843,ASV2614,FALSE,FALSE,FALSE,NA,NA,NA,NA,NA,NA,NA,NA,NA,1,1,1,1,1,1,FALSE,FALSE,FALSE,TRUE,FALSE,TRUE
1844,ASV2618,FALSE,TRUE,TRUE,NA,NA,NA,NA,NA,NA,NA,NA,NA,NA,NA,NA,NA,NA,NA,NA,NA,NA,NA,NA,NA
1845,ASV2619,FALSE,FALSE,FALSE,NA,NA,NA,NA,NA,NA,NA,NA,NA,1,1,1,1,1,1,FALSE,FALSE,FALSE,TRUE,FALSE,TRUE
1846,ASV2620,FALSE,FALSE,FALSE,NA,NA,NA,NA,NA,NA,NA,NA,NA,1,1,1,1,1,1,FALSE,FALSE,FALSE,TRUE,FALSE,TRUE
1847,ASV2623,FALSE,TRUE,TRUE,NA,NA,NA,NA,NA,NA,NA,NA,NA,NA,NA,NA,NA,NA,NA,NA,NA,NA,NA,NA,NA
1848,ASV2624,FALSE,FALSE,FALSE,0.070925293,-0.225684954,NA,0.118339137,0.246636924,NA,0.599339279,-0.915049339,NA,1,1,1,1,1,1,FALSE,FALSE,FALSE,TRUE,TRUE,TRUE
1849,ASV2626,TRUE,FALSE,TRUE,NA,NA,NA,NA,NA,NA,NA,NA,NA,NA,NA,NA,NA,NA,NA,NA,NA,NA,NA,NA,NA
1850,ASV2630,FALSE,FALSE,FALSE,-0.01225595,-0.380950237,0.231094838,0.11768211,0.240977174,0.217745812,-0.104144547,-158.085.610.522.873,106.130.554.679.662,0.933937675,0.359068468,0.481071791,1,1,1,FALSE,FALSE,FALSE,TRUE,TRUE,TRUE
1851,ASV2631,FALSE,FALSE,FALSE,-0.114279745,-0.713128054,0.403897686,0.119451343,0.248889738,0.225676384,-0.956705403,-286.523.687.400.145,178.972.065.763.994,0.514083724,0.213772929,0.3243791,1,1,1,FALSE,FALSE,FALSE,TRUE,TRUE,TRUE
1852,ASV2632,FALSE,FALSE,FALSE,NA,NA,NA,NA,NA,NA,NA,NA,NA,1,1,1,1,1,1,FALSE,FALSE,FALSE,TRUE,FALSE,TRUE
1853,ASV2635,FALSE,FALSE,FALSE,0.072131334,-0.237986239,NA,0.118339137,0.246636924,NA,0.609530678,-0.964925428,NA,1,1,1,1,1,1,FALSE,FALSE,FALSE,TRUE,TRUE,TRUE
1854,ASV2638,FALSE,FALSE,FALSE,NA,NA,NA,NA,NA,NA,NA,NA,NA,1,1,1,1,1,1,FALSE,FALSE,FALSE,TRUE,TRUE,TRUE
1855,ASV2639,FALSE,FALSE,FALSE,NA,NA,NA,NA,NA,NA,NA,NA,NA,1,1,1,1,1,1,FALSE,FALSE,FALSE,TRUE,FALSE,TRUE
1856,ASV2640,FALSE,FALSE,FALSE,NA,NA,NA,NA,NA,NA,NA,NA,NA,1,1,1,1,1,1,FALSE,FALSE,FALSE,TRUE,FALSE,TRUE
1857,ASV2642,FALSE,FALSE,FALSE,NA,NA,NA,NA,NA,NA,NA,NA,NA,1,1,1,1,1,1,FALSE,FALSE,FALSE,TRUE,TRUE,TRUE
1858,ASV2643,TRUE,FALSE,TRUE,NA,NA,NA,NA,NA,NA,NA,NA,NA,NA,NA,NA,NA,NA,NA,NA,NA,NA,NA,NA,NA
1859,ASV2646,TRUE,FALSE,TRUE,NA,NA,NA,NA,NA,NA,NA,NA,NA,NA,NA,NA,NA,NA,NA,NA,NA,NA,NA,NA,NA
1860,ASV2647,TRUE,FALSE,TRUE,NA,NA,NA,NA,NA,NA,NA,NA,NA,NA,NA,NA,NA,NA,NA,NA,NA,NA,NA,NA,NA
1861,ASV2648,TRUE,FALSE,TRUE,NA,NA,NA,NA,NA,NA,NA,NA,NA,NA,NA,NA,NA,NA,NA,NA,NA,NA,NA,NA,NA
1862,ASV2649,FALSE,FALSE,FALSE,NA,NA,NA,NA,NA,NA,NA,NA,NA,1,1,1,1,1,1,FALSE,FALSE,FALSE,TRUE,FALSE,TRUE
1863,ASV2651,FALSE,FALSE,FALSE,NA,NA,NA,NA,NA,NA,NA,NA,NA,1,1,1,1,1,1,FALSE,FALSE,FALSE,TRUE,TRUE,TRUE
1864,ASV2652,FALSE,FALSE,FALSE,NA,NA,NA,NA,NA,NA,NA,NA,NA,1,1,1,1,1,1,FALSE,FALSE,FALSE,TRUE,TRUE,TRUE
1865,ASV2653,TRUE,FALSE,TRUE,NA,NA,NA,NA,NA,NA,NA,NA,NA,NA,NA,NA,NA,NA,NA,NA,NA,NA,NA,NA,NA
1866,ASV2654,TRUE,FALSE,TRUE,NA,NA,NA,NA,NA,NA,NA,NA,NA,NA,NA,NA,NA,NA,NA,NA,NA,NA,NA,NA,NA
1867,ASV2655,FALSE,FALSE,FALSE,NA,NA,NA,NA,NA,NA,NA,NA,NA,1,1,1,1,1,1,FALSE,FALSE,FALSE,TRUE,TRUE,TRUE
1868,ASV2657,FALSE,TRUE,TRUE,NA,NA,NA,NA,NA,NA,NA,NA,NA,NA,NA,NA,NA,NA,NA,NA,NA,NA,NA,NA,NA
1869,ASV2658,FALSE,FALSE,FALSE,-0.366765491,0.005106334,NA,0.118339137,0.246636924,NA,-309.927.467.916.857,0.020703849,NA,1,1,1,1,1,1,FALSE,FALSE,FALSE,TRUE,TRUE,TRUE
1870,ASV2660,TRUE,FALSE,TRUE,NA,NA,NA,NA,NA,NA,NA,NA,NA,NA,NA,NA,NA,NA,NA,NA,NA,NA,NA,NA,NA
1871,ASV2663,FALSE,TRUE,TRUE,NA,NA,NA,NA,NA,NA,NA,NA,NA,NA,NA,NA,NA,NA,NA,NA,NA,NA,NA,NA,NA
1872,ASV2664,FALSE,FALSE,FALSE,NA,NA,NA,NA,NA,NA,NA,NA,NA,1,1,1,1,1,1,FALSE,FALSE,FALSE,TRUE,TRUE,TRUE
1873,ASV2665,FALSE,FALSE,FALSE,NA,NA,NA,NA,NA,NA,NA,NA,NA,1,1,1,1,1,1,FALSE,FALSE,FALSE,FALSE,FALSE,TRUE
1874,ASV2667,FALSE,FALSE,FALSE,NA,NA,NA,NA,NA,NA,NA,NA,NA,1,1,1,1,1,1,FALSE,FALSE,FALSE,TRUE,FALSE,TRUE
1875,ASV2668,FALSE,FALSE,FALSE,NA,NA,NA,NA,NA,NA,NA,NA,NA,1,1,1,1,1,1,FALSE,FALSE,FALSE,TRUE,FALSE,TRUE
1876,ASV2670,TRUE,FALSE,TRUE,NA,NA,NA,NA,NA,NA,NA,NA,NA,NA,NA,NA,NA,NA,NA,NA,NA,NA,NA,NA,NA
1877,ASV2671,TRUE,FALSE,TRUE,NA,NA,NA,NA,NA,NA,NA,NA,NA,NA,NA,NA,NA,NA,NA,NA,NA,NA,NA,NA,NA
1878,ASV2673,FALSE,TRUE,TRUE,NA,NA,NA,NA,NA,NA,NA,NA,NA,NA,NA,NA,NA,NA,NA,NA,NA,NA,NA,NA,NA
1879,ASV2677,FALSE,FALSE,FALSE,NA,NA,NA,NA,NA,NA,NA,NA,NA,1,1,1,1,1,1,FALSE,FALSE,FALSE,FALSE,FALSE,TRUE
1880,ASV2678,FALSE,FALSE,FALSE,NA,NA,NA,NA,NA,NA,NA,NA,NA,1,1,1,1,1,1,FALSE,FALSE,FALSE,FALSE,FALSE,TRUE
1881,ASV2679,FALSE,FALSE,FALSE,NA,NA,NA,NA,NA,NA,NA,NA,NA,1,1,1,1,1,1,FALSE,FALSE,FALSE,TRUE,FALSE,TRUE
1882,ASV2680,FALSE,FALSE,FALSE,NA,NA,NA,NA,NA,NA,NA,NA,NA,1,1,1,1,1,1,FALSE,FALSE,FALSE,FALSE,FALSE,TRUE
1883,ASV2685,FALSE,FALSE,FALSE,NA,NA,NA,NA,NA,NA,NA,NA,NA,1,1,1,1,1,1,FALSE,FALSE,FALSE,TRUE,FALSE,TRUE
1884,ASV2686,FALSE,FALSE,FALSE,NA,NA,NA,NA,NA,NA,NA,NA,NA,1,1,1,1,1,1,FALSE,FALSE,FALSE,TRUE,FALSE,TRUE
1885,ASV2687,FALSE,FALSE,FALSE,NA,NA,NA,NA,NA,NA,NA,NA,NA,1,1,1,1,1,1,FALSE,FALSE,FALSE,TRUE,FALSE,TRUE
1886,ASV2690,FALSE,FALSE,FALSE,NA,NA,NA,NA,NA,NA,NA,NA,NA,1,1,1,1,1,1,FALSE,FALSE,FALSE,TRUE,TRUE,TRUE
1887,ASV2691,FALSE,FALSE,FALSE,NA,NA,NA,NA,NA,NA,NA,NA,NA,1,1,1,1,1,1,FALSE,FALSE,FALSE,TRUE,TRUE,TRUE
1888,ASV2693,FALSE,FALSE,FALSE,NA,NA,NA,NA,NA,NA,NA,NA,NA,1,1,1,1,1,1,FALSE,FALSE,FALSE,TRUE,TRUE,TRUE
1889,ASV2694,FALSE,FALSE,FALSE,NA,NA,NA,NA,NA,NA,NA,NA,NA,1,1,1,1,1,1,FALSE,FALSE,FALSE,FALSE,FALSE,TRUE
1890,ASV2695,FALSE,TRUE,TRUE,NA,NA,NA,NA,NA,NA,NA,NA,NA,NA,NA,NA,NA,NA,NA,NA,NA,NA,NA,NA,NA
1891,ASV2696,FALSE,TRUE,TRUE,NA,NA,NA,NA,NA,NA,NA,NA,NA,NA,NA,NA,NA,NA,NA,NA,NA,NA,NA,NA,NA
1892,ASV2698,FALSE,FALSE,FALSE,NA,NA,NA,NA,NA,NA,NA,NA,NA,1,1,1,1,1,1,FALSE,FALSE,FALSE,TRUE,TRUE,TRUE
1893,ASV2699,FALSE,FALSE,FALSE,NA,NA,NA,NA,NA,NA,NA,NA,NA,1,1,1,1,1,1,FALSE,FALSE,FALSE,TRUE,TRUE,TRUE
1894,ASV2700,FALSE,FALSE,FALSE,NA,NA,NA,NA,NA,NA,NA,NA,NA,1,1,1,1,1,1,FALSE,FALSE,FALSE,TRUE,TRUE,TRUE
1895,ASV2702,FALSE,FALSE,FALSE,NA,NA,NA,NA,NA,NA,NA,NA,NA,1,1,1,1,1,1,FALSE,FALSE,FALSE,TRUE,FALSE,TRUE
1896,ASV2703,TRUE,FALSE,TRUE,NA,NA,NA,NA,NA,NA,NA,NA,NA,NA,NA,NA,NA,NA,NA,NA,NA,NA,NA,NA,NA
1897,ASV2704,TRUE,FALSE,TRUE,NA,NA,NA,NA,NA,NA,NA,NA,NA,NA,NA,NA,NA,NA,NA,NA,NA,NA,NA,NA,NA
1898,ASV2708,FALSE,TRUE,TRUE,NA,NA,NA,NA,NA,NA,NA,NA,NA,NA,NA,NA,NA,NA,NA,NA,NA,NA,NA,NA,NA
1899,ASV2709,TRUE,FALSE,TRUE,NA,NA,NA,NA,NA,NA,NA,NA,NA,NA,NA,NA,NA,NA,NA,NA,NA,NA,NA,NA,NA
1900,ASV2710,FALSE,FALSE,FALSE,NA,NA,NA,NA,NA,NA,NA,NA,NA,1,1,1,1,1,1,FALSE,FALSE,FALSE,TRUE,FALSE,TRUE
1901,ASV2711,FALSE,FALSE,FALSE,NA,NA,NA,NA,NA,NA,NA,NA,NA,1,1,1,1,1,1,FALSE,FALSE,FALSE,TRUE,FALSE,TRUE
1902,ASV2712,FALSE,FALSE,FALSE,NA,NA,NA,NA,NA,NA,NA,NA,NA,1,1,1,1,1,1,FALSE,FALSE,FALSE,TRUE,FALSE,TRUE
1903,ASV2713,TRUE,FALSE,TRUE,NA,NA,NA,NA,NA,NA,NA,NA,NA,NA,NA,NA,NA,NA,NA,NA,NA,NA,NA,NA,NA
1904,ASV2714,TRUE,FALSE,TRUE,NA,NA,NA,NA,NA,NA,NA,NA,NA,NA,NA,NA,NA,NA,NA,NA,NA,NA,NA,NA,NA
1905,ASV2715,TRUE,FALSE,TRUE,NA,NA,NA,NA,NA,NA,NA,NA,NA,NA,NA,NA,NA,NA,NA,NA,NA,NA,NA,NA,NA
1906,ASV2717,FALSE,FALSE,FALSE,-0.495638646,115.972.150.389.975,NA,0.118339137,0.246636924,NA,-418.829.018.950.036,470.214.064.429.942,NA,1,1,1,1,1,1,FALSE,FALSE,FALSE,TRUE,TRUE,TRUE
1907,ASV2718,FALSE,FALSE,FALSE,NA,NA,NA,NA,NA,NA,NA,NA,NA,1,1,1,1,1,1,FALSE,FALSE,FALSE,TRUE,FALSE,TRUE
1908,ASV2719,TRUE,FALSE,TRUE,NA,NA,NA,NA,NA,NA,NA,NA,NA,NA,NA,NA,NA,NA,NA,NA,NA,NA,NA,NA,NA
1909,ASV2720,FALSE,TRUE,TRUE,NA,NA,NA,NA,NA,NA,NA,NA,NA,NA,NA,NA,NA,NA,NA,NA,NA,NA,NA,NA,NA
1910,ASV2725,FALSE,FALSE,FALSE,NA,NA,NA,NA,NA,NA,NA,NA,NA,1,1,1,1,1,1,FALSE,FALSE,FALSE,TRUE,FALSE,TRUE
1911,ASV2726,FALSE,FALSE,FALSE,NA,NA,NA,NA,NA,NA,NA,NA,NA,1,1,1,1,1,1,FALSE,FALSE,FALSE,TRUE,TRUE,TRUE
1912,ASV2727,FALSE,FALSE,FALSE,NA,NA,NA,NA,NA,NA,NA,NA,NA,1,1,1,1,1,1,FALSE,FALSE,FALSE,TRUE,FALSE,TRUE
1913,ASV2729,FALSE,TRUE,TRUE,NA,NA,NA,NA,NA,NA,NA,NA,NA,NA,NA,NA,NA,NA,NA,NA,NA,NA,NA,NA,NA
1914,ASV2732,TRUE,FALSE,TRUE,NA,NA,NA,NA,NA,NA,NA,NA,NA,NA,NA,NA,NA,NA,NA,NA,NA,NA,NA,NA,NA
1915,ASV2733,TRUE,FALSE,TRUE,NA,NA,NA,NA,NA,NA,NA,NA,NA,NA,NA,NA,NA,NA,NA,NA,NA,NA,NA,NA,NA
1916,ASV2734,FALSE,FALSE,FALSE,-0.529579616,-0.840978067,112.016.930.183.342,0.116421708,0.242749335,0.219519985,-454.880.472.691.413,-346.438.875.880.144,51.028.123.975.684,1,1,1,1,1,1,FALSE,FALSE,FALSE,TRUE,TRUE,TRUE
1917,ASV2736,FALSE,FALSE,FALSE,NA,NA,NA,NA,NA,NA,NA,NA,NA,1,1,1,1,1,1,FALSE,FALSE,FALSE,TRUE,FALSE,TRUE
1918,ASV2737,FALSE,FALSE,FALSE,NA,NA,NA,NA,NA,NA,NA,NA,NA,1,1,1,1,1,1,FALSE,FALSE,FALSE,TRUE,FALSE,TRUE
1919,ASV2738,TRUE,FALSE,TRUE,NA,NA,NA,NA,NA,NA,NA,NA,NA,NA,NA,NA,NA,NA,NA,NA,NA,NA,NA,NA,NA
1920,ASV2739,TRUE,FALSE,TRUE,NA,NA,NA,NA,NA,NA,NA,NA,NA,NA,NA,NA,NA,NA,NA,NA,NA,NA,NA,NA,NA
1921,ASV2740,FALSE,FALSE,FALSE,NA,NA,NA,NA,NA,NA,NA,NA,NA,1,1,1,1,1,1,FALSE,FALSE,FALSE,FALSE,FALSE,FALSE
1922,ASV2749,FALSE,FALSE,FALSE,NA,NA,NA,NA,NA,NA,NA,NA,NA,1,1,1,1,1,1,FALSE,FALSE,FALSE,TRUE,FALSE,TRUE
1923,ASV2751,FALSE,TRUE,TRUE,NA,NA,NA,NA,NA,NA,NA,NA,NA,NA,NA,NA,NA,NA,NA,NA,NA,NA,NA,NA,NA
1924,ASV2752,TRUE,FALSE,TRUE,NA,NA,NA,NA,NA,NA,NA,NA,NA,NA,NA,NA,NA,NA,NA,NA,NA,NA,NA,NA,NA
1925,ASV2753,FALSE,TRUE,TRUE,NA,NA,NA,NA,NA,NA,NA,NA,NA,NA,NA,NA,NA,NA,NA,NA,NA,NA,NA,NA,NA
1926,ASV2754,TRUE,FALSE,TRUE,NA,NA,NA,NA,NA,NA,NA,NA,NA,NA,NA,NA,NA,NA,NA,NA,NA,NA,NA,NA,NA
1927,ASV2756,FALSE,FALSE,FALSE,NA,NA,NA,NA,NA,NA,NA,NA,NA,1,1,1,1,1,1,FALSE,FALSE,FALSE,TRUE,TRUE,TRUE
1928,ASV2758,FALSE,FALSE,FALSE,NA,NA,NA,NA,NA,NA,NA,NA,NA,1,1,1,1,1,1,FALSE,FALSE,FALSE,TRUE,FALSE,TRUE
1929,ASV2759,FALSE,FALSE,FALSE,NA,NA,NA,NA,NA,NA,NA,NA,NA,1,1,1,1,1,1,FALSE,FALSE,FALSE,TRUE,TRUE,TRUE
1930,ASV2760,FALSE,FALSE,FALSE,NA,NA,NA,NA,NA,NA,NA,NA,NA,1,1,1,1,1,1,FALSE,FALSE,FALSE,TRUE,FALSE,TRUE
1931,ASV2761,TRUE,FALSE,TRUE,NA,NA,NA,NA,NA,NA,NA,NA,NA,NA,NA,NA,NA,NA,NA,NA,NA,NA,NA,NA,NA
1932,ASV2763,FALSE,TRUE,TRUE,NA,NA,NA,NA,NA,NA,NA,NA,NA,NA,NA,NA,NA,NA,NA,NA,NA,NA,NA,NA,NA
1933,ASV2764,TRUE,FALSE,TRUE,NA,NA,NA,NA,NA,NA,NA,NA,NA,NA,NA,NA,NA,NA,NA,NA,NA,NA,NA,NA,NA
1934,ASV2767,TRUE,FALSE,TRUE,NA,NA,NA,NA,NA,NA,NA,NA,NA,NA,NA,NA,NA,NA,NA,NA,NA,NA,NA,NA,NA
1935,ASV2769,FALSE,FALSE,FALSE,NA,NA,NA,NA,NA,NA,NA,NA,NA,1,1,1,1,1,1,FALSE,FALSE,FALSE,TRUE,TRUE,TRUE
1936,ASV2770,TRUE,FALSE,TRUE,NA,NA,NA,NA,NA,NA,NA,NA,NA,NA,NA,NA,NA,NA,NA,NA,NA,NA,NA,NA,NA
1937,ASV2771,FALSE,FALSE,FALSE,NA,NA,NA,NA,NA,NA,NA,NA,NA,1,1,1,1,1,1,FALSE,FALSE,FALSE,TRUE,FALSE,TRUE
1938,ASV2775,FALSE,TRUE,TRUE,NA,NA,NA,NA,NA,NA,NA,NA,NA,NA,NA,NA,NA,NA,NA,NA,NA,NA,NA,NA,NA
1939,ASV2776,FALSE,TRUE,TRUE,NA,NA,NA,NA,NA,NA,NA,NA,NA,NA,NA,NA,NA,NA,NA,NA,NA,NA,NA,NA,NA
1940,ASV2777,FALSE,FALSE,FALSE,NA,NA,NA,NA,NA,NA,NA,NA,NA,1,1,1,1,1,1,FALSE,FALSE,FALSE,FALSE,FALSE,TRUE
1941,ASV2778,FALSE,FALSE,FALSE,NA,NA,NA,NA,NA,NA,NA,NA,NA,1,1,1,1,1,1,FALSE,FALSE,FALSE,TRUE,FALSE,TRUE
1942,ASV2779,FALSE,FALSE,FALSE,NA,NA,NA,NA,NA,NA,NA,NA,NA,1,1,1,1,1,1,FALSE,FALSE,FALSE,FALSE,FALSE,TRUE
1943,ASV2780,FALSE,FALSE,FALSE,NA,NA,NA,NA,NA,NA,NA,NA,NA,1,1,1,1,1,1,FALSE,FALSE,FALSE,TRUE,TRUE,TRUE
1944,ASV2781,FALSE,TRUE,TRUE,NA,NA,NA,NA,NA,NA,NA,NA,NA,NA,NA,NA,NA,NA,NA,NA,NA,NA,NA,NA,NA
1945,ASV2784,TRUE,FALSE,TRUE,NA,NA,NA,NA,NA,NA,NA,NA,NA,NA,NA,NA,NA,NA,NA,NA,NA,NA,NA,NA,NA
1946,ASV2786,FALSE,FALSE,FALSE,NA,NA,NA,NA,NA,NA,NA,NA,NA,1,1,1,1,1,1,FALSE,FALSE,FALSE,TRUE,TRUE,TRUE
1947,ASV2787,TRUE,FALSE,TRUE,NA,NA,NA,NA,NA,NA,NA,NA,NA,NA,NA,NA,NA,NA,NA,NA,NA,NA,NA,NA,NA
1948,ASV2788,FALSE,FALSE,FALSE,NA,NA,NA,NA,NA,NA,NA,NA,NA,1,1,1,1,1,1,FALSE,FALSE,FALSE,TRUE,FALSE,TRUE
1949,ASV2789,FALSE,FALSE,FALSE,NA,NA,NA,NA,NA,NA,NA,NA,NA,1,1,1,1,1,1,FALSE,FALSE,FALSE,TRUE,TRUE,TRUE
1950,ASV2791,FALSE,FALSE,FALSE,NA,NA,NA,NA,NA,NA,NA,NA,NA,1,1,1,1,1,1,FALSE,FALSE,FALSE,TRUE,TRUE,TRUE
1951,ASV2793,TRUE,FALSE,TRUE,NA,NA,NA,NA,NA,NA,NA,NA,NA,NA,NA,NA,NA,NA,NA,NA,NA,NA,NA,NA,NA
1952,ASV2794,TRUE,FALSE,TRUE,NA,NA,NA,NA,NA,NA,NA,NA,NA,NA,NA,NA,NA,NA,NA,NA,NA,NA,NA,NA,NA
1953,ASV2795,FALSE,TRUE,TRUE,NA,NA,NA,NA,NA,NA,NA,NA,NA,NA,NA,NA,NA,NA,NA,NA,NA,NA,NA,NA,NA
1954,ASV2796,TRUE,FALSE,TRUE,NA,NA,NA,NA,NA,NA,NA,NA,NA,NA,NA,NA,NA,NA,NA,NA,NA,NA,NA,NA,NA
1955,ASV2797,FALSE,FALSE,FALSE,NA,NA,NA,NA,NA,NA,NA,NA,NA,1,1,1,1,1,1,FALSE,FALSE,FALSE,TRUE,TRUE,TRUE
1956,ASV2798,TRUE,FALSE,TRUE,NA,NA,NA,NA,NA,NA,NA,NA,NA,NA,NA,NA,NA,NA,NA,NA,NA,NA,NA,NA,NA
1957,ASV2799,FALSE,FALSE,FALSE,-0.663349098,0.770112755,0.320261806,0.126441733,0.247221262,0.224002284,-524.628.287.124.552,311.507.492.277.427,142.972.562.553.588,0.119908438,0.197751628,0.388558715,1,1,1,FALSE,FALSE,FALSE,TRUE,TRUE,TRUE
1958,ASV2800,TRUE,FALSE,TRUE,NA,NA,NA,NA,NA,NA,NA,NA,NA,NA,NA,NA,NA,NA,NA,NA,NA,NA,NA,NA,NA
1959,ASV2801,FALSE,FALSE,FALSE,NA,NA,NA,NA,NA,NA,NA,NA,NA,1,1,1,1,1,1,FALSE,FALSE,FALSE,TRUE,TRUE,TRUE
1960,ASV2807,FALSE,FALSE,FALSE,NA,NA,NA,NA,NA,NA,NA,NA,NA,1,1,1,1,1,1,FALSE,FALSE,FALSE,TRUE,TRUE,TRUE
1961,ASV2809,FALSE,TRUE,TRUE,NA,NA,NA,NA,NA,NA,NA,NA,NA,NA,NA,NA,NA,NA,NA,NA,NA,NA,NA,NA,NA
1962,ASV2810,FALSE,FALSE,FALSE,NA,NA,NA,NA,NA,NA,NA,NA,NA,1,1,1,1,1,1,FALSE,FALSE,FALSE,TRUE,TRUE,TRUE
1963,ASV2811,FALSE,FALSE,FALSE,NA,NA,NA,NA,NA,NA,NA,NA,NA,1,1,1,1,1,1,FALSE,FALSE,FALSE,TRUE,TRUE,TRUE
1964,ASV2812,TRUE,FALSE,TRUE,NA,NA,NA,NA,NA,NA,NA,NA,NA,NA,NA,NA,NA,NA,NA,NA,NA,NA,NA,NA,NA
1965,ASV2813,FALSE,FALSE,FALSE,NA,NA,NA,NA,NA,NA,NA,NA,NA,1,1,1,1,1,1,FALSE,FALSE,FALSE,TRUE,TRUE,TRUE
1966,ASV2822,FALSE,FALSE,FALSE,NA,NA,NA,NA,NA,NA,NA,NA,NA,1,1,1,1,1,1,FALSE,FALSE,FALSE,FALSE,FALSE,TRUE
1967,ASV2825,TRUE,FALSE,TRUE,NA,NA,NA,NA,NA,NA,NA,NA,NA,NA,NA,NA,NA,NA,NA,NA,NA,NA,NA,NA,NA
1968,ASV2826,FALSE,TRUE,TRUE,NA,NA,NA,NA,NA,NA,NA,NA,NA,NA,NA,NA,NA,NA,NA,NA,NA,NA,NA,NA,NA
1969,ASV2829,TRUE,FALSE,TRUE,NA,NA,NA,NA,NA,NA,NA,NA,NA,NA,NA,NA,NA,NA,NA,NA,NA,NA,NA,NA,NA
1970,ASV2830,TRUE,FALSE,TRUE,NA,NA,NA,NA,NA,NA,NA,NA,NA,NA,NA,NA,NA,NA,NA,NA,NA,NA,NA,NA,NA
1971,ASV2831,FALSE,FALSE,FALSE,NA,NA,NA,NA,NA,NA,NA,NA,NA,1,1,1,1,1,1,FALSE,FALSE,FALSE,FALSE,FALSE,TRUE
1972,ASV2832,FALSE,FALSE,FALSE,NA,NA,NA,NA,NA,NA,NA,NA,NA,1,1,1,1,1,1,FALSE,FALSE,FALSE,TRUE,FALSE,TRUE
1973,ASV2834,TRUE,FALSE,TRUE,NA,NA,NA,NA,NA,NA,NA,NA,NA,NA,NA,NA,NA,NA,NA,NA,NA,NA,NA,NA,NA
1974,ASV2836,TRUE,FALSE,TRUE,NA,NA,NA,NA,NA,NA,NA,NA,NA,NA,NA,NA,NA,NA,NA,NA,NA,NA,NA,NA,NA
1975,ASV2837,TRUE,FALSE,TRUE,NA,NA,NA,NA,NA,NA,NA,NA,NA,NA,NA,NA,NA,NA,NA,NA,NA,NA,NA,NA,NA
1976,ASV2838,FALSE,FALSE,FALSE,NA,NA,NA,NA,NA,NA,NA,NA,NA,1,1,1,1,1,1,FALSE,FALSE,FALSE,TRUE,FALSE,TRUE
1977,ASV2839,FALSE,FALSE,FALSE,NA,NA,NA,NA,NA,NA,NA,NA,NA,1,1,1,1,1,1,FALSE,FALSE,FALSE,TRUE,FALSE,TRUE
1978,ASV2840,FALSE,FALSE,FALSE,NA,NA,NA,NA,NA,NA,NA,NA,NA,1,1,1,1,1,1,FALSE,FALSE,FALSE,TRUE,FALSE,TRUE
1979,ASV2841,FALSE,TRUE,TRUE,NA,NA,NA,NA,NA,NA,NA,NA,NA,NA,NA,NA,NA,NA,NA,NA,NA,NA,NA,NA,NA
1980,ASV2843,FALSE,FALSE,FALSE,NA,NA,NA,NA,NA,NA,NA,NA,NA,1,1,1,1,1,1,FALSE,FALSE,FALSE,TRUE,TRUE,TRUE
1981,ASV2846,TRUE,FALSE,TRUE,NA,NA,NA,NA,NA,NA,NA,NA,NA,NA,NA,NA,NA,NA,NA,NA,NA,NA,NA,NA,NA
1982,ASV2847,FALSE,FALSE,FALSE,NA,NA,NA,NA,NA,NA,NA,NA,NA,1,1,1,1,1,1,FALSE,FALSE,FALSE,TRUE,FALSE,TRUE
1983,ASV2848,FALSE,FALSE,FALSE,-0.331560698,0.399106811,0.333495972,0.255633007,0.291202494,0.268315784,-129.701.833.862.187,137.054.736.661.624,124.292.342.276.149,0.324089655,0.304066495,0.339846528,1,1,1,FALSE,FALSE,FALSE,TRUE,TRUE,TRUE
1984,ASV2851,FALSE,TRUE,TRUE,NA,NA,NA,NA,NA,NA,NA,NA,NA,NA,NA,NA,NA,NA,NA,NA,NA,NA,NA,NA,NA
1985,ASV2852,TRUE,FALSE,TRUE,NA,NA,NA,NA,NA,NA,NA,NA,NA,NA,NA,NA,NA,NA,NA,NA,NA,NA,NA,NA,NA
1986,ASV2853,FALSE,FALSE,FALSE,NA,NA,NA,NA,NA,NA,NA,NA,NA,1,1,1,1,1,1,FALSE,FALSE,FALSE,TRUE,TRUE,TRUE
1987,ASV2854,FALSE,FALSE,FALSE,0.098682046,-0.806093614,0.36178975,0.124703626,0.259509816,0.23635041,0.791332613,-310.621.627.815.037,153.073.459.949.914,0.573825359,0.198279872,0.368398076,1,1,1,FALSE,FALSE,FALSE,TRUE,TRUE,TRUE
1988,ASV2855,TRUE,FALSE,TRUE,NA,NA,NA,NA,NA,NA,NA,NA,NA,NA,NA,NA,NA,NA,NA,NA,NA,NA,NA,NA,NA
1989,ASV2857,FALSE,FALSE,FALSE,NA,NA,NA,NA,NA,NA,NA,NA,NA,1,1,1,1,1,1,FALSE,FALSE,FALSE,TRUE,FALSE,TRUE
1990,ASV2859,TRUE,FALSE,TRUE,NA,NA,NA,NA,NA,NA,NA,NA,NA,NA,NA,NA,NA,NA,NA,NA,NA,NA,NA,NA,NA
1991,ASV2861,TRUE,FALSE,TRUE,NA,NA,NA,NA,NA,NA,NA,NA,NA,NA,NA,NA,NA,NA,NA,NA,NA,NA,NA,NA,NA
1992,ASV2863,FALSE,FALSE,FALSE,NA,NA,NA,NA,NA,NA,NA,NA,NA,1,1,1,1,1,1,FALSE,FALSE,FALSE,TRUE,TRUE,TRUE
1993,ASV2865,FALSE,FALSE,FALSE,0.200408158,-0.82511323,NA,0.118339137,0.246636924,NA,169.350.700.835.293,-334.545.702.686.538,NA,1,1,1,1,1,1,FALSE,FALSE,FALSE,TRUE,TRUE,TRUE
1994,ASV2866,FALSE,FALSE,FALSE,NA,NA,NA,NA,NA,NA,NA,NA,NA,1,1,1,1,1,1,FALSE,FALSE,FALSE,TRUE,TRUE,TRUE
1995,ASV2867,TRUE,FALSE,TRUE,NA,NA,NA,NA,NA,NA,NA,NA,NA,NA,NA,NA,NA,NA,NA,NA,NA,NA,NA,NA,NA
1996,ASV2868,TRUE,FALSE,TRUE,NA,NA,NA,NA,NA,NA,NA,NA,NA,NA,NA,NA,NA,NA,NA,NA,NA,NA,NA,NA,NA
1997,ASV2869,FALSE,FALSE,FALSE,NA,NA,NA,NA,NA,NA,NA,NA,NA,1,1,1,1,1,1,FALSE,FALSE,FALSE,TRUE,FALSE,TRUE
1998,ASV2871,FALSE,FALSE,FALSE,NA,NA,NA,NA,NA,NA,NA,NA,NA,1,1,1,1,1,1,FALSE,FALSE,FALSE,TRUE,FALSE,TRUE
1999,ASV2874,TRUE,FALSE,TRUE,NA,NA,NA,NA,NA,NA,NA,NA,NA,NA,NA,NA,NA,NA,NA,NA,NA,NA,NA,NA,NA
2000,ASV2877,FALSE,TRUE,TRUE,NA,NA,NA,NA,NA,NA,NA,NA,NA,NA,NA,NA,NA,NA,NA,NA,NA,NA,NA,NA,NA
2001,ASV2879,FALSE,FALSE,FALSE,NA,NA,NA,NA,NA,NA,NA,NA,NA,1,1,1,1,1,1,FALSE,FALSE,FALSE,TRUE,TRUE,TRUE
2002,ASV2881,TRUE,FALSE,TRUE,NA,NA,NA,NA,NA,NA,NA,NA,NA,NA,NA,NA,NA,NA,NA,NA,NA,NA,NA,NA,NA
2003,ASV2882,FALSE,TRUE,TRUE,NA,NA,NA,NA,NA,NA,NA,NA,NA,NA,NA,NA,NA,NA,NA,NA,NA,NA,NA,NA,NA
2004,ASV2883,TRUE,FALSE,TRUE,NA,NA,NA,NA,NA,NA,NA,NA,NA,NA,NA,NA,NA,NA,NA,NA,NA,NA,NA,NA,NA
2005,ASV2887,FALSE,TRUE,TRUE,NA,NA,NA,NA,NA,NA,NA,NA,NA,NA,NA,NA,NA,NA,NA,NA,NA,NA,NA,NA,NA
2006,ASV2888,TRUE,FALSE,TRUE,NA,NA,NA,NA,NA,NA,NA,NA,NA,NA,NA,NA,NA,NA,NA,NA,NA,NA,NA,NA,NA
2007,ASV2889,TRUE,FALSE,TRUE,NA,NA,NA,NA,NA,NA,NA,NA,NA,NA,NA,NA,NA,NA,NA,NA,NA,NA,NA,NA,NA
2008,ASV2891,TRUE,FALSE,TRUE,NA,NA,NA,NA,NA,NA,NA,NA,NA,NA,NA,NA,NA,NA,NA,NA,NA,NA,NA,NA,NA
2009,ASV2892,TRUE,FALSE,TRUE,NA,NA,NA,NA,NA,NA,NA,NA,NA,NA,NA,NA,NA,NA,NA,NA,NA,NA,NA,NA,NA
2010,ASV2894,TRUE,FALSE,TRUE,NA,NA,NA,NA,NA,NA,NA,NA,NA,NA,NA,NA,NA,NA,NA,NA,NA,NA,NA,NA,NA
2011,ASV2896,TRUE,FALSE,TRUE,NA,NA,NA,NA,NA,NA,NA,NA,NA,NA,NA,NA,NA,NA,NA,NA,NA,NA,NA,NA,NA
2012,ASV2898,TRUE,FALSE,TRUE,NA,NA,NA,NA,NA,NA,NA,NA,NA,NA,NA,NA,NA,NA,NA,NA,NA,NA,NA,NA,NA
2013,ASV2899,FALSE,FALSE,FALSE,NA,NA,NA,NA,NA,NA,NA,NA,NA,1,1,1,1,1,1,FALSE,FALSE,FALSE,TRUE,TRUE,TRUE
2014,ASV2900,FALSE,FALSE,FALSE,NA,NA,NA,NA,NA,NA,NA,NA,NA,1,1,1,1,1,1,FALSE,FALSE,FALSE,TRUE,TRUE,TRUE
2015,ASV2901,FALSE,FALSE,FALSE,NA,NA,NA,NA,NA,NA,NA,NA,NA,1,1,1,1,1,1,FALSE,FALSE,FALSE,TRUE,FALSE,TRUE
2016,ASV2903,TRUE,FALSE,TRUE,NA,NA,NA,NA,NA,NA,NA,NA,NA,NA,NA,NA,NA,NA,NA,NA,NA,NA,NA,NA,NA
2017,ASV2905,TRUE,FALSE,TRUE,NA,NA,NA,NA,NA,NA,NA,NA,NA,NA,NA,NA,NA,NA,NA,NA,NA,NA,NA,NA,NA
2018,ASV2907,TRUE,FALSE,TRUE,NA,NA,NA,NA,NA,NA,NA,NA,NA,NA,NA,NA,NA,NA,NA,NA,NA,NA,NA,NA,NA
2019,ASV2908,FALSE,TRUE,TRUE,NA,NA,NA,NA,NA,NA,NA,NA,NA,NA,NA,NA,NA,NA,NA,NA,NA,NA,NA,NA,NA
2020,ASV2911,FALSE,FALSE,FALSE,NA,NA,NA,NA,NA,NA,NA,NA,NA,1,1,1,1,1,1,FALSE,FALSE,FALSE,TRUE,TRUE,TRUE
2021,ASV2912,FALSE,FALSE,FALSE,NA,NA,NA,NA,NA,NA,NA,NA,NA,1,1,1,1,1,1,FALSE,FALSE,FALSE,TRUE,TRUE,TRUE
2022,ASV2914,TRUE,FALSE,TRUE,NA,NA,NA,NA,NA,NA,NA,NA,NA,NA,NA,NA,NA,NA,NA,NA,NA,NA,NA,NA,NA
2023,ASV2915,TRUE,FALSE,TRUE,NA,NA,NA,NA,NA,NA,NA,NA,NA,NA,NA,NA,NA,NA,NA,NA,NA,NA,NA,NA,NA
2024,ASV2918,FALSE,TRUE,TRUE,NA,NA,NA,NA,NA,NA,NA,NA,NA,NA,NA,NA,NA,NA,NA,NA,NA,NA,NA,NA,NA
2025,ASV2919,TRUE,FALSE,TRUE,NA,NA,NA,NA,NA,NA,NA,NA,NA,NA,NA,NA,NA,NA,NA,NA,NA,NA,NA,NA,NA
2026,ASV2920,TRUE,FALSE,TRUE,NA,NA,NA,NA,NA,NA,NA,NA,NA,NA,NA,NA,NA,NA,NA,NA,NA,NA,NA,NA,NA
2027,ASV2922,TRUE,FALSE,TRUE,NA,NA,NA,NA,NA,NA,NA,NA,NA,NA,NA,NA,NA,NA,NA,NA,NA,NA,NA,NA,NA
2028,ASV2923,TRUE,FALSE,TRUE,NA,NA,NA,NA,NA,NA,NA,NA,NA,NA,NA,NA,NA,NA,NA,NA,NA,NA,NA,NA,NA
2029,ASV2924,TRUE,FALSE,TRUE,NA,NA,NA,NA,NA,NA,NA,NA,NA,NA,NA,NA,NA,NA,NA,NA,NA,NA,NA,NA,NA
2030,ASV2927,FALSE,FALSE,FALSE,NA,NA,NA,NA,NA,NA,NA,NA,NA,1,1,1,1,1,1,FALSE,FALSE,FALSE,FALSE,FALSE,TRUE
2031,ASV2928,FALSE,FALSE,FALSE,NA,NA,NA,NA,NA,NA,NA,NA,NA,1,1,1,1,1,1,FALSE,FALSE,FALSE,TRUE,FALSE,TRUE
2032,ASV2929,TRUE,FALSE,TRUE,NA,NA,NA,NA,NA,NA,NA,NA,NA,NA,NA,NA,NA,NA,NA,NA,NA,NA,NA,NA,NA
2033,ASV2934,TRUE,FALSE,TRUE,NA,NA,NA,NA,NA,NA,NA,NA,NA,NA,NA,NA,NA,NA,NA,NA,NA,NA,NA,NA,NA
2034,ASV2935,FALSE,FALSE,FALSE,NA,NA,NA,NA,NA,NA,NA,NA,NA,1,1,1,1,1,1,FALSE,FALSE,FALSE,TRUE,FALSE,TRUE
2035,ASV2936,TRUE,FALSE,TRUE,NA,NA,NA,NA,NA,NA,NA,NA,NA,NA,NA,NA,NA,NA,NA,NA,NA,NA,NA,NA,NA
2036,ASV2937,FALSE,FALSE,FALSE,NA,NA,NA,NA,NA,NA,NA,NA,NA,1,1,1,1,1,1,FALSE,FALSE,FALSE,FALSE,FALSE,TRUE
2037,ASV2938,TRUE,FALSE,TRUE,NA,NA,NA,NA,NA,NA,NA,NA,NA,NA,NA,NA,NA,NA,NA,NA,NA,NA,NA,NA,NA
2038,ASV2939,TRUE,FALSE,TRUE,NA,NA,NA,NA,NA,NA,NA,NA,NA,NA,NA,NA,NA,NA,NA,NA,NA,NA,NA,NA,NA
2039,ASV2940,FALSE,TRUE,TRUE,NA,NA,NA,NA,NA,NA,NA,NA,NA,NA,NA,NA,NA,NA,NA,NA,NA,NA,NA,NA,NA
2040,ASV2943,TRUE,FALSE,TRUE,NA,NA,NA,NA,NA,NA,NA,NA,NA,NA,NA,NA,NA,NA,NA,NA,NA,NA,NA,NA,NA
2041,ASV2945,TRUE,FALSE,TRUE,NA,NA,NA,NA,NA,NA,NA,NA,NA,NA,NA,NA,NA,NA,NA,NA,NA,NA,NA,NA,NA
2042,ASV2946,FALSE,FALSE,FALSE,NA,NA,NA,NA,NA,NA,NA,NA,NA,1,1,1,1,1,1,FALSE,FALSE,FALSE,TRUE,FALSE,TRUE
2043,ASV2949,TRUE,FALSE,TRUE,NA,NA,NA,NA,NA,NA,NA,NA,NA,NA,NA,NA,NA,NA,NA,NA,NA,NA,NA,NA,NA
2044,ASV2950,TRUE,FALSE,TRUE,NA,NA,NA,NA,NA,NA,NA,NA,NA,NA,NA,NA,NA,NA,NA,NA,NA,NA,NA,NA,NA
2045,ASV2951,TRUE,FALSE,TRUE,NA,NA,NA,NA,NA,NA,NA,NA,NA,NA,NA,NA,NA,NA,NA,NA,NA,NA,NA,NA,NA
2046,ASV2953,FALSE,FALSE,FALSE,NA,NA,NA,NA,NA,NA,NA,NA,NA,1,1,1,1,1,1,FALSE,FALSE,FALSE,TRUE,FALSE,TRUE
2047,ASV2955,FALSE,FALSE,FALSE,NA,NA,NA,NA,NA,NA,NA,NA,NA,1,1,1,1,1,1,FALSE,FALSE,FALSE,FALSE,FALSE,FALSE
2048,ASV2956,FALSE,FALSE,FALSE,NA,NA,NA,NA,NA,NA,NA,NA,NA,1,1,1,1,1,1,FALSE,FALSE,FALSE,TRUE,FALSE,TRUE
2049,ASV2958,FALSE,FALSE,FALSE,NA,NA,NA,NA,NA,NA,NA,NA,NA,1,1,1,1,1,1,FALSE,FALSE,FALSE,TRUE,FALSE,TRUE
2050,ASV2959,FALSE,TRUE,TRUE,NA,NA,NA,NA,NA,NA,NA,NA,NA,NA,NA,NA,NA,NA,NA,NA,NA,NA,NA,NA,NA
2051,ASV2963,TRUE,FALSE,TRUE,NA,NA,NA,NA,NA,NA,NA,NA,NA,NA,NA,NA,NA,NA,NA,NA,NA,NA,NA,NA,NA
2052,ASV2964,TRUE,FALSE,TRUE,NA,NA,NA,NA,NA,NA,NA,NA,NA,NA,NA,NA,NA,NA,NA,NA,NA,NA,NA,NA,NA
2053,ASV2966,FALSE,TRUE,TRUE,NA,NA,NA,NA,NA,NA,NA,NA,NA,NA,NA,NA,NA,NA,NA,NA,NA,NA,NA,NA,NA
2054,ASV2967,TRUE,FALSE,TRUE,NA,NA,NA,NA,NA,NA,NA,NA,NA,NA,NA,NA,NA,NA,NA,NA,NA,NA,NA,NA,NA
2055,ASV2970,FALSE,FALSE,FALSE,NA,NA,NA,NA,NA,NA,NA,NA,NA,1,1,1,1,1,1,FALSE,FALSE,FALSE,TRUE,TRUE,TRUE
2056,ASV2971,FALSE,FALSE,FALSE,0.085330754,-0.328013772,-0.005875627,0.289646447,0.302241888,0.27946937,0.294603145,-108.526.906.720.812,-0.021024226,0.79606212,0.391201557,0.98513527,1,1,1,FALSE,FALSE,FALSE,TRUE,TRUE,TRUE
2057,ASV2972,FALSE,FALSE,FALSE,NA,NA,NA,NA,NA,NA,NA,NA,NA,1,1,1,1,1,1,FALSE,FALSE,FALSE,TRUE,FALSE,TRUE
2058,ASV2974,FALSE,FALSE,FALSE,NA,NA,NA,NA,NA,NA,NA,NA,NA,1,1,1,1,1,1,FALSE,FALSE,FALSE,TRUE,FALSE,TRUE
2059,ASV2979,TRUE,FALSE,TRUE,NA,NA,NA,NA,NA,NA,NA,NA,NA,NA,NA,NA,NA,NA,NA,NA,NA,NA,NA,NA,NA
2060,ASV2980,TRUE,FALSE,TRUE,NA,NA,NA,NA,NA,NA,NA,NA,NA,NA,NA,NA,NA,NA,NA,NA,NA,NA,NA,NA,NA
2061,ASV2981,FALSE,FALSE,FALSE,NA,NA,NA,NA,NA,NA,NA,NA,NA,1,1,1,1,1,1,FALSE,FALSE,FALSE,TRUE,TRUE,TRUE
2062,ASV2982,FALSE,FALSE,FALSE,NA,NA,NA,NA,NA,NA,NA,NA,NA,1,1,1,1,1,1,FALSE,FALSE,FALSE,TRUE,FALSE,TRUE
2063,ASV2983,FALSE,TRUE,TRUE,NA,NA,NA,NA,NA,NA,NA,NA,NA,NA,NA,NA,NA,NA,NA,NA,NA,NA,NA,NA,NA
2064,ASV2985,TRUE,FALSE,TRUE,NA,NA,NA,NA,NA,NA,NA,NA,NA,NA,NA,NA,NA,NA,NA,NA,NA,NA,NA,NA,NA
2065,ASV2988,FALSE,FALSE,FALSE,NA,NA,NA,NA,NA,NA,NA,NA,NA,1,1,1,1,1,1,FALSE,FALSE,FALSE,TRUE,TRUE,TRUE
2066,ASV2990,FALSE,FALSE,FALSE,NA,NA,NA,NA,NA,NA,NA,NA,NA,1,1,1,1,1,1,FALSE,FALSE,FALSE,TRUE,FALSE,TRUE
2067,ASV2991,FALSE,FALSE,FALSE,NA,NA,NA,NA,NA,NA,NA,NA,NA,1,1,1,1,1,1,FALSE,FALSE,FALSE,TRUE,FALSE,TRUE
2068,ASV2992,TRUE,FALSE,TRUE,NA,NA,NA,NA,NA,NA,NA,NA,NA,NA,NA,NA,NA,NA,NA,NA,NA,NA,NA,NA,NA
2069,ASV2994,TRUE,FALSE,TRUE,NA,NA,NA,NA,NA,NA,NA,NA,NA,NA,NA,NA,NA,NA,NA,NA,NA,NA,NA,NA,NA
2070,ASV2998,FALSE,FALSE,FALSE,NA,NA,NA,NA,NA,NA,NA,NA,NA,1,1,1,1,1,1,FALSE,FALSE,FALSE,TRUE,TRUE,TRUE
2071,ASV2999,FALSE,FALSE,FALSE,NA,NA,NA,NA,NA,NA,NA,NA,NA,1,1,1,1,1,1,FALSE,FALSE,FALSE,TRUE,FALSE,TRUE
2072,ASV3000,TRUE,FALSE,TRUE,NA,NA,NA,NA,NA,NA,NA,NA,NA,NA,NA,NA,NA,NA,NA,NA,NA,NA,NA,NA,NA
2073,ASV3002,FALSE,FALSE,FALSE,NA,NA,NA,NA,NA,NA,NA,NA,NA,1,1,1,1,1,1,FALSE,FALSE,FALSE,TRUE,FALSE,TRUE
2074,ASV3007,TRUE,FALSE,TRUE,NA,NA,NA,NA,NA,NA,NA,NA,NA,NA,NA,NA,NA,NA,NA,NA,NA,NA,NA,NA,NA
2075,ASV3008,FALSE,FALSE,FALSE,NA,NA,NA,NA,NA,NA,NA,NA,NA,1,1,1,1,1,1,FALSE,FALSE,FALSE,TRUE,FALSE,TRUE
2076,ASV3010,FALSE,FALSE,FALSE,NA,NA,NA,NA,NA,NA,NA,NA,NA,1,1,1,1,1,1,FALSE,FALSE,FALSE,FALSE,FALSE,TRUE
2077,ASV3012,FALSE,FALSE,FALSE,NA,NA,NA,NA,NA,NA,NA,NA,NA,1,1,1,1,1,1,FALSE,FALSE,FALSE,TRUE,TRUE,TRUE
2078,ASV3013,TRUE,FALSE,TRUE,NA,NA,NA,NA,NA,NA,NA,NA,NA,NA,NA,NA,NA,NA,NA,NA,NA,NA,NA,NA,NA
2079,ASV3016,TRUE,FALSE,TRUE,NA,NA,NA,NA,NA,NA,NA,NA,NA,NA,NA,NA,NA,NA,NA,NA,NA,NA,NA,NA,NA
2080,ASV3017,FALSE,FALSE,FALSE,NA,NA,NA,NA,NA,NA,NA,NA,NA,1,1,1,1,1,1,FALSE,FALSE,FALSE,TRUE,FALSE,TRUE
2081,ASV3018,TRUE,FALSE,TRUE,NA,NA,NA,NA,NA,NA,NA,NA,NA,NA,NA,NA,NA,NA,NA,NA,NA,NA,NA,NA,NA
2082,ASV3019,TRUE,FALSE,TRUE,NA,NA,NA,NA,NA,NA,NA,NA,NA,NA,NA,NA,NA,NA,NA,NA,NA,NA,NA,NA,NA
2083,ASV3020,FALSE,TRUE,TRUE,NA,NA,NA,NA,NA,NA,NA,NA,NA,NA,NA,NA,NA,NA,NA,NA,NA,NA,NA,NA,NA
2084,ASV3022,TRUE,FALSE,TRUE,NA,NA,NA,NA,NA,NA,NA,NA,NA,NA,NA,NA,NA,NA,NA,NA,NA,NA,NA,NA,NA
2085,ASV3025,FALSE,FALSE,FALSE,-201.450.237.598.266,317.600.285.495.749,-0.248052402,0.116421708,0.242749335,0.219519985,-173.034.944.192.726,13.083.466.770.361,-112.997.639.615.312,1,1,1,1,1,1,FALSE,FALSE,FALSE,TRUE,TRUE,TRUE
2086,ASV3026,FALSE,FALSE,FALSE,NA,NA,NA,NA,NA,NA,NA,NA,NA,1,1,1,1,1,1,FALSE,FALSE,FALSE,TRUE,TRUE,TRUE
2087,ASV3029,FALSE,FALSE,FALSE,NA,NA,NA,NA,NA,NA,NA,NA,NA,1,1,1,1,1,1,FALSE,FALSE,FALSE,FALSE,FALSE,TRUE
2088,ASV3030,FALSE,FALSE,FALSE,NA,NA,NA,NA,NA,NA,NA,NA,NA,1,1,1,1,1,1,FALSE,FALSE,FALSE,TRUE,TRUE,TRUE
2089,ASV3032,FALSE,TRUE,TRUE,NA,NA,NA,NA,NA,NA,NA,NA,NA,NA,NA,NA,NA,NA,NA,NA,NA,NA,NA,NA,NA
2090,ASV3035,TRUE,FALSE,TRUE,NA,NA,NA,NA,NA,NA,NA,NA,NA,NA,NA,NA,NA,NA,NA,NA,NA,NA,NA,NA,NA
2091,ASV3036,FALSE,FALSE,FALSE,-0.001998133,-11.418.759.417.197,0.557898223,0.117371692,0.239437107,0.216205063,-0.017023981,-476.900.158.919.953,258.041.238.674.037,0.989163244,0.131584768,0.235367676,1,1,1,FALSE,FALSE,FALSE,TRUE,TRUE,TRUE
2092,ASV3037,FALSE,FALSE,FALSE,NA,NA,NA,NA,NA,NA,NA,NA,NA,1,1,1,1,1,1,FALSE,FALSE,FALSE,TRUE,TRUE,TRUE
2093,ASV3038,FALSE,FALSE,FALSE,NA,NA,NA,NA,NA,NA,NA,NA,NA,1,1,1,1,1,1,FALSE,FALSE,FALSE,TRUE,FALSE,TRUE
2094,ASV3039,TRUE,FALSE,TRUE,NA,NA,NA,NA,NA,NA,NA,NA,NA,NA,NA,NA,NA,NA,NA,NA,NA,NA,NA,NA,NA
2095,ASV3040,TRUE,FALSE,TRUE,NA,NA,NA,NA,NA,NA,NA,NA,NA,NA,NA,NA,NA,NA,NA,NA,NA,NA,NA,NA,NA
2096,ASV3042,TRUE,FALSE,TRUE,NA,NA,NA,NA,NA,NA,NA,NA,NA,NA,NA,NA,NA,NA,NA,NA,NA,NA,NA,NA,NA
2097,ASV3043,TRUE,FALSE,TRUE,NA,NA,NA,NA,NA,NA,NA,NA,NA,NA,NA,NA,NA,NA,NA,NA,NA,NA,NA,NA,NA
2098,ASV3046,TRUE,FALSE,TRUE,NA,NA,NA,NA,NA,NA,NA,NA,NA,NA,NA,NA,NA,NA,NA,NA,NA,NA,NA,NA,NA
2099,ASV3048,TRUE,FALSE,TRUE,NA,NA,NA,NA,NA,NA,NA,NA,NA,NA,NA,NA,NA,NA,NA,NA,NA,NA,NA,NA,NA
2100,ASV3049,TRUE,FALSE,TRUE,NA,NA,NA,NA,NA,NA,NA,NA,NA,NA,NA,NA,NA,NA,NA,NA,NA,NA,NA,NA,NA
2101,ASV3052,FALSE,FALSE,FALSE,NA,NA,NA,NA,NA,NA,NA,NA,NA,1,1,1,1,1,1,FALSE,FALSE,FALSE,TRUE,FALSE,TRUE
2102,ASV3053,FALSE,FALSE,FALSE,NA,NA,NA,NA,NA,NA,NA,NA,NA,1,1,1,1,1,1,FALSE,FALSE,FALSE,TRUE,FALSE,TRUE
2103,ASV3054,FALSE,FALSE,FALSE,NA,NA,NA,NA,NA,NA,NA,NA,NA,1,1,1,1,1,1,FALSE,FALSE,FALSE,TRUE,FALSE,TRUE
2104,ASV3055,FALSE,FALSE,FALSE,NA,NA,NA,NA,NA,NA,NA,NA,NA,1,1,1,1,1,1,FALSE,FALSE,FALSE,TRUE,FALSE,TRUE
2105,ASV3058,TRUE,FALSE,TRUE,NA,NA,NA,NA,NA,NA,NA,NA,NA,NA,NA,NA,NA,NA,NA,NA,NA,NA,NA,NA,NA
2106,ASV3059,FALSE,FALSE,FALSE,NA,NA,NA,NA,NA,NA,NA,NA,NA,1,1,1,1,1,1,FALSE,FALSE,FALSE,TRUE,TRUE,TRUE
2107,ASV3061,FALSE,FALSE,FALSE,NA,NA,NA,NA,NA,NA,NA,NA,NA,1,1,1,1,1,1,FALSE,FALSE,FALSE,TRUE,FALSE,TRUE
2108,ASV3062,FALSE,FALSE,FALSE,NA,NA,NA,NA,NA,NA,NA,NA,NA,1,1,1,1,1,1,FALSE,FALSE,FALSE,TRUE,FALSE,TRUE
2109,ASV3065,TRUE,FALSE,TRUE,NA,NA,NA,NA,NA,NA,NA,NA,NA,NA,NA,NA,NA,NA,NA,NA,NA,NA,NA,NA,NA
2110,ASV3067,FALSE,TRUE,TRUE,NA,NA,NA,NA,NA,NA,NA,NA,NA,NA,NA,NA,NA,NA,NA,NA,NA,NA,NA,NA,NA
2111,ASV3069,TRUE,FALSE,TRUE,NA,NA,NA,NA,NA,NA,NA,NA,NA,NA,NA,NA,NA,NA,NA,NA,NA,NA,NA,NA,NA
2112,ASV3071,TRUE,FALSE,TRUE,NA,NA,NA,NA,NA,NA,NA,NA,NA,NA,NA,NA,NA,NA,NA,NA,NA,NA,NA,NA,NA
2113,ASV3073,FALSE,TRUE,TRUE,NA,NA,NA,NA,NA,NA,NA,NA,NA,NA,NA,NA,NA,NA,NA,NA,NA,NA,NA,NA,NA
2114,ASV3074,TRUE,FALSE,TRUE,NA,NA,NA,NA,NA,NA,NA,NA,NA,NA,NA,NA,NA,NA,NA,NA,NA,NA,NA,NA,NA
2115,ASV3075,TRUE,FALSE,TRUE,NA,NA,NA,NA,NA,NA,NA,NA,NA,NA,NA,NA,NA,NA,NA,NA,NA,NA,NA,NA,NA
2116,ASV3076,TRUE,FALSE,TRUE,NA,NA,NA,NA,NA,NA,NA,NA,NA,NA,NA,NA,NA,NA,NA,NA,NA,NA,NA,NA,NA
2117,ASV3077,TRUE,FALSE,TRUE,NA,NA,NA,NA,NA,NA,NA,NA,NA,NA,NA,NA,NA,NA,NA,NA,NA,NA,NA,NA,NA
2118,ASV3083,FALSE,TRUE,TRUE,NA,NA,NA,NA,NA,NA,NA,NA,NA,NA,NA,NA,NA,NA,NA,NA,NA,NA,NA,NA,NA
2119,ASV3084,FALSE,TRUE,TRUE,NA,NA,NA,NA,NA,NA,NA,NA,NA,NA,NA,NA,NA,NA,NA,NA,NA,NA,NA,NA,NA
2120,ASV3086,TRUE,FALSE,TRUE,NA,NA,NA,NA,NA,NA,NA,NA,NA,NA,NA,NA,NA,NA,NA,NA,NA,NA,NA,NA,NA
2121,ASV3087,FALSE,TRUE,TRUE,NA,NA,NA,NA,NA,NA,NA,NA,NA,NA,NA,NA,NA,NA,NA,NA,NA,NA,NA,NA,NA
2122,ASV3088,FALSE,FALSE,FALSE,NA,NA,NA,NA,NA,NA,NA,NA,NA,1,1,1,1,1,1,FALSE,FALSE,FALSE,TRUE,TRUE,TRUE
2123,ASV3090,FALSE,FALSE,FALSE,NA,NA,NA,NA,NA,NA,NA,NA,NA,1,1,1,1,1,1,FALSE,FALSE,FALSE,TRUE,FALSE,TRUE
2124,ASV3091,FALSE,TRUE,TRUE,NA,NA,NA,NA,NA,NA,NA,NA,NA,NA,NA,NA,NA,NA,NA,NA,NA,NA,NA,NA,NA
2125,ASV3094,FALSE,TRUE,TRUE,NA,NA,NA,NA,NA,NA,NA,NA,NA,NA,NA,NA,NA,NA,NA,NA,NA,NA,NA,NA,NA
2126,ASV3095,FALSE,FALSE,FALSE,0.121868027,-131.786.950.203.061,0.284697694,0.151110017,0.248440145,0.225225188,0.806485429,-530.457.548.576.072,126.405.796.646.661,0.567936995,0.1186212,0.426084728,1,1,1,FALSE,FALSE,FALSE,TRUE,TRUE,TRUE
2127,ASV3096,TRUE,FALSE,TRUE,NA,NA,NA,NA,NA,NA,NA,NA,NA,NA,NA,NA,NA,NA,NA,NA,NA,NA,NA,NA,NA
2128,ASV3097,FALSE,FALSE,FALSE,NA,NA,NA,NA,NA,NA,NA,NA,NA,1,1,1,1,1,1,FALSE,FALSE,FALSE,FALSE,FALSE,TRUE
2129,ASV3101,TRUE,FALSE,TRUE,NA,NA,NA,NA,NA,NA,NA,NA,NA,NA,NA,NA,NA,NA,NA,NA,NA,NA,NA,NA,NA
2130,ASV3102,TRUE,FALSE,TRUE,NA,NA,NA,NA,NA,NA,NA,NA,NA,NA,NA,NA,NA,NA,NA,NA,NA,NA,NA,NA,NA
2131,ASV3103,TRUE,FALSE,TRUE,NA,NA,NA,NA,NA,NA,NA,NA,NA,NA,NA,NA,NA,NA,NA,NA,NA,NA,NA,NA,NA
2132,ASV3106,FALSE,FALSE,FALSE,NA,NA,NA,NA,NA,NA,NA,NA,NA,1,1,1,1,1,1,FALSE,FALSE,FALSE,TRUE,FALSE,TRUE
2133,ASV3107,FALSE,FALSE,FALSE,NA,NA,NA,NA,NA,NA,NA,NA,NA,1,1,1,1,1,1,FALSE,FALSE,FALSE,TRUE,TRUE,TRUE
2134,ASV3111,TRUE,FALSE,TRUE,NA,NA,NA,NA,NA,NA,NA,NA,NA,NA,NA,NA,NA,NA,NA,NA,NA,NA,NA,NA,NA
2135,ASV3112,TRUE,FALSE,TRUE,NA,NA,NA,NA,NA,NA,NA,NA,NA,NA,NA,NA,NA,NA,NA,NA,NA,NA,NA,NA,NA
2136,ASV3113,FALSE,TRUE,TRUE,NA,NA,NA,NA,NA,NA,NA,NA,NA,NA,NA,NA,NA,NA,NA,NA,NA,NA,NA,NA,NA
2137,ASV3114,FALSE,FALSE,FALSE,NA,NA,NA,NA,NA,NA,NA,NA,NA,1,1,1,1,1,1,FALSE,FALSE,FALSE,TRUE,TRUE,TRUE
2138,ASV3115,TRUE,FALSE,TRUE,NA,NA,NA,NA,NA,NA,NA,NA,NA,NA,NA,NA,NA,NA,NA,NA,NA,NA,NA,NA,NA
2139,ASV3116,FALSE,FALSE,FALSE,0.621579022,-212.763.346.648.522,0.211063843,0.116421708,0.242749335,0.219519985,533.903.025.463.335,-876.473.448.845.181,0.961478943,1,1,1,1,1,1,FALSE,FALSE,FALSE,TRUE,TRUE,TRUE
2140,ASV3121,TRUE,FALSE,TRUE,NA,NA,NA,NA,NA,NA,NA,NA,NA,NA,NA,NA,NA,NA,NA,NA,NA,NA,NA,NA,NA
2141,ASV3122,FALSE,FALSE,FALSE,NA,NA,NA,NA,NA,NA,NA,NA,NA,1,1,1,1,1,1,FALSE,FALSE,FALSE,TRUE,FALSE,TRUE
2142,ASV3123,FALSE,FALSE,FALSE,NA,NA,NA,NA,NA,NA,NA,NA,NA,1,1,1,1,1,1,FALSE,FALSE,FALSE,TRUE,FALSE,TRUE
2143,ASV3125,TRUE,FALSE,TRUE,NA,NA,NA,NA,NA,NA,NA,NA,NA,NA,NA,NA,NA,NA,NA,NA,NA,NA,NA,NA,NA
2144,ASV3127,FALSE,FALSE,FALSE,-0.258576447,-0.198266493,NA,0.119129558,0.248238106,NA,-21.705.482.018.279,-0.798694835,NA,0.274846037,0.57095354,1,1,1,1,FALSE,FALSE,FALSE,TRUE,TRUE,TRUE
2145,ASV3130,FALSE,TRUE,TRUE,NA,NA,NA,NA,NA,NA,NA,NA,NA,NA,NA,NA,NA,NA,NA,NA,NA,NA,NA,NA,NA
2146,ASV3133,TRUE,FALSE,TRUE,NA,NA,NA,NA,NA,NA,NA,NA,NA,NA,NA,NA,NA,NA,NA,NA,NA,NA,NA,NA,NA
2147,ASV3134,TRUE,FALSE,TRUE,NA,NA,NA,NA,NA,NA,NA,NA,NA,NA,NA,NA,NA,NA,NA,NA,NA,NA,NA,NA,NA
2148,ASV3135,TRUE,FALSE,TRUE,NA,NA,NA,NA,NA,NA,NA,NA,NA,NA,NA,NA,NA,NA,NA,NA,NA,NA,NA,NA,NA
2149,ASV3137,TRUE,FALSE,TRUE,NA,NA,NA,NA,NA,NA,NA,NA,NA,NA,NA,NA,NA,NA,NA,NA,NA,NA,NA,NA,NA
2150,ASV3138,FALSE,FALSE,FALSE,NA,NA,NA,NA,NA,NA,NA,NA,NA,1,1,1,1,1,1,FALSE,FALSE,FALSE,TRUE,TRUE,TRUE
2151,ASV3141,TRUE,FALSE,TRUE,NA,NA,NA,NA,NA,NA,NA,NA,NA,NA,NA,NA,NA,NA,NA,NA,NA,NA,NA,NA,NA
2152,ASV3143,FALSE,TRUE,TRUE,NA,NA,NA,NA,NA,NA,NA,NA,NA,NA,NA,NA,NA,NA,NA,NA,NA,NA,NA,NA,NA
2153,ASV3145,FALSE,FALSE,FALSE,NA,NA,NA,NA,NA,NA,NA,NA,NA,1,1,1,1,1,1,FALSE,FALSE,FALSE,TRUE,TRUE,TRUE
2154,ASV3146,FALSE,FALSE,FALSE,NA,NA,NA,NA,NA,NA,NA,NA,NA,1,1,1,1,1,1,FALSE,FALSE,FALSE,TRUE,TRUE,TRUE
2155,ASV3147,FALSE,FALSE,FALSE,NA,NA,NA,NA,NA,NA,NA,NA,NA,1,1,1,1,1,1,FALSE,FALSE,FALSE,TRUE,TRUE,TRUE
2156,ASV3148,FALSE,FALSE,FALSE,NA,NA,NA,NA,NA,NA,NA,NA,NA,1,1,1,1,1,1,FALSE,FALSE,FALSE,TRUE,TRUE,TRUE
2157,ASV3149,FALSE,FALSE,FALSE,NA,NA,NA,NA,NA,NA,NA,NA,NA,1,1,1,1,1,1,FALSE,FALSE,FALSE,FALSE,FALSE,FALSE
2158,ASV3151,TRUE,FALSE,TRUE,NA,NA,NA,NA,NA,NA,NA,NA,NA,NA,NA,NA,NA,NA,NA,NA,NA,NA,NA,NA,NA
2159,ASV3152,FALSE,FALSE,FALSE,-0.071646474,0.19377413,NA,0.117345746,0.242958588,NA,-0.610558766,0.797560326,NA,0.651038688,0.571394742,1,1,1,1,FALSE,FALSE,FALSE,TRUE,TRUE,TRUE
2160,ASV3153,TRUE,FALSE,TRUE,NA,NA,NA,NA,NA,NA,NA,NA,NA,NA,NA,NA,NA,NA,NA,NA,NA,NA,NA,NA,NA
2161,ASV3157,FALSE,FALSE,FALSE,NA,NA,NA,NA,NA,NA,NA,NA,NA,1,1,1,1,1,1,FALSE,FALSE,FALSE,TRUE,TRUE,TRUE
2162,ASV3158,FALSE,FALSE,FALSE,NA,NA,NA,NA,NA,NA,NA,NA,NA,1,1,1,1,1,1,FALSE,FALSE,FALSE,TRUE,TRUE,TRUE
2163,ASV3159,FALSE,FALSE,FALSE,NA,NA,NA,NA,NA,NA,NA,NA,NA,1,1,1,1,1,1,FALSE,FALSE,FALSE,TRUE,FALSE,TRUE
2164,ASV3160,FALSE,FALSE,FALSE,NA,NA,NA,NA,NA,NA,NA,NA,NA,1,1,1,1,1,1,FALSE,FALSE,FALSE,FALSE,FALSE,TRUE
2165,ASV3161,FALSE,FALSE,FALSE,NA,NA,NA,NA,NA,NA,NA,NA,NA,1,1,1,1,1,1,FALSE,FALSE,FALSE,TRUE,TRUE,TRUE
2166,ASV3166,FALSE,TRUE,TRUE,NA,NA,NA,NA,NA,NA,NA,NA,NA,NA,NA,NA,NA,NA,NA,NA,NA,NA,NA,NA,NA
2167,ASV3167,FALSE,TRUE,TRUE,NA,NA,NA,NA,NA,NA,NA,NA,NA,NA,NA,NA,NA,NA,NA,NA,NA,NA,NA,NA,NA
2168,ASV3170,TRUE,FALSE,TRUE,NA,NA,NA,NA,NA,NA,NA,NA,NA,NA,NA,NA,NA,NA,NA,NA,NA,NA,NA,NA,NA
2169,ASV3171,FALSE,TRUE,TRUE,NA,NA,NA,NA,NA,NA,NA,NA,NA,NA,NA,NA,NA,NA,NA,NA,NA,NA,NA,NA,NA
2170,ASV3173,TRUE,FALSE,TRUE,NA,NA,NA,NA,NA,NA,NA,NA,NA,NA,NA,NA,NA,NA,NA,NA,NA,NA,NA,NA,NA
2171,ASV3174,TRUE,FALSE,TRUE,NA,NA,NA,NA,NA,NA,NA,NA,NA,NA,NA,NA,NA,NA,NA,NA,NA,NA,NA,NA,NA
2172,ASV3176,FALSE,FALSE,FALSE,NA,NA,NA,NA,NA,NA,NA,NA,NA,1,1,1,1,1,1,FALSE,FALSE,FALSE,TRUE,TRUE,TRUE
2173,ASV3177,FALSE,FALSE,FALSE,NA,NA,NA,NA,NA,NA,NA,NA,NA,1,1,1,1,1,1,FALSE,FALSE,FALSE,TRUE,TRUE,TRUE
2174,ASV3178,FALSE,FALSE,FALSE,NA,NA,NA,NA,NA,NA,NA,NA,NA,1,1,1,1,1,1,FALSE,FALSE,FALSE,TRUE,FALSE,TRUE
2175,ASV3179,TRUE,FALSE,TRUE,NA,NA,NA,NA,NA,NA,NA,NA,NA,NA,NA,NA,NA,NA,NA,NA,NA,NA,NA,NA,NA
2176,ASV3181,TRUE,FALSE,TRUE,NA,NA,NA,NA,NA,NA,NA,NA,NA,NA,NA,NA,NA,NA,NA,NA,NA,NA,NA,NA,NA
2177,ASV3182,FALSE,TRUE,TRUE,NA,NA,NA,NA,NA,NA,NA,NA,NA,NA,NA,NA,NA,NA,NA,NA,NA,NA,NA,NA,NA
2178,ASV3184,TRUE,FALSE,TRUE,NA,NA,NA,NA,NA,NA,NA,NA,NA,NA,NA,NA,NA,NA,NA,NA,NA,NA,NA,NA,NA
2179,ASV3188,FALSE,FALSE,FALSE,NA,NA,NA,NA,NA,NA,NA,NA,NA,1,1,1,1,1,1,FALSE,FALSE,FALSE,TRUE,TRUE,TRUE
2180,ASV3189,FALSE,FALSE,FALSE,-0.351741793,0.713763011,0.46073267,0.116421708,0.242749335,0.219519985,-302.127.325.747.671,294.032.942.213.811,209.881.879.332.384,1,1,1,1,1,1,FALSE,FALSE,FALSE,TRUE,TRUE,TRUE
2181,ASV3191,FALSE,TRUE,TRUE,NA,NA,NA,NA,NA,NA,NA,NA,NA,NA,NA,NA,NA,NA,NA,NA,NA,NA,NA,NA,NA
2182,ASV3192,TRUE,FALSE,TRUE,NA,NA,NA,NA,NA,NA,NA,NA,NA,NA,NA,NA,NA,NA,NA,NA,NA,NA,NA,NA,NA
2183,ASV3193,FALSE,TRUE,TRUE,NA,NA,NA,NA,NA,NA,NA,NA,NA,NA,NA,NA,NA,NA,NA,NA,NA,NA,NA,NA,NA
2184,ASV3194,FALSE,FALSE,FALSE,NA,NA,NA,NA,NA,NA,NA,NA,NA,1,1,1,1,1,1,FALSE,FALSE,FALSE,TRUE,TRUE,TRUE
2185,ASV3195,FALSE,FALSE,FALSE,NA,NA,NA,NA,NA,NA,NA,NA,NA,1,1,1,1,1,1,FALSE,FALSE,FALSE,TRUE,FALSE,TRUE
2186,ASV3196,FALSE,FALSE,FALSE,NA,NA,NA,NA,NA,NA,NA,NA,NA,1,1,1,1,1,1,FALSE,FALSE,FALSE,TRUE,TRUE,TRUE
2187,ASV3197,FALSE,FALSE,FALSE,0.255208014,-0.709406684,-0.055197241,0.114461962,0.238770513,0.215538499,222.963.166.797.303,-297.108.162.327.876,-0.25608994,0.268405028,0.206689872,0.840398082,1,1,1,FALSE,FALSE,FALSE,TRUE,TRUE,TRUE
2188,ASV3199,FALSE,FALSE,FALSE,NA,NA,NA,NA,NA,NA,NA,NA,NA,1,1,1,1,1,1,FALSE,FALSE,FALSE,TRUE,TRUE,TRUE
2189,ASV3200,FALSE,FALSE,FALSE,NA,NA,NA,NA,NA,NA,NA,NA,NA,1,1,1,1,1,1,FALSE,FALSE,FALSE,TRUE,TRUE,TRUE
2190,ASV3201,FALSE,TRUE,TRUE,NA,NA,NA,NA,NA,NA,NA,NA,NA,NA,NA,NA,NA,NA,NA,NA,NA,NA,NA,NA,NA
2191,ASV3203,TRUE,FALSE,TRUE,NA,NA,NA,NA,NA,NA,NA,NA,NA,NA,NA,NA,NA,NA,NA,NA,NA,NA,NA,NA,NA
2192,ASV3206,TRUE,FALSE,TRUE,NA,NA,NA,NA,NA,NA,NA,NA,NA,NA,NA,NA,NA,NA,NA,NA,NA,NA,NA,NA,NA
2193,ASV3207,FALSE,FALSE,FALSE,NA,NA,NA,NA,NA,NA,NA,NA,NA,1,1,1,1,1,1,FALSE,FALSE,FALSE,TRUE,TRUE,TRUE
2194,ASV3210,TRUE,FALSE,TRUE,NA,NA,NA,NA,NA,NA,NA,NA,NA,NA,NA,NA,NA,NA,NA,NA,NA,NA,NA,NA,NA
2195,ASV3212,FALSE,FALSE,FALSE,NA,NA,NA,NA,NA,NA,NA,NA,NA,1,1,1,1,1,1,FALSE,FALSE,FALSE,TRUE,TRUE,TRUE
2196,ASV3213,FALSE,FALSE,FALSE,NA,NA,NA,NA,NA,NA,NA,NA,NA,1,1,1,1,1,1,FALSE,FALSE,FALSE,TRUE,FALSE,TRUE
2197,ASV3220,FALSE,FALSE,FALSE,NA,NA,NA,NA,NA,NA,NA,NA,NA,1,1,1,1,1,1,FALSE,FALSE,FALSE,TRUE,TRUE,TRUE
2198,ASV3221,FALSE,FALSE,FALSE,NA,NA,NA,NA,NA,NA,NA,NA,NA,1,1,1,1,1,1,FALSE,FALSE,FALSE,TRUE,TRUE,TRUE
2199,ASV3222,FALSE,FALSE,FALSE,NA,NA,NA,NA,NA,NA,NA,NA,NA,1,1,1,1,1,1,FALSE,FALSE,FALSE,TRUE,TRUE,TRUE
2200,ASV3223,FALSE,FALSE,FALSE,NA,NA,NA,NA,NA,NA,NA,NA,NA,1,1,1,1,1,1,FALSE,FALSE,FALSE,TRUE,TRUE,TRUE
2201,ASV3229,FALSE,TRUE,TRUE,NA,NA,NA,NA,NA,NA,NA,NA,NA,NA,NA,NA,NA,NA,NA,NA,NA,NA,NA,NA,NA
2202,ASV3231,FALSE,FALSE,FALSE,NA,NA,NA,NA,NA,NA,NA,NA,NA,1,1,1,1,1,1,FALSE,FALSE,FALSE,TRUE,FALSE,TRUE
2203,ASV3232,TRUE,FALSE,TRUE,NA,NA,NA,NA,NA,NA,NA,NA,NA,NA,NA,NA,NA,NA,NA,NA,NA,NA,NA,NA,NA
2204,ASV3234,TRUE,FALSE,TRUE,NA,NA,NA,NA,NA,NA,NA,NA,NA,NA,NA,NA,NA,NA,NA,NA,NA,NA,NA,NA,NA
2205,ASV3235,TRUE,FALSE,TRUE,NA,NA,NA,NA,NA,NA,NA,NA,NA,NA,NA,NA,NA,NA,NA,NA,NA,NA,NA,NA,NA
2206,ASV3241,FALSE,FALSE,FALSE,-0.844247834,0.030415931,108.932.824.399.113,0.116421708,0.242749335,0.219519985,-725.163.586.505.276,0.125297689,4.962.319.230.996,1,1,1,1,1,1,FALSE,FALSE,FALSE,TRUE,TRUE,TRUE
2207,ASV3244,TRUE,FALSE,TRUE,NA,NA,NA,NA,NA,NA,NA,NA,NA,NA,NA,NA,NA,NA,NA,NA,NA,NA,NA,NA,NA
2208,ASV3245,FALSE,FALSE,FALSE,NA,NA,NA,NA,NA,NA,NA,NA,NA,1,1,1,1,1,1,FALSE,FALSE,FALSE,TRUE,FALSE,TRUE
2209,ASV3248,TRUE,FALSE,TRUE,NA,NA,NA,NA,NA,NA,NA,NA,NA,NA,NA,NA,NA,NA,NA,NA,NA,NA,NA,NA,NA
2210,ASV3249,FALSE,FALSE,FALSE,NA,NA,NA,NA,NA,NA,NA,NA,NA,1,1,1,1,1,1,FALSE,FALSE,FALSE,TRUE,FALSE,TRUE
2211,ASV3250,FALSE,FALSE,FALSE,NA,NA,NA,NA,NA,NA,NA,NA,NA,1,1,1,1,1,1,FALSE,FALSE,FALSE,TRUE,FALSE,TRUE
2212,ASV3253,FALSE,FALSE,FALSE,NA,NA,NA,NA,NA,NA,NA,NA,NA,1,1,1,1,1,1,FALSE,FALSE,FALSE,TRUE,FALSE,TRUE
2213,ASV3254,FALSE,FALSE,FALSE,NA,NA,NA,NA,NA,NA,NA,NA,NA,1,1,1,1,1,1,FALSE,FALSE,FALSE,TRUE,TRUE,TRUE
2214,ASV3255,TRUE,FALSE,TRUE,NA,NA,NA,NA,NA,NA,NA,NA,NA,NA,NA,NA,NA,NA,NA,NA,NA,NA,NA,NA,NA
2215,ASV3257,FALSE,FALSE,FALSE,-0.448801654,0.597219065,NA,0.118339137,0.246636924,NA,-379.250.403.474.706,242.145.034.855.977,NA,1,1,1,1,1,1,FALSE,FALSE,FALSE,TRUE,TRUE,TRUE
2216,ASV3259,FALSE,FALSE,FALSE,NA,NA,NA,NA,NA,NA,NA,NA,NA,1,1,1,1,1,1,FALSE,FALSE,FALSE,TRUE,TRUE,TRUE
2217,ASV3260,TRUE,FALSE,TRUE,NA,NA,NA,NA,NA,NA,NA,NA,NA,NA,NA,NA,NA,NA,NA,NA,NA,NA,NA,NA,NA
2218,ASV3261,FALSE,FALSE,FALSE,NA,NA,NA,NA,NA,NA,NA,NA,NA,1,1,1,1,1,1,FALSE,FALSE,FALSE,TRUE,TRUE,TRUE
2219,ASV3262,FALSE,FALSE,FALSE,NA,NA,NA,NA,NA,NA,NA,NA,NA,1,1,1,1,1,1,FALSE,FALSE,FALSE,FALSE,FALSE,TRUE
2220,ASV3263,FALSE,FALSE,FALSE,NA,NA,NA,NA,NA,NA,NA,NA,NA,1,1,1,1,1,1,FALSE,FALSE,FALSE,TRUE,FALSE,TRUE
2221,ASV3265,FALSE,TRUE,TRUE,NA,NA,NA,NA,NA,NA,NA,NA,NA,NA,NA,NA,NA,NA,NA,NA,NA,NA,NA,NA,NA
2222,ASV3269,FALSE,TRUE,TRUE,NA,NA,NA,NA,NA,NA,NA,NA,NA,NA,NA,NA,NA,NA,NA,NA,NA,NA,NA,NA,NA
2223,ASV3270,TRUE,FALSE,TRUE,NA,NA,NA,NA,NA,NA,NA,NA,NA,NA,NA,NA,NA,NA,NA,NA,NA,NA,NA,NA,NA
2224,ASV3271,TRUE,FALSE,TRUE,NA,NA,NA,NA,NA,NA,NA,NA,NA,NA,NA,NA,NA,NA,NA,NA,NA,NA,NA,NA,NA
2225,ASV3273,FALSE,FALSE,FALSE,NA,NA,NA,NA,NA,NA,NA,NA,NA,1,1,1,1,1,1,FALSE,FALSE,FALSE,TRUE,FALSE,TRUE
2226,ASV3275,TRUE,FALSE,TRUE,NA,NA,NA,NA,NA,NA,NA,NA,NA,NA,NA,NA,NA,NA,NA,NA,NA,NA,NA,NA,NA
2227,ASV3280,TRUE,FALSE,TRUE,NA,NA,NA,NA,NA,NA,NA,NA,NA,NA,NA,NA,NA,NA,NA,NA,NA,NA,NA,NA,NA
2228,ASV3284,TRUE,FALSE,TRUE,NA,NA,NA,NA,NA,NA,NA,NA,NA,NA,NA,NA,NA,NA,NA,NA,NA,NA,NA,NA,NA
2229,ASV3287,TRUE,FALSE,TRUE,NA,NA,NA,NA,NA,NA,NA,NA,NA,NA,NA,NA,NA,NA,NA,NA,NA,NA,NA,NA,NA
2230,ASV3288,FALSE,FALSE,FALSE,NA,NA,NA,NA,NA,NA,NA,NA,NA,1,1,1,1,1,1,FALSE,FALSE,FALSE,TRUE,TRUE,TRUE
2231,ASV3291,TRUE,FALSE,TRUE,NA,NA,NA,NA,NA,NA,NA,NA,NA,NA,NA,NA,NA,NA,NA,NA,NA,NA,NA,NA,NA
2232,ASV3293,FALSE,FALSE,FALSE,NA,NA,NA,NA,NA,NA,NA,NA,NA,1,1,1,1,1,1,FALSE,FALSE,FALSE,TRUE,TRUE,TRUE
2233,ASV3294,TRUE,FALSE,TRUE,NA,NA,NA,NA,NA,NA,NA,NA,NA,NA,NA,NA,NA,NA,NA,NA,NA,NA,NA,NA,NA
2234,ASV3295,FALSE,TRUE,TRUE,NA,NA,NA,NA,NA,NA,NA,NA,NA,NA,NA,NA,NA,NA,NA,NA,NA,NA,NA,NA,NA
2235,ASV3297,FALSE,TRUE,TRUE,NA,NA,NA,NA,NA,NA,NA,NA,NA,NA,NA,NA,NA,NA,NA,NA,NA,NA,NA,NA,NA
2236,ASV3299,FALSE,TRUE,TRUE,NA,NA,NA,NA,NA,NA,NA,NA,NA,NA,NA,NA,NA,NA,NA,NA,NA,NA,NA,NA,NA
2237,ASV3300,TRUE,FALSE,TRUE,NA,NA,NA,NA,NA,NA,NA,NA,NA,NA,NA,NA,NA,NA,NA,NA,NA,NA,NA,NA,NA
2238,ASV3301,TRUE,FALSE,TRUE,NA,NA,NA,NA,NA,NA,NA,NA,NA,NA,NA,NA,NA,NA,NA,NA,NA,NA,NA,NA,NA
2239,ASV3302,FALSE,FALSE,FALSE,NA,NA,NA,NA,NA,NA,NA,NA,NA,1,1,1,1,1,1,FALSE,FALSE,FALSE,TRUE,TRUE,TRUE
2240,ASV3303,FALSE,TRUE,TRUE,NA,NA,NA,NA,NA,NA,NA,NA,NA,NA,NA,NA,NA,NA,NA,NA,NA,NA,NA,NA,NA
2241,ASV3304,TRUE,FALSE,TRUE,NA,NA,NA,NA,NA,NA,NA,NA,NA,NA,NA,NA,NA,NA,NA,NA,NA,NA,NA,NA,NA
2242,ASV3307,FALSE,FALSE,FALSE,NA,NA,NA,NA,NA,NA,NA,NA,NA,1,1,1,1,1,1,FALSE,FALSE,FALSE,TRUE,FALSE,TRUE
2243,ASV3310,FALSE,FALSE,FALSE,NA,NA,NA,NA,NA,NA,NA,NA,NA,1,1,1,1,1,1,FALSE,FALSE,FALSE,TRUE,FALSE,TRUE
2244,ASV3311,TRUE,FALSE,TRUE,NA,NA,NA,NA,NA,NA,NA,NA,NA,NA,NA,NA,NA,NA,NA,NA,NA,NA,NA,NA,NA
2245,ASV3313,TRUE,FALSE,TRUE,NA,NA,NA,NA,NA,NA,NA,NA,NA,NA,NA,NA,NA,NA,NA,NA,NA,NA,NA,NA,NA
2246,ASV3316,FALSE,FALSE,FALSE,NA,NA,NA,NA,NA,NA,NA,NA,NA,1,1,1,1,1,1,FALSE,FALSE,FALSE,TRUE,TRUE,TRUE
2247,ASV3317,FALSE,FALSE,FALSE,NA,NA,NA,NA,NA,NA,NA,NA,NA,1,1,1,1,1,1,FALSE,FALSE,FALSE,TRUE,TRUE,TRUE
2248,ASV3318,FALSE,FALSE,FALSE,NA,NA,NA,NA,NA,NA,NA,NA,NA,1,1,1,1,1,1,FALSE,FALSE,FALSE,TRUE,FALSE,TRUE
2249,ASV3319,TRUE,FALSE,TRUE,NA,NA,NA,NA,NA,NA,NA,NA,NA,NA,NA,NA,NA,NA,NA,NA,NA,NA,NA,NA,NA
2250,ASV3321,FALSE,FALSE,FALSE,NA,NA,NA,NA,NA,NA,NA,NA,NA,1,1,1,1,1,1,FALSE,FALSE,FALSE,TRUE,FALSE,TRUE
2251,ASV3322,TRUE,FALSE,TRUE,NA,NA,NA,NA,NA,NA,NA,NA,NA,NA,NA,NA,NA,NA,NA,NA,NA,NA,NA,NA,NA
2252,ASV3323,FALSE,FALSE,FALSE,NA,NA,NA,NA,NA,NA,NA,NA,NA,1,1,1,1,1,1,FALSE,FALSE,FALSE,TRUE,TRUE,TRUE
2253,ASV3326,TRUE,FALSE,TRUE,NA,NA,NA,NA,NA,NA,NA,NA,NA,NA,NA,NA,NA,NA,NA,NA,NA,NA,NA,NA,NA
2254,ASV3331,TRUE,FALSE,TRUE,NA,NA,NA,NA,NA,NA,NA,NA,NA,NA,NA,NA,NA,NA,NA,NA,NA,NA,NA,NA,NA
2255,ASV3335,TRUE,FALSE,TRUE,NA,NA,NA,NA,NA,NA,NA,NA,NA,NA,NA,NA,NA,NA,NA,NA,NA,NA,NA,NA,NA
2256,ASV3336,FALSE,FALSE,FALSE,NA,NA,NA,NA,NA,NA,NA,NA,NA,1,1,1,1,1,1,FALSE,FALSE,FALSE,FALSE,FALSE,TRUE
2257,ASV3337,TRUE,FALSE,TRUE,NA,NA,NA,NA,NA,NA,NA,NA,NA,NA,NA,NA,NA,NA,NA,NA,NA,NA,NA,NA,NA
2258,ASV3338,FALSE,FALSE,FALSE,NA,NA,NA,NA,NA,NA,NA,NA,NA,1,1,1,1,1,1,FALSE,FALSE,FALSE,TRUE,TRUE,TRUE
2259,ASV3340,TRUE,FALSE,TRUE,NA,NA,NA,NA,NA,NA,NA,NA,NA,NA,NA,NA,NA,NA,NA,NA,NA,NA,NA,NA,NA
2260,ASV3345,TRUE,FALSE,TRUE,NA,NA,NA,NA,NA,NA,NA,NA,NA,NA,NA,NA,NA,NA,NA,NA,NA,NA,NA,NA,NA
2261,ASV3347,TRUE,FALSE,TRUE,NA,NA,NA,NA,NA,NA,NA,NA,NA,NA,NA,NA,NA,NA,NA,NA,NA,NA,NA,NA,NA
2262,ASV3348,TRUE,FALSE,TRUE,NA,NA,NA,NA,NA,NA,NA,NA,NA,NA,NA,NA,NA,NA,NA,NA,NA,NA,NA,NA,NA
2263,ASV3349,TRUE,FALSE,TRUE,NA,NA,NA,NA,NA,NA,NA,NA,NA,NA,NA,NA,NA,NA,NA,NA,NA,NA,NA,NA,NA
2264,ASV3350,TRUE,FALSE,TRUE,NA,NA,NA,NA,NA,NA,NA,NA,NA,NA,NA,NA,NA,NA,NA,NA,NA,NA,NA,NA,NA
2265,ASV3352,TRUE,FALSE,TRUE,NA,NA,NA,NA,NA,NA,NA,NA,NA,NA,NA,NA,NA,NA,NA,NA,NA,NA,NA,NA,NA
2266,ASV3353,FALSE,FALSE,FALSE,NA,NA,NA,NA,NA,NA,NA,NA,NA,1,1,1,1,1,1,FALSE,FALSE,FALSE,FALSE,FALSE,TRUE
2267,ASV3354,FALSE,FALSE,FALSE,NA,NA,NA,NA,NA,NA,NA,NA,NA,1,1,1,1,1,1,FALSE,FALSE,FALSE,TRUE,FALSE,TRUE
2268,ASV3355,FALSE,FALSE,FALSE,NA,NA,NA,NA,NA,NA,NA,NA,NA,1,1,1,1,1,1,FALSE,FALSE,FALSE,TRUE,TRUE,TRUE
2269,ASV3356,TRUE,FALSE,TRUE,NA,NA,NA,NA,NA,NA,NA,NA,NA,NA,NA,NA,NA,NA,NA,NA,NA,NA,NA,NA,NA
2270,ASV3357,TRUE,FALSE,TRUE,NA,NA,NA,NA,NA,NA,NA,NA,NA,NA,NA,NA,NA,NA,NA,NA,NA,NA,NA,NA,NA
2271,ASV3360,TRUE,FALSE,TRUE,NA,NA,NA,NA,NA,NA,NA,NA,NA,NA,NA,NA,NA,NA,NA,NA,NA,NA,NA,NA,NA
2272,ASV3361,FALSE,FALSE,FALSE,NA,NA,NA,NA,NA,NA,NA,NA,NA,1,1,1,1,1,1,FALSE,FALSE,FALSE,TRUE,TRUE,TRUE
2273,ASV3362,FALSE,FALSE,FALSE,NA,NA,NA,NA,NA,NA,NA,NA,NA,1,1,1,1,1,1,FALSE,FALSE,FALSE,TRUE,TRUE,TRUE
2274,ASV3363,FALSE,FALSE,FALSE,NA,NA,NA,NA,NA,NA,NA,NA,NA,1,1,1,1,1,1,FALSE,FALSE,FALSE,TRUE,FALSE,TRUE
2275,ASV3364,FALSE,FALSE,FALSE,NA,NA,NA,NA,NA,NA,NA,NA,NA,1,1,1,1,1,1,FALSE,FALSE,FALSE,TRUE,FALSE,TRUE
2276,ASV3365,FALSE,FALSE,FALSE,NA,NA,NA,NA,NA,NA,NA,NA,NA,1,1,1,1,1,1,FALSE,FALSE,FALSE,TRUE,TRUE,TRUE
2277,ASV3366,TRUE,FALSE,TRUE,NA,NA,NA,NA,NA,NA,NA,NA,NA,NA,NA,NA,NA,NA,NA,NA,NA,NA,NA,NA,NA
2278,ASV3367,FALSE,FALSE,FALSE,NA,NA,NA,NA,NA,NA,NA,NA,NA,1,1,1,1,1,1,FALSE,FALSE,FALSE,TRUE,TRUE,TRUE
2279,ASV3368,TRUE,FALSE,TRUE,NA,NA,NA,NA,NA,NA,NA,NA,NA,NA,NA,NA,NA,NA,NA,NA,NA,NA,NA,NA,NA
2280,ASV3375,FALSE,TRUE,TRUE,NA,NA,NA,NA,NA,NA,NA,NA,NA,NA,NA,NA,NA,NA,NA,NA,NA,NA,NA,NA,NA
2281,ASV3376,TRUE,FALSE,TRUE,NA,NA,NA,NA,NA,NA,NA,NA,NA,NA,NA,NA,NA,NA,NA,NA,NA,NA,NA,NA,NA
2282,ASV3380,FALSE,FALSE,FALSE,NA,NA,NA,NA,NA,NA,NA,NA,NA,1,1,1,1,1,1,FALSE,FALSE,FALSE,TRUE,FALSE,TRUE
2283,ASV3381,TRUE,FALSE,TRUE,NA,NA,NA,NA,NA,NA,NA,NA,NA,NA,NA,NA,NA,NA,NA,NA,NA,NA,NA,NA,NA
2284,ASV3383,FALSE,FALSE,FALSE,NA,NA,NA,NA,NA,NA,NA,NA,NA,1,1,1,1,1,1,FALSE,FALSE,FALSE,TRUE,FALSE,TRUE
2285,ASV3385,FALSE,TRUE,TRUE,NA,NA,NA,NA,NA,NA,NA,NA,NA,NA,NA,NA,NA,NA,NA,NA,NA,NA,NA,NA,NA
2286,ASV3388,TRUE,FALSE,TRUE,NA,NA,NA,NA,NA,NA,NA,NA,NA,NA,NA,NA,NA,NA,NA,NA,NA,NA,NA,NA,NA
2287,ASV3392,TRUE,FALSE,TRUE,NA,NA,NA,NA,NA,NA,NA,NA,NA,NA,NA,NA,NA,NA,NA,NA,NA,NA,NA,NA,NA
2288,ASV3395,FALSE,TRUE,TRUE,NA,NA,NA,NA,NA,NA,NA,NA,NA,NA,NA,NA,NA,NA,NA,NA,NA,NA,NA,NA,NA
2289,ASV3397,FALSE,FALSE,FALSE,NA,NA,NA,NA,NA,NA,NA,NA,NA,1,1,1,1,1,1,FALSE,FALSE,FALSE,TRUE,FALSE,TRUE
2290,ASV3398,TRUE,FALSE,TRUE,NA,NA,NA,NA,NA,NA,NA,NA,NA,NA,NA,NA,NA,NA,NA,NA,NA,NA,NA,NA,NA
2291,ASV3404,TRUE,FALSE,TRUE,NA,NA,NA,NA,NA,NA,NA,NA,NA,NA,NA,NA,NA,NA,NA,NA,NA,NA,NA,NA,NA
2292,ASV3407,FALSE,TRUE,TRUE,NA,NA,NA,NA,NA,NA,NA,NA,NA,NA,NA,NA,NA,NA,NA,NA,NA,NA,NA,NA,NA
2293,ASV3408,FALSE,FALSE,FALSE,NA,NA,NA,NA,NA,NA,NA,NA,NA,1,1,1,1,1,1,FALSE,FALSE,FALSE,TRUE,TRUE,TRUE
2294,ASV3409,FALSE,FALSE,FALSE,NA,NA,NA,NA,NA,NA,NA,NA,NA,1,1,1,1,1,1,FALSE,FALSE,FALSE,TRUE,FALSE,TRUE
2295,ASV3410,FALSE,FALSE,FALSE,NA,NA,NA,NA,NA,NA,NA,NA,NA,1,1,1,1,1,1,FALSE,FALSE,FALSE,TRUE,FALSE,TRUE
2296,ASV3412,FALSE,FALSE,FALSE,NA,NA,NA,NA,NA,NA,NA,NA,NA,1,1,1,1,1,1,FALSE,FALSE,FALSE,TRUE,FALSE,TRUE
2297,ASV3413,FALSE,FALSE,FALSE,NA,NA,NA,NA,NA,NA,NA,NA,NA,1,1,1,1,1,1,FALSE,FALSE,FALSE,TRUE,TRUE,TRUE
2298,ASV3415,FALSE,FALSE,FALSE,NA,NA,NA,NA,NA,NA,NA,NA,NA,1,1,1,1,1,1,FALSE,FALSE,FALSE,TRUE,TRUE,TRUE
2299,ASV3416,FALSE,FALSE,FALSE,NA,NA,NA,NA,NA,NA,NA,NA,NA,1,1,1,1,1,1,FALSE,FALSE,FALSE,TRUE,TRUE,TRUE
2300,ASV3417,FALSE,FALSE,FALSE,NA,NA,NA,NA,NA,NA,NA,NA,NA,1,1,1,1,1,1,FALSE,FALSE,FALSE,TRUE,TRUE,TRUE
2301,ASV3421,FALSE,TRUE,TRUE,NA,NA,NA,NA,NA,NA,NA,NA,NA,NA,NA,NA,NA,NA,NA,NA,NA,NA,NA,NA,NA
2302,ASV3424,FALSE,FALSE,FALSE,NA,NA,NA,NA,NA,NA,NA,NA,NA,1,1,1,1,1,1,FALSE,FALSE,FALSE,TRUE,FALSE,TRUE
2303,ASV3425,FALSE,FALSE,FALSE,NA,NA,NA,NA,NA,NA,NA,NA,NA,1,1,1,1,1,1,FALSE,FALSE,FALSE,TRUE,FALSE,TRUE
2304,ASV3426,TRUE,FALSE,TRUE,NA,NA,NA,NA,NA,NA,NA,NA,NA,NA,NA,NA,NA,NA,NA,NA,NA,NA,NA,NA,NA
2305,ASV3428,FALSE,TRUE,TRUE,NA,NA,NA,NA,NA,NA,NA,NA,NA,NA,NA,NA,NA,NA,NA,NA,NA,NA,NA,NA,NA
2306,ASV3431,FALSE,FALSE,FALSE,-0.424429541,0.110545232,NA,0.118339137,0.246636924,NA,-358.655.261.449.042,0.44821039,NA,1,1,1,1,1,1,FALSE,FALSE,FALSE,TRUE,TRUE,TRUE
2307,ASV3433,FALSE,TRUE,TRUE,NA,NA,NA,NA,NA,NA,NA,NA,NA,NA,NA,NA,NA,NA,NA,NA,NA,NA,NA,NA,NA
2308,ASV3434,FALSE,FALSE,FALSE,NA,NA,NA,NA,NA,NA,NA,NA,NA,1,1,1,1,1,1,FALSE,FALSE,FALSE,TRUE,TRUE,TRUE
2309,ASV3435,FALSE,FALSE,FALSE,NA,NA,NA,NA,NA,NA,NA,NA,NA,1,1,1,1,1,1,FALSE,FALSE,FALSE,TRUE,FALSE,TRUE
2310,ASV3436,FALSE,FALSE,FALSE,NA,NA,NA,NA,NA,NA,NA,NA,NA,1,1,1,1,1,1,FALSE,FALSE,FALSE,TRUE,FALSE,TRUE
2311,ASV3437,FALSE,TRUE,TRUE,NA,NA,NA,NA,NA,NA,NA,NA,NA,NA,NA,NA,NA,NA,NA,NA,NA,NA,NA,NA,NA
2312,ASV3439,FALSE,TRUE,TRUE,NA,NA,NA,NA,NA,NA,NA,NA,NA,NA,NA,NA,NA,NA,NA,NA,NA,NA,NA,NA,NA
2313,ASV3444,FALSE,TRUE,TRUE,NA,NA,NA,NA,NA,NA,NA,NA,NA,NA,NA,NA,NA,NA,NA,NA,NA,NA,NA,NA,NA
2314,ASV3445,TRUE,FALSE,TRUE,NA,NA,NA,NA,NA,NA,NA,NA,NA,NA,NA,NA,NA,NA,NA,NA,NA,NA,NA,NA,NA
2315,ASV3446,TRUE,FALSE,TRUE,NA,NA,NA,NA,NA,NA,NA,NA,NA,NA,NA,NA,NA,NA,NA,NA,NA,NA,NA,NA,NA
2316,ASV3447,TRUE,FALSE,TRUE,NA,NA,NA,NA,NA,NA,NA,NA,NA,NA,NA,NA,NA,NA,NA,NA,NA,NA,NA,NA,NA
2317,ASV3448,FALSE,TRUE,TRUE,NA,NA,NA,NA,NA,NA,NA,NA,NA,NA,NA,NA,NA,NA,NA,NA,NA,NA,NA,NA,NA
2318,ASV3451,TRUE,FALSE,TRUE,NA,NA,NA,NA,NA,NA,NA,NA,NA,NA,NA,NA,NA,NA,NA,NA,NA,NA,NA,NA,NA
2319,ASV3452,FALSE,FALSE,FALSE,NA,NA,NA,NA,NA,NA,NA,NA,NA,1,1,1,1,1,1,FALSE,FALSE,FALSE,TRUE,TRUE,TRUE
2320,ASV3453,FALSE,FALSE,FALSE,NA,NA,NA,NA,NA,NA,NA,NA,NA,1,1,1,1,1,1,FALSE,FALSE,FALSE,TRUE,FALSE,TRUE
2321,ASV3457,TRUE,FALSE,TRUE,NA,NA,NA,NA,NA,NA,NA,NA,NA,NA,NA,NA,NA,NA,NA,NA,NA,NA,NA,NA,NA
2322,ASV3461,FALSE,TRUE,TRUE,NA,NA,NA,NA,NA,NA,NA,NA,NA,NA,NA,NA,NA,NA,NA,NA,NA,NA,NA,NA,NA
2323,ASV3463,TRUE,FALSE,TRUE,NA,NA,NA,NA,NA,NA,NA,NA,NA,NA,NA,NA,NA,NA,NA,NA,NA,NA,NA,NA,NA
2324,ASV3464,TRUE,FALSE,TRUE,NA,NA,NA,NA,NA,NA,NA,NA,NA,NA,NA,NA,NA,NA,NA,NA,NA,NA,NA,NA,NA
2325,ASV3465,FALSE,FALSE,FALSE,NA,NA,NA,NA,NA,NA,NA,NA,NA,1,1,1,1,1,1,FALSE,FALSE,FALSE,TRUE,TRUE,TRUE
2326,ASV3466,FALSE,FALSE,FALSE,NA,NA,NA,NA,NA,NA,NA,NA,NA,1,1,1,1,1,1,FALSE,FALSE,FALSE,TRUE,TRUE,TRUE
2327,ASV3467,FALSE,FALSE,FALSE,NA,NA,NA,NA,NA,NA,NA,NA,NA,1,1,1,1,1,1,FALSE,FALSE,FALSE,TRUE,FALSE,TRUE
2328,ASV3469,TRUE,FALSE,TRUE,NA,NA,NA,NA,NA,NA,NA,NA,NA,NA,NA,NA,NA,NA,NA,NA,NA,NA,NA,NA,NA
2329,ASV3471,TRUE,FALSE,TRUE,NA,NA,NA,NA,NA,NA,NA,NA,NA,NA,NA,NA,NA,NA,NA,NA,NA,NA,NA,NA,NA
2330,ASV3473,FALSE,TRUE,TRUE,NA,NA,NA,NA,NA,NA,NA,NA,NA,NA,NA,NA,NA,NA,NA,NA,NA,NA,NA,NA,NA
2331,ASV3474,TRUE,FALSE,TRUE,NA,NA,NA,NA,NA,NA,NA,NA,NA,NA,NA,NA,NA,NA,NA,NA,NA,NA,NA,NA,NA
2332,ASV3476,FALSE,TRUE,TRUE,NA,NA,NA,NA,NA,NA,NA,NA,NA,NA,NA,NA,NA,NA,NA,NA,NA,NA,NA,NA,NA
2333,ASV3478,TRUE,FALSE,TRUE,NA,NA,NA,NA,NA,NA,NA,NA,NA,NA,NA,NA,NA,NA,NA,NA,NA,NA,NA,NA,NA
2334,ASV3479,TRUE,FALSE,TRUE,NA,NA,NA,NA,NA,NA,NA,NA,NA,NA,NA,NA,NA,NA,NA,NA,NA,NA,NA,NA,NA
2335,ASV3480,TRUE,FALSE,TRUE,NA,NA,NA,NA,NA,NA,NA,NA,NA,NA,NA,NA,NA,NA,NA,NA,NA,NA,NA,NA,NA
2336,ASV3482,TRUE,FALSE,TRUE,NA,NA,NA,NA,NA,NA,NA,NA,NA,NA,NA,NA,NA,NA,NA,NA,NA,NA,NA,NA,NA
2337,ASV3483,FALSE,FALSE,FALSE,NA,NA,NA,NA,NA,NA,NA,NA,NA,1,1,1,1,1,1,FALSE,FALSE,FALSE,TRUE,FALSE,TRUE
2338,ASV3484,FALSE,FALSE,FALSE,NA,NA,NA,NA,NA,NA,NA,NA,NA,1,1,1,1,1,1,FALSE,FALSE,FALSE,TRUE,TRUE,TRUE
2339,ASV3489,FALSE,FALSE,FALSE,-0.454387542,0.608390841,NA,0.118339137,0.246636924,NA,-38.397.064.075.543,246.674.679.463.757,NA,1,1,1,1,1,1,FALSE,FALSE,FALSE,TRUE,TRUE,TRUE
2340,ASV3490,TRUE,FALSE,TRUE,NA,NA,NA,NA,NA,NA,NA,NA,NA,NA,NA,NA,NA,NA,NA,NA,NA,NA,NA,NA,NA
2341,ASV3491,FALSE,FALSE,FALSE,NA,NA,NA,NA,NA,NA,NA,NA,NA,1,1,1,1,1,1,FALSE,FALSE,FALSE,TRUE,TRUE,TRUE
2342,ASV3492,FALSE,TRUE,TRUE,NA,NA,NA,NA,NA,NA,NA,NA,NA,NA,NA,NA,NA,NA,NA,NA,NA,NA,NA,NA,NA
2343,ASV3493,FALSE,TRUE,TRUE,NA,NA,NA,NA,NA,NA,NA,NA,NA,NA,NA,NA,NA,NA,NA,NA,NA,NA,NA,NA,NA
2344,ASV3496,FALSE,FALSE,FALSE,NA,NA,NA,NA,NA,NA,NA,NA,NA,1,1,1,1,1,1,FALSE,FALSE,FALSE,TRUE,TRUE,TRUE
2345,ASV3497,FALSE,FALSE,FALSE,NA,NA,NA,NA,NA,NA,NA,NA,NA,1,1,1,1,1,1,FALSE,FALSE,FALSE,TRUE,TRUE,TRUE
2346,ASV3498,TRUE,FALSE,TRUE,NA,NA,NA,NA,NA,NA,NA,NA,NA,NA,NA,NA,NA,NA,NA,NA,NA,NA,NA,NA,NA
2347,ASV3499,TRUE,FALSE,TRUE,NA,NA,NA,NA,NA,NA,NA,NA,NA,NA,NA,NA,NA,NA,NA,NA,NA,NA,NA,NA,NA
2348,ASV3500,TRUE,FALSE,TRUE,NA,NA,NA,NA,NA,NA,NA,NA,NA,NA,NA,NA,NA,NA,NA,NA,NA,NA,NA,NA,NA
2349,ASV3501,FALSE,FALSE,FALSE,NA,NA,NA,NA,NA,NA,NA,NA,NA,1,1,1,1,1,1,FALSE,FALSE,FALSE,TRUE,FALSE,TRUE
2350,ASV3502,TRUE,FALSE,TRUE,NA,NA,NA,NA,NA,NA,NA,NA,NA,NA,NA,NA,NA,NA,NA,NA,NA,NA,NA,NA,NA
2351,ASV3504,FALSE,FALSE,FALSE,-0.627160877,0.83002484,NA,0.118339137,0.246636924,NA,-529.969.115.105.914,336.537.135.951.116,NA,1,1,1,1,1,1,FALSE,FALSE,FALSE,TRUE,TRUE,TRUE
2352,ASV3507,FALSE,FALSE,FALSE,NA,NA,NA,NA,NA,NA,NA,NA,NA,1,1,1,1,1,1,FALSE,FALSE,FALSE,TRUE,TRUE,TRUE
2353,ASV3508,TRUE,FALSE,TRUE,NA,NA,NA,NA,NA,NA,NA,NA,NA,NA,NA,NA,NA,NA,NA,NA,NA,NA,NA,NA,NA
2354,ASV3509,FALSE,FALSE,FALSE,NA,NA,NA,NA,NA,NA,NA,NA,NA,1,1,1,1,1,1,FALSE,FALSE,FALSE,TRUE,TRUE,TRUE
2355,ASV3510,FALSE,FALSE,FALSE,NA,NA,NA,NA,NA,NA,NA,NA,NA,1,1,1,1,1,1,FALSE,FALSE,FALSE,TRUE,TRUE,TRUE
2356,ASV3511,FALSE,FALSE,FALSE,NA,NA,NA,NA,NA,NA,NA,NA,NA,1,1,1,1,1,1,FALSE,FALSE,FALSE,TRUE,TRUE,TRUE
2357,ASV3512,FALSE,FALSE,FALSE,NA,NA,NA,NA,NA,NA,NA,NA,NA,1,1,1,1,1,1,FALSE,FALSE,FALSE,TRUE,TRUE,TRUE
2358,ASV3513,FALSE,FALSE,FALSE,NA,NA,NA,NA,NA,NA,NA,NA,NA,1,1,1,1,1,1,FALSE,FALSE,FALSE,TRUE,TRUE,TRUE
2359,ASV3519,FALSE,TRUE,TRUE,NA,NA,NA,NA,NA,NA,NA,NA,NA,NA,NA,NA,NA,NA,NA,NA,NA,NA,NA,NA,NA
2360,ASV3520,FALSE,TRUE,TRUE,NA,NA,NA,NA,NA,NA,NA,NA,NA,NA,NA,NA,NA,NA,NA,NA,NA,NA,NA,NA,NA
2361,ASV3521,FALSE,FALSE,FALSE,NA,NA,NA,NA,NA,NA,NA,NA,NA,1,1,1,1,1,1,FALSE,FALSE,FALSE,TRUE,TRUE,TRUE
2362,ASV3522,FALSE,FALSE,FALSE,NA,NA,NA,NA,NA,NA,NA,NA,NA,1,1,1,1,1,1,FALSE,FALSE,FALSE,TRUE,FALSE,TRUE
2363,ASV3524,FALSE,FALSE,FALSE,NA,NA,NA,NA,NA,NA,NA,NA,NA,1,1,1,1,1,1,FALSE,FALSE,FALSE,TRUE,FALSE,TRUE
2364,ASV3527,FALSE,FALSE,FALSE,NA,NA,NA,NA,NA,NA,NA,NA,NA,1,1,1,1,1,1,FALSE,FALSE,FALSE,TRUE,TRUE,TRUE
2365,ASV3528,TRUE,FALSE,TRUE,NA,NA,NA,NA,NA,NA,NA,NA,NA,NA,NA,NA,NA,NA,NA,NA,NA,NA,NA,NA,NA
2366,ASV3529,FALSE,FALSE,FALSE,NA,NA,NA,NA,NA,NA,NA,NA,NA,1,1,1,1,1,1,FALSE,FALSE,FALSE,TRUE,FALSE,TRUE
2367,ASV3530,FALSE,FALSE,FALSE,NA,NA,NA,NA,NA,NA,NA,NA,NA,1,1,1,1,1,1,FALSE,FALSE,FALSE,TRUE,FALSE,TRUE
2368,ASV3535,FALSE,TRUE,TRUE,NA,NA,NA,NA,NA,NA,NA,NA,NA,NA,NA,NA,NA,NA,NA,NA,NA,NA,NA,NA,NA
2369,ASV3543,FALSE,FALSE,FALSE,NA,NA,NA,NA,NA,NA,NA,NA,NA,1,1,1,1,1,1,FALSE,FALSE,FALSE,TRUE,TRUE,TRUE
2370,ASV3545,FALSE,FALSE,FALSE,NA,NA,NA,NA,NA,NA,NA,NA,NA,1,1,1,1,1,1,FALSE,FALSE,FALSE,TRUE,TRUE,TRUE
2371,ASV3547,TRUE,FALSE,TRUE,NA,NA,NA,NA,NA,NA,NA,NA,NA,NA,NA,NA,NA,NA,NA,NA,NA,NA,NA,NA,NA
2372,ASV3549,TRUE,FALSE,TRUE,NA,NA,NA,NA,NA,NA,NA,NA,NA,NA,NA,NA,NA,NA,NA,NA,NA,NA,NA,NA,NA
2373,ASV3554,TRUE,FALSE,TRUE,NA,NA,NA,NA,NA,NA,NA,NA,NA,NA,NA,NA,NA,NA,NA,NA,NA,NA,NA,NA,NA
2374,ASV3555,FALSE,TRUE,TRUE,NA,NA,NA,NA,NA,NA,NA,NA,NA,NA,NA,NA,NA,NA,NA,NA,NA,NA,NA,NA,NA
2375,ASV3556,FALSE,TRUE,TRUE,NA,NA,NA,NA,NA,NA,NA,NA,NA,NA,NA,NA,NA,NA,NA,NA,NA,NA,NA,NA,NA
2376,ASV3557,TRUE,FALSE,TRUE,NA,NA,NA,NA,NA,NA,NA,NA,NA,NA,NA,NA,NA,NA,NA,NA,NA,NA,NA,NA,NA
2377,ASV3560,TRUE,FALSE,TRUE,NA,NA,NA,NA,NA,NA,NA,NA,NA,NA,NA,NA,NA,NA,NA,NA,NA,NA,NA,NA,NA
2378,ASV3561,TRUE,FALSE,TRUE,NA,NA,NA,NA,NA,NA,NA,NA,NA,NA,NA,NA,NA,NA,NA,NA,NA,NA,NA,NA,NA
2379,ASV3562,FALSE,FALSE,FALSE,NA,NA,NA,NA,NA,NA,NA,NA,NA,1,1,1,1,1,1,FALSE,FALSE,FALSE,TRUE,TRUE,TRUE
2380,ASV3563,TRUE,FALSE,TRUE,NA,NA,NA,NA,NA,NA,NA,NA,NA,NA,NA,NA,NA,NA,NA,NA,NA,NA,NA,NA,NA
2381,ASV3565,FALSE,FALSE,FALSE,NA,NA,NA,NA,NA,NA,NA,NA,NA,1,1,1,1,1,1,FALSE,FALSE,FALSE,TRUE,FALSE,TRUE
2382,ASV3566,FALSE,FALSE,FALSE,NA,NA,NA,NA,NA,NA,NA,NA,NA,1,1,1,1,1,1,FALSE,FALSE,FALSE,TRUE,FALSE,TRUE
2383,ASV3568,FALSE,FALSE,FALSE,NA,NA,NA,NA,NA,NA,NA,NA,NA,1,1,1,1,1,1,FALSE,FALSE,FALSE,TRUE,FALSE,TRUE
2384,ASV3571,FALSE,FALSE,FALSE,NA,NA,NA,NA,NA,NA,NA,NA,NA,1,1,1,1,1,1,FALSE,FALSE,FALSE,TRUE,TRUE,TRUE
2385,ASV3572,TRUE,FALSE,TRUE,NA,NA,NA,NA,NA,NA,NA,NA,NA,NA,NA,NA,NA,NA,NA,NA,NA,NA,NA,NA,NA
2386,ASV3573,FALSE,TRUE,TRUE,NA,NA,NA,NA,NA,NA,NA,NA,NA,NA,NA,NA,NA,NA,NA,NA,NA,NA,NA,NA,NA
2387,ASV3574,TRUE,FALSE,TRUE,NA,NA,NA,NA,NA,NA,NA,NA,NA,NA,NA,NA,NA,NA,NA,NA,NA,NA,NA,NA,NA
2388,ASV3575,FALSE,FALSE,FALSE,NA,NA,NA,NA,NA,NA,NA,NA,NA,1,1,1,1,1,1,FALSE,FALSE,FALSE,FALSE,FALSE,TRUE
2389,ASV3578,FALSE,FALSE,FALSE,NA,NA,NA,NA,NA,NA,NA,NA,NA,1,1,1,1,1,1,FALSE,FALSE,FALSE,TRUE,TRUE,TRUE
2390,ASV3580,FALSE,FALSE,FALSE,NA,NA,NA,NA,NA,NA,NA,NA,NA,1,1,1,1,1,1,FALSE,FALSE,FALSE,TRUE,FALSE,TRUE
2391,ASV3581,FALSE,FALSE,FALSE,NA,NA,NA,NA,NA,NA,NA,NA,NA,1,1,1,1,1,1,FALSE,FALSE,FALSE,TRUE,TRUE,TRUE
2392,ASV3582,FALSE,FALSE,FALSE,NA,NA,NA,NA,NA,NA,NA,NA,NA,1,1,1,1,1,1,FALSE,FALSE,FALSE,TRUE,TRUE,TRUE
2393,ASV3585,FALSE,TRUE,TRUE,NA,NA,NA,NA,NA,NA,NA,NA,NA,NA,NA,NA,NA,NA,NA,NA,NA,NA,NA,NA,NA
2394,ASV3587,TRUE,FALSE,TRUE,NA,NA,NA,NA,NA,NA,NA,NA,NA,NA,NA,NA,NA,NA,NA,NA,NA,NA,NA,NA,NA
2395,ASV3588,FALSE,FALSE,FALSE,NA,NA,NA,NA,NA,NA,NA,NA,NA,1,1,1,1,1,1,FALSE,FALSE,FALSE,TRUE,TRUE,TRUE
2396,ASV3590,FALSE,FALSE,FALSE,-0.815455233,1.330.526.222.482,NA,0.118339137,0.246636924,NA,-68.908.330.244.908,53.946.757.113.677,NA,1,1,1,1,1,1,FALSE,FALSE,FALSE,TRUE,TRUE,TRUE
2397,ASV3592,FALSE,FALSE,FALSE,NA,NA,NA,NA,NA,NA,NA,NA,NA,1,1,1,1,1,1,FALSE,FALSE,FALSE,TRUE,TRUE,TRUE
2398,ASV3595,FALSE,FALSE,FALSE,NA,NA,NA,NA,NA,NA,NA,NA,NA,1,1,1,1,1,1,FALSE,FALSE,FALSE,TRUE,TRUE,TRUE
2399,ASV3596,FALSE,FALSE,FALSE,NA,NA,NA,NA,NA,NA,NA,NA,NA,1,1,1,1,1,1,FALSE,FALSE,FALSE,TRUE,FALSE,TRUE
2400,ASV3597,TRUE,FALSE,TRUE,NA,NA,NA,NA,NA,NA,NA,NA,NA,NA,NA,NA,NA,NA,NA,NA,NA,NA,NA,NA,NA
2401,ASV3598,FALSE,FALSE,FALSE,NA,NA,NA,NA,NA,NA,NA,NA,NA,1,1,1,1,1,1,FALSE,FALSE,FALSE,TRUE,TRUE,TRUE
2402,ASV3599,FALSE,FALSE,FALSE,NA,NA,NA,NA,NA,NA,NA,NA,NA,1,1,1,1,1,1,FALSE,FALSE,FALSE,TRUE,TRUE,TRUE
2403,ASV3600,TRUE,FALSE,TRUE,NA,NA,NA,NA,NA,NA,NA,NA,NA,NA,NA,NA,NA,NA,NA,NA,NA,NA,NA,NA,NA
2404,ASV3601,FALSE,FALSE,FALSE,NA,NA,NA,NA,NA,NA,NA,NA,NA,1,1,1,1,1,1,FALSE,FALSE,FALSE,TRUE,FALSE,TRUE
2405,ASV3605,TRUE,FALSE,TRUE,NA,NA,NA,NA,NA,NA,NA,NA,NA,NA,NA,NA,NA,NA,NA,NA,NA,NA,NA,NA,NA
2406,ASV3608,TRUE,FALSE,TRUE,NA,NA,NA,NA,NA,NA,NA,NA,NA,NA,NA,NA,NA,NA,NA,NA,NA,NA,NA,NA,NA
2407,ASV3611,FALSE,TRUE,TRUE,NA,NA,NA,NA,NA,NA,NA,NA,NA,NA,NA,NA,NA,NA,NA,NA,NA,NA,NA,NA,NA
2408,ASV3613,TRUE,FALSE,TRUE,NA,NA,NA,NA,NA,NA,NA,NA,NA,NA,NA,NA,NA,NA,NA,NA,NA,NA,NA,NA,NA
2409,ASV3616,TRUE,FALSE,TRUE,NA,NA,NA,NA,NA,NA,NA,NA,NA,NA,NA,NA,NA,NA,NA,NA,NA,NA,NA,NA,NA
2410,ASV3618,TRUE,FALSE,TRUE,NA,NA,NA,NA,NA,NA,NA,NA,NA,NA,NA,NA,NA,NA,NA,NA,NA,NA,NA,NA,NA
2411,ASV3619,TRUE,FALSE,TRUE,NA,NA,NA,NA,NA,NA,NA,NA,NA,NA,NA,NA,NA,NA,NA,NA,NA,NA,NA,NA,NA
2412,ASV3620,FALSE,FALSE,FALSE,NA,NA,NA,NA,NA,NA,NA,NA,NA,1,1,1,1,1,1,FALSE,FALSE,FALSE,TRUE,TRUE,TRUE
2413,ASV3621,TRUE,FALSE,TRUE,NA,NA,NA,NA,NA,NA,NA,NA,NA,NA,NA,NA,NA,NA,NA,NA,NA,NA,NA,NA,NA
2414,ASV3624,TRUE,FALSE,TRUE,NA,NA,NA,NA,NA,NA,NA,NA,NA,NA,NA,NA,NA,NA,NA,NA,NA,NA,NA,NA,NA
2415,ASV3626,FALSE,TRUE,TRUE,NA,NA,NA,NA,NA,NA,NA,NA,NA,NA,NA,NA,NA,NA,NA,NA,NA,NA,NA,NA,NA
2416,ASV3629,FALSE,TRUE,TRUE,NA,NA,NA,NA,NA,NA,NA,NA,NA,NA,NA,NA,NA,NA,NA,NA,NA,NA,NA,NA,NA
2417,ASV3631,FALSE,FALSE,FALSE,NA,NA,NA,NA,NA,NA,NA,NA,NA,1,1,1,1,1,1,FALSE,FALSE,FALSE,TRUE,FALSE,TRUE
2418,ASV3632,TRUE,FALSE,TRUE,NA,NA,NA,NA,NA,NA,NA,NA,NA,NA,NA,NA,NA,NA,NA,NA,NA,NA,NA,NA,NA
2419,ASV3633,FALSE,FALSE,FALSE,NA,NA,NA,NA,NA,NA,NA,NA,NA,1,1,1,1,1,1,FALSE,FALSE,FALSE,TRUE,FALSE,TRUE
2420,ASV3634,FALSE,FALSE,FALSE,NA,NA,NA,NA,NA,NA,NA,NA,NA,1,1,1,1,1,1,FALSE,FALSE,FALSE,TRUE,TRUE,TRUE
2421,ASV3636,TRUE,FALSE,TRUE,NA,NA,NA,NA,NA,NA,NA,NA,NA,NA,NA,NA,NA,NA,NA,NA,NA,NA,NA,NA,NA
2422,ASV3641,FALSE,FALSE,FALSE,NA,NA,NA,NA,NA,NA,NA,NA,NA,1,1,1,1,1,1,FALSE,FALSE,FALSE,TRUE,TRUE,TRUE
2423,ASV3642,TRUE,FALSE,TRUE,NA,NA,NA,NA,NA,NA,NA,NA,NA,NA,NA,NA,NA,NA,NA,NA,NA,NA,NA,NA,NA
2424,ASV3644,FALSE,FALSE,FALSE,NA,NA,NA,NA,NA,NA,NA,NA,NA,1,1,1,1,1,1,FALSE,FALSE,FALSE,TRUE,TRUE,TRUE
2425,ASV3645,TRUE,FALSE,TRUE,NA,NA,NA,NA,NA,NA,NA,NA,NA,NA,NA,NA,NA,NA,NA,NA,NA,NA,NA,NA,NA
2426,ASV3646,FALSE,FALSE,FALSE,NA,NA,NA,NA,NA,NA,NA,NA,NA,1,1,1,1,1,1,FALSE,FALSE,FALSE,TRUE,FALSE,TRUE
2427,ASV3647,FALSE,FALSE,FALSE,NA,NA,NA,NA,NA,NA,NA,NA,NA,1,1,1,1,1,1,FALSE,FALSE,FALSE,TRUE,TRUE,TRUE
2428,ASV3648,TRUE,FALSE,TRUE,NA,NA,NA,NA,NA,NA,NA,NA,NA,NA,NA,NA,NA,NA,NA,NA,NA,NA,NA,NA,NA
2429,ASV3650,TRUE,FALSE,TRUE,NA,NA,NA,NA,NA,NA,NA,NA,NA,NA,NA,NA,NA,NA,NA,NA,NA,NA,NA,NA,NA
2430,ASV3653,TRUE,FALSE,TRUE,NA,NA,NA,NA,NA,NA,NA,NA,NA,NA,NA,NA,NA,NA,NA,NA,NA,NA,NA,NA,NA
2431,ASV3655,FALSE,TRUE,TRUE,NA,NA,NA,NA,NA,NA,NA,NA,NA,NA,NA,NA,NA,NA,NA,NA,NA,NA,NA,NA,NA
2432,ASV3657,FALSE,TRUE,TRUE,NA,NA,NA,NA,NA,NA,NA,NA,NA,NA,NA,NA,NA,NA,NA,NA,NA,NA,NA,NA,NA
2433,ASV3658,TRUE,FALSE,TRUE,NA,NA,NA,NA,NA,NA,NA,NA,NA,NA,NA,NA,NA,NA,NA,NA,NA,NA,NA,NA,NA
2434,ASV3660,FALSE,FALSE,FALSE,NA,NA,NA,NA,NA,NA,NA,NA,NA,1,1,1,1,1,1,FALSE,FALSE,FALSE,TRUE,FALSE,TRUE
2435,ASV3661,TRUE,FALSE,TRUE,NA,NA,NA,NA,NA,NA,NA,NA,NA,NA,NA,NA,NA,NA,NA,NA,NA,NA,NA,NA,NA
2436,ASV3662,FALSE,FALSE,FALSE,NA,NA,NA,NA,NA,NA,NA,NA,NA,1,1,1,1,1,1,FALSE,FALSE,FALSE,TRUE,TRUE,TRUE
2437,ASV3663,FALSE,FALSE,FALSE,NA,NA,NA,NA,NA,NA,NA,NA,NA,1,1,1,1,1,1,FALSE,FALSE,FALSE,TRUE,FALSE,TRUE
2438,ASV3664,TRUE,FALSE,TRUE,NA,NA,NA,NA,NA,NA,NA,NA,NA,NA,NA,NA,NA,NA,NA,NA,NA,NA,NA,NA,NA
2439,ASV3666,FALSE,TRUE,TRUE,NA,NA,NA,NA,NA,NA,NA,NA,NA,NA,NA,NA,NA,NA,NA,NA,NA,NA,NA,NA,NA
2440,ASV3670,TRUE,FALSE,TRUE,NA,NA,NA,NA,NA,NA,NA,NA,NA,NA,NA,NA,NA,NA,NA,NA,NA,NA,NA,NA,NA
2441,ASV3671,FALSE,FALSE,FALSE,NA,NA,NA,NA,NA,NA,NA,NA,NA,1,1,1,1,1,1,FALSE,FALSE,FALSE,TRUE,TRUE,TRUE
2442,ASV3673,FALSE,FALSE,FALSE,NA,NA,NA,NA,NA,NA,NA,NA,NA,1,1,1,1,1,1,FALSE,FALSE,FALSE,TRUE,TRUE,TRUE
2443,ASV3677,FALSE,FALSE,FALSE,NA,NA,NA,NA,NA,NA,NA,NA,NA,1,1,1,1,1,1,FALSE,FALSE,FALSE,TRUE,TRUE,TRUE
2444,ASV3678,FALSE,FALSE,FALSE,NA,NA,NA,NA,NA,NA,NA,NA,NA,1,1,1,1,1,1,FALSE,FALSE,FALSE,TRUE,TRUE,TRUE
2445,ASV3683,FALSE,TRUE,TRUE,NA,NA,NA,NA,NA,NA,NA,NA,NA,NA,NA,NA,NA,NA,NA,NA,NA,NA,NA,NA,NA
2446,ASV3687,FALSE,TRUE,TRUE,NA,NA,NA,NA,NA,NA,NA,NA,NA,NA,NA,NA,NA,NA,NA,NA,NA,NA,NA,NA,NA
2447,ASV3688,FALSE,TRUE,TRUE,NA,NA,NA,NA,NA,NA,NA,NA,NA,NA,NA,NA,NA,NA,NA,NA,NA,NA,NA,NA,NA
2448,ASV3690,TRUE,FALSE,TRUE,NA,NA,NA,NA,NA,NA,NA,NA,NA,NA,NA,NA,NA,NA,NA,NA,NA,NA,NA,NA,NA
2449,ASV3692,TRUE,FALSE,TRUE,NA,NA,NA,NA,NA,NA,NA,NA,NA,NA,NA,NA,NA,NA,NA,NA,NA,NA,NA,NA,NA
2450,ASV3693,FALSE,FALSE,FALSE,NA,NA,NA,NA,NA,NA,NA,NA,NA,1,1,1,1,1,1,FALSE,FALSE,FALSE,TRUE,TRUE,TRUE
2451,ASV3694,TRUE,FALSE,TRUE,NA,NA,NA,NA,NA,NA,NA,NA,NA,NA,NA,NA,NA,NA,NA,NA,NA,NA,NA,NA,NA
2452,ASV3695,TRUE,FALSE,TRUE,NA,NA,NA,NA,NA,NA,NA,NA,NA,NA,NA,NA,NA,NA,NA,NA,NA,NA,NA,NA,NA
2453,ASV3699,FALSE,TRUE,TRUE,NA,NA,NA,NA,NA,NA,NA,NA,NA,NA,NA,NA,NA,NA,NA,NA,NA,NA,NA,NA,NA
2454,ASV3702,TRUE,FALSE,TRUE,NA,NA,NA,NA,NA,NA,NA,NA,NA,NA,NA,NA,NA,NA,NA,NA,NA,NA,NA,NA,NA
2455,ASV3705,TRUE,FALSE,TRUE,NA,NA,NA,NA,NA,NA,NA,NA,NA,NA,NA,NA,NA,NA,NA,NA,NA,NA,NA,NA,NA
2456,ASV3706,FALSE,TRUE,TRUE,NA,NA,NA,NA,NA,NA,NA,NA,NA,NA,NA,NA,NA,NA,NA,NA,NA,NA,NA,NA,NA
2457,ASV3707,FALSE,TRUE,TRUE,NA,NA,NA,NA,NA,NA,NA,NA,NA,NA,NA,NA,NA,NA,NA,NA,NA,NA,NA,NA,NA
2458,ASV3715,FALSE,FALSE,FALSE,NA,NA,NA,NA,NA,NA,NA,NA,NA,1,1,1,1,1,1,FALSE,FALSE,FALSE,TRUE,FALSE,TRUE
2459,ASV3716,TRUE,FALSE,TRUE,NA,NA,NA,NA,NA,NA,NA,NA,NA,NA,NA,NA,NA,NA,NA,NA,NA,NA,NA,NA,NA
2460,ASV3717,FALSE,FALSE,FALSE,0.324174493,0.943649671,-0.727118754,0.114468686,0.238784175,0.215552159,283.199.278.793.483,39.518.936.692.952,-337.328.449.288.618,0.216094959,0.157780377,0.183469976,1,1,1,FALSE,FALSE,FALSE,TRUE,TRUE,TRUE
2461,ASV3718,TRUE,FALSE,TRUE,NA,NA,NA,NA,NA,NA,NA,NA,NA,NA,NA,NA,NA,NA,NA,NA,NA,NA,NA,NA,NA
2462,ASV3719,FALSE,FALSE,FALSE,NA,NA,NA,NA,NA,NA,NA,NA,NA,1,1,1,1,1,1,FALSE,FALSE,FALSE,TRUE,FALSE,TRUE
2463,ASV3721,TRUE,FALSE,TRUE,NA,NA,NA,NA,NA,NA,NA,NA,NA,NA,NA,NA,NA,NA,NA,NA,NA,NA,NA,NA,NA
2464,ASV3729,TRUE,FALSE,TRUE,NA,NA,NA,NA,NA,NA,NA,NA,NA,NA,NA,NA,NA,NA,NA,NA,NA,NA,NA,NA,NA
2465,ASV3731,FALSE,FALSE,FALSE,NA,NA,NA,NA,NA,NA,NA,NA,NA,1,1,1,1,1,1,FALSE,FALSE,FALSE,TRUE,FALSE,TRUE
2466,ASV3732,TRUE,FALSE,TRUE,NA,NA,NA,NA,NA,NA,NA,NA,NA,NA,NA,NA,NA,NA,NA,NA,NA,NA,NA,NA,NA
2467,ASV3733,TRUE,FALSE,TRUE,NA,NA,NA,NA,NA,NA,NA,NA,NA,NA,NA,NA,NA,NA,NA,NA,NA,NA,NA,NA,NA
2468,ASV3734,FALSE,FALSE,FALSE,0.399733828,0.04953584,-0.498726648,0.119403264,0.248792383,0.225578677,334.776.299.794.293,0.19910513,-221.087.673.040.936,0.078820819,0.860586322,0.157599301,1,1,1,FALSE,FALSE,FALSE,TRUE,TRUE,TRUE
2469,ASV3736,TRUE,FALSE,TRUE,NA,NA,NA,NA,NA,NA,NA,NA,NA,NA,NA,NA,NA,NA,NA,NA,NA,NA,NA,NA,NA
2470,ASV3737,FALSE,FALSE,FALSE,NA,NA,NA,NA,NA,NA,NA,NA,NA,1,1,1,1,1,1,FALSE,FALSE,FALSE,TRUE,FALSE,TRUE
2471,ASV3738,FALSE,FALSE,FALSE,NA,NA,NA,NA,NA,NA,NA,NA,NA,1,1,1,1,1,1,FALSE,FALSE,FALSE,TRUE,TRUE,TRUE
2472,ASV3748,TRUE,FALSE,TRUE,NA,NA,NA,NA,NA,NA,NA,NA,NA,NA,NA,NA,NA,NA,NA,NA,NA,NA,NA,NA,NA
2473,ASV3749,TRUE,FALSE,TRUE,NA,NA,NA,NA,NA,NA,NA,NA,NA,NA,NA,NA,NA,NA,NA,NA,NA,NA,NA,NA,NA
2474,ASV3750,FALSE,TRUE,TRUE,NA,NA,NA,NA,NA,NA,NA,NA,NA,NA,NA,NA,NA,NA,NA,NA,NA,NA,NA,NA,NA
2475,ASV3751,FALSE,FALSE,FALSE,NA,NA,NA,NA,NA,NA,NA,NA,NA,1,1,1,1,1,1,FALSE,FALSE,FALSE,TRUE,TRUE,TRUE
2476,ASV3752,TRUE,FALSE,TRUE,NA,NA,NA,NA,NA,NA,NA,NA,NA,NA,NA,NA,NA,NA,NA,NA,NA,NA,NA,NA,NA
2477,ASV3753,FALSE,TRUE,TRUE,NA,NA,NA,NA,NA,NA,NA,NA,NA,NA,NA,NA,NA,NA,NA,NA,NA,NA,NA,NA,NA
2478,ASV3757,FALSE,FALSE,FALSE,NA,NA,NA,NA,NA,NA,NA,NA,NA,1,1,1,1,1,1,FALSE,FALSE,FALSE,TRUE,TRUE,TRUE
2479,ASV3758,FALSE,FALSE,FALSE,NA,NA,NA,NA,NA,NA,NA,NA,NA,1,1,1,1,1,1,FALSE,FALSE,FALSE,TRUE,TRUE,TRUE
2480,ASV3759,FALSE,FALSE,FALSE,-0.896142808,190.270.101.035.776,NA,0.118339137,0.246636924,NA,-757.266.641.843.179,771.458.296.208.864,NA,1,1,1,1,1,1,FALSE,FALSE,FALSE,TRUE,TRUE,TRUE
2481,ASV3760,TRUE,FALSE,TRUE,NA,NA,NA,NA,NA,NA,NA,NA,NA,NA,NA,NA,NA,NA,NA,NA,NA,NA,NA,NA,NA
2482,ASV3761,FALSE,FALSE,FALSE,NA,NA,NA,NA,NA,NA,NA,NA,NA,1,1,1,1,1,1,FALSE,FALSE,FALSE,TRUE,TRUE,TRUE
2483,ASV3762,FALSE,FALSE,FALSE,NA,NA,NA,NA,NA,NA,NA,NA,NA,1,1,1,1,1,1,FALSE,FALSE,FALSE,TRUE,TRUE,TRUE
2484,ASV3763,FALSE,FALSE,FALSE,NA,NA,NA,NA,NA,NA,NA,NA,NA,1,1,1,1,1,1,FALSE,FALSE,FALSE,TRUE,FALSE,TRUE
2485,ASV3764,TRUE,FALSE,TRUE,NA,NA,NA,NA,NA,NA,NA,NA,NA,NA,NA,NA,NA,NA,NA,NA,NA,NA,NA,NA,NA
2486,ASV3766,TRUE,FALSE,TRUE,NA,NA,NA,NA,NA,NA,NA,NA,NA,NA,NA,NA,NA,NA,NA,NA,NA,NA,NA,NA,NA
2487,ASV3769,TRUE,FALSE,TRUE,NA,NA,NA,NA,NA,NA,NA,NA,NA,NA,NA,NA,NA,NA,NA,NA,NA,NA,NA,NA,NA
2488,ASV3770,FALSE,FALSE,FALSE,NA,NA,NA,NA,NA,NA,NA,NA,NA,1,1,1,1,1,1,FALSE,FALSE,FALSE,TRUE,TRUE,TRUE
2489,ASV3773,TRUE,FALSE,TRUE,NA,NA,NA,NA,NA,NA,NA,NA,NA,NA,NA,NA,NA,NA,NA,NA,NA,NA,NA,NA,NA
2490,ASV3775,TRUE,FALSE,TRUE,NA,NA,NA,NA,NA,NA,NA,NA,NA,NA,NA,NA,NA,NA,NA,NA,NA,NA,NA,NA,NA
2491,ASV3776,FALSE,FALSE,FALSE,NA,NA,NA,NA,NA,NA,NA,NA,NA,1,1,1,1,1,1,FALSE,FALSE,FALSE,TRUE,TRUE,TRUE
2492,ASV3777,FALSE,FALSE,FALSE,NA,NA,NA,NA,NA,NA,NA,NA,NA,1,1,1,1,1,1,FALSE,FALSE,FALSE,TRUE,FALSE,TRUE
2493,ASV3778,FALSE,FALSE,FALSE,NA,NA,NA,NA,NA,NA,NA,NA,NA,1,1,1,1,1,1,FALSE,FALSE,FALSE,TRUE,FALSE,TRUE
2494,ASV3780,FALSE,FALSE,FALSE,NA,NA,NA,NA,NA,NA,NA,NA,NA,1,1,1,1,1,1,FALSE,FALSE,FALSE,TRUE,TRUE,TRUE
2495,ASV3781,TRUE,FALSE,TRUE,NA,NA,NA,NA,NA,NA,NA,NA,NA,NA,NA,NA,NA,NA,NA,NA,NA,NA,NA,NA,NA
2496,ASV3782,FALSE,FALSE,FALSE,NA,NA,NA,NA,NA,NA,NA,NA,NA,1,1,1,1,1,1,FALSE,FALSE,FALSE,TRUE,TRUE,TRUE
2497,ASV3783,FALSE,FALSE,FALSE,NA,NA,NA,NA,NA,NA,NA,NA,NA,1,1,1,1,1,1,FALSE,FALSE,FALSE,TRUE,TRUE,TRUE
2498,ASV3785,FALSE,FALSE,FALSE,NA,NA,NA,NA,NA,NA,NA,NA,NA,1,1,1,1,1,1,FALSE,FALSE,FALSE,TRUE,TRUE,TRUE
2499,ASV3786,FALSE,FALSE,FALSE,NA,NA,NA,NA,NA,NA,NA,NA,NA,1,1,1,1,1,1,FALSE,FALSE,FALSE,TRUE,TRUE,TRUE
2500,ASV3789,TRUE,FALSE,TRUE,NA,NA,NA,NA,NA,NA,NA,NA,NA,NA,NA,NA,NA,NA,NA,NA,NA,NA,NA,NA,NA
2501,ASV3790,FALSE,TRUE,TRUE,NA,NA,NA,NA,NA,NA,NA,NA,NA,NA,NA,NA,NA,NA,NA,NA,NA,NA,NA,NA,NA
2502,ASV3794,FALSE,FALSE,FALSE,NA,NA,NA,NA,NA,NA,NA,NA,NA,1,1,1,1,1,1,FALSE,FALSE,FALSE,TRUE,TRUE,TRUE
2503,ASV3795,TRUE,FALSE,TRUE,NA,NA,NA,NA,NA,NA,NA,NA,NA,NA,NA,NA,NA,NA,NA,NA,NA,NA,NA,NA,NA
2504,ASV3796,FALSE,FALSE,FALSE,NA,NA,NA,NA,NA,NA,NA,NA,NA,1,1,1,1,1,1,FALSE,FALSE,FALSE,TRUE,FALSE,TRUE
2505,ASV3797,TRUE,FALSE,TRUE,NA,NA,NA,NA,NA,NA,NA,NA,NA,NA,NA,NA,NA,NA,NA,NA,NA,NA,NA,NA,NA
2506,ASV3798,FALSE,FALSE,FALSE,-173.904.438.613.026,156.996.943.085.789,141.725.488.083.628,0.141739807,0.293811573,0.270951359,-122.692.729.525.765,53.434.567.341.667,523.066.164.045.494,0.006577502,0.033284441,0.03466084,1,1,1,FALSE,FALSE,FALSE,FALSE,FALSE,FALSE
2507,ASV3799,FALSE,FALSE,FALSE,NA,NA,NA,NA,NA,NA,NA,NA,NA,1,1,1,1,1,1,FALSE,FALSE,FALSE,FALSE,FALSE,FALSE
2508,ASV3800,FALSE,FALSE,FALSE,NA,NA,NA,NA,NA,NA,NA,NA,NA,1,1,1,1,1,1,FALSE,FALSE,FALSE,TRUE,TRUE,TRUE
2509,ASV3805,FALSE,TRUE,TRUE,NA,NA,NA,NA,NA,NA,NA,NA,NA,NA,NA,NA,NA,NA,NA,NA,NA,NA,NA,NA,NA
2510,ASV3809,FALSE,FALSE,FALSE,0.317840682,-114.125.353.648.342,NA,0.118339137,0.246636924,NA,26.858.458.717.142,-46.272.614.772.633,NA,1,1,1,1,1,1,FALSE,FALSE,FALSE,TRUE,TRUE,TRUE
2511,ASV3811,TRUE,FALSE,TRUE,NA,NA,NA,NA,NA,NA,NA,NA,NA,NA,NA,NA,NA,NA,NA,NA,NA,NA,NA,NA,NA
2512,ASV3815,FALSE,FALSE,FALSE,-0.45942953,-0.694582772,0.892875147,0.114501319,0.238850478,0.21561845,-401.243.875.923.442,-290.802.336.928.443,414.099.604.269.927,0.155493811,0.210854152,0.150847863,1,1,1,FALSE,FALSE,FALSE,TRUE,TRUE,TRUE
2513,ASV3819,FALSE,TRUE,TRUE,NA,NA,NA,NA,NA,NA,NA,NA,NA,NA,NA,NA,NA,NA,NA,NA,NA,NA,NA,NA,NA
2514,ASV3821,TRUE,FALSE,TRUE,NA,NA,NA,NA,NA,NA,NA,NA,NA,NA,NA,NA,NA,NA,NA,NA,NA,NA,NA,NA,NA
2515,ASV3825,TRUE,FALSE,TRUE,NA,NA,NA,NA,NA,NA,NA,NA,NA,NA,NA,NA,NA,NA,NA,NA,NA,NA,NA,NA,NA
2516,ASV3827,FALSE,FALSE,FALSE,NA,NA,NA,NA,NA,NA,NA,NA,NA,1,1,1,1,1,1,FALSE,FALSE,FALSE,TRUE,TRUE,TRUE
2517,ASV3830,TRUE,FALSE,TRUE,NA,NA,NA,NA,NA,NA,NA,NA,NA,NA,NA,NA,NA,NA,NA,NA,NA,NA,NA,NA,NA
2518,ASV3831,FALSE,FALSE,FALSE,NA,NA,NA,NA,NA,NA,NA,NA,NA,1,1,1,1,1,1,FALSE,FALSE,FALSE,TRUE,FALSE,TRUE
2519,ASV3832,FALSE,FALSE,FALSE,NA,NA,NA,NA,NA,NA,NA,NA,NA,1,1,1,1,1,1,FALSE,FALSE,FALSE,TRUE,TRUE,TRUE
2520,ASV3833,FALSE,FALSE,FALSE,NA,NA,NA,NA,NA,NA,NA,NA,NA,1,1,1,1,1,1,FALSE,FALSE,FALSE,TRUE,TRUE,TRUE
2521,ASV3834,FALSE,FALSE,FALSE,NA,NA,NA,NA,NA,NA,NA,NA,NA,1,1,1,1,1,1,FALSE,FALSE,FALSE,TRUE,TRUE,TRUE
2522,ASV3835,TRUE,FALSE,TRUE,NA,NA,NA,NA,NA,NA,NA,NA,NA,NA,NA,NA,NA,NA,NA,NA,NA,NA,NA,NA,NA
2523,ASV3836,FALSE,FALSE,FALSE,NA,NA,NA,NA,NA,NA,NA,NA,NA,1,1,1,1,1,1,FALSE,FALSE,FALSE,TRUE,TRUE,TRUE
2524,ASV3843,FALSE,TRUE,TRUE,NA,NA,NA,NA,NA,NA,NA,NA,NA,NA,NA,NA,NA,NA,NA,NA,NA,NA,NA,NA,NA
2525,ASV3844,TRUE,FALSE,TRUE,NA,NA,NA,NA,NA,NA,NA,NA,NA,NA,NA,NA,NA,NA,NA,NA,NA,NA,NA,NA,NA
2526,ASV3845,FALSE,FALSE,FALSE,NA,NA,NA,NA,NA,NA,NA,NA,NA,1,1,1,1,1,1,FALSE,FALSE,FALSE,TRUE,TRUE,TRUE
2527,ASV3847,FALSE,FALSE,FALSE,NA,NA,NA,NA,NA,NA,NA,NA,NA,1,1,1,1,1,1,FALSE,FALSE,FALSE,TRUE,TRUE,TRUE
2528,ASV3848,TRUE,FALSE,TRUE,NA,NA,NA,NA,NA,NA,NA,NA,NA,NA,NA,NA,NA,NA,NA,NA,NA,NA,NA,NA,NA
2529,ASV3849,FALSE,FALSE,FALSE,NA,NA,NA,NA,NA,NA,NA,NA,NA,1,1,1,1,1,1,FALSE,FALSE,FALSE,TRUE,FALSE,TRUE
2530,ASV3850,FALSE,FALSE,FALSE,NA,NA,NA,NA,NA,NA,NA,NA,NA,1,1,1,1,1,1,FALSE,FALSE,FALSE,FALSE,FALSE,TRUE
2531,ASV3851,FALSE,FALSE,FALSE,NA,NA,NA,NA,NA,NA,NA,NA,NA,1,1,1,1,1,1,FALSE,FALSE,FALSE,FALSE,FALSE,TRUE
2532,ASV3853,TRUE,FALSE,TRUE,NA,NA,NA,NA,NA,NA,NA,NA,NA,NA,NA,NA,NA,NA,NA,NA,NA,NA,NA,NA,NA
2533,ASV3857,TRUE,FALSE,TRUE,NA,NA,NA,NA,NA,NA,NA,NA,NA,NA,NA,NA,NA,NA,NA,NA,NA,NA,NA,NA,NA
2534,ASV3866,TRUE,FALSE,TRUE,NA,NA,NA,NA,NA,NA,NA,NA,NA,NA,NA,NA,NA,NA,NA,NA,NA,NA,NA,NA,NA
2535,ASV3867,TRUE,FALSE,TRUE,NA,NA,NA,NA,NA,NA,NA,NA,NA,NA,NA,NA,NA,NA,NA,NA,NA,NA,NA,NA,NA
2536,ASV3868,FALSE,FALSE,FALSE,NA,NA,NA,NA,NA,NA,NA,NA,NA,1,1,1,1,1,1,FALSE,FALSE,FALSE,TRUE,TRUE,TRUE
2537,ASV3870,TRUE,FALSE,TRUE,NA,NA,NA,NA,NA,NA,NA,NA,NA,NA,NA,NA,NA,NA,NA,NA,NA,NA,NA,NA,NA
2538,ASV3871,TRUE,FALSE,TRUE,NA,NA,NA,NA,NA,NA,NA,NA,NA,NA,NA,NA,NA,NA,NA,NA,NA,NA,NA,NA,NA
2539,ASV3874,TRUE,FALSE,TRUE,NA,NA,NA,NA,NA,NA,NA,NA,NA,NA,NA,NA,NA,NA,NA,NA,NA,NA,NA,NA,NA
2540,ASV3878,TRUE,FALSE,TRUE,NA,NA,NA,NA,NA,NA,NA,NA,NA,NA,NA,NA,NA,NA,NA,NA,NA,NA,NA,NA,NA
2541,ASV3882,FALSE,TRUE,TRUE,NA,NA,NA,NA,NA,NA,NA,NA,NA,NA,NA,NA,NA,NA,NA,NA,NA,NA,NA,NA,NA
2542,ASV3883,FALSE,TRUE,TRUE,NA,NA,NA,NA,NA,NA,NA,NA,NA,NA,NA,NA,NA,NA,NA,NA,NA,NA,NA,NA,NA
2543,ASV3884,TRUE,FALSE,TRUE,NA,NA,NA,NA,NA,NA,NA,NA,NA,NA,NA,NA,NA,NA,NA,NA,NA,NA,NA,NA,NA
2544,ASV3887,TRUE,FALSE,TRUE,NA,NA,NA,NA,NA,NA,NA,NA,NA,NA,NA,NA,NA,NA,NA,NA,NA,NA,NA,NA,NA
2545,ASV3890,TRUE,FALSE,TRUE,NA,NA,NA,NA,NA,NA,NA,NA,NA,NA,NA,NA,NA,NA,NA,NA,NA,NA,NA,NA,NA
2546,ASV3891,TRUE,FALSE,TRUE,NA,NA,NA,NA,NA,NA,NA,NA,NA,NA,NA,NA,NA,NA,NA,NA,NA,NA,NA,NA,NA
2547,ASV3892,TRUE,FALSE,TRUE,NA,NA,NA,NA,NA,NA,NA,NA,NA,NA,NA,NA,NA,NA,NA,NA,NA,NA,NA,NA,NA
2548,ASV3897,FALSE,TRUE,TRUE,NA,NA,NA,NA,NA,NA,NA,NA,NA,NA,NA,NA,NA,NA,NA,NA,NA,NA,NA,NA,NA
2549,ASV3903,FALSE,TRUE,TRUE,NA,NA,NA,NA,NA,NA,NA,NA,NA,NA,NA,NA,NA,NA,NA,NA,NA,NA,NA,NA,NA
2550,ASV3904,FALSE,TRUE,TRUE,NA,NA,NA,NA,NA,NA,NA,NA,NA,NA,NA,NA,NA,NA,NA,NA,NA,NA,NA,NA,NA
2551,ASV3907,TRUE,FALSE,TRUE,NA,NA,NA,NA,NA,NA,NA,NA,NA,NA,NA,NA,NA,NA,NA,NA,NA,NA,NA,NA,NA
2552,ASV3908,TRUE,FALSE,TRUE,NA,NA,NA,NA,NA,NA,NA,NA,NA,NA,NA,NA,NA,NA,NA,NA,NA,NA,NA,NA,NA
2553,ASV3909,FALSE,FALSE,FALSE,NA,NA,NA,NA,NA,NA,NA,NA,NA,1,1,1,1,1,1,FALSE,FALSE,FALSE,TRUE,TRUE,TRUE
2554,ASV3910,TRUE,FALSE,TRUE,NA,NA,NA,NA,NA,NA,NA,NA,NA,NA,NA,NA,NA,NA,NA,NA,NA,NA,NA,NA,NA
2555,ASV3911,TRUE,FALSE,TRUE,NA,NA,NA,NA,NA,NA,NA,NA,NA,NA,NA,NA,NA,NA,NA,NA,NA,NA,NA,NA,NA
2556,ASV3913,FALSE,FALSE,FALSE,NA,NA,NA,NA,NA,NA,NA,NA,NA,1,1,1,1,1,1,FALSE,FALSE,FALSE,TRUE,FALSE,TRUE
2557,ASV3914,FALSE,FALSE,FALSE,NA,NA,NA,NA,NA,NA,NA,NA,NA,1,1,1,1,1,1,FALSE,FALSE,FALSE,TRUE,TRUE,TRUE
2558,ASV3916,FALSE,FALSE,FALSE,-0.067469946,-0.0710163,0.154372377,0.116421708,0.242749335,0.219519985,-0.579530633,-0.292549926,0.703226981,1,1,1,1,1,1,FALSE,FALSE,FALSE,TRUE,TRUE,TRUE
2559,ASV3917,FALSE,TRUE,TRUE,NA,NA,NA,NA,NA,NA,NA,NA,NA,NA,NA,NA,NA,NA,NA,NA,NA,NA,NA,NA,NA
2560,ASV3920,FALSE,TRUE,TRUE,NA,NA,NA,NA,NA,NA,NA,NA,NA,NA,NA,NA,NA,NA,NA,NA,NA,NA,NA,NA,NA
2561,ASV3923,TRUE,FALSE,TRUE,NA,NA,NA,NA,NA,NA,NA,NA,NA,NA,NA,NA,NA,NA,NA,NA,NA,NA,NA,NA,NA
2562,ASV3924,FALSE,TRUE,TRUE,NA,NA,NA,NA,NA,NA,NA,NA,NA,NA,NA,NA,NA,NA,NA,NA,NA,NA,NA,NA,NA
2563,ASV3925,FALSE,TRUE,TRUE,NA,NA,NA,NA,NA,NA,NA,NA,NA,NA,NA,NA,NA,NA,NA,NA,NA,NA,NA,NA,NA
2564,ASV3926,FALSE,FALSE,FALSE,-0.552003292,0.588545211,NA,0.118339137,0.246636924,NA,-466.458.778.212.353,238.628.183.301.155,NA,1,1,1,1,1,1,FALSE,FALSE,FALSE,TRUE,TRUE,TRUE
2565,ASV3929,TRUE,FALSE,TRUE,NA,NA,NA,NA,NA,NA,NA,NA,NA,NA,NA,NA,NA,NA,NA,NA,NA,NA,NA,NA,NA
2566,ASV3931,TRUE,FALSE,TRUE,NA,NA,NA,NA,NA,NA,NA,NA,NA,NA,NA,NA,NA,NA,NA,NA,NA,NA,NA,NA,NA
2567,ASV3935,TRUE,FALSE,TRUE,NA,NA,NA,NA,NA,NA,NA,NA,NA,NA,NA,NA,NA,NA,NA,NA,NA,NA,NA,NA,NA
2568,ASV3936,TRUE,FALSE,TRUE,NA,NA,NA,NA,NA,NA,NA,NA,NA,NA,NA,NA,NA,NA,NA,NA,NA,NA,NA,NA,NA
2569,ASV3942,FALSE,TRUE,TRUE,NA,NA,NA,NA,NA,NA,NA,NA,NA,NA,NA,NA,NA,NA,NA,NA,NA,NA,NA,NA,NA
2570,ASV3948,TRUE,FALSE,TRUE,NA,NA,NA,NA,NA,NA,NA,NA,NA,NA,NA,NA,NA,NA,NA,NA,NA,NA,NA,NA,NA
2571,ASV3949,TRUE,FALSE,TRUE,NA,NA,NA,NA,NA,NA,NA,NA,NA,NA,NA,NA,NA,NA,NA,NA,NA,NA,NA,NA,NA
2572,ASV3951,TRUE,FALSE,TRUE,NA,NA,NA,NA,NA,NA,NA,NA,NA,NA,NA,NA,NA,NA,NA,NA,NA,NA,NA,NA,NA
2573,ASV3952,FALSE,FALSE,FALSE,NA,NA,NA,NA,NA,NA,NA,NA,NA,1,1,1,1,1,1,FALSE,FALSE,FALSE,TRUE,TRUE,TRUE
2574,ASV3956,TRUE,FALSE,TRUE,NA,NA,NA,NA,NA,NA,NA,NA,NA,NA,NA,NA,NA,NA,NA,NA,NA,NA,NA,NA,NA
2575,ASV3957,FALSE,FALSE,FALSE,-0.32544735,0.022678992,0.366008461,0.121651671,0.240452008,0.217220299,-267.523.945.965.013,0.094318165,168.496.435.538.687,0.227729538,0.940132298,0.340982983,1,1,1,FALSE,FALSE,FALSE,TRUE,TRUE,TRUE
2576,ASV3958,FALSE,FALSE,FALSE,NA,NA,NA,NA,NA,NA,NA,NA,NA,1,1,1,1,1,1,FALSE,FALSE,FALSE,TRUE,FALSE,TRUE
2577,ASV3963,FALSE,TRUE,TRUE,NA,NA,NA,NA,NA,NA,NA,NA,NA,NA,NA,NA,NA,NA,NA,NA,NA,NA,NA,NA,NA
2578,ASV3967,FALSE,TRUE,TRUE,NA,NA,NA,NA,NA,NA,NA,NA,NA,NA,NA,NA,NA,NA,NA,NA,NA,NA,NA,NA,NA
2579,ASV3969,TRUE,FALSE,TRUE,NA,NA,NA,NA,NA,NA,NA,NA,NA,NA,NA,NA,NA,NA,NA,NA,NA,NA,NA,NA,NA
2580,ASV3971,FALSE,FALSE,FALSE,NA,NA,NA,NA,NA,NA,NA,NA,NA,1,1,1,1,1,1,FALSE,FALSE,FALSE,TRUE,FALSE,TRUE
2581,ASV3972,FALSE,FALSE,FALSE,NA,NA,NA,NA,NA,NA,NA,NA,NA,1,1,1,1,1,1,FALSE,FALSE,FALSE,TRUE,FALSE,TRUE
2582,ASV3973,TRUE,FALSE,TRUE,NA,NA,NA,NA,NA,NA,NA,NA,NA,NA,NA,NA,NA,NA,NA,NA,NA,NA,NA,NA,NA
2583,ASV3975,TRUE,FALSE,TRUE,NA,NA,NA,NA,NA,NA,NA,NA,NA,NA,NA,NA,NA,NA,NA,NA,NA,NA,NA,NA,NA
2584,ASV3984,FALSE,FALSE,FALSE,NA,NA,NA,NA,NA,NA,NA,NA,NA,1,1,1,1,1,1,FALSE,FALSE,FALSE,TRUE,TRUE,TRUE
2585,ASV3987,FALSE,TRUE,TRUE,NA,NA,NA,NA,NA,NA,NA,NA,NA,NA,NA,NA,NA,NA,NA,NA,NA,NA,NA,NA,NA
2586,ASV3989,TRUE,FALSE,TRUE,NA,NA,NA,NA,NA,NA,NA,NA,NA,NA,NA,NA,NA,NA,NA,NA,NA,NA,NA,NA,NA
2587,ASV3991,TRUE,FALSE,TRUE,NA,NA,NA,NA,NA,NA,NA,NA,NA,NA,NA,NA,NA,NA,NA,NA,NA,NA,NA,NA,NA
2588,ASV3993,FALSE,FALSE,FALSE,NA,NA,NA,NA,NA,NA,NA,NA,NA,1,1,1,1,1,1,FALSE,FALSE,FALSE,TRUE,FALSE,TRUE
2589,ASV3994,FALSE,FALSE,FALSE,NA,NA,NA,NA,NA,NA,NA,NA,NA,1,1,1,1,1,1,FALSE,FALSE,FALSE,TRUE,TRUE,TRUE
2590,ASV3995,TRUE,FALSE,TRUE,NA,NA,NA,NA,NA,NA,NA,NA,NA,NA,NA,NA,NA,NA,NA,NA,NA,NA,NA,NA,NA
2591,ASV3996,FALSE,FALSE,FALSE,NA,NA,NA,NA,NA,NA,NA,NA,NA,1,1,1,1,1,1,FALSE,FALSE,FALSE,TRUE,TRUE,TRUE
2592,ASV3997,FALSE,FALSE,FALSE,NA,NA,NA,NA,NA,NA,NA,NA,NA,1,1,1,1,1,1,FALSE,FALSE,FALSE,TRUE,TRUE,TRUE
2593,ASV3998,FALSE,FALSE,FALSE,NA,NA,NA,NA,NA,NA,NA,NA,NA,1,1,1,1,1,1,FALSE,FALSE,FALSE,TRUE,TRUE,TRUE
2594,ASV3999,TRUE,FALSE,TRUE,NA,NA,NA,NA,NA,NA,NA,NA,NA,NA,NA,NA,NA,NA,NA,NA,NA,NA,NA,NA,NA
2595,ASV4000,FALSE,TRUE,TRUE,NA,NA,NA,NA,NA,NA,NA,NA,NA,NA,NA,NA,NA,NA,NA,NA,NA,NA,NA,NA,NA
2596,ASV4001,TRUE,FALSE,TRUE,NA,NA,NA,NA,NA,NA,NA,NA,NA,NA,NA,NA,NA,NA,NA,NA,NA,NA,NA,NA,NA
2597,ASV4004,TRUE,FALSE,TRUE,NA,NA,NA,NA,NA,NA,NA,NA,NA,NA,NA,NA,NA,NA,NA,NA,NA,NA,NA,NA,NA
2598,ASV4005,FALSE,FALSE,FALSE,NA,NA,NA,NA,NA,NA,NA,NA,NA,1,1,1,1,1,1,FALSE,FALSE,FALSE,TRUE,TRUE,TRUE
2599,ASV4006,FALSE,TRUE,TRUE,NA,NA,NA,NA,NA,NA,NA,NA,NA,NA,NA,NA,NA,NA,NA,NA,NA,NA,NA,NA,NA
2600,ASV4007,FALSE,TRUE,TRUE,NA,NA,NA,NA,NA,NA,NA,NA,NA,NA,NA,NA,NA,NA,NA,NA,NA,NA,NA,NA,NA
2601,ASV4008,TRUE,FALSE,TRUE,NA,NA,NA,NA,NA,NA,NA,NA,NA,NA,NA,NA,NA,NA,NA,NA,NA,NA,NA,NA,NA
2602,ASV4009,TRUE,FALSE,TRUE,NA,NA,NA,NA,NA,NA,NA,NA,NA,NA,NA,NA,NA,NA,NA,NA,NA,NA,NA,NA,NA
2603,ASV4011,FALSE,TRUE,TRUE,NA,NA,NA,NA,NA,NA,NA,NA,NA,NA,NA,NA,NA,NA,NA,NA,NA,NA,NA,NA,NA
2604,ASV4014,TRUE,FALSE,TRUE,NA,NA,NA,NA,NA,NA,NA,NA,NA,NA,NA,NA,NA,NA,NA,NA,NA,NA,NA,NA,NA
2605,ASV4015,FALSE,FALSE,FALSE,NA,NA,NA,NA,NA,NA,NA,NA,NA,1,1,1,1,1,1,FALSE,FALSE,FALSE,TRUE,TRUE,TRUE
2606,ASV4016,TRUE,FALSE,TRUE,NA,NA,NA,NA,NA,NA,NA,NA,NA,NA,NA,NA,NA,NA,NA,NA,NA,NA,NA,NA,NA
2607,ASV4017,FALSE,FALSE,FALSE,NA,NA,NA,NA,NA,NA,NA,NA,NA,1,1,1,1,1,1,FALSE,FALSE,FALSE,TRUE,TRUE,TRUE
2608,ASV4018,FALSE,FALSE,FALSE,0.159444791,0.176021391,-0.422522732,0.116501709,0.242911638,0.219682536,136.860.473.741.827,0.724631361,-192.333.328.005.987,0.401716911,0.600797056,0.305236729,1,1,1,FALSE,FALSE,FALSE,TRUE,TRUE,TRUE
2609,ASV4021,TRUE,FALSE,TRUE,NA,NA,NA,NA,NA,NA,NA,NA,NA,NA,NA,NA,NA,NA,NA,NA,NA,NA,NA,NA,NA
2610,ASV4022,FALSE,FALSE,FALSE,NA,NA,NA,NA,NA,NA,NA,NA,NA,1,1,1,1,1,1,FALSE,FALSE,FALSE,TRUE,TRUE,TRUE
2611,ASV4023,FALSE,FALSE,FALSE,NA,NA,NA,NA,NA,NA,NA,NA,NA,1,1,1,1,1,1,FALSE,FALSE,FALSE,TRUE,FALSE,TRUE
2612,ASV4024,FALSE,FALSE,FALSE,NA,NA,NA,NA,NA,NA,NA,NA,NA,1,1,1,1,1,1,FALSE,FALSE,FALSE,TRUE,TRUE,TRUE
2613,ASV4025,FALSE,FALSE,FALSE,NA,NA,NA,NA,NA,NA,NA,NA,NA,1,1,1,1,1,1,FALSE,FALSE,FALSE,TRUE,TRUE,TRUE
2614,ASV4027,FALSE,FALSE,FALSE,NA,NA,NA,NA,NA,NA,NA,NA,NA,1,1,1,1,1,1,FALSE,FALSE,FALSE,TRUE,FALSE,TRUE
2615,ASV4029,FALSE,TRUE,TRUE,NA,NA,NA,NA,NA,NA,NA,NA,NA,NA,NA,NA,NA,NA,NA,NA,NA,NA,NA,NA,NA
2616,ASV4033,TRUE,FALSE,TRUE,NA,NA,NA,NA,NA,NA,NA,NA,NA,NA,NA,NA,NA,NA,NA,NA,NA,NA,NA,NA,NA
2617,ASV4035,TRUE,FALSE,TRUE,NA,NA,NA,NA,NA,NA,NA,NA,NA,NA,NA,NA,NA,NA,NA,NA,NA,NA,NA,NA,NA
2618,ASV4036,TRUE,FALSE,TRUE,NA,NA,NA,NA,NA,NA,NA,NA,NA,NA,NA,NA,NA,NA,NA,NA,NA,NA,NA,NA,NA
2619,ASV4037,TRUE,FALSE,TRUE,NA,NA,NA,NA,NA,NA,NA,NA,NA,NA,NA,NA,NA,NA,NA,NA,NA,NA,NA,NA,NA
2620,ASV4038,FALSE,TRUE,TRUE,NA,NA,NA,NA,NA,NA,NA,NA,NA,NA,NA,NA,NA,NA,NA,NA,NA,NA,NA,NA,NA
2621,ASV4039,FALSE,TRUE,TRUE,NA,NA,NA,NA,NA,NA,NA,NA,NA,NA,NA,NA,NA,NA,NA,NA,NA,NA,NA,NA,NA
2622,ASV4040,FALSE,TRUE,TRUE,NA,NA,NA,NA,NA,NA,NA,NA,NA,NA,NA,NA,NA,NA,NA,NA,NA,NA,NA,NA,NA
2623,ASV4041,FALSE,FALSE,FALSE,NA,NA,NA,NA,NA,NA,NA,NA,NA,1,1,1,1,1,1,FALSE,FALSE,FALSE,TRUE,TRUE,TRUE
2624,ASV4042,TRUE,FALSE,TRUE,NA,NA,NA,NA,NA,NA,NA,NA,NA,NA,NA,NA,NA,NA,NA,NA,NA,NA,NA,NA,NA
2625,ASV4043,FALSE,TRUE,TRUE,NA,NA,NA,NA,NA,NA,NA,NA,NA,NA,NA,NA,NA,NA,NA,NA,NA,NA,NA,NA,NA
2626,ASV4045,FALSE,FALSE,FALSE,NA,NA,NA,NA,NA,NA,NA,NA,NA,1,1,1,1,1,1,FALSE,FALSE,FALSE,TRUE,TRUE,TRUE
2627,ASV4046,FALSE,FALSE,FALSE,NA,NA,NA,NA,NA,NA,NA,NA,NA,1,1,1,1,1,1,FALSE,FALSE,FALSE,TRUE,TRUE,TRUE
2628,ASV4047,TRUE,FALSE,TRUE,NA,NA,NA,NA,NA,NA,NA,NA,NA,NA,NA,NA,NA,NA,NA,NA,NA,NA,NA,NA,NA
2629,ASV4050,FALSE,FALSE,FALSE,-0.218927153,-0.684154336,0.641280447,0.214499716,0.264726221,0.24160254,-102.064.075.866.603,-258.438.447.640.671,265.427.857.767.085,0.38255511,0.081469452,0.076712667,1,1,1,FALSE,FALSE,FALSE,TRUE,FALSE,TRUE
2630,ASV4053,FALSE,TRUE,TRUE,NA,NA,NA,NA,NA,NA,NA,NA,NA,NA,NA,NA,NA,NA,NA,NA,NA,NA,NA,NA,NA
2631,ASV4055,TRUE,FALSE,TRUE,NA,NA,NA,NA,NA,NA,NA,NA,NA,NA,NA,NA,NA,NA,NA,NA,NA,NA,NA,NA,NA
2632,ASV4056,FALSE,TRUE,TRUE,NA,NA,NA,NA,NA,NA,NA,NA,NA,NA,NA,NA,NA,NA,NA,NA,NA,NA,NA,NA,NA
2633,ASV4057,TRUE,FALSE,TRUE,NA,NA,NA,NA,NA,NA,NA,NA,NA,NA,NA,NA,NA,NA,NA,NA,NA,NA,NA,NA,NA
2634,ASV4063,FALSE,TRUE,TRUE,NA,NA,NA,NA,NA,NA,NA,NA,NA,NA,NA,NA,NA,NA,NA,NA,NA,NA,NA,NA,NA
2635,ASV4067,FALSE,TRUE,TRUE,NA,NA,NA,NA,NA,NA,NA,NA,NA,NA,NA,NA,NA,NA,NA,NA,NA,NA,NA,NA,NA
2636,ASV4068,TRUE,FALSE,TRUE,NA,NA,NA,NA,NA,NA,NA,NA,NA,NA,NA,NA,NA,NA,NA,NA,NA,NA,NA,NA,NA
2637,ASV4070,FALSE,FALSE,FALSE,NA,NA,NA,NA,NA,NA,NA,NA,NA,1,1,1,1,1,1,FALSE,FALSE,FALSE,TRUE,TRUE,TRUE
2638,ASV4071,FALSE,FALSE,FALSE,NA,NA,NA,NA,NA,NA,NA,NA,NA,1,1,1,1,1,1,FALSE,FALSE,FALSE,TRUE,TRUE,TRUE
2639,ASV4072,TRUE,FALSE,TRUE,NA,NA,NA,NA,NA,NA,NA,NA,NA,NA,NA,NA,NA,NA,NA,NA,NA,NA,NA,NA,NA
2640,ASV4083,TRUE,FALSE,TRUE,NA,NA,NA,NA,NA,NA,NA,NA,NA,NA,NA,NA,NA,NA,NA,NA,NA,NA,NA,NA,NA
2641,ASV4085,FALSE,TRUE,TRUE,NA,NA,NA,NA,NA,NA,NA,NA,NA,NA,NA,NA,NA,NA,NA,NA,NA,NA,NA,NA,NA
2642,ASV4090,FALSE,FALSE,FALSE,NA,NA,NA,NA,NA,NA,NA,NA,NA,1,1,1,1,1,1,FALSE,FALSE,FALSE,TRUE,TRUE,TRUE
2643,ASV4091,TRUE,FALSE,TRUE,NA,NA,NA,NA,NA,NA,NA,NA,NA,NA,NA,NA,NA,NA,NA,NA,NA,NA,NA,NA,NA
2644,ASV4092,FALSE,TRUE,TRUE,NA,NA,NA,NA,NA,NA,NA,NA,NA,NA,NA,NA,NA,NA,NA,NA,NA,NA,NA,NA,NA
2645,ASV4094,FALSE,FALSE,FALSE,NA,NA,NA,NA,NA,NA,NA,NA,NA,1,1,1,1,1,1,FALSE,FALSE,FALSE,TRUE,TRUE,TRUE
2646,ASV4095,TRUE,FALSE,TRUE,NA,NA,NA,NA,NA,NA,NA,NA,NA,NA,NA,NA,NA,NA,NA,NA,NA,NA,NA,NA,NA
2647,ASV4097,TRUE,FALSE,TRUE,NA,NA,NA,NA,NA,NA,NA,NA,NA,NA,NA,NA,NA,NA,NA,NA,NA,NA,NA,NA,NA
2648,ASV4098,TRUE,FALSE,TRUE,NA,NA,NA,NA,NA,NA,NA,NA,NA,NA,NA,NA,NA,NA,NA,NA,NA,NA,NA,NA,NA
2649,ASV4099,FALSE,FALSE,FALSE,NA,NA,NA,NA,NA,NA,NA,NA,NA,1,1,1,1,1,1,FALSE,FALSE,FALSE,TRUE,TRUE,TRUE
2650,ASV4100,TRUE,FALSE,TRUE,NA,NA,NA,NA,NA,NA,NA,NA,NA,NA,NA,NA,NA,NA,NA,NA,NA,NA,NA,NA,NA
2651,ASV4101,FALSE,FALSE,FALSE,NA,NA,NA,NA,NA,NA,NA,NA,NA,1,1,1,1,1,1,FALSE,FALSE,FALSE,TRUE,TRUE,TRUE
2652,ASV4102,TRUE,FALSE,TRUE,NA,NA,NA,NA,NA,NA,NA,NA,NA,NA,NA,NA,NA,NA,NA,NA,NA,NA,NA,NA,NA
2653,ASV4109,TRUE,FALSE,TRUE,NA,NA,NA,NA,NA,NA,NA,NA,NA,NA,NA,NA,NA,NA,NA,NA,NA,NA,NA,NA,NA
2654,ASV4110,TRUE,FALSE,TRUE,NA,NA,NA,NA,NA,NA,NA,NA,NA,NA,NA,NA,NA,NA,NA,NA,NA,NA,NA,NA,NA
2655,ASV4112,FALSE,TRUE,TRUE,NA,NA,NA,NA,NA,NA,NA,NA,NA,NA,NA,NA,NA,NA,NA,NA,NA,NA,NA,NA,NA
2656,ASV4114,FALSE,TRUE,TRUE,NA,NA,NA,NA,NA,NA,NA,NA,NA,NA,NA,NA,NA,NA,NA,NA,NA,NA,NA,NA,NA
2657,ASV4115,FALSE,FALSE,FALSE,NA,NA,NA,NA,NA,NA,NA,NA,NA,1,1,1,1,1,1,FALSE,FALSE,FALSE,TRUE,TRUE,TRUE
2658,ASV4116,TRUE,FALSE,TRUE,NA,NA,NA,NA,NA,NA,NA,NA,NA,NA,NA,NA,NA,NA,NA,NA,NA,NA,NA,NA,NA
2659,ASV4118,FALSE,FALSE,FALSE,-0.414984588,113.843.033.100.156,NA,0.116965828,0.243853046,NA,-354.791.305.884.188,466.850.977.673.641,NA,0.174897779,0.134334696,1,1,1,1,FALSE,FALSE,FALSE,TRUE,TRUE,TRUE
2660,ASV4121,FALSE,FALSE,FALSE,NA,NA,NA,NA,NA,NA,NA,NA,NA,1,1,1,1,1,1,FALSE,FALSE,FALSE,TRUE,FALSE,TRUE
2661,ASV4124,FALSE,FALSE,FALSE,-0.520785323,0.741186403,NA,0.118339137,0.246636924,NA,-440.078.689.843.009,300.517.210.439.997,NA,1,1,1,1,1,1,FALSE,FALSE,FALSE,TRUE,TRUE,TRUE
2662,ASV4131,TRUE,FALSE,TRUE,NA,NA,NA,NA,NA,NA,NA,NA,NA,NA,NA,NA,NA,NA,NA,NA,NA,NA,NA,NA,NA
2663,ASV4132,TRUE,FALSE,TRUE,NA,NA,NA,NA,NA,NA,NA,NA,NA,NA,NA,NA,NA,NA,NA,NA,NA,NA,NA,NA,NA
2664,ASV4133,FALSE,TRUE,TRUE,NA,NA,NA,NA,NA,NA,NA,NA,NA,NA,NA,NA,NA,NA,NA,NA,NA,NA,NA,NA,NA
2665,ASV4136,TRUE,FALSE,TRUE,NA,NA,NA,NA,NA,NA,NA,NA,NA,NA,NA,NA,NA,NA,NA,NA,NA,NA,NA,NA,NA
2666,ASV4138,TRUE,FALSE,TRUE,NA,NA,NA,NA,NA,NA,NA,NA,NA,NA,NA,NA,NA,NA,NA,NA,NA,NA,NA,NA,NA
2667,ASV4139,FALSE,FALSE,FALSE,NA,NA,NA,NA,NA,NA,NA,NA,NA,1,1,1,1,1,1,FALSE,FALSE,FALSE,TRUE,TRUE,TRUE
2668,ASV4141,FALSE,FALSE,FALSE,NA,NA,NA,NA,NA,NA,NA,NA,NA,1,1,1,1,1,1,FALSE,FALSE,FALSE,TRUE,FALSE,TRUE
2669,ASV4142,TRUE,FALSE,TRUE,NA,NA,NA,NA,NA,NA,NA,NA,NA,NA,NA,NA,NA,NA,NA,NA,NA,NA,NA,NA,NA
2670,ASV4143,FALSE,TRUE,TRUE,NA,NA,NA,NA,NA,NA,NA,NA,NA,NA,NA,NA,NA,NA,NA,NA,NA,NA,NA,NA,NA
2671,ASV4146,TRUE,FALSE,TRUE,NA,NA,NA,NA,NA,NA,NA,NA,NA,NA,NA,NA,NA,NA,NA,NA,NA,NA,NA,NA,NA
2672,ASV4149,FALSE,TRUE,TRUE,NA,NA,NA,NA,NA,NA,NA,NA,NA,NA,NA,NA,NA,NA,NA,NA,NA,NA,NA,NA,NA
2673,ASV4151,FALSE,TRUE,TRUE,NA,NA,NA,NA,NA,NA,NA,NA,NA,NA,NA,NA,NA,NA,NA,NA,NA,NA,NA,NA,NA
2674,ASV4152,FALSE,FALSE,FALSE,NA,NA,NA,NA,NA,NA,NA,NA,NA,1,1,1,1,1,1,FALSE,FALSE,FALSE,TRUE,TRUE,TRUE
2675,ASV4153,TRUE,FALSE,TRUE,NA,NA,NA,NA,NA,NA,NA,NA,NA,NA,NA,NA,NA,NA,NA,NA,NA,NA,NA,NA,NA
2676,ASV4156,FALSE,FALSE,FALSE,NA,NA,NA,NA,NA,NA,NA,NA,NA,1,1,1,1,1,1,FALSE,FALSE,FALSE,TRUE,TRUE,TRUE
2677,ASV4157,TRUE,FALSE,TRUE,NA,NA,NA,NA,NA,NA,NA,NA,NA,NA,NA,NA,NA,NA,NA,NA,NA,NA,NA,NA,NA
2678,ASV4158,FALSE,FALSE,FALSE,NA,NA,NA,NA,NA,NA,NA,NA,NA,1,1,1,1,1,1,FALSE,FALSE,FALSE,TRUE,FALSE,TRUE
2679,ASV4161,FALSE,FALSE,FALSE,NA,NA,NA,NA,NA,NA,NA,NA,NA,1,1,1,1,1,1,FALSE,FALSE,FALSE,TRUE,TRUE,TRUE
2680,ASV4163,FALSE,FALSE,FALSE,NA,NA,NA,NA,NA,NA,NA,NA,NA,1,1,1,1,1,1,FALSE,FALSE,FALSE,TRUE,FALSE,TRUE
2681,ASV4165,FALSE,FALSE,FALSE,-0.17867699,0.127750185,0.212019984,0.117590198,0.245119037,0.221894288,-151.948.881.206.212,0.521176107,0.955499961,0.370550633,0.694139453,0.514484642,1,1,1,FALSE,FALSE,FALSE,TRUE,TRUE,TRUE
2682,ASV4167,TRUE,FALSE,TRUE,NA,NA,NA,NA,NA,NA,NA,NA,NA,NA,NA,NA,NA,NA,NA,NA,NA,NA,NA,NA,NA
2683,ASV4170,TRUE,FALSE,TRUE,NA,NA,NA,NA,NA,NA,NA,NA,NA,NA,NA,NA,NA,NA,NA,NA,NA,NA,NA,NA,NA
2684,ASV4175,FALSE,TRUE,TRUE,NA,NA,NA,NA,NA,NA,NA,NA,NA,NA,NA,NA,NA,NA,NA,NA,NA,NA,NA,NA,NA
2685,ASV4176,TRUE,FALSE,TRUE,NA,NA,NA,NA,NA,NA,NA,NA,NA,NA,NA,NA,NA,NA,NA,NA,NA,NA,NA,NA,NA
2686,ASV4177,TRUE,FALSE,TRUE,NA,NA,NA,NA,NA,NA,NA,NA,NA,NA,NA,NA,NA,NA,NA,NA,NA,NA,NA,NA,NA
2687,ASV4178,TRUE,FALSE,TRUE,NA,NA,NA,NA,NA,NA,NA,NA,NA,NA,NA,NA,NA,NA,NA,NA,NA,NA,NA,NA,NA
2688,ASV4179,FALSE,FALSE,FALSE,NA,NA,NA,NA,NA,NA,NA,NA,NA,1,1,1,1,1,1,FALSE,FALSE,FALSE,TRUE,TRUE,TRUE
2689,ASV4180,TRUE,FALSE,TRUE,NA,NA,NA,NA,NA,NA,NA,NA,NA,NA,NA,NA,NA,NA,NA,NA,NA,NA,NA,NA,NA
2690,ASV4181,TRUE,FALSE,TRUE,NA,NA,NA,NA,NA,NA,NA,NA,NA,NA,NA,NA,NA,NA,NA,NA,NA,NA,NA,NA,NA
2691,ASV4182,FALSE,FALSE,FALSE,NA,NA,NA,NA,NA,NA,NA,NA,NA,1,1,1,1,1,1,FALSE,FALSE,FALSE,TRUE,TRUE,TRUE
2692,ASV4183,FALSE,FALSE,FALSE,NA,NA,NA,NA,NA,NA,NA,NA,NA,1,1,1,1,1,1,FALSE,FALSE,FALSE,TRUE,TRUE,TRUE
2693,ASV4184,TRUE,FALSE,TRUE,NA,NA,NA,NA,NA,NA,NA,NA,NA,NA,NA,NA,NA,NA,NA,NA,NA,NA,NA,NA,NA
2694,ASV4185,FALSE,FALSE,FALSE,NA,NA,NA,NA,NA,NA,NA,NA,NA,1,1,1,1,1,1,FALSE,FALSE,FALSE,TRUE,TRUE,TRUE
2695,ASV4186,FALSE,FALSE,FALSE,NA,NA,NA,NA,NA,NA,NA,NA,NA,1,1,1,1,1,1,FALSE,FALSE,FALSE,TRUE,FALSE,TRUE
2696,ASV4187,FALSE,FALSE,FALSE,NA,NA,NA,NA,NA,NA,NA,NA,NA,1,1,1,1,1,1,FALSE,FALSE,FALSE,TRUE,TRUE,TRUE
2697,ASV4198,FALSE,TRUE,TRUE,NA,NA,NA,NA,NA,NA,NA,NA,NA,NA,NA,NA,NA,NA,NA,NA,NA,NA,NA,NA,NA
2698,ASV4200,FALSE,FALSE,FALSE,NA,NA,NA,NA,NA,NA,NA,NA,NA,1,1,1,1,1,1,FALSE,FALSE,FALSE,TRUE,FALSE,TRUE
2699,ASV4201,TRUE,FALSE,TRUE,NA,NA,NA,NA,NA,NA,NA,NA,NA,NA,NA,NA,NA,NA,NA,NA,NA,NA,NA,NA,NA
2700,ASV4202,TRUE,FALSE,TRUE,NA,NA,NA,NA,NA,NA,NA,NA,NA,NA,NA,NA,NA,NA,NA,NA,NA,NA,NA,NA,NA
2701,ASV4203,FALSE,FALSE,FALSE,NA,NA,NA,NA,NA,NA,NA,NA,NA,1,1,1,1,1,1,FALSE,FALSE,FALSE,TRUE,TRUE,TRUE
2702,ASV4204,FALSE,FALSE,FALSE,NA,NA,NA,NA,NA,NA,NA,NA,NA,1,1,1,1,1,1,FALSE,FALSE,FALSE,FALSE,FALSE,TRUE
2703,ASV4207,TRUE,FALSE,TRUE,NA,NA,NA,NA,NA,NA,NA,NA,NA,NA,NA,NA,NA,NA,NA,NA,NA,NA,NA,NA,NA
2704,ASV4212,TRUE,FALSE,TRUE,NA,NA,NA,NA,NA,NA,NA,NA,NA,NA,NA,NA,NA,NA,NA,NA,NA,NA,NA,NA,NA
2705,ASV4216,FALSE,TRUE,TRUE,NA,NA,NA,NA,NA,NA,NA,NA,NA,NA,NA,NA,NA,NA,NA,NA,NA,NA,NA,NA,NA
2706,ASV4217,FALSE,FALSE,FALSE,-0.296827874,0.63422495,NA,0.118339137,0.246636924,NA,-250.828.155.433.849,257.149.229.704.073,NA,1,1,1,1,1,1,FALSE,FALSE,FALSE,TRUE,TRUE,TRUE
2707,ASV4219,FALSE,TRUE,TRUE,NA,NA,NA,NA,NA,NA,NA,NA,NA,NA,NA,NA,NA,NA,NA,NA,NA,NA,NA,NA,NA
2708,ASV4220,FALSE,TRUE,TRUE,NA,NA,NA,NA,NA,NA,NA,NA,NA,NA,NA,NA,NA,NA,NA,NA,NA,NA,NA,NA,NA
2709,ASV4221,TRUE,FALSE,TRUE,NA,NA,NA,NA,NA,NA,NA,NA,NA,NA,NA,NA,NA,NA,NA,NA,NA,NA,NA,NA,NA
2710,ASV4225,TRUE,FALSE,TRUE,NA,NA,NA,NA,NA,NA,NA,NA,NA,NA,NA,NA,NA,NA,NA,NA,NA,NA,NA,NA,NA
2711,ASV4226,TRUE,FALSE,TRUE,NA,NA,NA,NA,NA,NA,NA,NA,NA,NA,NA,NA,NA,NA,NA,NA,NA,NA,NA,NA,NA
2712,ASV4228,TRUE,FALSE,TRUE,NA,NA,NA,NA,NA,NA,NA,NA,NA,NA,NA,NA,NA,NA,NA,NA,NA,NA,NA,NA,NA
2713,ASV4229,TRUE,FALSE,TRUE,NA,NA,NA,NA,NA,NA,NA,NA,NA,NA,NA,NA,NA,NA,NA,NA,NA,NA,NA,NA,NA
2714,ASV4230,TRUE,FALSE,TRUE,NA,NA,NA,NA,NA,NA,NA,NA,NA,NA,NA,NA,NA,NA,NA,NA,NA,NA,NA,NA,NA
2715,ASV4231,TRUE,FALSE,TRUE,NA,NA,NA,NA,NA,NA,NA,NA,NA,NA,NA,NA,NA,NA,NA,NA,NA,NA,NA,NA,NA
2716,ASV4232,TRUE,FALSE,TRUE,NA,NA,NA,NA,NA,NA,NA,NA,NA,NA,NA,NA,NA,NA,NA,NA,NA,NA,NA,NA,NA
2717,ASV4233,FALSE,FALSE,FALSE,NA,NA,NA,NA,NA,NA,NA,NA,NA,1,1,1,1,1,1,FALSE,FALSE,FALSE,TRUE,TRUE,TRUE
2718,ASV4234,FALSE,FALSE,FALSE,NA,NA,NA,NA,NA,NA,NA,NA,NA,1,1,1,1,1,1,FALSE,FALSE,FALSE,TRUE,TRUE,TRUE
2719,ASV4235,FALSE,FALSE,FALSE,NA,NA,NA,NA,NA,NA,NA,NA,NA,1,1,1,1,1,1,FALSE,FALSE,FALSE,TRUE,TRUE,TRUE
2720,ASV4236,FALSE,FALSE,FALSE,NA,NA,NA,NA,NA,NA,NA,NA,NA,1,1,1,1,1,1,FALSE,FALSE,FALSE,TRUE,FALSE,TRUE
2721,ASV4241,FALSE,TRUE,TRUE,NA,NA,NA,NA,NA,NA,NA,NA,NA,NA,NA,NA,NA,NA,NA,NA,NA,NA,NA,NA,NA
2722,ASV4244,TRUE,FALSE,TRUE,NA,NA,NA,NA,NA,NA,NA,NA,NA,NA,NA,NA,NA,NA,NA,NA,NA,NA,NA,NA,NA
2723,ASV4245,TRUE,FALSE,TRUE,NA,NA,NA,NA,NA,NA,NA,NA,NA,NA,NA,NA,NA,NA,NA,NA,NA,NA,NA,NA,NA
2724,ASV4246,FALSE,FALSE,FALSE,-0.370382707,0.087771826,0.247180651,0.121674077,0.253387613,0.230193573,-304.405.602.944.261,0.346393517,107.379.475.595,0.202064674,0.787713846,0.477355818,1,1,1,FALSE,FALSE,FALSE,TRUE,TRUE,TRUE
2725,ASV4247,TRUE,FALSE,TRUE,NA,NA,NA,NA,NA,NA,NA,NA,NA,NA,NA,NA,NA,NA,NA,NA,NA,NA,NA,NA,NA
2726,ASV4248,TRUE,FALSE,TRUE,NA,NA,NA,NA,NA,NA,NA,NA,NA,NA,NA,NA,NA,NA,NA,NA,NA,NA,NA,NA,NA
2727,ASV4249,TRUE,FALSE,TRUE,NA,NA,NA,NA,NA,NA,NA,NA,NA,NA,NA,NA,NA,NA,NA,NA,NA,NA,NA,NA,NA
2728,ASV4251,FALSE,FALSE,FALSE,NA,NA,NA,NA,NA,NA,NA,NA,NA,1,1,1,1,1,1,FALSE,FALSE,FALSE,TRUE,TRUE,TRUE
2729,ASV4253,TRUE,FALSE,TRUE,NA,NA,NA,NA,NA,NA,NA,NA,NA,NA,NA,NA,NA,NA,NA,NA,NA,NA,NA,NA,NA
2730,ASV4255,FALSE,FALSE,FALSE,NA,NA,NA,NA,NA,NA,NA,NA,NA,1,1,1,1,1,1,FALSE,FALSE,FALSE,TRUE,FALSE,TRUE
2731,ASV4256,FALSE,FALSE,FALSE,NA,NA,NA,NA,NA,NA,NA,NA,NA,1,1,1,1,1,1,FALSE,FALSE,FALSE,FALSE,FALSE,TRUE
2732,ASV4257,FALSE,FALSE,FALSE,NA,NA,NA,NA,NA,NA,NA,NA,NA,1,1,1,1,1,1,FALSE,FALSE,FALSE,TRUE,FALSE,TRUE
2733,ASV4258,FALSE,FALSE,FALSE,NA,NA,NA,NA,NA,NA,NA,NA,NA,1,1,1,1,1,1,FALSE,FALSE,FALSE,TRUE,FALSE,TRUE
2734,ASV4259,FALSE,FALSE,FALSE,NA,NA,NA,NA,NA,NA,NA,NA,NA,1,1,1,1,1,1,FALSE,FALSE,FALSE,FALSE,FALSE,FALSE
2735,ASV4263,FALSE,FALSE,FALSE,0.117178456,-0.561502809,NA,0.121416156,0.240395121,NA,0.96509772,-233.574.960.315.787,NA,0.436319852,0.144576242,1,1,1,1,FALSE,FALSE,FALSE,TRUE,TRUE,TRUE
2736,ASV4268,FALSE,TRUE,TRUE,NA,NA,NA,NA,NA,NA,NA,NA,NA,NA,NA,NA,NA,NA,NA,NA,NA,NA,NA,NA,NA
2737,ASV4269,FALSE,TRUE,TRUE,NA,NA,NA,NA,NA,NA,NA,NA,NA,NA,NA,NA,NA,NA,NA,NA,NA,NA,NA,NA,NA
2738,ASV4270,TRUE,FALSE,TRUE,NA,NA,NA,NA,NA,NA,NA,NA,NA,NA,NA,NA,NA,NA,NA,NA,NA,NA,NA,NA,NA
2739,ASV4271,FALSE,FALSE,FALSE,NA,NA,NA,NA,NA,NA,NA,NA,NA,1,1,1,1,1,1,FALSE,FALSE,FALSE,TRUE,FALSE,TRUE
2740,ASV4272,TRUE,FALSE,TRUE,NA,NA,NA,NA,NA,NA,NA,NA,NA,NA,NA,NA,NA,NA,NA,NA,NA,NA,NA,NA,NA
2741,ASV4273,FALSE,FALSE,FALSE,NA,NA,NA,NA,NA,NA,NA,NA,NA,1,1,1,1,1,1,FALSE,FALSE,FALSE,TRUE,FALSE,TRUE
2742,ASV4276,FALSE,FALSE,FALSE,NA,NA,NA,NA,NA,NA,NA,NA,NA,1,1,1,1,1,1,FALSE,FALSE,FALSE,TRUE,TRUE,TRUE
2743,ASV4277,TRUE,FALSE,TRUE,NA,NA,NA,NA,NA,NA,NA,NA,NA,NA,NA,NA,NA,NA,NA,NA,NA,NA,NA,NA,NA
2744,ASV4283,TRUE,FALSE,TRUE,NA,NA,NA,NA,NA,NA,NA,NA,NA,NA,NA,NA,NA,NA,NA,NA,NA,NA,NA,NA,NA
2745,ASV4289,TRUE,FALSE,TRUE,NA,NA,NA,NA,NA,NA,NA,NA,NA,NA,NA,NA,NA,NA,NA,NA,NA,NA,NA,NA,NA
2746,ASV4291,FALSE,FALSE,FALSE,0.038220572,-0.326111483,NA,0.117136923,0.244200016,NA,0.326289706,-133.542.777.036.886,NA,0.799211428,0.409186002,1,1,1,1,FALSE,FALSE,FALSE,TRUE,TRUE,TRUE
2747,ASV4292,TRUE,FALSE,TRUE,NA,NA,NA,NA,NA,NA,NA,NA,NA,NA,NA,NA,NA,NA,NA,NA,NA,NA,NA,NA,NA
2748,ASV4293,TRUE,FALSE,TRUE,NA,NA,NA,NA,NA,NA,NA,NA,NA,NA,NA,NA,NA,NA,NA,NA,NA,NA,NA,NA,NA
2749,ASV4296,FALSE,FALSE,FALSE,NA,NA,NA,NA,NA,NA,NA,NA,NA,1,1,1,1,1,1,FALSE,FALSE,FALSE,TRUE,TRUE,TRUE
2750,ASV4297,TRUE,FALSE,TRUE,NA,NA,NA,NA,NA,NA,NA,NA,NA,NA,NA,NA,NA,NA,NA,NA,NA,NA,NA,NA,NA
2751,ASV4299,TRUE,FALSE,TRUE,NA,NA,NA,NA,NA,NA,NA,NA,NA,NA,NA,NA,NA,NA,NA,NA,NA,NA,NA,NA,NA
2752,ASV4300,FALSE,FALSE,FALSE,NA,NA,NA,NA,NA,NA,NA,NA,NA,1,1,1,1,1,1,FALSE,FALSE,FALSE,TRUE,TRUE,TRUE
2753,ASV4301,TRUE,FALSE,TRUE,NA,NA,NA,NA,NA,NA,NA,NA,NA,NA,NA,NA,NA,NA,NA,NA,NA,NA,NA,NA,NA
2754,ASV4307,FALSE,TRUE,TRUE,NA,NA,NA,NA,NA,NA,NA,NA,NA,NA,NA,NA,NA,NA,NA,NA,NA,NA,NA,NA,NA
2755,ASV4309,TRUE,FALSE,TRUE,NA,NA,NA,NA,NA,NA,NA,NA,NA,NA,NA,NA,NA,NA,NA,NA,NA,NA,NA,NA,NA
2756,ASV4311,FALSE,FALSE,FALSE,NA,NA,NA,NA,NA,NA,NA,NA,NA,1,1,1,1,1,1,FALSE,FALSE,FALSE,TRUE,TRUE,TRUE
2757,ASV4312,TRUE,FALSE,TRUE,NA,NA,NA,NA,NA,NA,NA,NA,NA,NA,NA,NA,NA,NA,NA,NA,NA,NA,NA,NA,NA
2758,ASV4316,FALSE,FALSE,FALSE,NA,NA,NA,NA,NA,NA,NA,NA,NA,1,1,1,1,1,1,FALSE,FALSE,FALSE,TRUE,TRUE,TRUE
2759,ASV4317,FALSE,FALSE,FALSE,NA,NA,NA,NA,NA,NA,NA,NA,NA,1,1,1,1,1,1,FALSE,FALSE,FALSE,TRUE,TRUE,TRUE
2760,ASV4318,FALSE,FALSE,FALSE,NA,NA,NA,NA,NA,NA,NA,NA,NA,1,1,1,1,1,1,FALSE,FALSE,FALSE,FALSE,FALSE,FALSE
2761,ASV4319,TRUE,FALSE,TRUE,NA,NA,NA,NA,NA,NA,NA,NA,NA,NA,NA,NA,NA,NA,NA,NA,NA,NA,NA,NA,NA
2762,ASV4320,TRUE,FALSE,TRUE,NA,NA,NA,NA,NA,NA,NA,NA,NA,NA,NA,NA,NA,NA,NA,NA,NA,NA,NA,NA,NA
2763,ASV4321,TRUE,FALSE,TRUE,NA,NA,NA,NA,NA,NA,NA,NA,NA,NA,NA,NA,NA,NA,NA,NA,NA,NA,NA,NA,NA
2764,ASV4322,TRUE,FALSE,TRUE,NA,NA,NA,NA,NA,NA,NA,NA,NA,NA,NA,NA,NA,NA,NA,NA,NA,NA,NA,NA,NA
2765,ASV4324,FALSE,FALSE,FALSE,NA,NA,NA,NA,NA,NA,NA,NA,NA,1,1,1,1,1,1,FALSE,FALSE,FALSE,TRUE,TRUE,TRUE
2766,ASV4325,TRUE,FALSE,TRUE,NA,NA,NA,NA,NA,NA,NA,NA,NA,NA,NA,NA,NA,NA,NA,NA,NA,NA,NA,NA,NA
2767,ASV4329,FALSE,TRUE,TRUE,NA,NA,NA,NA,NA,NA,NA,NA,NA,NA,NA,NA,NA,NA,NA,NA,NA,NA,NA,NA,NA
2768,ASV4335,TRUE,FALSE,TRUE,NA,NA,NA,NA,NA,NA,NA,NA,NA,NA,NA,NA,NA,NA,NA,NA,NA,NA,NA,NA,NA
2769,ASV4336,TRUE,FALSE,TRUE,NA,NA,NA,NA,NA,NA,NA,NA,NA,NA,NA,NA,NA,NA,NA,NA,NA,NA,NA,NA,NA
2770,ASV4337,TRUE,FALSE,TRUE,NA,NA,NA,NA,NA,NA,NA,NA,NA,NA,NA,NA,NA,NA,NA,NA,NA,NA,NA,NA,NA
2771,ASV4338,FALSE,FALSE,FALSE,NA,NA,NA,NA,NA,NA,NA,NA,NA,1,1,1,1,1,1,FALSE,FALSE,FALSE,TRUE,TRUE,TRUE
2772,ASV4341,FALSE,FALSE,FALSE,NA,NA,NA,NA,NA,NA,NA,NA,NA,1,1,1,1,1,1,FALSE,FALSE,FALSE,TRUE,FALSE,TRUE
2773,ASV4343,FALSE,FALSE,FALSE,NA,NA,NA,NA,NA,NA,NA,NA,NA,1,1,1,1,1,1,FALSE,FALSE,FALSE,TRUE,FALSE,TRUE
2774,ASV4344,FALSE,FALSE,FALSE,NA,NA,NA,NA,NA,NA,NA,NA,NA,1,1,1,1,1,1,FALSE,FALSE,FALSE,TRUE,TRUE,TRUE
2775,ASV4345,FALSE,FALSE,FALSE,NA,NA,NA,NA,NA,NA,NA,NA,NA,1,1,1,1,1,1,FALSE,FALSE,FALSE,TRUE,TRUE,TRUE
2776,ASV4349,FALSE,FALSE,FALSE,0.968303987,-23.712.849.882.451,NA,0.118339137,0.246636924,NA,818.244.928.421.085,-961.447.682.478.107,NA,1,1,1,1,1,1,FALSE,FALSE,FALSE,TRUE,TRUE,TRUE
2777,ASV4350,FALSE,TRUE,TRUE,NA,NA,NA,NA,NA,NA,NA,NA,NA,NA,NA,NA,NA,NA,NA,NA,NA,NA,NA,NA,NA
2778,ASV4351,TRUE,FALSE,TRUE,NA,NA,NA,NA,NA,NA,NA,NA,NA,NA,NA,NA,NA,NA,NA,NA,NA,NA,NA,NA,NA
2779,ASV4352,TRUE,FALSE,TRUE,NA,NA,NA,NA,NA,NA,NA,NA,NA,NA,NA,NA,NA,NA,NA,NA,NA,NA,NA,NA,NA
2780,ASV4353,FALSE,FALSE,FALSE,NA,NA,NA,NA,NA,NA,NA,NA,NA,1,1,1,1,1,1,FALSE,FALSE,FALSE,TRUE,TRUE,TRUE
2781,ASV4354,FALSE,TRUE,TRUE,NA,NA,NA,NA,NA,NA,NA,NA,NA,NA,NA,NA,NA,NA,NA,NA,NA,NA,NA,NA,NA
2782,ASV4357,TRUE,FALSE,TRUE,NA,NA,NA,NA,NA,NA,NA,NA,NA,NA,NA,NA,NA,NA,NA,NA,NA,NA,NA,NA,NA
2783,ASV4359,FALSE,FALSE,FALSE,NA,NA,NA,NA,NA,NA,NA,NA,NA,1,1,1,1,1,1,FALSE,FALSE,FALSE,TRUE,TRUE,TRUE
2784,ASV4361,TRUE,FALSE,TRUE,NA,NA,NA,NA,NA,NA,NA,NA,NA,NA,NA,NA,NA,NA,NA,NA,NA,NA,NA,NA,NA
2785,ASV4362,TRUE,FALSE,TRUE,NA,NA,NA,NA,NA,NA,NA,NA,NA,NA,NA,NA,NA,NA,NA,NA,NA,NA,NA,NA,NA
2786,ASV4364,FALSE,FALSE,FALSE,NA,NA,NA,NA,NA,NA,NA,NA,NA,1,1,1,1,1,1,FALSE,FALSE,FALSE,TRUE,TRUE,TRUE
2787,ASV4365,FALSE,FALSE,FALSE,NA,NA,NA,NA,NA,NA,NA,NA,NA,1,1,1,1,1,1,FALSE,FALSE,FALSE,TRUE,TRUE,TRUE
2788,ASV4366,FALSE,FALSE,FALSE,NA,NA,NA,NA,NA,NA,NA,NA,NA,1,1,1,1,1,1,FALSE,FALSE,FALSE,TRUE,TRUE,TRUE
2789,ASV4367,TRUE,FALSE,TRUE,NA,NA,NA,NA,NA,NA,NA,NA,NA,NA,NA,NA,NA,NA,NA,NA,NA,NA,NA,NA,NA
2790,ASV4369,TRUE,FALSE,TRUE,NA,NA,NA,NA,NA,NA,NA,NA,NA,NA,NA,NA,NA,NA,NA,NA,NA,NA,NA,NA,NA
2791,ASV4371,TRUE,FALSE,TRUE,NA,NA,NA,NA,NA,NA,NA,NA,NA,NA,NA,NA,NA,NA,NA,NA,NA,NA,NA,NA,NA
2792,ASV4382,FALSE,TRUE,TRUE,NA,NA,NA,NA,NA,NA,NA,NA,NA,NA,NA,NA,NA,NA,NA,NA,NA,NA,NA,NA,NA
2793,ASV4387,TRUE,FALSE,TRUE,NA,NA,NA,NA,NA,NA,NA,NA,NA,NA,NA,NA,NA,NA,NA,NA,NA,NA,NA,NA,NA
2794,ASV4393,TRUE,FALSE,TRUE,NA,NA,NA,NA,NA,NA,NA,NA,NA,NA,NA,NA,NA,NA,NA,NA,NA,NA,NA,NA,NA
2795,ASV4395,FALSE,FALSE,FALSE,-0.071763763,0.685167281,NA,0.144453682,0.299262102,NA,-0.49679428,228.952.238.131.737,NA,0.66856838,0.149218085,1,1,1,1,FALSE,FALSE,FALSE,TRUE,TRUE,TRUE
2796,ASV4397,FALSE,FALSE,FALSE,NA,NA,NA,NA,NA,NA,NA,NA,NA,1,1,1,1,1,1,FALSE,FALSE,FALSE,TRUE,TRUE,TRUE
2797,ASV4403,FALSE,TRUE,TRUE,NA,NA,NA,NA,NA,NA,NA,NA,NA,NA,NA,NA,NA,NA,NA,NA,NA,NA,NA,NA,NA
2798,ASV4408,TRUE,FALSE,TRUE,NA,NA,NA,NA,NA,NA,NA,NA,NA,NA,NA,NA,NA,NA,NA,NA,NA,NA,NA,NA,NA
2799,ASV4410,FALSE,TRUE,TRUE,NA,NA,NA,NA,NA,NA,NA,NA,NA,NA,NA,NA,NA,NA,NA,NA,NA,NA,NA,NA,NA
2800,ASV4413,FALSE,FALSE,FALSE,NA,NA,NA,NA,NA,NA,NA,NA,NA,1,1,1,1,1,1,FALSE,FALSE,FALSE,TRUE,TRUE,TRUE
2801,ASV4414,TRUE,FALSE,TRUE,NA,NA,NA,NA,NA,NA,NA,NA,NA,NA,NA,NA,NA,NA,NA,NA,NA,NA,NA,NA,NA
2802,ASV4416,FALSE,FALSE,FALSE,NA,NA,NA,NA,NA,NA,NA,NA,NA,1,1,1,1,1,1,FALSE,FALSE,FALSE,TRUE,TRUE,TRUE
2803,ASV4419,TRUE,FALSE,TRUE,NA,NA,NA,NA,NA,NA,NA,NA,NA,NA,NA,NA,NA,NA,NA,NA,NA,NA,NA,NA,NA
2804,ASV4422,TRUE,FALSE,TRUE,NA,NA,NA,NA,NA,NA,NA,NA,NA,NA,NA,NA,NA,NA,NA,NA,NA,NA,NA,NA,NA
2805,ASV4423,TRUE,FALSE,TRUE,NA,NA,NA,NA,NA,NA,NA,NA,NA,NA,NA,NA,NA,NA,NA,NA,NA,NA,NA,NA,NA
2806,ASV4425,FALSE,TRUE,TRUE,NA,NA,NA,NA,NA,NA,NA,NA,NA,NA,NA,NA,NA,NA,NA,NA,NA,NA,NA,NA,NA
2807,ASV4428,TRUE,FALSE,TRUE,NA,NA,NA,NA,NA,NA,NA,NA,NA,NA,NA,NA,NA,NA,NA,NA,NA,NA,NA,NA,NA
2808,ASV4429,TRUE,FALSE,TRUE,NA,NA,NA,NA,NA,NA,NA,NA,NA,NA,NA,NA,NA,NA,NA,NA,NA,NA,NA,NA,NA
2809,ASV4433,TRUE,FALSE,TRUE,NA,NA,NA,NA,NA,NA,NA,NA,NA,NA,NA,NA,NA,NA,NA,NA,NA,NA,NA,NA,NA
2810,ASV4434,FALSE,TRUE,TRUE,NA,NA,NA,NA,NA,NA,NA,NA,NA,NA,NA,NA,NA,NA,NA,NA,NA,NA,NA,NA,NA
2811,ASV4436,FALSE,TRUE,TRUE,NA,NA,NA,NA,NA,NA,NA,NA,NA,NA,NA,NA,NA,NA,NA,NA,NA,NA,NA,NA,NA
2812,ASV4437,FALSE,TRUE,TRUE,NA,NA,NA,NA,NA,NA,NA,NA,NA,NA,NA,NA,NA,NA,NA,NA,NA,NA,NA,NA,NA
2813,ASV4443,FALSE,FALSE,FALSE,NA,NA,NA,NA,NA,NA,NA,NA,NA,1,1,1,1,1,1,FALSE,FALSE,FALSE,TRUE,TRUE,TRUE
2814,ASV4444,TRUE,FALSE,TRUE,NA,NA,NA,NA,NA,NA,NA,NA,NA,NA,NA,NA,NA,NA,NA,NA,NA,NA,NA,NA,NA
2815,ASV4446,TRUE,FALSE,TRUE,NA,NA,NA,NA,NA,NA,NA,NA,NA,NA,NA,NA,NA,NA,NA,NA,NA,NA,NA,NA,NA
2816,ASV4447,FALSE,FALSE,FALSE,NA,NA,NA,NA,NA,NA,NA,NA,NA,1,1,1,1,1,1,FALSE,FALSE,FALSE,TRUE,FALSE,TRUE
2817,ASV4455,TRUE,FALSE,TRUE,NA,NA,NA,NA,NA,NA,NA,NA,NA,NA,NA,NA,NA,NA,NA,NA,NA,NA,NA,NA,NA
2818,ASV4457,FALSE,TRUE,TRUE,NA,NA,NA,NA,NA,NA,NA,NA,NA,NA,NA,NA,NA,NA,NA,NA,NA,NA,NA,NA,NA
2819,ASV4461,FALSE,TRUE,TRUE,NA,NA,NA,NA,NA,NA,NA,NA,NA,NA,NA,NA,NA,NA,NA,NA,NA,NA,NA,NA,NA
2820,ASV4462,FALSE,FALSE,FALSE,NA,NA,NA,NA,NA,NA,NA,NA,NA,1,1,1,1,1,1,FALSE,FALSE,FALSE,TRUE,TRUE,TRUE
2821,ASV4463,FALSE,FALSE,FALSE,NA,NA,NA,NA,NA,NA,NA,NA,NA,1,1,1,1,1,1,FALSE,FALSE,FALSE,TRUE,FALSE,TRUE
2822,ASV4464,FALSE,FALSE,FALSE,NA,NA,NA,NA,NA,NA,NA,NA,NA,1,1,1,1,1,1,FALSE,FALSE,FALSE,TRUE,FALSE,TRUE
2823,ASV4465,FALSE,FALSE,FALSE,NA,NA,NA,NA,NA,NA,NA,NA,NA,1,1,1,1,1,1,FALSE,FALSE,FALSE,TRUE,FALSE,TRUE
2824,ASV4468,TRUE,FALSE,TRUE,NA,NA,NA,NA,NA,NA,NA,NA,NA,NA,NA,NA,NA,NA,NA,NA,NA,NA,NA,NA,NA
2825,ASV4469,FALSE,FALSE,FALSE,0.231350589,-0.294256968,NA,0.118339137,0.246636924,NA,195.497.952.178.894,-11.930.775.125.322,NA,1,1,1,1,1,1,FALSE,FALSE,FALSE,TRUE,TRUE,TRUE
2826,ASV4470,FALSE,FALSE,FALSE,NA,NA,NA,NA,NA,NA,NA,NA,NA,1,1,1,1,1,1,FALSE,FALSE,FALSE,TRUE,FALSE,TRUE
2827,ASV4472,FALSE,FALSE,FALSE,NA,NA,NA,NA,NA,NA,NA,NA,NA,1,1,1,1,1,1,FALSE,FALSE,FALSE,TRUE,FALSE,TRUE
2828,ASV4475,FALSE,FALSE,FALSE,NA,NA,NA,NA,NA,NA,NA,NA,NA,1,1,1,1,1,1,FALSE,FALSE,FALSE,TRUE,TRUE,TRUE
2829,ASV4479,TRUE,FALSE,TRUE,NA,NA,NA,NA,NA,NA,NA,NA,NA,NA,NA,NA,NA,NA,NA,NA,NA,NA,NA,NA,NA
2830,ASV4480,FALSE,TRUE,TRUE,NA,NA,NA,NA,NA,NA,NA,NA,NA,NA,NA,NA,NA,NA,NA,NA,NA,NA,NA,NA,NA
2831,ASV4482,TRUE,FALSE,TRUE,NA,NA,NA,NA,NA,NA,NA,NA,NA,NA,NA,NA,NA,NA,NA,NA,NA,NA,NA,NA,NA
2832,ASV4483,FALSE,TRUE,TRUE,NA,NA,NA,NA,NA,NA,NA,NA,NA,NA,NA,NA,NA,NA,NA,NA,NA,NA,NA,NA,NA
2833,ASV4486,TRUE,FALSE,TRUE,NA,NA,NA,NA,NA,NA,NA,NA,NA,NA,NA,NA,NA,NA,NA,NA,NA,NA,NA,NA,NA
2834,ASV4489,FALSE,FALSE,FALSE,NA,NA,NA,NA,NA,NA,NA,NA,NA,1,1,1,1,1,1,FALSE,FALSE,FALSE,TRUE,TRUE,TRUE
2835,ASV4490,FALSE,FALSE,FALSE,NA,NA,NA,NA,NA,NA,NA,NA,NA,1,1,1,1,1,1,FALSE,FALSE,FALSE,TRUE,TRUE,TRUE
2836,ASV4491,FALSE,FALSE,FALSE,NA,NA,NA,NA,NA,NA,NA,NA,NA,1,1,1,1,1,1,FALSE,FALSE,FALSE,TRUE,TRUE,TRUE
2837,ASV4492,TRUE,FALSE,TRUE,NA,NA,NA,NA,NA,NA,NA,NA,NA,NA,NA,NA,NA,NA,NA,NA,NA,NA,NA,NA,NA
2838,ASV4493,TRUE,FALSE,TRUE,NA,NA,NA,NA,NA,NA,NA,NA,NA,NA,NA,NA,NA,NA,NA,NA,NA,NA,NA,NA,NA
2839,ASV4494,FALSE,FALSE,FALSE,NA,NA,NA,NA,NA,NA,NA,NA,NA,1,1,1,1,1,1,FALSE,FALSE,FALSE,TRUE,FALSE,TRUE
2840,ASV4495,FALSE,FALSE,FALSE,NA,NA,NA,NA,NA,NA,NA,NA,NA,1,1,1,1,1,1,FALSE,FALSE,FALSE,TRUE,FALSE,TRUE
2841,ASV4496,FALSE,FALSE,FALSE,0.543909208,109.785.677.219.635,-150.290.248.779.964,0.116421708,0.242749335,0.219519985,467.188.822.897.814,452.259.435.951.891,-684.631.281.586.474,1,1,1,1,1,1,FALSE,FALSE,FALSE,TRUE,TRUE,TRUE
2842,ASV4497,FALSE,FALSE,FALSE,NA,NA,NA,NA,NA,NA,NA,NA,NA,1,1,1,1,1,1,FALSE,FALSE,FALSE,TRUE,TRUE,TRUE
2843,ASV4499,FALSE,FALSE,FALSE,NA,NA,NA,NA,NA,NA,NA,NA,NA,1,1,1,1,1,1,FALSE,FALSE,FALSE,TRUE,FALSE,TRUE
2844,ASV4500,FALSE,FALSE,FALSE,NA,NA,NA,NA,NA,NA,NA,NA,NA,1,1,1,1,1,1,FALSE,FALSE,FALSE,TRUE,TRUE,TRUE
2845,ASV4502,FALSE,TRUE,TRUE,NA,NA,NA,NA,NA,NA,NA,NA,NA,NA,NA,NA,NA,NA,NA,NA,NA,NA,NA,NA,NA
2846,ASV4503,TRUE,FALSE,TRUE,NA,NA,NA,NA,NA,NA,NA,NA,NA,NA,NA,NA,NA,NA,NA,NA,NA,NA,NA,NA,NA
2847,ASV4506,TRUE,FALSE,TRUE,NA,NA,NA,NA,NA,NA,NA,NA,NA,NA,NA,NA,NA,NA,NA,NA,NA,NA,NA,NA,NA
2848,ASV4507,FALSE,TRUE,TRUE,NA,NA,NA,NA,NA,NA,NA,NA,NA,NA,NA,NA,NA,NA,NA,NA,NA,NA,NA,NA,NA
2849,ASV4518,FALSE,FALSE,FALSE,NA,NA,NA,NA,NA,NA,NA,NA,NA,1,1,1,1,1,1,FALSE,FALSE,FALSE,TRUE,FALSE,TRUE
2850,ASV4520,FALSE,FALSE,FALSE,-0.011934146,0.409751002,NA,0.118737981,0.247444974,NA,-0.10050824,165.592.776.343.711,NA,0.936228629,0.345860037,1,1,1,1,FALSE,FALSE,FALSE,TRUE,TRUE,TRUE
2851,ASV4521,TRUE,FALSE,TRUE,NA,NA,NA,NA,NA,NA,NA,NA,NA,NA,NA,NA,NA,NA,NA,NA,NA,NA,NA,NA,NA
2852,ASV4522,FALSE,FALSE,FALSE,NA,NA,NA,NA,NA,NA,NA,NA,NA,1,1,1,1,1,1,FALSE,FALSE,FALSE,TRUE,TRUE,TRUE
2853,ASV4525,FALSE,FALSE,FALSE,-0.00573765,-103.310.923.198.135,0.40174369,0.113859069,0.23754527,0.214313843,-0.050392564,-434.910.463.073.017,187.455.782.074.162,0.964389676,0.049014443,0.201698843,1,1,1,FALSE,FALSE,FALSE,TRUE,FALSE,TRUE
2854,ASV4526,TRUE,FALSE,TRUE,NA,NA,NA,NA,NA,NA,NA,NA,NA,NA,NA,NA,NA,NA,NA,NA,NA,NA,NA,NA,NA
2855,ASV4527,FALSE,FALSE,FALSE,NA,NA,NA,NA,NA,NA,NA,NA,NA,1,1,1,1,1,1,FALSE,FALSE,FALSE,TRUE,FALSE,TRUE
2856,ASV4528,FALSE,FALSE,FALSE,NA,NA,NA,NA,NA,NA,NA,NA,NA,1,1,1,1,1,1,FALSE,FALSE,FALSE,TRUE,TRUE,TRUE
2857,ASV4529,TRUE,FALSE,TRUE,NA,NA,NA,NA,NA,NA,NA,NA,NA,NA,NA,NA,NA,NA,NA,NA,NA,NA,NA,NA,NA
2858,ASV4530,TRUE,FALSE,TRUE,NA,NA,NA,NA,NA,NA,NA,NA,NA,NA,NA,NA,NA,NA,NA,NA,NA,NA,NA,NA,NA
2859,ASV4533,TRUE,FALSE,TRUE,NA,NA,NA,NA,NA,NA,NA,NA,NA,NA,NA,NA,NA,NA,NA,NA,NA,NA,NA,NA,NA
2860,ASV4534,TRUE,FALSE,TRUE,NA,NA,NA,NA,NA,NA,NA,NA,NA,NA,NA,NA,NA,NA,NA,NA,NA,NA,NA,NA,NA
2861,ASV4541,TRUE,FALSE,TRUE,NA,NA,NA,NA,NA,NA,NA,NA,NA,NA,NA,NA,NA,NA,NA,NA,NA,NA,NA,NA,NA
2862,ASV4544,FALSE,FALSE,FALSE,NA,NA,NA,NA,NA,NA,NA,NA,NA,1,1,1,1,1,1,FALSE,FALSE,FALSE,TRUE,TRUE,TRUE
2863,ASV4545,FALSE,TRUE,TRUE,NA,NA,NA,NA,NA,NA,NA,NA,NA,NA,NA,NA,NA,NA,NA,NA,NA,NA,NA,NA,NA
2864,ASV4546,TRUE,FALSE,TRUE,NA,NA,NA,NA,NA,NA,NA,NA,NA,NA,NA,NA,NA,NA,NA,NA,NA,NA,NA,NA,NA
2865,ASV4549,FALSE,FALSE,FALSE,NA,NA,NA,NA,NA,NA,NA,NA,NA,1,1,1,1,1,1,FALSE,FALSE,FALSE,FALSE,FALSE,TRUE
2866,ASV4550,TRUE,FALSE,TRUE,NA,NA,NA,NA,NA,NA,NA,NA,NA,NA,NA,NA,NA,NA,NA,NA,NA,NA,NA,NA,NA
2867,ASV4551,FALSE,FALSE,FALSE,NA,NA,NA,NA,NA,NA,NA,NA,NA,1,1,1,1,1,1,FALSE,FALSE,FALSE,TRUE,FALSE,TRUE
2868,ASV4554,TRUE,FALSE,TRUE,NA,NA,NA,NA,NA,NA,NA,NA,NA,NA,NA,NA,NA,NA,NA,NA,NA,NA,NA,NA,NA
2869,ASV4555,TRUE,FALSE,TRUE,NA,NA,NA,NA,NA,NA,NA,NA,NA,NA,NA,NA,NA,NA,NA,NA,NA,NA,NA,NA,NA
2870,ASV4556,FALSE,TRUE,TRUE,NA,NA,NA,NA,NA,NA,NA,NA,NA,NA,NA,NA,NA,NA,NA,NA,NA,NA,NA,NA,NA
2871,ASV4557,FALSE,TRUE,TRUE,NA,NA,NA,NA,NA,NA,NA,NA,NA,NA,NA,NA,NA,NA,NA,NA,NA,NA,NA,NA,NA
2872,ASV4559,FALSE,TRUE,TRUE,NA,NA,NA,NA,NA,NA,NA,NA,NA,NA,NA,NA,NA,NA,NA,NA,NA,NA,NA,NA,NA
2873,ASV4560,TRUE,FALSE,TRUE,NA,NA,NA,NA,NA,NA,NA,NA,NA,NA,NA,NA,NA,NA,NA,NA,NA,NA,NA,NA,NA
2874,ASV4564,FALSE,TRUE,TRUE,NA,NA,NA,NA,NA,NA,NA,NA,NA,NA,NA,NA,NA,NA,NA,NA,NA,NA,NA,NA,NA
2875,ASV4566,TRUE,FALSE,TRUE,NA,NA,NA,NA,NA,NA,NA,NA,NA,NA,NA,NA,NA,NA,NA,NA,NA,NA,NA,NA,NA
2876,ASV4569,FALSE,TRUE,TRUE,NA,NA,NA,NA,NA,NA,NA,NA,NA,NA,NA,NA,NA,NA,NA,NA,NA,NA,NA,NA,NA
2877,ASV4570,FALSE,TRUE,TRUE,NA,NA,NA,NA,NA,NA,NA,NA,NA,NA,NA,NA,NA,NA,NA,NA,NA,NA,NA,NA,NA
2878,ASV4571,FALSE,TRUE,TRUE,NA,NA,NA,NA,NA,NA,NA,NA,NA,NA,NA,NA,NA,NA,NA,NA,NA,NA,NA,NA,NA
2879,ASV4572,FALSE,TRUE,TRUE,NA,NA,NA,NA,NA,NA,NA,NA,NA,NA,NA,NA,NA,NA,NA,NA,NA,NA,NA,NA,NA
2880,ASV4575,FALSE,FALSE,FALSE,NA,NA,NA,NA,NA,NA,NA,NA,NA,1,1,1,1,1,1,FALSE,FALSE,FALSE,TRUE,TRUE,TRUE
2881,ASV4577,TRUE,FALSE,TRUE,NA,NA,NA,NA,NA,NA,NA,NA,NA,NA,NA,NA,NA,NA,NA,NA,NA,NA,NA,NA,NA
2882,ASV4578,FALSE,FALSE,FALSE,NA,NA,NA,NA,NA,NA,NA,NA,NA,1,1,1,1,1,1,FALSE,FALSE,FALSE,TRUE,TRUE,TRUE
2883,ASV4579,TRUE,FALSE,TRUE,NA,NA,NA,NA,NA,NA,NA,NA,NA,NA,NA,NA,NA,NA,NA,NA,NA,NA,NA,NA,NA
2884,ASV4580,FALSE,FALSE,FALSE,NA,NA,NA,NA,NA,NA,NA,NA,NA,1,1,1,1,1,1,FALSE,FALSE,FALSE,TRUE,TRUE,TRUE
2885,ASV4588,TRUE,FALSE,TRUE,NA,NA,NA,NA,NA,NA,NA,NA,NA,NA,NA,NA,NA,NA,NA,NA,NA,NA,NA,NA,NA
2886,ASV4589,FALSE,TRUE,TRUE,NA,NA,NA,NA,NA,NA,NA,NA,NA,NA,NA,NA,NA,NA,NA,NA,NA,NA,NA,NA,NA
2887,ASV4590,FALSE,TRUE,TRUE,NA,NA,NA,NA,NA,NA,NA,NA,NA,NA,NA,NA,NA,NA,NA,NA,NA,NA,NA,NA,NA
2888,ASV4593,TRUE,FALSE,TRUE,NA,NA,NA,NA,NA,NA,NA,NA,NA,NA,NA,NA,NA,NA,NA,NA,NA,NA,NA,NA,NA
2889,ASV4595,TRUE,FALSE,TRUE,NA,NA,NA,NA,NA,NA,NA,NA,NA,NA,NA,NA,NA,NA,NA,NA,NA,NA,NA,NA,NA
2890,ASV4596,TRUE,FALSE,TRUE,NA,NA,NA,NA,NA,NA,NA,NA,NA,NA,NA,NA,NA,NA,NA,NA,NA,NA,NA,NA,NA
2891,ASV4599,TRUE,FALSE,TRUE,NA,NA,NA,NA,NA,NA,NA,NA,NA,NA,NA,NA,NA,NA,NA,NA,NA,NA,NA,NA,NA
2892,ASV4600,TRUE,FALSE,TRUE,NA,NA,NA,NA,NA,NA,NA,NA,NA,NA,NA,NA,NA,NA,NA,NA,NA,NA,NA,NA,NA
2893,ASV4602,FALSE,FALSE,FALSE,NA,NA,NA,NA,NA,NA,NA,NA,NA,1,1,1,1,1,1,FALSE,FALSE,FALSE,TRUE,TRUE,TRUE
2894,ASV4603,TRUE,FALSE,TRUE,NA,NA,NA,NA,NA,NA,NA,NA,NA,NA,NA,NA,NA,NA,NA,NA,NA,NA,NA,NA,NA
2895,ASV4604,FALSE,FALSE,FALSE,NA,NA,NA,NA,NA,NA,NA,NA,NA,1,1,1,1,1,1,FALSE,FALSE,FALSE,TRUE,TRUE,TRUE
2896,ASV4606,TRUE,FALSE,TRUE,NA,NA,NA,NA,NA,NA,NA,NA,NA,NA,NA,NA,NA,NA,NA,NA,NA,NA,NA,NA,NA
2897,ASV4607,TRUE,FALSE,TRUE,NA,NA,NA,NA,NA,NA,NA,NA,NA,NA,NA,NA,NA,NA,NA,NA,NA,NA,NA,NA,NA
2898,ASV4613,TRUE,FALSE,TRUE,NA,NA,NA,NA,NA,NA,NA,NA,NA,NA,NA,NA,NA,NA,NA,NA,NA,NA,NA,NA,NA
2899,ASV4614,TRUE,FALSE,TRUE,NA,NA,NA,NA,NA,NA,NA,NA,NA,NA,NA,NA,NA,NA,NA,NA,NA,NA,NA,NA,NA
2900,ASV4615,FALSE,TRUE,TRUE,NA,NA,NA,NA,NA,NA,NA,NA,NA,NA,NA,NA,NA,NA,NA,NA,NA,NA,NA,NA,NA
2901,ASV4617,FALSE,FALSE,FALSE,NA,NA,NA,NA,NA,NA,NA,NA,NA,1,1,1,1,1,1,FALSE,FALSE,FALSE,TRUE,TRUE,TRUE
2902,ASV4623,FALSE,FALSE,FALSE,NA,NA,NA,NA,NA,NA,NA,NA,NA,1,1,1,1,1,1,FALSE,FALSE,FALSE,TRUE,FALSE,TRUE
2903,ASV4624,FALSE,FALSE,FALSE,NA,NA,NA,NA,NA,NA,NA,NA,NA,1,1,1,1,1,1,FALSE,FALSE,FALSE,TRUE,TRUE,TRUE
2904,ASV4628,FALSE,FALSE,FALSE,NA,NA,NA,NA,NA,NA,NA,NA,NA,1,1,1,1,1,1,FALSE,FALSE,FALSE,TRUE,FALSE,TRUE
2905,ASV4629,TRUE,FALSE,TRUE,NA,NA,NA,NA,NA,NA,NA,NA,NA,NA,NA,NA,NA,NA,NA,NA,NA,NA,NA,NA,NA
2906,ASV4631,FALSE,FALSE,FALSE,NA,NA,NA,NA,NA,NA,NA,NA,NA,1,1,1,1,1,1,FALSE,FALSE,FALSE,TRUE,TRUE,TRUE
2907,ASV4632,TRUE,FALSE,TRUE,NA,NA,NA,NA,NA,NA,NA,NA,NA,NA,NA,NA,NA,NA,NA,NA,NA,NA,NA,NA,NA
2908,ASV4639,FALSE,TRUE,TRUE,NA,NA,NA,NA,NA,NA,NA,NA,NA,NA,NA,NA,NA,NA,NA,NA,NA,NA,NA,NA,NA
2909,ASV4645,FALSE,TRUE,TRUE,NA,NA,NA,NA,NA,NA,NA,NA,NA,NA,NA,NA,NA,NA,NA,NA,NA,NA,NA,NA,NA
2910,ASV4646,FALSE,TRUE,TRUE,NA,NA,NA,NA,NA,NA,NA,NA,NA,NA,NA,NA,NA,NA,NA,NA,NA,NA,NA,NA,NA
2911,ASV4647,FALSE,FALSE,FALSE,NA,NA,NA,NA,NA,NA,NA,NA,NA,1,1,1,1,1,1,FALSE,FALSE,FALSE,TRUE,FALSE,TRUE
2912,ASV4648,FALSE,FALSE,FALSE,NA,NA,NA,NA,NA,NA,NA,NA,NA,1,1,1,1,1,1,FALSE,FALSE,FALSE,TRUE,TRUE,TRUE
2913,ASV4649,TRUE,FALSE,TRUE,NA,NA,NA,NA,NA,NA,NA,NA,NA,NA,NA,NA,NA,NA,NA,NA,NA,NA,NA,NA,NA
2914,ASV4651,TRUE,FALSE,TRUE,NA,NA,NA,NA,NA,NA,NA,NA,NA,NA,NA,NA,NA,NA,NA,NA,NA,NA,NA,NA,NA
2915,ASV4652,TRUE,FALSE,TRUE,NA,NA,NA,NA,NA,NA,NA,NA,NA,NA,NA,NA,NA,NA,NA,NA,NA,NA,NA,NA,NA
2916,ASV4654,FALSE,FALSE,FALSE,-0.183370981,0.273018392,NA,0.118339137,0.246636924,NA,-154.953.792.953.551,110.696.479.529.544,NA,1,1,1,1,1,1,FALSE,FALSE,FALSE,TRUE,TRUE,TRUE
2917,ASV4655,TRUE,FALSE,TRUE,NA,NA,NA,NA,NA,NA,NA,NA,NA,NA,NA,NA,NA,NA,NA,NA,NA,NA,NA,NA,NA
2918,ASV4658,TRUE,FALSE,TRUE,NA,NA,NA,NA,NA,NA,NA,NA,NA,NA,NA,NA,NA,NA,NA,NA,NA,NA,NA,NA,NA
2919,ASV4659,FALSE,TRUE,TRUE,NA,NA,NA,NA,NA,NA,NA,NA,NA,NA,NA,NA,NA,NA,NA,NA,NA,NA,NA,NA,NA
2920,ASV4660,FALSE,TRUE,TRUE,NA,NA,NA,NA,NA,NA,NA,NA,NA,NA,NA,NA,NA,NA,NA,NA,NA,NA,NA,NA,NA
2921,ASV4664,FALSE,TRUE,TRUE,NA,NA,NA,NA,NA,NA,NA,NA,NA,NA,NA,NA,NA,NA,NA,NA,NA,NA,NA,NA,NA
2922,ASV4665,FALSE,TRUE,TRUE,NA,NA,NA,NA,NA,NA,NA,NA,NA,NA,NA,NA,NA,NA,NA,NA,NA,NA,NA,NA,NA
2923,ASV4670,TRUE,FALSE,TRUE,NA,NA,NA,NA,NA,NA,NA,NA,NA,NA,NA,NA,NA,NA,NA,NA,NA,NA,NA,NA,NA
2924,ASV4671,TRUE,FALSE,TRUE,NA,NA,NA,NA,NA,NA,NA,NA,NA,NA,NA,NA,NA,NA,NA,NA,NA,NA,NA,NA,NA
2925,ASV4672,FALSE,TRUE,TRUE,NA,NA,NA,NA,NA,NA,NA,NA,NA,NA,NA,NA,NA,NA,NA,NA,NA,NA,NA,NA,NA
2926,ASV4675,TRUE,FALSE,TRUE,NA,NA,NA,NA,NA,NA,NA,NA,NA,NA,NA,NA,NA,NA,NA,NA,NA,NA,NA,NA,NA
2927,ASV4676,FALSE,FALSE,FALSE,NA,NA,NA,NA,NA,NA,NA,NA,NA,1,1,1,1,1,1,FALSE,FALSE,FALSE,TRUE,TRUE,TRUE
2928,ASV4677,FALSE,FALSE,FALSE,NA,NA,NA,NA,NA,NA,NA,NA,NA,1,1,1,1,1,1,FALSE,FALSE,FALSE,TRUE,FALSE,TRUE
2929,ASV4680,FALSE,FALSE,FALSE,NA,NA,NA,NA,NA,NA,NA,NA,NA,1,1,1,1,1,1,FALSE,FALSE,FALSE,TRUE,FALSE,TRUE
2930,ASV4681,TRUE,FALSE,TRUE,NA,NA,NA,NA,NA,NA,NA,NA,NA,NA,NA,NA,NA,NA,NA,NA,NA,NA,NA,NA,NA
2931,ASV4695,TRUE,FALSE,TRUE,NA,NA,NA,NA,NA,NA,NA,NA,NA,NA,NA,NA,NA,NA,NA,NA,NA,NA,NA,NA,NA
2932,ASV4696,FALSE,TRUE,TRUE,NA,NA,NA,NA,NA,NA,NA,NA,NA,NA,NA,NA,NA,NA,NA,NA,NA,NA,NA,NA,NA
2933,ASV4697,TRUE,FALSE,TRUE,NA,NA,NA,NA,NA,NA,NA,NA,NA,NA,NA,NA,NA,NA,NA,NA,NA,NA,NA,NA,NA
2934,ASV4708,TRUE,FALSE,TRUE,NA,NA,NA,NA,NA,NA,NA,NA,NA,NA,NA,NA,NA,NA,NA,NA,NA,NA,NA,NA,NA
2935,ASV4712,TRUE,FALSE,TRUE,NA,NA,NA,NA,NA,NA,NA,NA,NA,NA,NA,NA,NA,NA,NA,NA,NA,NA,NA,NA,NA
2936,ASV4713,FALSE,FALSE,FALSE,NA,NA,NA,NA,NA,NA,NA,NA,NA,1,1,1,1,1,1,FALSE,FALSE,FALSE,TRUE,FALSE,TRUE
2937,ASV4714,TRUE,FALSE,TRUE,NA,NA,NA,NA,NA,NA,NA,NA,NA,NA,NA,NA,NA,NA,NA,NA,NA,NA,NA,NA,NA
2938,ASV4716,FALSE,FALSE,FALSE,NA,NA,NA,NA,NA,NA,NA,NA,NA,1,1,1,1,1,1,FALSE,FALSE,FALSE,TRUE,TRUE,TRUE
2939,ASV4717,FALSE,FALSE,FALSE,NA,NA,NA,NA,NA,NA,NA,NA,NA,1,1,1,1,1,1,FALSE,FALSE,FALSE,TRUE,TRUE,TRUE
2940,ASV4718,FALSE,FALSE,FALSE,NA,NA,NA,NA,NA,NA,NA,NA,NA,1,1,1,1,1,1,FALSE,FALSE,FALSE,TRUE,TRUE,TRUE
2941,ASV4729,TRUE,FALSE,TRUE,NA,NA,NA,NA,NA,NA,NA,NA,NA,NA,NA,NA,NA,NA,NA,NA,NA,NA,NA,NA,NA
2942,ASV4730,FALSE,TRUE,TRUE,NA,NA,NA,NA,NA,NA,NA,NA,NA,NA,NA,NA,NA,NA,NA,NA,NA,NA,NA,NA,NA
2943,ASV4734,TRUE,FALSE,TRUE,NA,NA,NA,NA,NA,NA,NA,NA,NA,NA,NA,NA,NA,NA,NA,NA,NA,NA,NA,NA,NA
2944,ASV4736,TRUE,FALSE,TRUE,NA,NA,NA,NA,NA,NA,NA,NA,NA,NA,NA,NA,NA,NA,NA,NA,NA,NA,NA,NA,NA
2945,ASV4740,FALSE,FALSE,FALSE,NA,NA,NA,NA,NA,NA,NA,NA,NA,1,1,1,1,1,1,FALSE,FALSE,FALSE,TRUE,TRUE,TRUE
2946,ASV4741,TRUE,FALSE,TRUE,NA,NA,NA,NA,NA,NA,NA,NA,NA,NA,NA,NA,NA,NA,NA,NA,NA,NA,NA,NA,NA
2947,ASV4742,FALSE,FALSE,FALSE,NA,NA,NA,NA,NA,NA,NA,NA,NA,1,1,1,1,1,1,FALSE,FALSE,FALSE,TRUE,TRUE,TRUE
2948,ASV4743,TRUE,FALSE,TRUE,NA,NA,NA,NA,NA,NA,NA,NA,NA,NA,NA,NA,NA,NA,NA,NA,NA,NA,NA,NA,NA
2949,ASV4744,FALSE,FALSE,FALSE,NA,NA,NA,NA,NA,NA,NA,NA,NA,1,1,1,1,1,1,FALSE,FALSE,FALSE,TRUE,FALSE,TRUE
2950,ASV4745,FALSE,FALSE,FALSE,NA,NA,NA,NA,NA,NA,NA,NA,NA,1,1,1,1,1,1,FALSE,FALSE,FALSE,TRUE,FALSE,TRUE
2951,ASV4746,FALSE,FALSE,FALSE,NA,NA,NA,NA,NA,NA,NA,NA,NA,1,1,1,1,1,1,FALSE,FALSE,FALSE,TRUE,FALSE,TRUE
2952,ASV4747,FALSE,FALSE,FALSE,NA,NA,NA,NA,NA,NA,NA,NA,NA,1,1,1,1,1,1,FALSE,FALSE,FALSE,TRUE,FALSE,TRUE
2953,ASV4748,FALSE,FALSE,FALSE,NA,NA,NA,NA,NA,NA,NA,NA,NA,1,1,1,1,1,1,FALSE,FALSE,FALSE,TRUE,TRUE,TRUE
2954,ASV4749,FALSE,FALSE,FALSE,NA,NA,NA,NA,NA,NA,NA,NA,NA,1,1,1,1,1,1,FALSE,FALSE,FALSE,TRUE,FALSE,TRUE
2955,ASV4750,FALSE,FALSE,FALSE,0.181510945,-0.12798733,-0.251871649,0.114593835,0.239038438,0.215806388,158.395.035.133.377,-0.53542573,-11.671.185.972.315,0.358506293,0.687047308,0.45100367,1,1,1,FALSE,FALSE,FALSE,TRUE,TRUE,TRUE
2956,ASV4751,TRUE,FALSE,TRUE,NA,NA,NA,NA,NA,NA,NA,NA,NA,NA,NA,NA,NA,NA,NA,NA,NA,NA,NA,NA,NA
2957,ASV4752,FALSE,FALSE,FALSE,NA,NA,NA,NA,NA,NA,NA,NA,NA,1,1,1,1,1,1,FALSE,FALSE,FALSE,TRUE,TRUE,TRUE
2958,ASV4759,FALSE,TRUE,TRUE,NA,NA,NA,NA,NA,NA,NA,NA,NA,NA,NA,NA,NA,NA,NA,NA,NA,NA,NA,NA,NA
2959,ASV4760,FALSE,TRUE,TRUE,NA,NA,NA,NA,NA,NA,NA,NA,NA,NA,NA,NA,NA,NA,NA,NA,NA,NA,NA,NA,NA
2960,ASV4763,TRUE,FALSE,TRUE,NA,NA,NA,NA,NA,NA,NA,NA,NA,NA,NA,NA,NA,NA,NA,NA,NA,NA,NA,NA,NA
2961,ASV4764,FALSE,TRUE,TRUE,NA,NA,NA,NA,NA,NA,NA,NA,NA,NA,NA,NA,NA,NA,NA,NA,NA,NA,NA,NA,NA
2962,ASV4765,FALSE,TRUE,TRUE,NA,NA,NA,NA,NA,NA,NA,NA,NA,NA,NA,NA,NA,NA,NA,NA,NA,NA,NA,NA,NA
2963,ASV4766,FALSE,TRUE,TRUE,NA,NA,NA,NA,NA,NA,NA,NA,NA,NA,NA,NA,NA,NA,NA,NA,NA,NA,NA,NA,NA
2964,ASV4768,TRUE,FALSE,TRUE,NA,NA,NA,NA,NA,NA,NA,NA,NA,NA,NA,NA,NA,NA,NA,NA,NA,NA,NA,NA,NA
2965,ASV4769,FALSE,FALSE,FALSE,NA,NA,NA,NA,NA,NA,NA,NA,NA,1,1,1,1,1,1,FALSE,FALSE,FALSE,TRUE,TRUE,TRUE
2966,ASV4771,FALSE,FALSE,FALSE,NA,NA,NA,NA,NA,NA,NA,NA,NA,1,1,1,1,1,1,FALSE,FALSE,FALSE,TRUE,FALSE,TRUE
2967,ASV4780,FALSE,TRUE,TRUE,NA,NA,NA,NA,NA,NA,NA,NA,NA,NA,NA,NA,NA,NA,NA,NA,NA,NA,NA,NA,NA
2968,ASV4781,FALSE,TRUE,TRUE,NA,NA,NA,NA,NA,NA,NA,NA,NA,NA,NA,NA,NA,NA,NA,NA,NA,NA,NA,NA,NA
2969,ASV4782,FALSE,TRUE,TRUE,NA,NA,NA,NA,NA,NA,NA,NA,NA,NA,NA,NA,NA,NA,NA,NA,NA,NA,NA,NA,NA
2970,ASV4786,TRUE,FALSE,TRUE,NA,NA,NA,NA,NA,NA,NA,NA,NA,NA,NA,NA,NA,NA,NA,NA,NA,NA,NA,NA,NA
2971,ASV4787,TRUE,FALSE,TRUE,NA,NA,NA,NA,NA,NA,NA,NA,NA,NA,NA,NA,NA,NA,NA,NA,NA,NA,NA,NA,NA
2972,ASV4792,FALSE,FALSE,FALSE,147.837.958.933.165,-259.019.748.678.028,NA,0.118339137,0.246636924,NA,124.927.359.395.046,-105.020.669.517.607,NA,1,1,1,1,1,1,FALSE,FALSE,FALSE,TRUE,TRUE,TRUE
2973,ASV4794,TRUE,FALSE,TRUE,NA,NA,NA,NA,NA,NA,NA,NA,NA,NA,NA,NA,NA,NA,NA,NA,NA,NA,NA,NA,NA
2974,ASV4795,FALSE,FALSE,FALSE,0.491718531,-0.766479323,-0.516173676,0.116421708,0.242749335,0.219519985,422.359.832.447.783,-315.749.299.162.324,-235.137.441.367.329,1,1,1,1,1,1,FALSE,FALSE,FALSE,TRUE,TRUE,TRUE
2975,ASV4796,TRUE,FALSE,TRUE,NA,NA,NA,NA,NA,NA,NA,NA,NA,NA,NA,NA,NA,NA,NA,NA,NA,NA,NA,NA,NA
2976,ASV4797,TRUE,FALSE,TRUE,NA,NA,NA,NA,NA,NA,NA,NA,NA,NA,NA,NA,NA,NA,NA,NA,NA,NA,NA,NA,NA
2977,ASV4798,FALSE,FALSE,FALSE,NA,NA,NA,NA,NA,NA,NA,NA,NA,1,1,1,1,1,1,FALSE,FALSE,FALSE,TRUE,TRUE,TRUE
2978,ASV4800,TRUE,FALSE,TRUE,NA,NA,NA,NA,NA,NA,NA,NA,NA,NA,NA,NA,NA,NA,NA,NA,NA,NA,NA,NA,NA
2979,ASV4801,FALSE,FALSE,FALSE,NA,NA,NA,NA,NA,NA,NA,NA,NA,1,1,1,1,1,1,FALSE,FALSE,FALSE,TRUE,TRUE,TRUE
2980,ASV4802,FALSE,TRUE,TRUE,NA,NA,NA,NA,NA,NA,NA,NA,NA,NA,NA,NA,NA,NA,NA,NA,NA,NA,NA,NA,NA
2981,ASV4820,TRUE,FALSE,TRUE,NA,NA,NA,NA,NA,NA,NA,NA,NA,NA,NA,NA,NA,NA,NA,NA,NA,NA,NA,NA,NA
2982,ASV4822,TRUE,FALSE,TRUE,NA,NA,NA,NA,NA,NA,NA,NA,NA,NA,NA,NA,NA,NA,NA,NA,NA,NA,NA,NA,NA
2983,ASV4823,FALSE,TRUE,TRUE,NA,NA,NA,NA,NA,NA,NA,NA,NA,NA,NA,NA,NA,NA,NA,NA,NA,NA,NA,NA,NA
2984,ASV4824,TRUE,FALSE,TRUE,NA,NA,NA,NA,NA,NA,NA,NA,NA,NA,NA,NA,NA,NA,NA,NA,NA,NA,NA,NA,NA
2985,ASV4825,TRUE,FALSE,TRUE,NA,NA,NA,NA,NA,NA,NA,NA,NA,NA,NA,NA,NA,NA,NA,NA,NA,NA,NA,NA,NA
2986,ASV4826,TRUE,FALSE,TRUE,NA,NA,NA,NA,NA,NA,NA,NA,NA,NA,NA,NA,NA,NA,NA,NA,NA,NA,NA,NA,NA
2987,ASV4828,FALSE,FALSE,FALSE,NA,NA,NA,NA,NA,NA,NA,NA,NA,1,1,1,1,1,1,FALSE,FALSE,FALSE,TRUE,FALSE,TRUE
2988,ASV4829,FALSE,FALSE,FALSE,NA,NA,NA,NA,NA,NA,NA,NA,NA,1,1,1,1,1,1,FALSE,FALSE,FALSE,TRUE,TRUE,TRUE
2989,ASV4830,TRUE,FALSE,TRUE,NA,NA,NA,NA,NA,NA,NA,NA,NA,NA,NA,NA,NA,NA,NA,NA,NA,NA,NA,NA,NA
2990,ASV4831,FALSE,FALSE,FALSE,NA,NA,NA,NA,NA,NA,NA,NA,NA,1,1,1,1,1,1,FALSE,FALSE,FALSE,TRUE,FALSE,TRUE
2991,ASV4832,FALSE,FALSE,FALSE,NA,NA,NA,NA,NA,NA,NA,NA,NA,1,1,1,1,1,1,FALSE,FALSE,FALSE,TRUE,TRUE,TRUE
2992,ASV4834,TRUE,FALSE,TRUE,NA,NA,NA,NA,NA,NA,NA,NA,NA,NA,NA,NA,NA,NA,NA,NA,NA,NA,NA,NA,NA
2993,ASV4838,FALSE,TRUE,TRUE,NA,NA,NA,NA,NA,NA,NA,NA,NA,NA,NA,NA,NA,NA,NA,NA,NA,NA,NA,NA,NA
2994,ASV4840,FALSE,TRUE,TRUE,NA,NA,NA,NA,NA,NA,NA,NA,NA,NA,NA,NA,NA,NA,NA,NA,NA,NA,NA,NA,NA
2995,ASV4841,TRUE,FALSE,TRUE,NA,NA,NA,NA,NA,NA,NA,NA,NA,NA,NA,NA,NA,NA,NA,NA,NA,NA,NA,NA,NA
2996,ASV4846,FALSE,TRUE,TRUE,NA,NA,NA,NA,NA,NA,NA,NA,NA,NA,NA,NA,NA,NA,NA,NA,NA,NA,NA,NA,NA
2997,ASV4848,TRUE,FALSE,TRUE,NA,NA,NA,NA,NA,NA,NA,NA,NA,NA,NA,NA,NA,NA,NA,NA,NA,NA,NA,NA,NA
2998,ASV4849,TRUE,FALSE,TRUE,NA,NA,NA,NA,NA,NA,NA,NA,NA,NA,NA,NA,NA,NA,NA,NA,NA,NA,NA,NA,NA
2999,ASV4850,FALSE,TRUE,TRUE,NA,NA,NA,NA,NA,NA,NA,NA,NA,NA,NA,NA,NA,NA,NA,NA,NA,NA,NA,NA,NA
3000,ASV4851,FALSE,TRUE,TRUE,NA,NA,NA,NA,NA,NA,NA,NA,NA,NA,NA,NA,NA,NA,NA,NA,NA,NA,NA,NA,NA
3001,ASV4852,TRUE,FALSE,TRUE,NA,NA,NA,NA,NA,NA,NA,NA,NA,NA,NA,NA,NA,NA,NA,NA,NA,NA,NA,NA,NA
3002,ASV4854,FALSE,FALSE,FALSE,NA,NA,NA,NA,NA,NA,NA,NA,NA,1,1,1,1,1,1,FALSE,FALSE,FALSE,TRUE,FALSE,TRUE
3003,ASV4856,TRUE,FALSE,TRUE,NA,NA,NA,NA,NA,NA,NA,NA,NA,NA,NA,NA,NA,NA,NA,NA,NA,NA,NA,NA,NA
3004,ASV4858,FALSE,FALSE,FALSE,NA,NA,NA,NA,NA,NA,NA,NA,NA,1,1,1,1,1,1,FALSE,FALSE,FALSE,TRUE,FALSE,TRUE
3005,ASV4859,TRUE,FALSE,TRUE,NA,NA,NA,NA,NA,NA,NA,NA,NA,NA,NA,NA,NA,NA,NA,NA,NA,NA,NA,NA,NA
3006,ASV4860,FALSE,FALSE,FALSE,NA,NA,NA,NA,NA,NA,NA,NA,NA,1,1,1,1,1,1,FALSE,FALSE,FALSE,TRUE,TRUE,TRUE
3007,ASV4862,FALSE,FALSE,FALSE,NA,NA,NA,NA,NA,NA,NA,NA,NA,1,1,1,1,1,1,FALSE,FALSE,FALSE,TRUE,TRUE,TRUE
3008,ASV4863,FALSE,FALSE,FALSE,NA,NA,NA,NA,NA,NA,NA,NA,NA,1,1,1,1,1,1,FALSE,FALSE,FALSE,TRUE,FALSE,TRUE
3009,ASV4864,TRUE,FALSE,TRUE,NA,NA,NA,NA,NA,NA,NA,NA,NA,NA,NA,NA,NA,NA,NA,NA,NA,NA,NA,NA,NA
3010,ASV4865,FALSE,FALSE,FALSE,NA,NA,NA,NA,NA,NA,NA,NA,NA,1,1,1,1,1,1,FALSE,FALSE,FALSE,TRUE,TRUE,TRUE
3011,ASV4875,FALSE,TRUE,TRUE,NA,NA,NA,NA,NA,NA,NA,NA,NA,NA,NA,NA,NA,NA,NA,NA,NA,NA,NA,NA,NA
3012,ASV4881,FALSE,FALSE,FALSE,NA,NA,NA,NA,NA,NA,NA,NA,NA,1,1,1,1,1,1,FALSE,FALSE,FALSE,TRUE,TRUE,TRUE
3013,ASV4882,FALSE,TRUE,TRUE,NA,NA,NA,NA,NA,NA,NA,NA,NA,NA,NA,NA,NA,NA,NA,NA,NA,NA,NA,NA,NA
3014,ASV4883,FALSE,TRUE,TRUE,NA,NA,NA,NA,NA,NA,NA,NA,NA,NA,NA,NA,NA,NA,NA,NA,NA,NA,NA,NA,NA
3015,ASV4888,FALSE,FALSE,FALSE,NA,NA,NA,NA,NA,NA,NA,NA,NA,1,1,1,1,1,1,FALSE,FALSE,FALSE,TRUE,TRUE,TRUE
3016,ASV4889,FALSE,FALSE,FALSE,NA,NA,NA,NA,NA,NA,NA,NA,NA,1,1,1,1,1,1,FALSE,FALSE,FALSE,TRUE,FALSE,TRUE
3017,ASV4890,TRUE,FALSE,TRUE,NA,NA,NA,NA,NA,NA,NA,NA,NA,NA,NA,NA,NA,NA,NA,NA,NA,NA,NA,NA,NA
3018,ASV4892,FALSE,FALSE,FALSE,NA,NA,NA,NA,NA,NA,NA,NA,NA,1,1,1,1,1,1,FALSE,FALSE,FALSE,TRUE,FALSE,TRUE
3019,ASV4893,TRUE,FALSE,TRUE,NA,NA,NA,NA,NA,NA,NA,NA,NA,NA,NA,NA,NA,NA,NA,NA,NA,NA,NA,NA,NA
3020,ASV4894,TRUE,FALSE,TRUE,NA,NA,NA,NA,NA,NA,NA,NA,NA,NA,NA,NA,NA,NA,NA,NA,NA,NA,NA,NA,NA
3021,ASV4895,FALSE,FALSE,FALSE,NA,NA,NA,NA,NA,NA,NA,NA,NA,1,1,1,1,1,1,FALSE,FALSE,FALSE,TRUE,TRUE,TRUE
3022,ASV4896,FALSE,FALSE,FALSE,NA,NA,NA,NA,NA,NA,NA,NA,NA,1,1,1,1,1,1,FALSE,FALSE,FALSE,TRUE,FALSE,TRUE
3023,ASV4897,TRUE,FALSE,TRUE,NA,NA,NA,NA,NA,NA,NA,NA,NA,NA,NA,NA,NA,NA,NA,NA,NA,NA,NA,NA,NA
3024,ASV4898,TRUE,FALSE,TRUE,NA,NA,NA,NA,NA,NA,NA,NA,NA,NA,NA,NA,NA,NA,NA,NA,NA,NA,NA,NA,NA
3025,ASV4899,FALSE,FALSE,FALSE,NA,NA,NA,NA,NA,NA,NA,NA,NA,1,1,1,1,1,1,FALSE,FALSE,FALSE,TRUE,TRUE,TRUE
3026,ASV4900,FALSE,FALSE,FALSE,NA,NA,NA,NA,NA,NA,NA,NA,NA,1,1,1,1,1,1,FALSE,FALSE,FALSE,TRUE,TRUE,TRUE
3027,ASV4901,FALSE,FALSE,FALSE,NA,NA,NA,NA,NA,NA,NA,NA,NA,1,1,1,1,1,1,FALSE,FALSE,FALSE,TRUE,TRUE,TRUE
3028,ASV4902,FALSE,FALSE,FALSE,-0.931623584,112.493.331.731.373,NA,0.118339137,0.246636924,NA,-787.248.925.216.576,456.109.044.773.281,NA,1,1,1,1,1,1,FALSE,FALSE,FALSE,TRUE,TRUE,TRUE
3029,ASV4908,FALSE,TRUE,TRUE,NA,NA,NA,NA,NA,NA,NA,NA,NA,NA,NA,NA,NA,NA,NA,NA,NA,NA,NA,NA,NA
3030,ASV4909,FALSE,TRUE,TRUE,NA,NA,NA,NA,NA,NA,NA,NA,NA,NA,NA,NA,NA,NA,NA,NA,NA,NA,NA,NA,NA
3031,ASV4916,FALSE,TRUE,TRUE,NA,NA,NA,NA,NA,NA,NA,NA,NA,NA,NA,NA,NA,NA,NA,NA,NA,NA,NA,NA,NA
3032,ASV4917,FALSE,TRUE,TRUE,NA,NA,NA,NA,NA,NA,NA,NA,NA,NA,NA,NA,NA,NA,NA,NA,NA,NA,NA,NA,NA
3033,ASV4918,FALSE,TRUE,TRUE,NA,NA,NA,NA,NA,NA,NA,NA,NA,NA,NA,NA,NA,NA,NA,NA,NA,NA,NA,NA,NA
3034,ASV4922,TRUE,FALSE,TRUE,NA,NA,NA,NA,NA,NA,NA,NA,NA,NA,NA,NA,NA,NA,NA,NA,NA,NA,NA,NA,NA
3035,ASV4927,FALSE,FALSE,FALSE,NA,NA,NA,NA,NA,NA,NA,NA,NA,1,1,1,1,1,1,FALSE,FALSE,FALSE,TRUE,TRUE,TRUE
3036,ASV4930,TRUE,FALSE,TRUE,NA,NA,NA,NA,NA,NA,NA,NA,NA,NA,NA,NA,NA,NA,NA,NA,NA,NA,NA,NA,NA
3037,ASV4931,FALSE,FALSE,FALSE,NA,NA,NA,NA,NA,NA,NA,NA,NA,1,1,1,1,1,1,FALSE,FALSE,FALSE,TRUE,TRUE,TRUE
3038,ASV4933,TRUE,FALSE,TRUE,NA,NA,NA,NA,NA,NA,NA,NA,NA,NA,NA,NA,NA,NA,NA,NA,NA,NA,NA,NA,NA
3039,ASV4937,TRUE,FALSE,TRUE,NA,NA,NA,NA,NA,NA,NA,NA,NA,NA,NA,NA,NA,NA,NA,NA,NA,NA,NA,NA,NA
3040,ASV4942,FALSE,TRUE,TRUE,NA,NA,NA,NA,NA,NA,NA,NA,NA,NA,NA,NA,NA,NA,NA,NA,NA,NA,NA,NA,NA
3041,ASV4947,FALSE,TRUE,TRUE,NA,NA,NA,NA,NA,NA,NA,NA,NA,NA,NA,NA,NA,NA,NA,NA,NA,NA,NA,NA,NA
3042,ASV4948,FALSE,TRUE,TRUE,NA,NA,NA,NA,NA,NA,NA,NA,NA,NA,NA,NA,NA,NA,NA,NA,NA,NA,NA,NA,NA
3043,ASV4949,FALSE,TRUE,TRUE,NA,NA,NA,NA,NA,NA,NA,NA,NA,NA,NA,NA,NA,NA,NA,NA,NA,NA,NA,NA,NA
3044,ASV4951,TRUE,FALSE,TRUE,NA,NA,NA,NA,NA,NA,NA,NA,NA,NA,NA,NA,NA,NA,NA,NA,NA,NA,NA,NA,NA
3045,ASV4953,TRUE,FALSE,TRUE,NA,NA,NA,NA,NA,NA,NA,NA,NA,NA,NA,NA,NA,NA,NA,NA,NA,NA,NA,NA,NA
3046,ASV4956,FALSE,TRUE,TRUE,NA,NA,NA,NA,NA,NA,NA,NA,NA,NA,NA,NA,NA,NA,NA,NA,NA,NA,NA,NA,NA
3047,ASV4957,FALSE,TRUE,TRUE,NA,NA,NA,NA,NA,NA,NA,NA,NA,NA,NA,NA,NA,NA,NA,NA,NA,NA,NA,NA,NA
3048,ASV4958,FALSE,TRUE,TRUE,NA,NA,NA,NA,NA,NA,NA,NA,NA,NA,NA,NA,NA,NA,NA,NA,NA,NA,NA,NA,NA
3049,ASV4961,TRUE,FALSE,TRUE,NA,NA,NA,NA,NA,NA,NA,NA,NA,NA,NA,NA,NA,NA,NA,NA,NA,NA,NA,NA,NA
3050,ASV4962,FALSE,FALSE,FALSE,NA,NA,NA,NA,NA,NA,NA,NA,NA,1,1,1,1,1,1,FALSE,FALSE,FALSE,TRUE,TRUE,TRUE
3051,ASV4963,TRUE,FALSE,TRUE,NA,NA,NA,NA,NA,NA,NA,NA,NA,NA,NA,NA,NA,NA,NA,NA,NA,NA,NA,NA,NA
3052,ASV4964,FALSE,FALSE,FALSE,NA,NA,NA,NA,NA,NA,NA,NA,NA,1,1,1,1,1,1,FALSE,FALSE,FALSE,TRUE,FALSE,TRUE
3053,ASV4965,TRUE,FALSE,TRUE,NA,NA,NA,NA,NA,NA,NA,NA,NA,NA,NA,NA,NA,NA,NA,NA,NA,NA,NA,NA,NA
3054,ASV4967,FALSE,FALSE,FALSE,NA,NA,NA,NA,NA,NA,NA,NA,NA,1,1,1,1,1,1,FALSE,FALSE,FALSE,TRUE,FALSE,TRUE
3055,ASV4968,FALSE,FALSE,FALSE,NA,NA,NA,NA,NA,NA,NA,NA,NA,1,1,1,1,1,1,FALSE,FALSE,FALSE,TRUE,FALSE,TRUE
3056,ASV4970,FALSE,FALSE,FALSE,0.063096877,0.153525668,NA,0.118339137,0.246636924,NA,0.533186895,0.622476415,NA,1,1,1,1,1,1,FALSE,FALSE,FALSE,TRUE,TRUE,TRUE
3057,ASV4972,FALSE,FALSE,FALSE,NA,NA,NA,NA,NA,NA,NA,NA,NA,1,1,1,1,1,1,FALSE,FALSE,FALSE,TRUE,TRUE,TRUE
3058,ASV4973,TRUE,FALSE,TRUE,NA,NA,NA,NA,NA,NA,NA,NA,NA,NA,NA,NA,NA,NA,NA,NA,NA,NA,NA,NA,NA
3059,ASV4974,TRUE,FALSE,TRUE,NA,NA,NA,NA,NA,NA,NA,NA,NA,NA,NA,NA,NA,NA,NA,NA,NA,NA,NA,NA,NA
3060,ASV4975,TRUE,FALSE,TRUE,NA,NA,NA,NA,NA,NA,NA,NA,NA,NA,NA,NA,NA,NA,NA,NA,NA,NA,NA,NA,NA
3061,ASV4976,TRUE,FALSE,TRUE,NA,NA,NA,NA,NA,NA,NA,NA,NA,NA,NA,NA,NA,NA,NA,NA,NA,NA,NA,NA,NA
3062,ASV4980,FALSE,TRUE,TRUE,NA,NA,NA,NA,NA,NA,NA,NA,NA,NA,NA,NA,NA,NA,NA,NA,NA,NA,NA,NA,NA
3063,ASV4982,FALSE,TRUE,TRUE,NA,NA,NA,NA,NA,NA,NA,NA,NA,NA,NA,NA,NA,NA,NA,NA,NA,NA,NA,NA,NA
3064,ASV4983,FALSE,TRUE,TRUE,NA,NA,NA,NA,NA,NA,NA,NA,NA,NA,NA,NA,NA,NA,NA,NA,NA,NA,NA,NA,NA
3065,ASV4984,FALSE,TRUE,TRUE,NA,NA,NA,NA,NA,NA,NA,NA,NA,NA,NA,NA,NA,NA,NA,NA,NA,NA,NA,NA,NA
3066,ASV4990,TRUE,FALSE,TRUE,NA,NA,NA,NA,NA,NA,NA,NA,NA,NA,NA,NA,NA,NA,NA,NA,NA,NA,NA,NA,NA
3067,ASV4991,FALSE,FALSE,FALSE,NA,NA,NA,NA,NA,NA,NA,NA,NA,1,1,1,1,1,1,FALSE,FALSE,FALSE,TRUE,TRUE,TRUE
3068,ASV4993,FALSE,TRUE,TRUE,NA,NA,NA,NA,NA,NA,NA,NA,NA,NA,NA,NA,NA,NA,NA,NA,NA,NA,NA,NA,NA
3069,ASV4994,FALSE,TRUE,TRUE,NA,NA,NA,NA,NA,NA,NA,NA,NA,NA,NA,NA,NA,NA,NA,NA,NA,NA,NA,NA,NA
3070,ASV4996,FALSE,FALSE,FALSE,0.389931434,-0.359809207,-0.492029538,0.116421708,0.242749335,0.219519985,334.930.177.969.379,-148.222.530.466.827,-224.138.835.317.621,1,1,1,1,1,1,FALSE,FALSE,FALSE,TRUE,TRUE,TRUE
3071,ASV4997,TRUE,FALSE,TRUE,NA,NA,NA,NA,NA,NA,NA,NA,NA,NA,NA,NA,NA,NA,NA,NA,NA,NA,NA,NA,NA
3072,ASV4998,FALSE,FALSE,FALSE,NA,NA,NA,NA,NA,NA,NA,NA,NA,1,1,1,1,1,1,FALSE,FALSE,FALSE,TRUE,TRUE,TRUE
3073,ASV5001,FALSE,FALSE,FALSE,-0.729822651,148.321.842.601.766,NA,0.118339137,0.246636924,NA,-616.721.289.259.745,601.377.280.829.857,NA,1,1,1,1,1,1,FALSE,FALSE,FALSE,TRUE,TRUE,TRUE
3074,ASV5003,FALSE,FALSE,FALSE,-0.20390795,0.430404793,-0.00020155,0.116421708,0.242749335,0.219519985,-175.145.987.678.726,177.304.211.181.135,-0.000918142,1,1,1,1,1,1,FALSE,FALSE,FALSE,TRUE,TRUE,TRUE
3075,ASV5004,FALSE,TRUE,TRUE,NA,NA,NA,NA,NA,NA,NA,NA,NA,NA,NA,NA,NA,NA,NA,NA,NA,NA,NA,NA,NA
3076,ASV5005,FALSE,TRUE,TRUE,NA,NA,NA,NA,NA,NA,NA,NA,NA,NA,NA,NA,NA,NA,NA,NA,NA,NA,NA,NA,NA
3077,ASV5008,FALSE,TRUE,TRUE,NA,NA,NA,NA,NA,NA,NA,NA,NA,NA,NA,NA,NA,NA,NA,NA,NA,NA,NA,NA,NA
3078,ASV5017,FALSE,FALSE,FALSE,-0.295728447,0.139281422,NA,0.311579033,0.315340973,NA,-0.949128202,0.441685141,NA,0.412576947,0.688615019,1,1,1,1,FALSE,FALSE,FALSE,TRUE,TRUE,TRUE
3079,ASV5018,FALSE,TRUE,TRUE,NA,NA,NA,NA,NA,NA,NA,NA,NA,NA,NA,NA,NA,NA,NA,NA,NA,NA,NA,NA,NA
3080,ASV5020,FALSE,TRUE,TRUE,NA,NA,NA,NA,NA,NA,NA,NA,NA,NA,NA,NA,NA,NA,NA,NA,NA,NA,NA,NA,NA
3081,ASV5024,TRUE,FALSE,TRUE,NA,NA,NA,NA,NA,NA,NA,NA,NA,NA,NA,NA,NA,NA,NA,NA,NA,NA,NA,NA,NA
3082,ASV5026,TRUE,FALSE,TRUE,NA,NA,NA,NA,NA,NA,NA,NA,NA,NA,NA,NA,NA,NA,NA,NA,NA,NA,NA,NA,NA
3083,ASV5027,FALSE,TRUE,TRUE,NA,NA,NA,NA,NA,NA,NA,NA,NA,NA,NA,NA,NA,NA,NA,NA,NA,NA,NA,NA,NA
3084,ASV5028,FALSE,TRUE,TRUE,NA,NA,NA,NA,NA,NA,NA,NA,NA,NA,NA,NA,NA,NA,NA,NA,NA,NA,NA,NA,NA
3085,ASV5030,FALSE,FALSE,FALSE,NA,NA,NA,NA,NA,NA,NA,NA,NA,1,1,1,1,1,1,FALSE,FALSE,FALSE,TRUE,TRUE,TRUE
3086,ASV5031,FALSE,FALSE,FALSE,NA,NA,NA,NA,NA,NA,NA,NA,NA,1,1,1,1,1,1,FALSE,FALSE,FALSE,TRUE,TRUE,TRUE
3087,ASV5032,TRUE,FALSE,TRUE,NA,NA,NA,NA,NA,NA,NA,NA,NA,NA,NA,NA,NA,NA,NA,NA,NA,NA,NA,NA,NA
3088,ASV5033,FALSE,FALSE,FALSE,NA,NA,NA,NA,NA,NA,NA,NA,NA,1,1,1,1,1,1,FALSE,FALSE,FALSE,TRUE,TRUE,TRUE
3089,ASV5035,FALSE,FALSE,FALSE,NA,NA,NA,NA,NA,NA,NA,NA,NA,1,1,1,1,1,1,FALSE,FALSE,FALSE,TRUE,TRUE,TRUE
3090,ASV5036,FALSE,FALSE,FALSE,NA,NA,NA,NA,NA,NA,NA,NA,NA,1,1,1,1,1,1,FALSE,FALSE,FALSE,TRUE,FALSE,TRUE
3091,ASV5037,FALSE,FALSE,FALSE,NA,NA,NA,NA,NA,NA,NA,NA,NA,1,1,1,1,1,1,FALSE,FALSE,FALSE,TRUE,TRUE,TRUE
3092,ASV5038,FALSE,FALSE,FALSE,NA,NA,NA,NA,NA,NA,NA,NA,NA,1,1,1,1,1,1,FALSE,FALSE,FALSE,FALSE,FALSE,TRUE
3093,ASV5039,TRUE,FALSE,TRUE,NA,NA,NA,NA,NA,NA,NA,NA,NA,NA,NA,NA,NA,NA,NA,NA,NA,NA,NA,NA,NA
3094,ASV5041,TRUE,FALSE,TRUE,NA,NA,NA,NA,NA,NA,NA,NA,NA,NA,NA,NA,NA,NA,NA,NA,NA,NA,NA,NA,NA
3095,ASV5042,TRUE,FALSE,TRUE,NA,NA,NA,NA,NA,NA,NA,NA,NA,NA,NA,NA,NA,NA,NA,NA,NA,NA,NA,NA,NA
3096,ASV5044,TRUE,FALSE,TRUE,NA,NA,NA,NA,NA,NA,NA,NA,NA,NA,NA,NA,NA,NA,NA,NA,NA,NA,NA,NA,NA
3097,ASV5054,FALSE,TRUE,TRUE,NA,NA,NA,NA,NA,NA,NA,NA,NA,NA,NA,NA,NA,NA,NA,NA,NA,NA,NA,NA,NA
3098,ASV5055,FALSE,TRUE,TRUE,NA,NA,NA,NA,NA,NA,NA,NA,NA,NA,NA,NA,NA,NA,NA,NA,NA,NA,NA,NA,NA
3099,ASV5057,FALSE,TRUE,TRUE,NA,NA,NA,NA,NA,NA,NA,NA,NA,NA,NA,NA,NA,NA,NA,NA,NA,NA,NA,NA,NA
3100,ASV5058,TRUE,FALSE,TRUE,NA,NA,NA,NA,NA,NA,NA,NA,NA,NA,NA,NA,NA,NA,NA,NA,NA,NA,NA,NA,NA
3101,ASV5059,TRUE,FALSE,TRUE,NA,NA,NA,NA,NA,NA,NA,NA,NA,NA,NA,NA,NA,NA,NA,NA,NA,NA,NA,NA,NA
3102,ASV5061,FALSE,TRUE,TRUE,NA,NA,NA,NA,NA,NA,NA,NA,NA,NA,NA,NA,NA,NA,NA,NA,NA,NA,NA,NA,NA
3103,ASV5062,TRUE,FALSE,TRUE,NA,NA,NA,NA,NA,NA,NA,NA,NA,NA,NA,NA,NA,NA,NA,NA,NA,NA,NA,NA,NA
3104,ASV5063,TRUE,FALSE,TRUE,NA,NA,NA,NA,NA,NA,NA,NA,NA,NA,NA,NA,NA,NA,NA,NA,NA,NA,NA,NA,NA
3105,ASV5067,TRUE,FALSE,TRUE,NA,NA,NA,NA,NA,NA,NA,NA,NA,NA,NA,NA,NA,NA,NA,NA,NA,NA,NA,NA,NA
3106,ASV5068,TRUE,FALSE,TRUE,NA,NA,NA,NA,NA,NA,NA,NA,NA,NA,NA,NA,NA,NA,NA,NA,NA,NA,NA,NA,NA
3107,ASV5069,FALSE,FALSE,FALSE,NA,NA,NA,NA,NA,NA,NA,NA,NA,1,1,1,1,1,1,FALSE,FALSE,FALSE,TRUE,TRUE,TRUE
3108,ASV5072,FALSE,FALSE,FALSE,NA,NA,NA,NA,NA,NA,NA,NA,NA,1,1,1,1,1,1,FALSE,FALSE,FALSE,TRUE,TRUE,TRUE
3109,ASV5074,TRUE,FALSE,TRUE,NA,NA,NA,NA,NA,NA,NA,NA,NA,NA,NA,NA,NA,NA,NA,NA,NA,NA,NA,NA,NA
3110,ASV5076,FALSE,FALSE,FALSE,NA,NA,NA,NA,NA,NA,NA,NA,NA,1,1,1,1,1,1,FALSE,FALSE,FALSE,TRUE,TRUE,TRUE
3111,ASV5077,FALSE,FALSE,FALSE,NA,NA,NA,NA,NA,NA,NA,NA,NA,1,1,1,1,1,1,FALSE,FALSE,FALSE,TRUE,TRUE,TRUE
3112,ASV5079,FALSE,FALSE,FALSE,NA,NA,NA,NA,NA,NA,NA,NA,NA,1,1,1,1,1,1,FALSE,FALSE,FALSE,TRUE,FALSE,TRUE
3113,ASV5080,TRUE,FALSE,TRUE,NA,NA,NA,NA,NA,NA,NA,NA,NA,NA,NA,NA,NA,NA,NA,NA,NA,NA,NA,NA,NA
3114,ASV5081,FALSE,FALSE,FALSE,NA,NA,NA,NA,NA,NA,NA,NA,NA,1,1,1,1,1,1,FALSE,FALSE,FALSE,TRUE,TRUE,TRUE
3115,ASV5082,FALSE,TRUE,TRUE,NA,NA,NA,NA,NA,NA,NA,NA,NA,NA,NA,NA,NA,NA,NA,NA,NA,NA,NA,NA,NA
3116,ASV5087,TRUE,FALSE,TRUE,NA,NA,NA,NA,NA,NA,NA,NA,NA,NA,NA,NA,NA,NA,NA,NA,NA,NA,NA,NA,NA
3117,ASV5088,FALSE,TRUE,TRUE,NA,NA,NA,NA,NA,NA,NA,NA,NA,NA,NA,NA,NA,NA,NA,NA,NA,NA,NA,NA,NA
3118,ASV5099,TRUE,FALSE,TRUE,NA,NA,NA,NA,NA,NA,NA,NA,NA,NA,NA,NA,NA,NA,NA,NA,NA,NA,NA,NA,NA
3119,ASV5100,FALSE,FALSE,FALSE,NA,NA,NA,NA,NA,NA,NA,NA,NA,1,1,1,1,1,1,FALSE,FALSE,FALSE,TRUE,TRUE,TRUE
3120,ASV5101,TRUE,FALSE,TRUE,NA,NA,NA,NA,NA,NA,NA,NA,NA,NA,NA,NA,NA,NA,NA,NA,NA,NA,NA,NA,NA
3121,ASV5102,FALSE,FALSE,FALSE,NA,NA,NA,NA,NA,NA,NA,NA,NA,1,1,1,1,1,1,FALSE,FALSE,FALSE,TRUE,TRUE,TRUE
3122,ASV5104,TRUE,FALSE,TRUE,NA,NA,NA,NA,NA,NA,NA,NA,NA,NA,NA,NA,NA,NA,NA,NA,NA,NA,NA,NA,NA
3123,ASV5105,TRUE,FALSE,TRUE,NA,NA,NA,NA,NA,NA,NA,NA,NA,NA,NA,NA,NA,NA,NA,NA,NA,NA,NA,NA,NA
3124,ASV5106,TRUE,FALSE,TRUE,NA,NA,NA,NA,NA,NA,NA,NA,NA,NA,NA,NA,NA,NA,NA,NA,NA,NA,NA,NA,NA
3125,ASV5107,TRUE,FALSE,TRUE,NA,NA,NA,NA,NA,NA,NA,NA,NA,NA,NA,NA,NA,NA,NA,NA,NA,NA,NA,NA,NA
3126,ASV5108,TRUE,FALSE,TRUE,NA,NA,NA,NA,NA,NA,NA,NA,NA,NA,NA,NA,NA,NA,NA,NA,NA,NA,NA,NA,NA
3127,ASV5109,TRUE,FALSE,TRUE,NA,NA,NA,NA,NA,NA,NA,NA,NA,NA,NA,NA,NA,NA,NA,NA,NA,NA,NA,NA,NA
3128,ASV5116,FALSE,TRUE,TRUE,NA,NA,NA,NA,NA,NA,NA,NA,NA,NA,NA,NA,NA,NA,NA,NA,NA,NA,NA,NA,NA
3129,ASV5119,FALSE,FALSE,FALSE,NA,NA,NA,NA,NA,NA,NA,NA,NA,1,1,1,1,1,1,FALSE,FALSE,FALSE,TRUE,TRUE,TRUE
3130,ASV5125,FALSE,TRUE,TRUE,NA,NA,NA,NA,NA,NA,NA,NA,NA,NA,NA,NA,NA,NA,NA,NA,NA,NA,NA,NA,NA
3131,ASV5128,FALSE,TRUE,TRUE,NA,NA,NA,NA,NA,NA,NA,NA,NA,NA,NA,NA,NA,NA,NA,NA,NA,NA,NA,NA,NA
3132,ASV5132,TRUE,FALSE,TRUE,NA,NA,NA,NA,NA,NA,NA,NA,NA,NA,NA,NA,NA,NA,NA,NA,NA,NA,NA,NA,NA
3133,ASV5135,TRUE,FALSE,TRUE,NA,NA,NA,NA,NA,NA,NA,NA,NA,NA,NA,NA,NA,NA,NA,NA,NA,NA,NA,NA,NA
3134,ASV5136,TRUE,FALSE,TRUE,NA,NA,NA,NA,NA,NA,NA,NA,NA,NA,NA,NA,NA,NA,NA,NA,NA,NA,NA,NA,NA
3135,ASV5137,TRUE,FALSE,TRUE,NA,NA,NA,NA,NA,NA,NA,NA,NA,NA,NA,NA,NA,NA,NA,NA,NA,NA,NA,NA,NA
3136,ASV5143,TRUE,FALSE,TRUE,NA,NA,NA,NA,NA,NA,NA,NA,NA,NA,NA,NA,NA,NA,NA,NA,NA,NA,NA,NA,NA
3137,ASV5144,TRUE,FALSE,TRUE,NA,NA,NA,NA,NA,NA,NA,NA,NA,NA,NA,NA,NA,NA,NA,NA,NA,NA,NA,NA,NA
3138,ASV5145,FALSE,FALSE,FALSE,NA,NA,NA,NA,NA,NA,NA,NA,NA,1,1,1,1,1,1,FALSE,FALSE,FALSE,TRUE,TRUE,TRUE
3139,ASV5146,FALSE,FALSE,FALSE,NA,NA,NA,NA,NA,NA,NA,NA,NA,1,1,1,1,1,1,FALSE,FALSE,FALSE,TRUE,FALSE,TRUE
3140,ASV5147,FALSE,FALSE,FALSE,NA,NA,NA,NA,NA,NA,NA,NA,NA,1,1,1,1,1,1,FALSE,FALSE,FALSE,TRUE,FALSE,TRUE
3141,ASV5148,TRUE,FALSE,TRUE,NA,NA,NA,NA,NA,NA,NA,NA,NA,NA,NA,NA,NA,NA,NA,NA,NA,NA,NA,NA,NA
3142,ASV5149,FALSE,FALSE,FALSE,NA,NA,NA,NA,NA,NA,NA,NA,NA,1,1,1,1,1,1,FALSE,FALSE,FALSE,TRUE,TRUE,TRUE
3143,ASV5150,FALSE,FALSE,FALSE,NA,NA,NA,NA,NA,NA,NA,NA,NA,1,1,1,1,1,1,FALSE,FALSE,FALSE,TRUE,FALSE,TRUE
3144,ASV5153,TRUE,FALSE,TRUE,NA,NA,NA,NA,NA,NA,NA,NA,NA,NA,NA,NA,NA,NA,NA,NA,NA,NA,NA,NA,NA
3145,ASV5168,TRUE,FALSE,TRUE,NA,NA,NA,NA,NA,NA,NA,NA,NA,NA,NA,NA,NA,NA,NA,NA,NA,NA,NA,NA,NA
3146,ASV5169,TRUE,FALSE,TRUE,NA,NA,NA,NA,NA,NA,NA,NA,NA,NA,NA,NA,NA,NA,NA,NA,NA,NA,NA,NA,NA
3147,ASV5170,FALSE,FALSE,FALSE,NA,NA,NA,NA,NA,NA,NA,NA,NA,1,1,1,1,1,1,FALSE,FALSE,FALSE,TRUE,FALSE,TRUE
3148,ASV5171,FALSE,FALSE,FALSE,NA,NA,NA,NA,NA,NA,NA,NA,NA,1,1,1,1,1,1,FALSE,FALSE,FALSE,TRUE,TRUE,TRUE
3149,ASV5172,TRUE,FALSE,TRUE,NA,NA,NA,NA,NA,NA,NA,NA,NA,NA,NA,NA,NA,NA,NA,NA,NA,NA,NA,NA,NA
3150,ASV5174,TRUE,FALSE,TRUE,NA,NA,NA,NA,NA,NA,NA,NA,NA,NA,NA,NA,NA,NA,NA,NA,NA,NA,NA,NA,NA
3151,ASV5175,FALSE,FALSE,FALSE,NA,NA,NA,NA,NA,NA,NA,NA,NA,1,1,1,1,1,1,FALSE,FALSE,FALSE,TRUE,FALSE,TRUE
3152,ASV5177,FALSE,FALSE,FALSE,NA,NA,NA,NA,NA,NA,NA,NA,NA,1,1,1,1,1,1,FALSE,FALSE,FALSE,TRUE,TRUE,TRUE
3153,ASV5178,FALSE,FALSE,FALSE,NA,NA,NA,NA,NA,NA,NA,NA,NA,1,1,1,1,1,1,FALSE,FALSE,FALSE,TRUE,TRUE,TRUE
3154,ASV5179,TRUE,FALSE,TRUE,NA,NA,NA,NA,NA,NA,NA,NA,NA,NA,NA,NA,NA,NA,NA,NA,NA,NA,NA,NA,NA
3155,ASV5180,FALSE,FALSE,FALSE,NA,NA,NA,NA,NA,NA,NA,NA,NA,1,1,1,1,1,1,FALSE,FALSE,FALSE,TRUE,TRUE,TRUE
3156,ASV5182,FALSE,FALSE,FALSE,-0.564970402,144.331.913.730.561,-0.276859567,0.116291104,0.242484351,0.21925462,-485.824.265.048.349,595.221.560.797.799,-126.273.082.609.939,0.129234135,0.105965509,0.426410163,1,1,1,FALSE,FALSE,FALSE,TRUE,TRUE,TRUE
3157,ASV5184,FALSE,TRUE,TRUE,NA,NA,NA,NA,NA,NA,NA,NA,NA,NA,NA,NA,NA,NA,NA,NA,NA,NA,NA,NA,NA
3158,ASV5190,TRUE,FALSE,TRUE,NA,NA,NA,NA,NA,NA,NA,NA,NA,NA,NA,NA,NA,NA,NA,NA,NA,NA,NA,NA,NA
3159,ASV5197,FALSE,TRUE,TRUE,NA,NA,NA,NA,NA,NA,NA,NA,NA,NA,NA,NA,NA,NA,NA,NA,NA,NA,NA,NA,NA
3160,ASV5199,TRUE,FALSE,TRUE,NA,NA,NA,NA,NA,NA,NA,NA,NA,NA,NA,NA,NA,NA,NA,NA,NA,NA,NA,NA,NA
3161,ASV5200,FALSE,TRUE,TRUE,NA,NA,NA,NA,NA,NA,NA,NA,NA,NA,NA,NA,NA,NA,NA,NA,NA,NA,NA,NA,NA
3162,ASV5202,FALSE,FALSE,FALSE,NA,NA,NA,NA,NA,NA,NA,NA,NA,1,1,1,1,1,1,FALSE,FALSE,FALSE,TRUE,TRUE,TRUE
3163,ASV5203,FALSE,FALSE,FALSE,NA,NA,NA,NA,NA,NA,NA,NA,NA,1,1,1,1,1,1,FALSE,FALSE,FALSE,TRUE,TRUE,TRUE
3164,ASV5204,TRUE,FALSE,TRUE,NA,NA,NA,NA,NA,NA,NA,NA,NA,NA,NA,NA,NA,NA,NA,NA,NA,NA,NA,NA,NA
3165,ASV5205,FALSE,FALSE,FALSE,NA,NA,NA,NA,NA,NA,NA,NA,NA,1,1,1,1,1,1,FALSE,FALSE,FALSE,TRUE,TRUE,TRUE
3166,ASV5206,TRUE,FALSE,TRUE,NA,NA,NA,NA,NA,NA,NA,NA,NA,NA,NA,NA,NA,NA,NA,NA,NA,NA,NA,NA,NA
3167,ASV5207,FALSE,TRUE,TRUE,NA,NA,NA,NA,NA,NA,NA,NA,NA,NA,NA,NA,NA,NA,NA,NA,NA,NA,NA,NA,NA
3168,ASV5208,TRUE,FALSE,TRUE,NA,NA,NA,NA,NA,NA,NA,NA,NA,NA,NA,NA,NA,NA,NA,NA,NA,NA,NA,NA,NA
3169,ASV5211,TRUE,FALSE,TRUE,NA,NA,NA,NA,NA,NA,NA,NA,NA,NA,NA,NA,NA,NA,NA,NA,NA,NA,NA,NA,NA
3170,ASV5214,FALSE,TRUE,TRUE,NA,NA,NA,NA,NA,NA,NA,NA,NA,NA,NA,NA,NA,NA,NA,NA,NA,NA,NA,NA,NA
3171,ASV5216,FALSE,TRUE,TRUE,NA,NA,NA,NA,NA,NA,NA,NA,NA,NA,NA,NA,NA,NA,NA,NA,NA,NA,NA,NA,NA
3172,ASV5217,TRUE,FALSE,TRUE,NA,NA,NA,NA,NA,NA,NA,NA,NA,NA,NA,NA,NA,NA,NA,NA,NA,NA,NA,NA,NA
3173,ASV5219,FALSE,TRUE,TRUE,NA,NA,NA,NA,NA,NA,NA,NA,NA,NA,NA,NA,NA,NA,NA,NA,NA,NA,NA,NA,NA
3174,ASV5227,FALSE,FALSE,FALSE,NA,NA,NA,NA,NA,NA,NA,NA,NA,1,1,1,1,1,1,FALSE,FALSE,FALSE,TRUE,TRUE,TRUE
3175,ASV5228,TRUE,FALSE,TRUE,NA,NA,NA,NA,NA,NA,NA,NA,NA,NA,NA,NA,NA,NA,NA,NA,NA,NA,NA,NA,NA
3176,ASV5229,TRUE,FALSE,TRUE,NA,NA,NA,NA,NA,NA,NA,NA,NA,NA,NA,NA,NA,NA,NA,NA,NA,NA,NA,NA,NA
3177,ASV5230,FALSE,FALSE,FALSE,NA,NA,NA,NA,NA,NA,NA,NA,NA,1,1,1,1,1,1,FALSE,FALSE,FALSE,TRUE,FALSE,TRUE
3178,ASV5233,TRUE,FALSE,TRUE,NA,NA,NA,NA,NA,NA,NA,NA,NA,NA,NA,NA,NA,NA,NA,NA,NA,NA,NA,NA,NA
3179,ASV5235,FALSE,FALSE,FALSE,NA,NA,NA,NA,NA,NA,NA,NA,NA,1,1,1,1,1,1,FALSE,FALSE,FALSE,TRUE,TRUE,TRUE
3180,ASV5236,FALSE,FALSE,FALSE,NA,NA,NA,NA,NA,NA,NA,NA,NA,1,1,1,1,1,1,FALSE,FALSE,FALSE,TRUE,TRUE,TRUE
3181,ASV5238,TRUE,FALSE,TRUE,NA,NA,NA,NA,NA,NA,NA,NA,NA,NA,NA,NA,NA,NA,NA,NA,NA,NA,NA,NA,NA
3182,ASV5239,FALSE,TRUE,TRUE,NA,NA,NA,NA,NA,NA,NA,NA,NA,NA,NA,NA,NA,NA,NA,NA,NA,NA,NA,NA,NA
3183,ASV5243,TRUE,FALSE,TRUE,NA,NA,NA,NA,NA,NA,NA,NA,NA,NA,NA,NA,NA,NA,NA,NA,NA,NA,NA,NA,NA
3184,ASV5247,FALSE,TRUE,TRUE,NA,NA,NA,NA,NA,NA,NA,NA,NA,NA,NA,NA,NA,NA,NA,NA,NA,NA,NA,NA,NA
3185,ASV5251,FALSE,TRUE,TRUE,NA,NA,NA,NA,NA,NA,NA,NA,NA,NA,NA,NA,NA,NA,NA,NA,NA,NA,NA,NA,NA
3186,ASV5256,TRUE,FALSE,TRUE,NA,NA,NA,NA,NA,NA,NA,NA,NA,NA,NA,NA,NA,NA,NA,NA,NA,NA,NA,NA,NA
3187,ASV5258,TRUE,FALSE,TRUE,NA,NA,NA,NA,NA,NA,NA,NA,NA,NA,NA,NA,NA,NA,NA,NA,NA,NA,NA,NA,NA
3188,ASV5259,TRUE,FALSE,TRUE,NA,NA,NA,NA,NA,NA,NA,NA,NA,NA,NA,NA,NA,NA,NA,NA,NA,NA,NA,NA,NA
3189,ASV5260,FALSE,FALSE,FALSE,NA,NA,NA,NA,NA,NA,NA,NA,NA,1,1,1,1,1,1,FALSE,FALSE,FALSE,TRUE,FALSE,TRUE
3190,ASV5261,FALSE,FALSE,FALSE,NA,NA,NA,NA,NA,NA,NA,NA,NA,1,1,1,1,1,1,FALSE,FALSE,FALSE,TRUE,TRUE,TRUE
3191,ASV5265,TRUE,FALSE,TRUE,NA,NA,NA,NA,NA,NA,NA,NA,NA,NA,NA,NA,NA,NA,NA,NA,NA,NA,NA,NA,NA
3192,ASV5273,TRUE,FALSE,TRUE,NA,NA,NA,NA,NA,NA,NA,NA,NA,NA,NA,NA,NA,NA,NA,NA,NA,NA,NA,NA,NA
3193,ASV5275,FALSE,TRUE,TRUE,NA,NA,NA,NA,NA,NA,NA,NA,NA,NA,NA,NA,NA,NA,NA,NA,NA,NA,NA,NA,NA
3194,ASV5277,FALSE,TRUE,TRUE,NA,NA,NA,NA,NA,NA,NA,NA,NA,NA,NA,NA,NA,NA,NA,NA,NA,NA,NA,NA,NA
3195,ASV5278,FALSE,TRUE,TRUE,NA,NA,NA,NA,NA,NA,NA,NA,NA,NA,NA,NA,NA,NA,NA,NA,NA,NA,NA,NA,NA
3196,ASV5279,TRUE,FALSE,TRUE,NA,NA,NA,NA,NA,NA,NA,NA,NA,NA,NA,NA,NA,NA,NA,NA,NA,NA,NA,NA,NA
3197,ASV5280,TRUE,FALSE,TRUE,NA,NA,NA,NA,NA,NA,NA,NA,NA,NA,NA,NA,NA,NA,NA,NA,NA,NA,NA,NA,NA
3198,ASV5286,FALSE,TRUE,TRUE,NA,NA,NA,NA,NA,NA,NA,NA,NA,NA,NA,NA,NA,NA,NA,NA,NA,NA,NA,NA,NA
3199,ASV5288,FALSE,FALSE,FALSE,NA,NA,NA,NA,NA,NA,NA,NA,NA,1,1,1,1,1,1,FALSE,FALSE,FALSE,TRUE,TRUE,TRUE
3200,ASV5289,TRUE,FALSE,TRUE,NA,NA,NA,NA,NA,NA,NA,NA,NA,NA,NA,NA,NA,NA,NA,NA,NA,NA,NA,NA,NA
3201,ASV5291,FALSE,FALSE,FALSE,NA,NA,NA,NA,NA,NA,NA,NA,NA,1,1,1,1,1,1,FALSE,FALSE,FALSE,TRUE,FALSE,TRUE
3202,ASV5293,TRUE,FALSE,TRUE,NA,NA,NA,NA,NA,NA,NA,NA,NA,NA,NA,NA,NA,NA,NA,NA,NA,NA,NA,NA,NA
3203,ASV5296,FALSE,FALSE,FALSE,NA,NA,NA,NA,NA,NA,NA,NA,NA,1,1,1,1,1,1,FALSE,FALSE,FALSE,TRUE,FALSE,TRUE
3204,ASV5298,FALSE,FALSE,FALSE,NA,NA,NA,NA,NA,NA,NA,NA,NA,1,1,1,1,1,1,FALSE,FALSE,FALSE,TRUE,TRUE,TRUE
3205,ASV5299,TRUE,FALSE,TRUE,NA,NA,NA,NA,NA,NA,NA,NA,NA,NA,NA,NA,NA,NA,NA,NA,NA,NA,NA,NA,NA
3206,ASV5300,FALSE,FALSE,FALSE,NA,NA,NA,NA,NA,NA,NA,NA,NA,1,1,1,1,1,1,FALSE,FALSE,FALSE,TRUE,TRUE,TRUE
3207,ASV5303,TRUE,FALSE,TRUE,NA,NA,NA,NA,NA,NA,NA,NA,NA,NA,NA,NA,NA,NA,NA,NA,NA,NA,NA,NA,NA
3208,ASV5308,TRUE,FALSE,TRUE,NA,NA,NA,NA,NA,NA,NA,NA,NA,NA,NA,NA,NA,NA,NA,NA,NA,NA,NA,NA,NA
3209,ASV5309,FALSE,TRUE,TRUE,NA,NA,NA,NA,NA,NA,NA,NA,NA,NA,NA,NA,NA,NA,NA,NA,NA,NA,NA,NA,NA
3210,ASV5313,FALSE,TRUE,TRUE,NA,NA,NA,NA,NA,NA,NA,NA,NA,NA,NA,NA,NA,NA,NA,NA,NA,NA,NA,NA,NA
3211,ASV5314,FALSE,TRUE,TRUE,NA,NA,NA,NA,NA,NA,NA,NA,NA,NA,NA,NA,NA,NA,NA,NA,NA,NA,NA,NA,NA
3212,ASV5319,TRUE,FALSE,TRUE,NA,NA,NA,NA,NA,NA,NA,NA,NA,NA,NA,NA,NA,NA,NA,NA,NA,NA,NA,NA,NA
3213,ASV5325,TRUE,FALSE,TRUE,NA,NA,NA,NA,NA,NA,NA,NA,NA,NA,NA,NA,NA,NA,NA,NA,NA,NA,NA,NA,NA
3214,ASV5326,FALSE,FALSE,FALSE,NA,NA,NA,NA,NA,NA,NA,NA,NA,1,1,1,1,1,1,FALSE,FALSE,FALSE,TRUE,TRUE,TRUE
3215,ASV5327,TRUE,FALSE,TRUE,NA,NA,NA,NA,NA,NA,NA,NA,NA,NA,NA,NA,NA,NA,NA,NA,NA,NA,NA,NA,NA
3216,ASV5329,TRUE,FALSE,TRUE,NA,NA,NA,NA,NA,NA,NA,NA,NA,NA,NA,NA,NA,NA,NA,NA,NA,NA,NA,NA,NA
3217,ASV5344,FALSE,TRUE,TRUE,NA,NA,NA,NA,NA,NA,NA,NA,NA,NA,NA,NA,NA,NA,NA,NA,NA,NA,NA,NA,NA
3218,ASV5346,TRUE,FALSE,TRUE,NA,NA,NA,NA,NA,NA,NA,NA,NA,NA,NA,NA,NA,NA,NA,NA,NA,NA,NA,NA,NA
3219,ASV5347,TRUE,FALSE,TRUE,NA,NA,NA,NA,NA,NA,NA,NA,NA,NA,NA,NA,NA,NA,NA,NA,NA,NA,NA,NA,NA
3220,ASV5348,FALSE,TRUE,TRUE,NA,NA,NA,NA,NA,NA,NA,NA,NA,NA,NA,NA,NA,NA,NA,NA,NA,NA,NA,NA,NA
3221,ASV5349,FALSE,TRUE,TRUE,NA,NA,NA,NA,NA,NA,NA,NA,NA,NA,NA,NA,NA,NA,NA,NA,NA,NA,NA,NA,NA
3222,ASV5350,FALSE,TRUE,TRUE,NA,NA,NA,NA,NA,NA,NA,NA,NA,NA,NA,NA,NA,NA,NA,NA,NA,NA,NA,NA,NA
3223,ASV5351,FALSE,TRUE,TRUE,NA,NA,NA,NA,NA,NA,NA,NA,NA,NA,NA,NA,NA,NA,NA,NA,NA,NA,NA,NA,NA
3224,ASV5355,TRUE,FALSE,TRUE,NA,NA,NA,NA,NA,NA,NA,NA,NA,NA,NA,NA,NA,NA,NA,NA,NA,NA,NA,NA,NA
3225,ASV5356,TRUE,FALSE,TRUE,NA,NA,NA,NA,NA,NA,NA,NA,NA,NA,NA,NA,NA,NA,NA,NA,NA,NA,NA,NA,NA
3226,ASV5357,TRUE,FALSE,TRUE,NA,NA,NA,NA,NA,NA,NA,NA,NA,NA,NA,NA,NA,NA,NA,NA,NA,NA,NA,NA,NA
3227,ASV5358,TRUE,FALSE,TRUE,NA,NA,NA,NA,NA,NA,NA,NA,NA,NA,NA,NA,NA,NA,NA,NA,NA,NA,NA,NA,NA
3228,ASV5362,TRUE,FALSE,TRUE,NA,NA,NA,NA,NA,NA,NA,NA,NA,NA,NA,NA,NA,NA,NA,NA,NA,NA,NA,NA,NA
3229,ASV5363,TRUE,FALSE,TRUE,NA,NA,NA,NA,NA,NA,NA,NA,NA,NA,NA,NA,NA,NA,NA,NA,NA,NA,NA,NA,NA
3230,ASV5364,TRUE,FALSE,TRUE,NA,NA,NA,NA,NA,NA,NA,NA,NA,NA,NA,NA,NA,NA,NA,NA,NA,NA,NA,NA,NA
3231,ASV5365,FALSE,FALSE,FALSE,NA,NA,NA,NA,NA,NA,NA,NA,NA,1,1,1,1,1,1,FALSE,FALSE,FALSE,TRUE,TRUE,TRUE
3232,ASV5367,TRUE,FALSE,TRUE,NA,NA,NA,NA,NA,NA,NA,NA,NA,NA,NA,NA,NA,NA,NA,NA,NA,NA,NA,NA,NA
3233,ASV5368,TRUE,FALSE,TRUE,NA,NA,NA,NA,NA,NA,NA,NA,NA,NA,NA,NA,NA,NA,NA,NA,NA,NA,NA,NA,NA
3234,ASV5378,TRUE,FALSE,TRUE,NA,NA,NA,NA,NA,NA,NA,NA,NA,NA,NA,NA,NA,NA,NA,NA,NA,NA,NA,NA,NA
3235,ASV5380,FALSE,FALSE,FALSE,0.177531608,-0.77985103,NA,0.118339137,0.246636924,NA,150.019.353.696.544,-316.193.949.164.525,NA,1,1,1,1,1,1,FALSE,FALSE,FALSE,TRUE,TRUE,TRUE
3236,ASV5383,FALSE,TRUE,TRUE,NA,NA,NA,NA,NA,NA,NA,NA,NA,NA,NA,NA,NA,NA,NA,NA,NA,NA,NA,NA,NA
3237,ASV5384,FALSE,TRUE,TRUE,NA,NA,NA,NA,NA,NA,NA,NA,NA,NA,NA,NA,NA,NA,NA,NA,NA,NA,NA,NA,NA
3238,ASV5388,TRUE,FALSE,TRUE,NA,NA,NA,NA,NA,NA,NA,NA,NA,NA,NA,NA,NA,NA,NA,NA,NA,NA,NA,NA,NA
3239,ASV5394,TRUE,FALSE,TRUE,NA,NA,NA,NA,NA,NA,NA,NA,NA,NA,NA,NA,NA,NA,NA,NA,NA,NA,NA,NA,NA
3240,ASV5395,TRUE,FALSE,TRUE,NA,NA,NA,NA,NA,NA,NA,NA,NA,NA,NA,NA,NA,NA,NA,NA,NA,NA,NA,NA,NA
3241,ASV5403,FALSE,FALSE,FALSE,NA,NA,NA,NA,NA,NA,NA,NA,NA,1,1,1,1,1,1,FALSE,FALSE,FALSE,TRUE,TRUE,TRUE
3242,ASV5404,TRUE,FALSE,TRUE,NA,NA,NA,NA,NA,NA,NA,NA,NA,NA,NA,NA,NA,NA,NA,NA,NA,NA,NA,NA,NA
3243,ASV5405,FALSE,FALSE,FALSE,NA,NA,NA,NA,NA,NA,NA,NA,NA,1,1,1,1,1,1,FALSE,FALSE,FALSE,TRUE,TRUE,TRUE
3244,ASV5406,FALSE,FALSE,FALSE,NA,NA,NA,NA,NA,NA,NA,NA,NA,1,1,1,1,1,1,FALSE,FALSE,FALSE,FALSE,FALSE,TRUE
3245,ASV5407,FALSE,FALSE,FALSE,NA,NA,NA,NA,NA,NA,NA,NA,NA,1,1,1,1,1,1,FALSE,FALSE,FALSE,TRUE,TRUE,TRUE
3246,ASV5408,TRUE,FALSE,TRUE,NA,NA,NA,NA,NA,NA,NA,NA,NA,NA,NA,NA,NA,NA,NA,NA,NA,NA,NA,NA,NA
3247,ASV5409,FALSE,FALSE,FALSE,NA,NA,NA,NA,NA,NA,NA,NA,NA,1,1,1,1,1,1,FALSE,FALSE,FALSE,TRUE,FALSE,TRUE
3248,ASV5410,FALSE,FALSE,FALSE,NA,NA,NA,NA,NA,NA,NA,NA,NA,1,1,1,1,1,1,FALSE,FALSE,FALSE,TRUE,TRUE,TRUE
3249,ASV5414,TRUE,FALSE,TRUE,NA,NA,NA,NA,NA,NA,NA,NA,NA,NA,NA,NA,NA,NA,NA,NA,NA,NA,NA,NA,NA
3250,ASV5416,TRUE,FALSE,TRUE,NA,NA,NA,NA,NA,NA,NA,NA,NA,NA,NA,NA,NA,NA,NA,NA,NA,NA,NA,NA,NA
3251,ASV5423,FALSE,TRUE,TRUE,NA,NA,NA,NA,NA,NA,NA,NA,NA,NA,NA,NA,NA,NA,NA,NA,NA,NA,NA,NA,NA
3252,ASV5433,FALSE,TRUE,TRUE,NA,NA,NA,NA,NA,NA,NA,NA,NA,NA,NA,NA,NA,NA,NA,NA,NA,NA,NA,NA,NA
3253,ASV5434,FALSE,TRUE,TRUE,NA,NA,NA,NA,NA,NA,NA,NA,NA,NA,NA,NA,NA,NA,NA,NA,NA,NA,NA,NA,NA
3254,ASV5436,TRUE,FALSE,TRUE,NA,NA,NA,NA,NA,NA,NA,NA,NA,NA,NA,NA,NA,NA,NA,NA,NA,NA,NA,NA,NA
3255,ASV5440,TRUE,FALSE,TRUE,NA,NA,NA,NA,NA,NA,NA,NA,NA,NA,NA,NA,NA,NA,NA,NA,NA,NA,NA,NA,NA
3256,ASV5444,TRUE,FALSE,TRUE,NA,NA,NA,NA,NA,NA,NA,NA,NA,NA,NA,NA,NA,NA,NA,NA,NA,NA,NA,NA,NA
3257,ASV5451,FALSE,FALSE,FALSE,NA,NA,NA,NA,NA,NA,NA,NA,NA,1,1,1,1,1,1,FALSE,FALSE,FALSE,TRUE,TRUE,TRUE
3258,ASV5452,TRUE,FALSE,TRUE,NA,NA,NA,NA,NA,NA,NA,NA,NA,NA,NA,NA,NA,NA,NA,NA,NA,NA,NA,NA,NA
3259,ASV5453,FALSE,FALSE,FALSE,NA,NA,NA,NA,NA,NA,NA,NA,NA,1,1,1,1,1,1,FALSE,FALSE,FALSE,TRUE,TRUE,TRUE
3260,ASV5454,FALSE,FALSE,FALSE,NA,NA,NA,NA,NA,NA,NA,NA,NA,1,1,1,1,1,1,FALSE,FALSE,FALSE,TRUE,FALSE,TRUE
3261,ASV5455,TRUE,FALSE,TRUE,NA,NA,NA,NA,NA,NA,NA,NA,NA,NA,NA,NA,NA,NA,NA,NA,NA,NA,NA,NA,NA
3262,ASV5456,TRUE,FALSE,TRUE,NA,NA,NA,NA,NA,NA,NA,NA,NA,NA,NA,NA,NA,NA,NA,NA,NA,NA,NA,NA,NA
3263,ASV5457,FALSE,FALSE,FALSE,NA,NA,NA,NA,NA,NA,NA,NA,NA,1,1,1,1,1,1,FALSE,FALSE,FALSE,TRUE,FALSE,TRUE
3264,ASV5465,TRUE,FALSE,TRUE,NA,NA,NA,NA,NA,NA,NA,NA,NA,NA,NA,NA,NA,NA,NA,NA,NA,NA,NA,NA,NA
3265,ASV5467,TRUE,FALSE,TRUE,NA,NA,NA,NA,NA,NA,NA,NA,NA,NA,NA,NA,NA,NA,NA,NA,NA,NA,NA,NA,NA
3266,ASV5471,FALSE,TRUE,TRUE,NA,NA,NA,NA,NA,NA,NA,NA,NA,NA,NA,NA,NA,NA,NA,NA,NA,NA,NA,NA,NA
3267,ASV5472,TRUE,FALSE,TRUE,NA,NA,NA,NA,NA,NA,NA,NA,NA,NA,NA,NA,NA,NA,NA,NA,NA,NA,NA,NA,NA
3268,ASV5475,FALSE,TRUE,TRUE,NA,NA,NA,NA,NA,NA,NA,NA,NA,NA,NA,NA,NA,NA,NA,NA,NA,NA,NA,NA,NA
3269,ASV5476,FALSE,TRUE,TRUE,NA,NA,NA,NA,NA,NA,NA,NA,NA,NA,NA,NA,NA,NA,NA,NA,NA,NA,NA,NA,NA
3270,ASV5478,FALSE,TRUE,TRUE,NA,NA,NA,NA,NA,NA,NA,NA,NA,NA,NA,NA,NA,NA,NA,NA,NA,NA,NA,NA,NA
3271,ASV5479,TRUE,FALSE,TRUE,NA,NA,NA,NA,NA,NA,NA,NA,NA,NA,NA,NA,NA,NA,NA,NA,NA,NA,NA,NA,NA
3272,ASV5483,TRUE,FALSE,TRUE,NA,NA,NA,NA,NA,NA,NA,NA,NA,NA,NA,NA,NA,NA,NA,NA,NA,NA,NA,NA,NA
3273,ASV5484,TRUE,FALSE,TRUE,NA,NA,NA,NA,NA,NA,NA,NA,NA,NA,NA,NA,NA,NA,NA,NA,NA,NA,NA,NA,NA
3274,ASV5486,FALSE,TRUE,TRUE,NA,NA,NA,NA,NA,NA,NA,NA,NA,NA,NA,NA,NA,NA,NA,NA,NA,NA,NA,NA,NA
3275,ASV5487,FALSE,TRUE,TRUE,NA,NA,NA,NA,NA,NA,NA,NA,NA,NA,NA,NA,NA,NA,NA,NA,NA,NA,NA,NA,NA
3276,ASV5492,FALSE,FALSE,FALSE,NA,NA,NA,NA,NA,NA,NA,NA,NA,1,1,1,1,1,1,FALSE,FALSE,FALSE,TRUE,TRUE,TRUE
3277,ASV5493,FALSE,FALSE,FALSE,NA,NA,NA,NA,NA,NA,NA,NA,NA,1,1,1,1,1,1,FALSE,FALSE,FALSE,TRUE,TRUE,TRUE
3278,ASV5495,TRUE,FALSE,TRUE,NA,NA,NA,NA,NA,NA,NA,NA,NA,NA,NA,NA,NA,NA,NA,NA,NA,NA,NA,NA,NA
3279,ASV5497,FALSE,FALSE,FALSE,NA,NA,NA,NA,NA,NA,NA,NA,NA,1,1,1,1,1,1,FALSE,FALSE,FALSE,TRUE,FALSE,TRUE
3280,ASV5498,FALSE,FALSE,FALSE,NA,NA,NA,NA,NA,NA,NA,NA,NA,1,1,1,1,1,1,FALSE,FALSE,FALSE,TRUE,TRUE,TRUE
3281,ASV5499,FALSE,FALSE,FALSE,NA,NA,NA,NA,NA,NA,NA,NA,NA,1,1,1,1,1,1,FALSE,FALSE,FALSE,TRUE,TRUE,TRUE
3282,ASV5500,FALSE,FALSE,FALSE,NA,NA,NA,NA,NA,NA,NA,NA,NA,1,1,1,1,1,1,FALSE,FALSE,FALSE,TRUE,TRUE,TRUE
3283,ASV5501,FALSE,FALSE,FALSE,NA,NA,NA,NA,NA,NA,NA,NA,NA,1,1,1,1,1,1,FALSE,FALSE,FALSE,TRUE,TRUE,TRUE
3284,ASV5502,TRUE,FALSE,TRUE,NA,NA,NA,NA,NA,NA,NA,NA,NA,NA,NA,NA,NA,NA,NA,NA,NA,NA,NA,NA,NA
3285,ASV5503,TRUE,FALSE,TRUE,NA,NA,NA,NA,NA,NA,NA,NA,NA,NA,NA,NA,NA,NA,NA,NA,NA,NA,NA,NA,NA
3286,ASV5505,TRUE,FALSE,TRUE,NA,NA,NA,NA,NA,NA,NA,NA,NA,NA,NA,NA,NA,NA,NA,NA,NA,NA,NA,NA,NA
3287,ASV5506,FALSE,TRUE,TRUE,NA,NA,NA,NA,NA,NA,NA,NA,NA,NA,NA,NA,NA,NA,NA,NA,NA,NA,NA,NA,NA
3288,ASV5518,TRUE,FALSE,TRUE,NA,NA,NA,NA,NA,NA,NA,NA,NA,NA,NA,NA,NA,NA,NA,NA,NA,NA,NA,NA,NA
3289,ASV5522,FALSE,FALSE,FALSE,NA,NA,NA,NA,NA,NA,NA,NA,NA,1,1,1,1,1,1,FALSE,FALSE,FALSE,TRUE,TRUE,TRUE
3290,ASV5523,FALSE,FALSE,FALSE,NA,NA,NA,NA,NA,NA,NA,NA,NA,1,1,1,1,1,1,FALSE,FALSE,FALSE,TRUE,TRUE,TRUE
3291,ASV5524,TRUE,FALSE,TRUE,NA,NA,NA,NA,NA,NA,NA,NA,NA,NA,NA,NA,NA,NA,NA,NA,NA,NA,NA,NA,NA
3292,ASV5526,FALSE,FALSE,FALSE,NA,NA,NA,NA,NA,NA,NA,NA,NA,1,1,1,1,1,1,FALSE,FALSE,FALSE,TRUE,FALSE,TRUE
3293,ASV5528,FALSE,FALSE,FALSE,NA,NA,NA,NA,NA,NA,NA,NA,NA,1,1,1,1,1,1,FALSE,FALSE,FALSE,TRUE,TRUE,TRUE
3294,ASV5529,FALSE,FALSE,FALSE,NA,NA,NA,NA,NA,NA,NA,NA,NA,1,1,1,1,1,1,FALSE,FALSE,FALSE,TRUE,FALSE,TRUE
3295,ASV5530,FALSE,FALSE,FALSE,NA,NA,NA,NA,NA,NA,NA,NA,NA,1,1,1,1,1,1,FALSE,FALSE,FALSE,TRUE,FALSE,TRUE
3296,ASV5531,TRUE,FALSE,TRUE,NA,NA,NA,NA,NA,NA,NA,NA,NA,NA,NA,NA,NA,NA,NA,NA,NA,NA,NA,NA,NA
3297,ASV5532,TRUE,FALSE,TRUE,NA,NA,NA,NA,NA,NA,NA,NA,NA,NA,NA,NA,NA,NA,NA,NA,NA,NA,NA,NA,NA
3298,ASV5533,FALSE,FALSE,FALSE,NA,NA,NA,NA,NA,NA,NA,NA,NA,1,1,1,1,1,1,FALSE,FALSE,FALSE,TRUE,TRUE,TRUE
3299,ASV5535,TRUE,FALSE,TRUE,NA,NA,NA,NA,NA,NA,NA,NA,NA,NA,NA,NA,NA,NA,NA,NA,NA,NA,NA,NA,NA
3300,ASV5540,FALSE,TRUE,TRUE,NA,NA,NA,NA,NA,NA,NA,NA,NA,NA,NA,NA,NA,NA,NA,NA,NA,NA,NA,NA,NA
3301,ASV5544,FALSE,TRUE,TRUE,NA,NA,NA,NA,NA,NA,NA,NA,NA,NA,NA,NA,NA,NA,NA,NA,NA,NA,NA,NA,NA
3302,ASV5546,FALSE,TRUE,TRUE,NA,NA,NA,NA,NA,NA,NA,NA,NA,NA,NA,NA,NA,NA,NA,NA,NA,NA,NA,NA,NA
3303,ASV5548,FALSE,TRUE,TRUE,NA,NA,NA,NA,NA,NA,NA,NA,NA,NA,NA,NA,NA,NA,NA,NA,NA,NA,NA,NA,NA
3304,ASV5550,FALSE,TRUE,TRUE,NA,NA,NA,NA,NA,NA,NA,NA,NA,NA,NA,NA,NA,NA,NA,NA,NA,NA,NA,NA,NA
3305,ASV5552,FALSE,TRUE,TRUE,NA,NA,NA,NA,NA,NA,NA,NA,NA,NA,NA,NA,NA,NA,NA,NA,NA,NA,NA,NA,NA
3306,ASV5555,FALSE,FALSE,FALSE,-0.047557196,0.00139082,NA,0.118339137,0.246636924,NA,-0.401872084,0.005639141,NA,1,1,1,1,1,1,FALSE,FALSE,FALSE,TRUE,TRUE,TRUE
3307,ASV5566,TRUE,FALSE,TRUE,NA,NA,NA,NA,NA,NA,NA,NA,NA,NA,NA,NA,NA,NA,NA,NA,NA,NA,NA,NA,NA
3308,ASV5567,TRUE,FALSE,TRUE,NA,NA,NA,NA,NA,NA,NA,NA,NA,NA,NA,NA,NA,NA,NA,NA,NA,NA,NA,NA,NA
3309,ASV5568,TRUE,FALSE,TRUE,NA,NA,NA,NA,NA,NA,NA,NA,NA,NA,NA,NA,NA,NA,NA,NA,NA,NA,NA,NA,NA
3310,ASV5571,FALSE,FALSE,FALSE,NA,NA,NA,NA,NA,NA,NA,NA,NA,1,1,1,1,1,1,FALSE,FALSE,FALSE,TRUE,TRUE,TRUE
3311,ASV5572,TRUE,FALSE,TRUE,NA,NA,NA,NA,NA,NA,NA,NA,NA,NA,NA,NA,NA,NA,NA,NA,NA,NA,NA,NA,NA
3312,ASV5573,FALSE,FALSE,FALSE,NA,NA,NA,NA,NA,NA,NA,NA,NA,1,1,1,1,1,1,FALSE,FALSE,FALSE,TRUE,TRUE,TRUE
3313,ASV5574,TRUE,FALSE,TRUE,NA,NA,NA,NA,NA,NA,NA,NA,NA,NA,NA,NA,NA,NA,NA,NA,NA,NA,NA,NA,NA
3314,ASV5575,FALSE,FALSE,FALSE,NA,NA,NA,NA,NA,NA,NA,NA,NA,1,1,1,1,1,1,FALSE,FALSE,FALSE,TRUE,TRUE,TRUE
3315,ASV5576,FALSE,FALSE,FALSE,-0.181674453,-0.437868858,0.567233675,0.116421708,0.242749335,0.219519985,-156.048.606.404.688,-180.379.014.546.114,258.397.282.068.376,1,1,1,1,1,1,FALSE,FALSE,FALSE,TRUE,TRUE,TRUE
3316,ASV5577,TRUE,FALSE,TRUE,NA,NA,NA,NA,NA,NA,NA,NA,NA,NA,NA,NA,NA,NA,NA,NA,NA,NA,NA,NA,NA
3317,ASV5578,FALSE,FALSE,FALSE,NA,NA,NA,NA,NA,NA,NA,NA,NA,1,1,1,1,1,1,FALSE,FALSE,FALSE,TRUE,FALSE,TRUE
3318,ASV5580,FALSE,FALSE,FALSE,NA,NA,NA,NA,NA,NA,NA,NA,NA,1,1,1,1,1,1,FALSE,FALSE,FALSE,TRUE,TRUE,TRUE
3319,ASV5583,FALSE,FALSE,FALSE,0.420949791,-0.665821679,-0.332166302,0.116043148,0.241981202,0.218750824,362.752.818.304.688,-275.154.298.435,-151.846.880.237.181,0.171243601,0.221919853,0.370746974,1,1,1,FALSE,FALSE,FALSE,TRUE,TRUE,TRUE
3320,ASV5584,FALSE,FALSE,FALSE,NA,NA,NA,NA,NA,NA,NA,NA,NA,1,1,1,1,1,1,FALSE,FALSE,FALSE,TRUE,TRUE,TRUE
3321,ASV5587,FALSE,FALSE,FALSE,NA,NA,NA,NA,NA,NA,NA,NA,NA,1,1,1,1,1,1,FALSE,FALSE,FALSE,TRUE,TRUE,TRUE
3322,ASV5590,TRUE,FALSE,TRUE,NA,NA,NA,NA,NA,NA,NA,NA,NA,NA,NA,NA,NA,NA,NA,NA,NA,NA,NA,NA,NA
3323,ASV5596,TRUE,FALSE,TRUE,NA,NA,NA,NA,NA,NA,NA,NA,NA,NA,NA,NA,NA,NA,NA,NA,NA,NA,NA,NA,NA
3324,ASV5599,TRUE,FALSE,TRUE,NA,NA,NA,NA,NA,NA,NA,NA,NA,NA,NA,NA,NA,NA,NA,NA,NA,NA,NA,NA,NA
3325,ASV5601,FALSE,FALSE,FALSE,-0.037441547,-0.430198179,NA,0.118339137,0.246636924,NA,-0.316391923,-174.425.699.245.508,NA,1,1,1,1,1,1,FALSE,FALSE,FALSE,TRUE,TRUE,TRUE
3326,ASV5603,FALSE,TRUE,TRUE,NA,NA,NA,NA,NA,NA,NA,NA,NA,NA,NA,NA,NA,NA,NA,NA,NA,NA,NA,NA,NA
3327,ASV5605,FALSE,TRUE,TRUE,NA,NA,NA,NA,NA,NA,NA,NA,NA,NA,NA,NA,NA,NA,NA,NA,NA,NA,NA,NA,NA
3328,ASV5606,FALSE,TRUE,TRUE,NA,NA,NA,NA,NA,NA,NA,NA,NA,NA,NA,NA,NA,NA,NA,NA,NA,NA,NA,NA,NA
3329,ASV5608,FALSE,TRUE,TRUE,NA,NA,NA,NA,NA,NA,NA,NA,NA,NA,NA,NA,NA,NA,NA,NA,NA,NA,NA,NA,NA
3330,ASV5610,TRUE,FALSE,TRUE,NA,NA,NA,NA,NA,NA,NA,NA,NA,NA,NA,NA,NA,NA,NA,NA,NA,NA,NA,NA,NA
3331,ASV5618,TRUE,FALSE,TRUE,NA,NA,NA,NA,NA,NA,NA,NA,NA,NA,NA,NA,NA,NA,NA,NA,NA,NA,NA,NA,NA
3332,ASV5619,TRUE,FALSE,TRUE,NA,NA,NA,NA,NA,NA,NA,NA,NA,NA,NA,NA,NA,NA,NA,NA,NA,NA,NA,NA,NA
3333,ASV5622,FALSE,FALSE,FALSE,NA,NA,NA,NA,NA,NA,NA,NA,NA,1,1,1,1,1,1,FALSE,FALSE,FALSE,TRUE,TRUE,TRUE
3334,ASV5623,FALSE,FALSE,FALSE,NA,NA,NA,NA,NA,NA,NA,NA,NA,1,1,1,1,1,1,FALSE,FALSE,FALSE,TRUE,FALSE,TRUE
3335,ASV5625,TRUE,FALSE,TRUE,NA,NA,NA,NA,NA,NA,NA,NA,NA,NA,NA,NA,NA,NA,NA,NA,NA,NA,NA,NA,NA
3336,ASV5626,FALSE,FALSE,FALSE,NA,NA,NA,NA,NA,NA,NA,NA,NA,1,1,1,1,1,1,FALSE,FALSE,FALSE,TRUE,TRUE,TRUE
3337,ASV5627,FALSE,FALSE,FALSE,NA,NA,NA,NA,NA,NA,NA,NA,NA,1,1,1,1,1,1,FALSE,FALSE,FALSE,TRUE,TRUE,TRUE
3338,ASV5628,TRUE,FALSE,TRUE,NA,NA,NA,NA,NA,NA,NA,NA,NA,NA,NA,NA,NA,NA,NA,NA,NA,NA,NA,NA,NA
3339,ASV5629,FALSE,FALSE,FALSE,NA,NA,NA,NA,NA,NA,NA,NA,NA,1,1,1,1,1,1,FALSE,FALSE,FALSE,TRUE,TRUE,TRUE
3340,ASV5630,FALSE,FALSE,FALSE,NA,NA,NA,NA,NA,NA,NA,NA,NA,1,1,1,1,1,1,FALSE,FALSE,FALSE,TRUE,TRUE,TRUE
3341,ASV5631,FALSE,FALSE,FALSE,NA,NA,NA,NA,NA,NA,NA,NA,NA,1,1,1,1,1,1,FALSE,FALSE,FALSE,TRUE,TRUE,TRUE
3342,ASV5632,TRUE,FALSE,TRUE,NA,NA,NA,NA,NA,NA,NA,NA,NA,NA,NA,NA,NA,NA,NA,NA,NA,NA,NA,NA,NA
3343,ASV5638,TRUE,FALSE,TRUE,NA,NA,NA,NA,NA,NA,NA,NA,NA,NA,NA,NA,NA,NA,NA,NA,NA,NA,NA,NA,NA
3344,ASV5644,TRUE,FALSE,TRUE,NA,NA,NA,NA,NA,NA,NA,NA,NA,NA,NA,NA,NA,NA,NA,NA,NA,NA,NA,NA,NA
3345,ASV5647,FALSE,TRUE,TRUE,NA,NA,NA,NA,NA,NA,NA,NA,NA,NA,NA,NA,NA,NA,NA,NA,NA,NA,NA,NA,NA
3346,ASV5648,FALSE,TRUE,TRUE,NA,NA,NA,NA,NA,NA,NA,NA,NA,NA,NA,NA,NA,NA,NA,NA,NA,NA,NA,NA,NA
3347,ASV5649,FALSE,TRUE,TRUE,NA,NA,NA,NA,NA,NA,NA,NA,NA,NA,NA,NA,NA,NA,NA,NA,NA,NA,NA,NA,NA
3348,ASV5655,TRUE,FALSE,TRUE,NA,NA,NA,NA,NA,NA,NA,NA,NA,NA,NA,NA,NA,NA,NA,NA,NA,NA,NA,NA,NA
3349,ASV5656,TRUE,FALSE,TRUE,NA,NA,NA,NA,NA,NA,NA,NA,NA,NA,NA,NA,NA,NA,NA,NA,NA,NA,NA,NA,NA
3350,ASV5657,TRUE,FALSE,TRUE,NA,NA,NA,NA,NA,NA,NA,NA,NA,NA,NA,NA,NA,NA,NA,NA,NA,NA,NA,NA,NA
3351,ASV5662,FALSE,FALSE,FALSE,NA,NA,NA,NA,NA,NA,NA,NA,NA,1,1,1,1,1,1,FALSE,FALSE,FALSE,TRUE,TRUE,TRUE
3352,ASV5666,FALSE,FALSE,FALSE,NA,NA,NA,NA,NA,NA,NA,NA,NA,1,1,1,1,1,1,FALSE,FALSE,FALSE,TRUE,FALSE,TRUE
3353,ASV5667,FALSE,FALSE,FALSE,NA,NA,NA,NA,NA,NA,NA,NA,NA,1,1,1,1,1,1,FALSE,FALSE,FALSE,TRUE,TRUE,TRUE
3354,ASV5668,FALSE,FALSE,FALSE,NA,NA,NA,NA,NA,NA,NA,NA,NA,1,1,1,1,1,1,FALSE,FALSE,FALSE,TRUE,FALSE,TRUE
3355,ASV5669,FALSE,FALSE,FALSE,NA,NA,NA,NA,NA,NA,NA,NA,NA,1,1,1,1,1,1,FALSE,FALSE,FALSE,TRUE,TRUE,TRUE
3356,ASV5670,TRUE,FALSE,TRUE,NA,NA,NA,NA,NA,NA,NA,NA,NA,NA,NA,NA,NA,NA,NA,NA,NA,NA,NA,NA,NA
3357,ASV5672,TRUE,FALSE,TRUE,NA,NA,NA,NA,NA,NA,NA,NA,NA,NA,NA,NA,NA,NA,NA,NA,NA,NA,NA,NA,NA
3358,ASV5673,TRUE,FALSE,TRUE,NA,NA,NA,NA,NA,NA,NA,NA,NA,NA,NA,NA,NA,NA,NA,NA,NA,NA,NA,NA,NA
3359,ASV5674,FALSE,FALSE,FALSE,NA,NA,NA,NA,NA,NA,NA,NA,NA,1,1,1,1,1,1,FALSE,FALSE,FALSE,TRUE,TRUE,TRUE
3360,ASV5675,FALSE,FALSE,FALSE,NA,NA,NA,NA,NA,NA,NA,NA,NA,1,1,1,1,1,1,FALSE,FALSE,FALSE,TRUE,TRUE,TRUE
3361,ASV5676,FALSE,TRUE,TRUE,NA,NA,NA,NA,NA,NA,NA,NA,NA,NA,NA,NA,NA,NA,NA,NA,NA,NA,NA,NA,NA
3362,ASV5680,TRUE,FALSE,TRUE,NA,NA,NA,NA,NA,NA,NA,NA,NA,NA,NA,NA,NA,NA,NA,NA,NA,NA,NA,NA,NA
3363,ASV5684,FALSE,FALSE,FALSE,-0.223526984,0.022266156,NA,0.118339137,0.246636924,NA,-188.886.779.305.492,0.090279087,NA,1,1,1,1,1,1,FALSE,FALSE,FALSE,TRUE,TRUE,TRUE
3364,ASV5697,TRUE,FALSE,TRUE,NA,NA,NA,NA,NA,NA,NA,NA,NA,NA,NA,NA,NA,NA,NA,NA,NA,NA,NA,NA,NA
3365,ASV5698,TRUE,FALSE,TRUE,NA,NA,NA,NA,NA,NA,NA,NA,NA,NA,NA,NA,NA,NA,NA,NA,NA,NA,NA,NA,NA
3366,ASV5702,TRUE,FALSE,TRUE,NA,NA,NA,NA,NA,NA,NA,NA,NA,NA,NA,NA,NA,NA,NA,NA,NA,NA,NA,NA,NA
3367,ASV5703,TRUE,FALSE,TRUE,NA,NA,NA,NA,NA,NA,NA,NA,NA,NA,NA,NA,NA,NA,NA,NA,NA,NA,NA,NA,NA
3368,ASV5704,TRUE,FALSE,TRUE,NA,NA,NA,NA,NA,NA,NA,NA,NA,NA,NA,NA,NA,NA,NA,NA,NA,NA,NA,NA,NA
3369,ASV5705,FALSE,FALSE,FALSE,NA,NA,NA,NA,NA,NA,NA,NA,NA,1,1,1,1,1,1,FALSE,FALSE,FALSE,TRUE,TRUE,TRUE
3370,ASV5712,TRUE,FALSE,TRUE,NA,NA,NA,NA,NA,NA,NA,NA,NA,NA,NA,NA,NA,NA,NA,NA,NA,NA,NA,NA,NA
3371,ASV5720,TRUE,FALSE,TRUE,NA,NA,NA,NA,NA,NA,NA,NA,NA,NA,NA,NA,NA,NA,NA,NA,NA,NA,NA,NA,NA
3372,ASV5721,FALSE,FALSE,FALSE,NA,NA,NA,NA,NA,NA,NA,NA,NA,1,1,1,1,1,1,FALSE,FALSE,FALSE,TRUE,TRUE,TRUE
3373,ASV5723,FALSE,TRUE,TRUE,NA,NA,NA,NA,NA,NA,NA,NA,NA,NA,NA,NA,NA,NA,NA,NA,NA,NA,NA,NA,NA
3374,ASV5724,FALSE,TRUE,TRUE,NA,NA,NA,NA,NA,NA,NA,NA,NA,NA,NA,NA,NA,NA,NA,NA,NA,NA,NA,NA,NA
3375,ASV5734,TRUE,FALSE,TRUE,NA,NA,NA,NA,NA,NA,NA,NA,NA,NA,NA,NA,NA,NA,NA,NA,NA,NA,NA,NA,NA
3376,ASV5735,TRUE,FALSE,TRUE,NA,NA,NA,NA,NA,NA,NA,NA,NA,NA,NA,NA,NA,NA,NA,NA,NA,NA,NA,NA,NA
3377,ASV5736,FALSE,TRUE,TRUE,NA,NA,NA,NA,NA,NA,NA,NA,NA,NA,NA,NA,NA,NA,NA,NA,NA,NA,NA,NA,NA
3378,ASV5739,TRUE,FALSE,TRUE,NA,NA,NA,NA,NA,NA,NA,NA,NA,NA,NA,NA,NA,NA,NA,NA,NA,NA,NA,NA,NA
3379,ASV5740,TRUE,FALSE,TRUE,NA,NA,NA,NA,NA,NA,NA,NA,NA,NA,NA,NA,NA,NA,NA,NA,NA,NA,NA,NA,NA
3380,ASV5741,TRUE,FALSE,TRUE,NA,NA,NA,NA,NA,NA,NA,NA,NA,NA,NA,NA,NA,NA,NA,NA,NA,NA,NA,NA,NA
3381,ASV5743,FALSE,FALSE,FALSE,NA,NA,NA,NA,NA,NA,NA,NA,NA,1,1,1,1,1,1,FALSE,FALSE,FALSE,TRUE,TRUE,TRUE
3382,ASV5744,TRUE,FALSE,TRUE,NA,NA,NA,NA,NA,NA,NA,NA,NA,NA,NA,NA,NA,NA,NA,NA,NA,NA,NA,NA,NA
3383,ASV5749,TRUE,FALSE,TRUE,NA,NA,NA,NA,NA,NA,NA,NA,NA,NA,NA,NA,NA,NA,NA,NA,NA,NA,NA,NA,NA
3384,ASV5752,FALSE,FALSE,FALSE,NA,NA,NA,NA,NA,NA,NA,NA,NA,1,1,1,1,1,1,FALSE,FALSE,FALSE,TRUE,TRUE,TRUE
3385,ASV5756,FALSE,TRUE,TRUE,NA,NA,NA,NA,NA,NA,NA,NA,NA,NA,NA,NA,NA,NA,NA,NA,NA,NA,NA,NA,NA
3386,ASV5757,FALSE,TRUE,TRUE,NA,NA,NA,NA,NA,NA,NA,NA,NA,NA,NA,NA,NA,NA,NA,NA,NA,NA,NA,NA,NA
3387,ASV5758,FALSE,TRUE,TRUE,NA,NA,NA,NA,NA,NA,NA,NA,NA,NA,NA,NA,NA,NA,NA,NA,NA,NA,NA,NA,NA
3388,ASV5759,FALSE,TRUE,TRUE,NA,NA,NA,NA,NA,NA,NA,NA,NA,NA,NA,NA,NA,NA,NA,NA,NA,NA,NA,NA,NA
3389,ASV5768,TRUE,FALSE,TRUE,NA,NA,NA,NA,NA,NA,NA,NA,NA,NA,NA,NA,NA,NA,NA,NA,NA,NA,NA,NA,NA
3390,ASV5769,TRUE,FALSE,TRUE,NA,NA,NA,NA,NA,NA,NA,NA,NA,NA,NA,NA,NA,NA,NA,NA,NA,NA,NA,NA,NA
3391,ASV5770,TRUE,FALSE,TRUE,NA,NA,NA,NA,NA,NA,NA,NA,NA,NA,NA,NA,NA,NA,NA,NA,NA,NA,NA,NA,NA
3392,ASV5771,TRUE,FALSE,TRUE,NA,NA,NA,NA,NA,NA,NA,NA,NA,NA,NA,NA,NA,NA,NA,NA,NA,NA,NA,NA,NA
3393,ASV5772,FALSE,TRUE,TRUE,NA,NA,NA,NA,NA,NA,NA,NA,NA,NA,NA,NA,NA,NA,NA,NA,NA,NA,NA,NA,NA
3394,ASV5775,TRUE,FALSE,TRUE,NA,NA,NA,NA,NA,NA,NA,NA,NA,NA,NA,NA,NA,NA,NA,NA,NA,NA,NA,NA,NA
3395,ASV5776,TRUE,FALSE,TRUE,NA,NA,NA,NA,NA,NA,NA,NA,NA,NA,NA,NA,NA,NA,NA,NA,NA,NA,NA,NA,NA
3396,ASV5777,FALSE,FALSE,FALSE,NA,NA,NA,NA,NA,NA,NA,NA,NA,1,1,1,1,1,1,FALSE,FALSE,FALSE,TRUE,TRUE,TRUE
3397,ASV5778,FALSE,FALSE,FALSE,NA,NA,NA,NA,NA,NA,NA,NA,NA,1,1,1,1,1,1,FALSE,FALSE,FALSE,TRUE,TRUE,TRUE
3398,ASV5779,FALSE,FALSE,FALSE,NA,NA,NA,NA,NA,NA,NA,NA,NA,1,1,1,1,1,1,FALSE,FALSE,FALSE,TRUE,FALSE,TRUE
3399,ASV5781,TRUE,FALSE,TRUE,NA,NA,NA,NA,NA,NA,NA,NA,NA,NA,NA,NA,NA,NA,NA,NA,NA,NA,NA,NA,NA
3400,ASV5783,FALSE,FALSE,FALSE,NA,NA,NA,NA,NA,NA,NA,NA,NA,1,1,1,1,1,1,FALSE,FALSE,FALSE,TRUE,TRUE,TRUE
3401,ASV5785,TRUE,FALSE,TRUE,NA,NA,NA,NA,NA,NA,NA,NA,NA,NA,NA,NA,NA,NA,NA,NA,NA,NA,NA,NA,NA
3402,ASV5789,FALSE,TRUE,TRUE,NA,NA,NA,NA,NA,NA,NA,NA,NA,NA,NA,NA,NA,NA,NA,NA,NA,NA,NA,NA,NA
3403,ASV5792,TRUE,FALSE,TRUE,NA,NA,NA,NA,NA,NA,NA,NA,NA,NA,NA,NA,NA,NA,NA,NA,NA,NA,NA,NA,NA
3404,ASV5798,TRUE,FALSE,TRUE,NA,NA,NA,NA,NA,NA,NA,NA,NA,NA,NA,NA,NA,NA,NA,NA,NA,NA,NA,NA,NA
3405,ASV5804,FALSE,TRUE,TRUE,NA,NA,NA,NA,NA,NA,NA,NA,NA,NA,NA,NA,NA,NA,NA,NA,NA,NA,NA,NA,NA
3406,ASV5805,FALSE,TRUE,TRUE,NA,NA,NA,NA,NA,NA,NA,NA,NA,NA,NA,NA,NA,NA,NA,NA,NA,NA,NA,NA,NA
3407,ASV5806,FALSE,TRUE,TRUE,NA,NA,NA,NA,NA,NA,NA,NA,NA,NA,NA,NA,NA,NA,NA,NA,NA,NA,NA,NA,NA
3408,ASV5808,FALSE,TRUE,TRUE,NA,NA,NA,NA,NA,NA,NA,NA,NA,NA,NA,NA,NA,NA,NA,NA,NA,NA,NA,NA,NA
3409,ASV5812,TRUE,FALSE,TRUE,NA,NA,NA,NA,NA,NA,NA,NA,NA,NA,NA,NA,NA,NA,NA,NA,NA,NA,NA,NA,NA
3410,ASV5819,TRUE,FALSE,TRUE,NA,NA,NA,NA,NA,NA,NA,NA,NA,NA,NA,NA,NA,NA,NA,NA,NA,NA,NA,NA,NA
3411,ASV5827,TRUE,FALSE,TRUE,NA,NA,NA,NA,NA,NA,NA,NA,NA,NA,NA,NA,NA,NA,NA,NA,NA,NA,NA,NA,NA
3412,ASV5828,TRUE,FALSE,TRUE,NA,NA,NA,NA,NA,NA,NA,NA,NA,NA,NA,NA,NA,NA,NA,NA,NA,NA,NA,NA,NA
3413,ASV5829,FALSE,FALSE,FALSE,NA,NA,NA,NA,NA,NA,NA,NA,NA,1,1,1,1,1,1,FALSE,FALSE,FALSE,TRUE,TRUE,TRUE
3414,ASV5831,TRUE,FALSE,TRUE,NA,NA,NA,NA,NA,NA,NA,NA,NA,NA,NA,NA,NA,NA,NA,NA,NA,NA,NA,NA,NA
3415,ASV5833,TRUE,FALSE,TRUE,NA,NA,NA,NA,NA,NA,NA,NA,NA,NA,NA,NA,NA,NA,NA,NA,NA,NA,NA,NA,NA
3416,ASV5845,FALSE,TRUE,TRUE,NA,NA,NA,NA,NA,NA,NA,NA,NA,NA,NA,NA,NA,NA,NA,NA,NA,NA,NA,NA,NA
3417,ASV5849,FALSE,TRUE,TRUE,NA,NA,NA,NA,NA,NA,NA,NA,NA,NA,NA,NA,NA,NA,NA,NA,NA,NA,NA,NA,NA
3418,ASV5851,FALSE,TRUE,TRUE,NA,NA,NA,NA,NA,NA,NA,NA,NA,NA,NA,NA,NA,NA,NA,NA,NA,NA,NA,NA,NA
3419,ASV5852,FALSE,TRUE,TRUE,NA,NA,NA,NA,NA,NA,NA,NA,NA,NA,NA,NA,NA,NA,NA,NA,NA,NA,NA,NA,NA
3420,ASV5853,TRUE,FALSE,TRUE,NA,NA,NA,NA,NA,NA,NA,NA,NA,NA,NA,NA,NA,NA,NA,NA,NA,NA,NA,NA,NA
3421,ASV5863,FALSE,TRUE,TRUE,NA,NA,NA,NA,NA,NA,NA,NA,NA,NA,NA,NA,NA,NA,NA,NA,NA,NA,NA,NA,NA
3422,ASV5866,FALSE,FALSE,FALSE,NA,NA,NA,NA,NA,NA,NA,NA,NA,1,1,1,1,1,1,FALSE,FALSE,FALSE,TRUE,TRUE,TRUE
3423,ASV5867,FALSE,FALSE,FALSE,NA,NA,NA,NA,NA,NA,NA,NA,NA,1,1,1,1,1,1,FALSE,FALSE,FALSE,TRUE,TRUE,TRUE
3424,ASV5868,FALSE,FALSE,FALSE,NA,NA,NA,NA,NA,NA,NA,NA,NA,1,1,1,1,1,1,FALSE,FALSE,FALSE,TRUE,FALSE,TRUE
3425,ASV5869,FALSE,FALSE,FALSE,NA,NA,NA,NA,NA,NA,NA,NA,NA,1,1,1,1,1,1,FALSE,FALSE,FALSE,TRUE,FALSE,TRUE
3426,ASV5870,TRUE,FALSE,TRUE,NA,NA,NA,NA,NA,NA,NA,NA,NA,NA,NA,NA,NA,NA,NA,NA,NA,NA,NA,NA,NA
3427,ASV5871,TRUE,FALSE,TRUE,NA,NA,NA,NA,NA,NA,NA,NA,NA,NA,NA,NA,NA,NA,NA,NA,NA,NA,NA,NA,NA
3428,ASV5873,TRUE,FALSE,TRUE,NA,NA,NA,NA,NA,NA,NA,NA,NA,NA,NA,NA,NA,NA,NA,NA,NA,NA,NA,NA,NA
3429,ASV5874,FALSE,FALSE,FALSE,NA,NA,NA,NA,NA,NA,NA,NA,NA,1,1,1,1,1,1,FALSE,FALSE,FALSE,TRUE,TRUE,TRUE
3430,ASV5875,FALSE,FALSE,FALSE,NA,NA,NA,NA,NA,NA,NA,NA,NA,1,1,1,1,1,1,FALSE,FALSE,FALSE,TRUE,TRUE,TRUE
3431,ASV5876,TRUE,FALSE,TRUE,NA,NA,NA,NA,NA,NA,NA,NA,NA,NA,NA,NA,NA,NA,NA,NA,NA,NA,NA,NA,NA
3432,ASV5877,TRUE,FALSE,TRUE,NA,NA,NA,NA,NA,NA,NA,NA,NA,NA,NA,NA,NA,NA,NA,NA,NA,NA,NA,NA,NA
3433,ASV5884,FALSE,TRUE,TRUE,NA,NA,NA,NA,NA,NA,NA,NA,NA,NA,NA,NA,NA,NA,NA,NA,NA,NA,NA,NA,NA
3434,ASV5885,TRUE,FALSE,TRUE,NA,NA,NA,NA,NA,NA,NA,NA,NA,NA,NA,NA,NA,NA,NA,NA,NA,NA,NA,NA,NA
3435,ASV5889,FALSE,FALSE,FALSE,NA,NA,NA,NA,NA,NA,NA,NA,NA,1,1,1,1,1,1,FALSE,FALSE,FALSE,TRUE,TRUE,TRUE
3436,ASV5894,FALSE,TRUE,TRUE,NA,NA,NA,NA,NA,NA,NA,NA,NA,NA,NA,NA,NA,NA,NA,NA,NA,NA,NA,NA,NA
3437,ASV5895,FALSE,TRUE,TRUE,NA,NA,NA,NA,NA,NA,NA,NA,NA,NA,NA,NA,NA,NA,NA,NA,NA,NA,NA,NA,NA
3438,ASV5899,FALSE,TRUE,TRUE,NA,NA,NA,NA,NA,NA,NA,NA,NA,NA,NA,NA,NA,NA,NA,NA,NA,NA,NA,NA,NA
3439,ASV5900,FALSE,TRUE,TRUE,NA,NA,NA,NA,NA,NA,NA,NA,NA,NA,NA,NA,NA,NA,NA,NA,NA,NA,NA,NA,NA
3440,ASV5901,FALSE,TRUE,TRUE,NA,NA,NA,NA,NA,NA,NA,NA,NA,NA,NA,NA,NA,NA,NA,NA,NA,NA,NA,NA,NA
3441,ASV5902,FALSE,TRUE,TRUE,NA,NA,NA,NA,NA,NA,NA,NA,NA,NA,NA,NA,NA,NA,NA,NA,NA,NA,NA,NA,NA
3442,ASV5904,FALSE,TRUE,TRUE,NA,NA,NA,NA,NA,NA,NA,NA,NA,NA,NA,NA,NA,NA,NA,NA,NA,NA,NA,NA,NA
3443,ASV5906,TRUE,FALSE,TRUE,NA,NA,NA,NA,NA,NA,NA,NA,NA,NA,NA,NA,NA,NA,NA,NA,NA,NA,NA,NA,NA
3444,ASV5907,TRUE,FALSE,TRUE,NA,NA,NA,NA,NA,NA,NA,NA,NA,NA,NA,NA,NA,NA,NA,NA,NA,NA,NA,NA,NA
3445,ASV5911,TRUE,FALSE,TRUE,NA,NA,NA,NA,NA,NA,NA,NA,NA,NA,NA,NA,NA,NA,NA,NA,NA,NA,NA,NA,NA
3446,ASV5912,TRUE,FALSE,TRUE,NA,NA,NA,NA,NA,NA,NA,NA,NA,NA,NA,NA,NA,NA,NA,NA,NA,NA,NA,NA,NA
3447,ASV5916,TRUE,FALSE,TRUE,NA,NA,NA,NA,NA,NA,NA,NA,NA,NA,NA,NA,NA,NA,NA,NA,NA,NA,NA,NA,NA
3448,ASV5917,TRUE,FALSE,TRUE,NA,NA,NA,NA,NA,NA,NA,NA,NA,NA,NA,NA,NA,NA,NA,NA,NA,NA,NA,NA,NA
3449,ASV5918,FALSE,FALSE,FALSE,NA,NA,NA,NA,NA,NA,NA,NA,NA,1,1,1,1,1,1,FALSE,FALSE,FALSE,TRUE,TRUE,TRUE
3450,ASV5919,FALSE,FALSE,FALSE,NA,NA,NA,NA,NA,NA,NA,NA,NA,1,1,1,1,1,1,FALSE,FALSE,FALSE,TRUE,TRUE,TRUE
3451,ASV5920,TRUE,FALSE,TRUE,NA,NA,NA,NA,NA,NA,NA,NA,NA,NA,NA,NA,NA,NA,NA,NA,NA,NA,NA,NA,NA
3452,ASV5921,FALSE,FALSE,FALSE,NA,NA,NA,NA,NA,NA,NA,NA,NA,1,1,1,1,1,1,FALSE,FALSE,FALSE,TRUE,FALSE,TRUE
3453,ASV5922,TRUE,FALSE,TRUE,NA,NA,NA,NA,NA,NA,NA,NA,NA,NA,NA,NA,NA,NA,NA,NA,NA,NA,NA,NA,NA
3454,ASV5924,TRUE,FALSE,TRUE,NA,NA,NA,NA,NA,NA,NA,NA,NA,NA,NA,NA,NA,NA,NA,NA,NA,NA,NA,NA,NA
3455,ASV5926,FALSE,FALSE,FALSE,NA,NA,NA,NA,NA,NA,NA,NA,NA,1,1,1,1,1,1,FALSE,FALSE,FALSE,TRUE,TRUE,TRUE
3456,ASV5928,FALSE,TRUE,TRUE,NA,NA,NA,NA,NA,NA,NA,NA,NA,NA,NA,NA,NA,NA,NA,NA,NA,NA,NA,NA,NA
3457,ASV5937,FALSE,TRUE,TRUE,NA,NA,NA,NA,NA,NA,NA,NA,NA,NA,NA,NA,NA,NA,NA,NA,NA,NA,NA,NA,NA
3458,ASV5938,TRUE,FALSE,TRUE,NA,NA,NA,NA,NA,NA,NA,NA,NA,NA,NA,NA,NA,NA,NA,NA,NA,NA,NA,NA,NA
3459,ASV5941,FALSE,TRUE,TRUE,NA,NA,NA,NA,NA,NA,NA,NA,NA,NA,NA,NA,NA,NA,NA,NA,NA,NA,NA,NA,NA
3460,ASV5945,FALSE,TRUE,TRUE,NA,NA,NA,NA,NA,NA,NA,NA,NA,NA,NA,NA,NA,NA,NA,NA,NA,NA,NA,NA,NA
3461,ASV5952,TRUE,FALSE,TRUE,NA,NA,NA,NA,NA,NA,NA,NA,NA,NA,NA,NA,NA,NA,NA,NA,NA,NA,NA,NA,NA
3462,ASV5954,TRUE,FALSE,TRUE,NA,NA,NA,NA,NA,NA,NA,NA,NA,NA,NA,NA,NA,NA,NA,NA,NA,NA,NA,NA,NA
3463,ASV5955,FALSE,TRUE,TRUE,NA,NA,NA,NA,NA,NA,NA,NA,NA,NA,NA,NA,NA,NA,NA,NA,NA,NA,NA,NA,NA
3464,ASV5961,FALSE,FALSE,FALSE,NA,NA,NA,NA,NA,NA,NA,NA,NA,1,1,1,1,1,1,FALSE,FALSE,FALSE,TRUE,FALSE,TRUE
3465,ASV5962,FALSE,FALSE,FALSE,NA,NA,NA,NA,NA,NA,NA,NA,NA,1,1,1,1,1,1,FALSE,FALSE,FALSE,TRUE,TRUE,TRUE
3466,ASV5963,TRUE,FALSE,TRUE,NA,NA,NA,NA,NA,NA,NA,NA,NA,NA,NA,NA,NA,NA,NA,NA,NA,NA,NA,NA,NA
3467,ASV5964,TRUE,FALSE,TRUE,NA,NA,NA,NA,NA,NA,NA,NA,NA,NA,NA,NA,NA,NA,NA,NA,NA,NA,NA,NA,NA
3468,ASV5965,TRUE,FALSE,TRUE,NA,NA,NA,NA,NA,NA,NA,NA,NA,NA,NA,NA,NA,NA,NA,NA,NA,NA,NA,NA,NA
3469,ASV5966,TRUE,FALSE,TRUE,NA,NA,NA,NA,NA,NA,NA,NA,NA,NA,NA,NA,NA,NA,NA,NA,NA,NA,NA,NA,NA
3470,ASV5967,TRUE,FALSE,TRUE,NA,NA,NA,NA,NA,NA,NA,NA,NA,NA,NA,NA,NA,NA,NA,NA,NA,NA,NA,NA,NA
3471,ASV5970,TRUE,FALSE,TRUE,NA,NA,NA,NA,NA,NA,NA,NA,NA,NA,NA,NA,NA,NA,NA,NA,NA,NA,NA,NA,NA
3472,ASV5971,FALSE,FALSE,FALSE,NA,NA,NA,NA,NA,NA,NA,NA,NA,1,1,1,1,1,1,FALSE,FALSE,FALSE,TRUE,FALSE,TRUE
3473,ASV5972,TRUE,FALSE,TRUE,NA,NA,NA,NA,NA,NA,NA,NA,NA,NA,NA,NA,NA,NA,NA,NA,NA,NA,NA,NA,NA
3474,ASV5973,TRUE,FALSE,TRUE,NA,NA,NA,NA,NA,NA,NA,NA,NA,NA,NA,NA,NA,NA,NA,NA,NA,NA,NA,NA,NA
3475,ASV5986,FALSE,TRUE,TRUE,NA,NA,NA,NA,NA,NA,NA,NA,NA,NA,NA,NA,NA,NA,NA,NA,NA,NA,NA,NA,NA
3476,ASV5987,TRUE,FALSE,TRUE,NA,NA,NA,NA,NA,NA,NA,NA,NA,NA,NA,NA,NA,NA,NA,NA,NA,NA,NA,NA,NA
3477,ASV5988,FALSE,TRUE,TRUE,NA,NA,NA,NA,NA,NA,NA,NA,NA,NA,NA,NA,NA,NA,NA,NA,NA,NA,NA,NA,NA
3478,ASV5989,FALSE,TRUE,TRUE,NA,NA,NA,NA,NA,NA,NA,NA,NA,NA,NA,NA,NA,NA,NA,NA,NA,NA,NA,NA,NA
3479,ASV5990,FALSE,TRUE,TRUE,NA,NA,NA,NA,NA,NA,NA,NA,NA,NA,NA,NA,NA,NA,NA,NA,NA,NA,NA,NA,NA
3480,ASV5991,FALSE,TRUE,TRUE,NA,NA,NA,NA,NA,NA,NA,NA,NA,NA,NA,NA,NA,NA,NA,NA,NA,NA,NA,NA,NA
3481,ASV5992,FALSE,TRUE,TRUE,NA,NA,NA,NA,NA,NA,NA,NA,NA,NA,NA,NA,NA,NA,NA,NA,NA,NA,NA,NA,NA
3482,ASV5993,FALSE,TRUE,TRUE,NA,NA,NA,NA,NA,NA,NA,NA,NA,NA,NA,NA,NA,NA,NA,NA,NA,NA,NA,NA,NA
3483,ASV5996,TRUE,FALSE,TRUE,NA,NA,NA,NA,NA,NA,NA,NA,NA,NA,NA,NA,NA,NA,NA,NA,NA,NA,NA,NA,NA
3484,ASV6002,TRUE,FALSE,TRUE,NA,NA,NA,NA,NA,NA,NA,NA,NA,NA,NA,NA,NA,NA,NA,NA,NA,NA,NA,NA,NA
3485,ASV6005,TRUE,FALSE,TRUE,NA,NA,NA,NA,NA,NA,NA,NA,NA,NA,NA,NA,NA,NA,NA,NA,NA,NA,NA,NA,NA
3486,ASV6006,TRUE,FALSE,TRUE,NA,NA,NA,NA,NA,NA,NA,NA,NA,NA,NA,NA,NA,NA,NA,NA,NA,NA,NA,NA,NA
3487,ASV6007,FALSE,TRUE,TRUE,NA,NA,NA,NA,NA,NA,NA,NA,NA,NA,NA,NA,NA,NA,NA,NA,NA,NA,NA,NA,NA
3488,ASV6008,FALSE,TRUE,TRUE,NA,NA,NA,NA,NA,NA,NA,NA,NA,NA,NA,NA,NA,NA,NA,NA,NA,NA,NA,NA,NA
3489,ASV6011,TRUE,FALSE,TRUE,NA,NA,NA,NA,NA,NA,NA,NA,NA,NA,NA,NA,NA,NA,NA,NA,NA,NA,NA,NA,NA
3490,ASV6012,TRUE,FALSE,TRUE,NA,NA,NA,NA,NA,NA,NA,NA,NA,NA,NA,NA,NA,NA,NA,NA,NA,NA,NA,NA,NA
3491,ASV6013,FALSE,FALSE,FALSE,NA,NA,NA,NA,NA,NA,NA,NA,NA,1,1,1,1,1,1,FALSE,FALSE,FALSE,TRUE,TRUE,TRUE
3492,ASV6014,FALSE,FALSE,FALSE,NA,NA,NA,NA,NA,NA,NA,NA,NA,1,1,1,1,1,1,FALSE,FALSE,FALSE,TRUE,FALSE,TRUE
3493,ASV6016,FALSE,FALSE,FALSE,NA,NA,NA,NA,NA,NA,NA,NA,NA,1,1,1,1,1,1,FALSE,FALSE,FALSE,TRUE,TRUE,TRUE
3494,ASV6017,FALSE,FALSE,FALSE,NA,NA,NA,NA,NA,NA,NA,NA,NA,1,1,1,1,1,1,FALSE,FALSE,FALSE,TRUE,TRUE,TRUE
3495,ASV6018,FALSE,FALSE,FALSE,NA,NA,NA,NA,NA,NA,NA,NA,NA,1,1,1,1,1,1,FALSE,FALSE,FALSE,TRUE,TRUE,TRUE
3496,ASV6019,TRUE,FALSE,TRUE,NA,NA,NA,NA,NA,NA,NA,NA,NA,NA,NA,NA,NA,NA,NA,NA,NA,NA,NA,NA,NA
3497,ASV6020,FALSE,FALSE,FALSE,NA,NA,NA,NA,NA,NA,NA,NA,NA,1,1,1,1,1,1,FALSE,FALSE,FALSE,TRUE,FALSE,TRUE
3498,ASV6021,FALSE,FALSE,FALSE,NA,NA,NA,NA,NA,NA,NA,NA,NA,1,1,1,1,1,1,FALSE,FALSE,FALSE,TRUE,TRUE,TRUE
3499,ASV6022,TRUE,FALSE,TRUE,NA,NA,NA,NA,NA,NA,NA,NA,NA,NA,NA,NA,NA,NA,NA,NA,NA,NA,NA,NA,NA
3500,ASV6024,TRUE,FALSE,TRUE,NA,NA,NA,NA,NA,NA,NA,NA,NA,NA,NA,NA,NA,NA,NA,NA,NA,NA,NA,NA,NA
3501,ASV6025,FALSE,FALSE,FALSE,NA,NA,NA,NA,NA,NA,NA,NA,NA,1,1,1,1,1,1,FALSE,FALSE,FALSE,TRUE,TRUE,TRUE
3502,ASV6031,TRUE,FALSE,TRUE,NA,NA,NA,NA,NA,NA,NA,NA,NA,NA,NA,NA,NA,NA,NA,NA,NA,NA,NA,NA,NA
3503,ASV6038,TRUE,FALSE,TRUE,NA,NA,NA,NA,NA,NA,NA,NA,NA,NA,NA,NA,NA,NA,NA,NA,NA,NA,NA,NA,NA
3504,ASV6041,FALSE,TRUE,TRUE,NA,NA,NA,NA,NA,NA,NA,NA,NA,NA,NA,NA,NA,NA,NA,NA,NA,NA,NA,NA,NA
3505,ASV6043,FALSE,TRUE,TRUE,NA,NA,NA,NA,NA,NA,NA,NA,NA,NA,NA,NA,NA,NA,NA,NA,NA,NA,NA,NA,NA
3506,ASV6051,TRUE,FALSE,TRUE,NA,NA,NA,NA,NA,NA,NA,NA,NA,NA,NA,NA,NA,NA,NA,NA,NA,NA,NA,NA,NA
3507,ASV6055,TRUE,FALSE,TRUE,NA,NA,NA,NA,NA,NA,NA,NA,NA,NA,NA,NA,NA,NA,NA,NA,NA,NA,NA,NA,NA
3508,ASV6056,TRUE,FALSE,TRUE,NA,NA,NA,NA,NA,NA,NA,NA,NA,NA,NA,NA,NA,NA,NA,NA,NA,NA,NA,NA,NA
3509,ASV6065,FALSE,FALSE,FALSE,NA,NA,NA,NA,NA,NA,NA,NA,NA,1,1,1,1,1,1,FALSE,FALSE,FALSE,TRUE,TRUE,TRUE
3510,ASV6066,FALSE,FALSE,FALSE,NA,NA,NA,NA,NA,NA,NA,NA,NA,1,1,1,1,1,1,FALSE,FALSE,FALSE,TRUE,FALSE,TRUE
3511,ASV6067,TRUE,FALSE,TRUE,NA,NA,NA,NA,NA,NA,NA,NA,NA,NA,NA,NA,NA,NA,NA,NA,NA,NA,NA,NA,NA
3512,ASV6068,TRUE,FALSE,TRUE,NA,NA,NA,NA,NA,NA,NA,NA,NA,NA,NA,NA,NA,NA,NA,NA,NA,NA,NA,NA,NA
3513,ASV6069,FALSE,FALSE,FALSE,NA,NA,NA,NA,NA,NA,NA,NA,NA,1,1,1,1,1,1,FALSE,FALSE,FALSE,TRUE,FALSE,TRUE
3514,ASV6070,FALSE,FALSE,FALSE,NA,NA,NA,NA,NA,NA,NA,NA,NA,1,1,1,1,1,1,FALSE,FALSE,FALSE,TRUE,FALSE,TRUE
3515,ASV6071,FALSE,FALSE,FALSE,NA,NA,NA,NA,NA,NA,NA,NA,NA,1,1,1,1,1,1,FALSE,FALSE,FALSE,TRUE,FALSE,TRUE
3516,ASV6072,TRUE,FALSE,TRUE,NA,NA,NA,NA,NA,NA,NA,NA,NA,NA,NA,NA,NA,NA,NA,NA,NA,NA,NA,NA,NA
3517,ASV6073,FALSE,FALSE,FALSE,NA,NA,NA,NA,NA,NA,NA,NA,NA,1,1,1,1,1,1,FALSE,FALSE,FALSE,TRUE,TRUE,TRUE
3518,ASV6083,FALSE,TRUE,TRUE,NA,NA,NA,NA,NA,NA,NA,NA,NA,NA,NA,NA,NA,NA,NA,NA,NA,NA,NA,NA,NA
3519,ASV6086,FALSE,TRUE,TRUE,NA,NA,NA,NA,NA,NA,NA,NA,NA,NA,NA,NA,NA,NA,NA,NA,NA,NA,NA,NA,NA
3520,ASV6087,FALSE,TRUE,TRUE,NA,NA,NA,NA,NA,NA,NA,NA,NA,NA,NA,NA,NA,NA,NA,NA,NA,NA,NA,NA,NA
3521,ASV6096,FALSE,TRUE,TRUE,NA,NA,NA,NA,NA,NA,NA,NA,NA,NA,NA,NA,NA,NA,NA,NA,NA,NA,NA,NA,NA
3522,ASV6097,TRUE,FALSE,TRUE,NA,NA,NA,NA,NA,NA,NA,NA,NA,NA,NA,NA,NA,NA,NA,NA,NA,NA,NA,NA,NA
3523,ASV6098,FALSE,FALSE,FALSE,NA,NA,NA,NA,NA,NA,NA,NA,NA,1,1,1,1,1,1,FALSE,FALSE,FALSE,TRUE,TRUE,TRUE
3524,ASV6099,TRUE,FALSE,TRUE,NA,NA,NA,NA,NA,NA,NA,NA,NA,NA,NA,NA,NA,NA,NA,NA,NA,NA,NA,NA,NA
3525,ASV6101,FALSE,TRUE,TRUE,NA,NA,NA,NA,NA,NA,NA,NA,NA,NA,NA,NA,NA,NA,NA,NA,NA,NA,NA,NA,NA
3526,ASV6102,FALSE,TRUE,TRUE,NA,NA,NA,NA,NA,NA,NA,NA,NA,NA,NA,NA,NA,NA,NA,NA,NA,NA,NA,NA,NA
3527,ASV6107,FALSE,FALSE,FALSE,NA,NA,NA,NA,NA,NA,NA,NA,NA,1,1,1,1,1,1,FALSE,FALSE,FALSE,TRUE,TRUE,TRUE
3528,ASV6108,FALSE,FALSE,FALSE,NA,NA,NA,NA,NA,NA,NA,NA,NA,1,1,1,1,1,1,FALSE,FALSE,FALSE,TRUE,TRUE,TRUE
3529,ASV6110,TRUE,FALSE,TRUE,NA,NA,NA,NA,NA,NA,NA,NA,NA,NA,NA,NA,NA,NA,NA,NA,NA,NA,NA,NA,NA
3530,ASV6111,FALSE,FALSE,FALSE,NA,NA,NA,NA,NA,NA,NA,NA,NA,1,1,1,1,1,1,FALSE,FALSE,FALSE,TRUE,TRUE,TRUE
3531,ASV6113,TRUE,FALSE,TRUE,NA,NA,NA,NA,NA,NA,NA,NA,NA,NA,NA,NA,NA,NA,NA,NA,NA,NA,NA,NA,NA
3532,ASV6114,TRUE,FALSE,TRUE,NA,NA,NA,NA,NA,NA,NA,NA,NA,NA,NA,NA,NA,NA,NA,NA,NA,NA,NA,NA,NA
3533,ASV6115,TRUE,FALSE,TRUE,NA,NA,NA,NA,NA,NA,NA,NA,NA,NA,NA,NA,NA,NA,NA,NA,NA,NA,NA,NA,NA
3534,ASV6116,FALSE,FALSE,FALSE,NA,NA,NA,NA,NA,NA,NA,NA,NA,1,1,1,1,1,1,FALSE,FALSE,FALSE,TRUE,TRUE,TRUE
3535,ASV6117,TRUE,FALSE,TRUE,NA,NA,NA,NA,NA,NA,NA,NA,NA,NA,NA,NA,NA,NA,NA,NA,NA,NA,NA,NA,NA
3536,ASV6137,TRUE,FALSE,TRUE,NA,NA,NA,NA,NA,NA,NA,NA,NA,NA,NA,NA,NA,NA,NA,NA,NA,NA,NA,NA,NA
3537,ASV6140,FALSE,TRUE,TRUE,NA,NA,NA,NA,NA,NA,NA,NA,NA,NA,NA,NA,NA,NA,NA,NA,NA,NA,NA,NA,NA
3538,ASV6141,FALSE,TRUE,TRUE,NA,NA,NA,NA,NA,NA,NA,NA,NA,NA,NA,NA,NA,NA,NA,NA,NA,NA,NA,NA,NA
3539,ASV6145,FALSE,TRUE,TRUE,NA,NA,NA,NA,NA,NA,NA,NA,NA,NA,NA,NA,NA,NA,NA,NA,NA,NA,NA,NA,NA
3540,ASV6146,FALSE,TRUE,TRUE,NA,NA,NA,NA,NA,NA,NA,NA,NA,NA,NA,NA,NA,NA,NA,NA,NA,NA,NA,NA,NA
3541,ASV6148,TRUE,FALSE,TRUE,NA,NA,NA,NA,NA,NA,NA,NA,NA,NA,NA,NA,NA,NA,NA,NA,NA,NA,NA,NA,NA
3542,ASV6152,TRUE,FALSE,TRUE,NA,NA,NA,NA,NA,NA,NA,NA,NA,NA,NA,NA,NA,NA,NA,NA,NA,NA,NA,NA,NA
3543,ASV6164,TRUE,FALSE,TRUE,NA,NA,NA,NA,NA,NA,NA,NA,NA,NA,NA,NA,NA,NA,NA,NA,NA,NA,NA,NA,NA
3544,ASV6165,FALSE,FALSE,FALSE,NA,NA,NA,NA,NA,NA,NA,NA,NA,1,1,1,1,1,1,FALSE,FALSE,FALSE,TRUE,TRUE,TRUE
3545,ASV6166,TRUE,FALSE,TRUE,NA,NA,NA,NA,NA,NA,NA,NA,NA,NA,NA,NA,NA,NA,NA,NA,NA,NA,NA,NA,NA
3546,ASV6167,TRUE,FALSE,TRUE,NA,NA,NA,NA,NA,NA,NA,NA,NA,NA,NA,NA,NA,NA,NA,NA,NA,NA,NA,NA,NA
3547,ASV6170,FALSE,FALSE,FALSE,-0.10313742,-0.853808572,0.307438571,0.155245851,0.249689825,0.226479478,-0.66434896,-34.194.768.375.038,135.746.767.696.082,0.626688508,0.181123974,0.404197822,1,1,1,FALSE,FALSE,FALSE,TRUE,TRUE,TRUE
3548,ASV6173,FALSE,FALSE,FALSE,NA,NA,NA,NA,NA,NA,NA,NA,NA,1,1,1,1,1,1,FALSE,FALSE,FALSE,TRUE,TRUE,TRUE
3549,ASV6183,TRUE,FALSE,TRUE,NA,NA,NA,NA,NA,NA,NA,NA,NA,NA,NA,NA,NA,NA,NA,NA,NA,NA,NA,NA,NA
3550,ASV6184,TRUE,FALSE,TRUE,NA,NA,NA,NA,NA,NA,NA,NA,NA,NA,NA,NA,NA,NA,NA,NA,NA,NA,NA,NA,NA
3551,ASV6187,FALSE,TRUE,TRUE,NA,NA,NA,NA,NA,NA,NA,NA,NA,NA,NA,NA,NA,NA,NA,NA,NA,NA,NA,NA,NA
3552,ASV6188,FALSE,TRUE,TRUE,NA,NA,NA,NA,NA,NA,NA,NA,NA,NA,NA,NA,NA,NA,NA,NA,NA,NA,NA,NA,NA
3553,ASV6189,FALSE,TRUE,TRUE,NA,NA,NA,NA,NA,NA,NA,NA,NA,NA,NA,NA,NA,NA,NA,NA,NA,NA,NA,NA,NA
3554,ASV6191,FALSE,TRUE,TRUE,NA,NA,NA,NA,NA,NA,NA,NA,NA,NA,NA,NA,NA,NA,NA,NA,NA,NA,NA,NA,NA
3555,ASV6192,FALSE,TRUE,TRUE,NA,NA,NA,NA,NA,NA,NA,NA,NA,NA,NA,NA,NA,NA,NA,NA,NA,NA,NA,NA,NA
3556,ASV6196,TRUE,FALSE,TRUE,NA,NA,NA,NA,NA,NA,NA,NA,NA,NA,NA,NA,NA,NA,NA,NA,NA,NA,NA,NA,NA
3557,ASV6204,TRUE,FALSE,TRUE,NA,NA,NA,NA,NA,NA,NA,NA,NA,NA,NA,NA,NA,NA,NA,NA,NA,NA,NA,NA,NA
3558,ASV6205,TRUE,FALSE,TRUE,NA,NA,NA,NA,NA,NA,NA,NA,NA,NA,NA,NA,NA,NA,NA,NA,NA,NA,NA,NA,NA
3559,ASV6206,TRUE,FALSE,TRUE,NA,NA,NA,NA,NA,NA,NA,NA,NA,NA,NA,NA,NA,NA,NA,NA,NA,NA,NA,NA,NA
3560,ASV6209,FALSE,TRUE,TRUE,NA,NA,NA,NA,NA,NA,NA,NA,NA,NA,NA,NA,NA,NA,NA,NA,NA,NA,NA,NA,NA
3561,ASV6212,TRUE,FALSE,TRUE,NA,NA,NA,NA,NA,NA,NA,NA,NA,NA,NA,NA,NA,NA,NA,NA,NA,NA,NA,NA,NA
3562,ASV6213,TRUE,FALSE,TRUE,NA,NA,NA,NA,NA,NA,NA,NA,NA,NA,NA,NA,NA,NA,NA,NA,NA,NA,NA,NA,NA
3563,ASV6214,TRUE,FALSE,TRUE,NA,NA,NA,NA,NA,NA,NA,NA,NA,NA,NA,NA,NA,NA,NA,NA,NA,NA,NA,NA,NA
3564,ASV6216,TRUE,FALSE,TRUE,NA,NA,NA,NA,NA,NA,NA,NA,NA,NA,NA,NA,NA,NA,NA,NA,NA,NA,NA,NA,NA
3565,ASV6217,FALSE,FALSE,FALSE,NA,NA,NA,NA,NA,NA,NA,NA,NA,1,1,1,1,1,1,FALSE,FALSE,FALSE,TRUE,TRUE,TRUE
3566,ASV6218,FALSE,FALSE,FALSE,NA,NA,NA,NA,NA,NA,NA,NA,NA,1,1,1,1,1,1,FALSE,FALSE,FALSE,TRUE,TRUE,TRUE
3567,ASV6219,FALSE,FALSE,FALSE,NA,NA,NA,NA,NA,NA,NA,NA,NA,1,1,1,1,1,1,FALSE,FALSE,FALSE,TRUE,TRUE,TRUE
3568,ASV6220,TRUE,FALSE,TRUE,NA,NA,NA,NA,NA,NA,NA,NA,NA,NA,NA,NA,NA,NA,NA,NA,NA,NA,NA,NA,NA
3569,ASV6221,TRUE,FALSE,TRUE,NA,NA,NA,NA,NA,NA,NA,NA,NA,NA,NA,NA,NA,NA,NA,NA,NA,NA,NA,NA,NA
3570,ASV6222,FALSE,FALSE,FALSE,NA,NA,NA,NA,NA,NA,NA,NA,NA,1,1,1,1,1,1,FALSE,FALSE,FALSE,TRUE,TRUE,TRUE
3571,ASV6224,FALSE,FALSE,FALSE,NA,NA,NA,NA,NA,NA,NA,NA,NA,1,1,1,1,1,1,FALSE,FALSE,FALSE,TRUE,TRUE,TRUE
3572,ASV6225,TRUE,FALSE,TRUE,NA,NA,NA,NA,NA,NA,NA,NA,NA,NA,NA,NA,NA,NA,NA,NA,NA,NA,NA,NA,NA
3573,ASV6226,TRUE,FALSE,TRUE,NA,NA,NA,NA,NA,NA,NA,NA,NA,NA,NA,NA,NA,NA,NA,NA,NA,NA,NA,NA,NA
3574,ASV6227,FALSE,FALSE,FALSE,NA,NA,NA,NA,NA,NA,NA,NA,NA,1,1,1,1,1,1,FALSE,FALSE,FALSE,TRUE,FALSE,TRUE
3575,ASV6229,FALSE,TRUE,TRUE,NA,NA,NA,NA,NA,NA,NA,NA,NA,NA,NA,NA,NA,NA,NA,NA,NA,NA,NA,NA,NA
3576,ASV6230,FALSE,TRUE,TRUE,NA,NA,NA,NA,NA,NA,NA,NA,NA,NA,NA,NA,NA,NA,NA,NA,NA,NA,NA,NA,NA
3577,ASV6234,FALSE,FALSE,FALSE,NA,NA,NA,NA,NA,NA,NA,NA,NA,1,1,1,1,1,1,FALSE,FALSE,FALSE,TRUE,TRUE,TRUE
3578,ASV6239,FALSE,TRUE,TRUE,NA,NA,NA,NA,NA,NA,NA,NA,NA,NA,NA,NA,NA,NA,NA,NA,NA,NA,NA,NA,NA
3579,ASV6247,FALSE,TRUE,TRUE,NA,NA,NA,NA,NA,NA,NA,NA,NA,NA,NA,NA,NA,NA,NA,NA,NA,NA,NA,NA,NA
3580,ASV6248,FALSE,TRUE,TRUE,NA,NA,NA,NA,NA,NA,NA,NA,NA,NA,NA,NA,NA,NA,NA,NA,NA,NA,NA,NA,NA
3581,ASV6251,FALSE,TRUE,TRUE,NA,NA,NA,NA,NA,NA,NA,NA,NA,NA,NA,NA,NA,NA,NA,NA,NA,NA,NA,NA,NA
3582,ASV6252,FALSE,TRUE,TRUE,NA,NA,NA,NA,NA,NA,NA,NA,NA,NA,NA,NA,NA,NA,NA,NA,NA,NA,NA,NA,NA
3583,ASV6263,TRUE,FALSE,TRUE,NA,NA,NA,NA,NA,NA,NA,NA,NA,NA,NA,NA,NA,NA,NA,NA,NA,NA,NA,NA,NA
3584,ASV6266,TRUE,FALSE,TRUE,NA,NA,NA,NA,NA,NA,NA,NA,NA,NA,NA,NA,NA,NA,NA,NA,NA,NA,NA,NA,NA
3585,ASV6267,TRUE,FALSE,TRUE,NA,NA,NA,NA,NA,NA,NA,NA,NA,NA,NA,NA,NA,NA,NA,NA,NA,NA,NA,NA,NA
3586,ASV6269,FALSE,TRUE,TRUE,NA,NA,NA,NA,NA,NA,NA,NA,NA,NA,NA,NA,NA,NA,NA,NA,NA,NA,NA,NA,NA
3587,ASV6270,FALSE,TRUE,TRUE,NA,NA,NA,NA,NA,NA,NA,NA,NA,NA,NA,NA,NA,NA,NA,NA,NA,NA,NA,NA,NA
3588,ASV6276,TRUE,FALSE,TRUE,NA,NA,NA,NA,NA,NA,NA,NA,NA,NA,NA,NA,NA,NA,NA,NA,NA,NA,NA,NA,NA
3589,ASV6277,FALSE,FALSE,FALSE,NA,NA,NA,NA,NA,NA,NA,NA,NA,1,1,1,1,1,1,FALSE,FALSE,FALSE,TRUE,TRUE,TRUE
3590,ASV6280,TRUE,FALSE,TRUE,NA,NA,NA,NA,NA,NA,NA,NA,NA,NA,NA,NA,NA,NA,NA,NA,NA,NA,NA,NA,NA
3591,ASV6281,FALSE,FALSE,FALSE,NA,NA,NA,NA,NA,NA,NA,NA,NA,1,1,1,1,1,1,FALSE,FALSE,FALSE,TRUE,TRUE,TRUE
3592,ASV6282,FALSE,FALSE,FALSE,NA,NA,NA,NA,NA,NA,NA,NA,NA,1,1,1,1,1,1,FALSE,FALSE,FALSE,TRUE,TRUE,TRUE
3593,ASV6283,TRUE,FALSE,TRUE,NA,NA,NA,NA,NA,NA,NA,NA,NA,NA,NA,NA,NA,NA,NA,NA,NA,NA,NA,NA,NA
3594,ASV6284,TRUE,FALSE,TRUE,NA,NA,NA,NA,NA,NA,NA,NA,NA,NA,NA,NA,NA,NA,NA,NA,NA,NA,NA,NA,NA
3595,ASV6286,FALSE,FALSE,FALSE,NA,NA,NA,NA,NA,NA,NA,NA,NA,1,1,1,1,1,1,FALSE,FALSE,FALSE,TRUE,TRUE,TRUE
3596,ASV6288,TRUE,FALSE,TRUE,NA,NA,NA,NA,NA,NA,NA,NA,NA,NA,NA,NA,NA,NA,NA,NA,NA,NA,NA,NA,NA
3597,ASV6289,FALSE,FALSE,FALSE,NA,NA,NA,NA,NA,NA,NA,NA,NA,1,1,1,1,1,1,FALSE,FALSE,FALSE,TRUE,TRUE,TRUE
3598,ASV6303,FALSE,TRUE,TRUE,NA,NA,NA,NA,NA,NA,NA,NA,NA,NA,NA,NA,NA,NA,NA,NA,NA,NA,NA,NA,NA
3599,ASV6305,FALSE,FALSE,FALSE,-0.355627825,0.286467837,NA,0.118339137,0.246636924,NA,-300.515.817.656.434,116.149.614.975.343,NA,1,1,1,1,1,1,FALSE,FALSE,FALSE,TRUE,TRUE,TRUE
3600,ASV6306,TRUE,FALSE,TRUE,NA,NA,NA,NA,NA,NA,NA,NA,NA,NA,NA,NA,NA,NA,NA,NA,NA,NA,NA,NA,NA
3601,ASV6307,FALSE,TRUE,TRUE,NA,NA,NA,NA,NA,NA,NA,NA,NA,NA,NA,NA,NA,NA,NA,NA,NA,NA,NA,NA,NA
3602,ASV6308,FALSE,TRUE,TRUE,NA,NA,NA,NA,NA,NA,NA,NA,NA,NA,NA,NA,NA,NA,NA,NA,NA,NA,NA,NA,NA
3603,ASV6309,FALSE,TRUE,TRUE,NA,NA,NA,NA,NA,NA,NA,NA,NA,NA,NA,NA,NA,NA,NA,NA,NA,NA,NA,NA,NA
3604,ASV6310,FALSE,TRUE,TRUE,NA,NA,NA,NA,NA,NA,NA,NA,NA,NA,NA,NA,NA,NA,NA,NA,NA,NA,NA,NA,NA
3605,ASV6316,TRUE,FALSE,TRUE,NA,NA,NA,NA,NA,NA,NA,NA,NA,NA,NA,NA,NA,NA,NA,NA,NA,NA,NA,NA,NA
3606,ASV6320,TRUE,FALSE,TRUE,NA,NA,NA,NA,NA,NA,NA,NA,NA,NA,NA,NA,NA,NA,NA,NA,NA,NA,NA,NA,NA
3607,ASV6321,TRUE,FALSE,TRUE,NA,NA,NA,NA,NA,NA,NA,NA,NA,NA,NA,NA,NA,NA,NA,NA,NA,NA,NA,NA,NA
3608,ASV6322,TRUE,FALSE,TRUE,NA,NA,NA,NA,NA,NA,NA,NA,NA,NA,NA,NA,NA,NA,NA,NA,NA,NA,NA,NA,NA
3609,ASV6324,TRUE,FALSE,TRUE,NA,NA,NA,NA,NA,NA,NA,NA,NA,NA,NA,NA,NA,NA,NA,NA,NA,NA,NA,NA,NA
3610,ASV6327,FALSE,TRUE,TRUE,NA,NA,NA,NA,NA,NA,NA,NA,NA,NA,NA,NA,NA,NA,NA,NA,NA,NA,NA,NA,NA
3611,ASV6330,FALSE,FALSE,FALSE,NA,NA,NA,NA,NA,NA,NA,NA,NA,1,1,1,1,1,1,FALSE,FALSE,FALSE,TRUE,FALSE,TRUE
3612,ASV6331,FALSE,FALSE,FALSE,NA,NA,NA,NA,NA,NA,NA,NA,NA,1,1,1,1,1,1,FALSE,FALSE,FALSE,TRUE,FALSE,TRUE
3613,ASV6333,FALSE,FALSE,FALSE,NA,NA,NA,NA,NA,NA,NA,NA,NA,1,1,1,1,1,1,FALSE,FALSE,FALSE,TRUE,TRUE,TRUE
3614,ASV6334,FALSE,FALSE,FALSE,NA,NA,NA,NA,NA,NA,NA,NA,NA,1,1,1,1,1,1,FALSE,FALSE,FALSE,TRUE,TRUE,TRUE
3615,ASV6335,TRUE,FALSE,TRUE,NA,NA,NA,NA,NA,NA,NA,NA,NA,NA,NA,NA,NA,NA,NA,NA,NA,NA,NA,NA,NA
3616,ASV6336,FALSE,FALSE,FALSE,NA,NA,NA,NA,NA,NA,NA,NA,NA,1,1,1,1,1,1,FALSE,FALSE,FALSE,TRUE,TRUE,TRUE
3617,ASV6337,TRUE,FALSE,TRUE,NA,NA,NA,NA,NA,NA,NA,NA,NA,NA,NA,NA,NA,NA,NA,NA,NA,NA,NA,NA,NA
3618,ASV6339,TRUE,FALSE,TRUE,NA,NA,NA,NA,NA,NA,NA,NA,NA,NA,NA,NA,NA,NA,NA,NA,NA,NA,NA,NA,NA
3619,ASV6340,FALSE,FALSE,FALSE,NA,NA,NA,NA,NA,NA,NA,NA,NA,1,1,1,1,1,1,FALSE,FALSE,FALSE,TRUE,TRUE,TRUE
3620,ASV6341,FALSE,FALSE,FALSE,NA,NA,NA,NA,NA,NA,NA,NA,NA,1,1,1,1,1,1,FALSE,FALSE,FALSE,TRUE,TRUE,TRUE
3621,ASV6343,FALSE,FALSE,FALSE,NA,NA,NA,NA,NA,NA,NA,NA,NA,1,1,1,1,1,1,FALSE,FALSE,FALSE,TRUE,TRUE,TRUE
3622,ASV6344,TRUE,FALSE,TRUE,NA,NA,NA,NA,NA,NA,NA,NA,NA,NA,NA,NA,NA,NA,NA,NA,NA,NA,NA,NA,NA
3623,ASV6345,TRUE,FALSE,TRUE,NA,NA,NA,NA,NA,NA,NA,NA,NA,NA,NA,NA,NA,NA,NA,NA,NA,NA,NA,NA,NA
3624,ASV6347,FALSE,TRUE,TRUE,NA,NA,NA,NA,NA,NA,NA,NA,NA,NA,NA,NA,NA,NA,NA,NA,NA,NA,NA,NA,NA
3625,ASV6359,TRUE,FALSE,TRUE,NA,NA,NA,NA,NA,NA,NA,NA,NA,NA,NA,NA,NA,NA,NA,NA,NA,NA,NA,NA,NA
3626,ASV6362,TRUE,FALSE,TRUE,NA,NA,NA,NA,NA,NA,NA,NA,NA,NA,NA,NA,NA,NA,NA,NA,NA,NA,NA,NA,NA
3627,ASV6363,TRUE,FALSE,TRUE,NA,NA,NA,NA,NA,NA,NA,NA,NA,NA,NA,NA,NA,NA,NA,NA,NA,NA,NA,NA,NA
3628,ASV6364,FALSE,TRUE,TRUE,NA,NA,NA,NA,NA,NA,NA,NA,NA,NA,NA,NA,NA,NA,NA,NA,NA,NA,NA,NA,NA
3629,ASV6366,FALSE,TRUE,TRUE,NA,NA,NA,NA,NA,NA,NA,NA,NA,NA,NA,NA,NA,NA,NA,NA,NA,NA,NA,NA,NA
3630,ASV6367,FALSE,TRUE,TRUE,NA,NA,NA,NA,NA,NA,NA,NA,NA,NA,NA,NA,NA,NA,NA,NA,NA,NA,NA,NA,NA
3631,ASV6368,FALSE,TRUE,TRUE,NA,NA,NA,NA,NA,NA,NA,NA,NA,NA,NA,NA,NA,NA,NA,NA,NA,NA,NA,NA,NA
3632,ASV6380,TRUE,FALSE,TRUE,NA,NA,NA,NA,NA,NA,NA,NA,NA,NA,NA,NA,NA,NA,NA,NA,NA,NA,NA,NA,NA
3633,ASV6381,TRUE,FALSE,TRUE,NA,NA,NA,NA,NA,NA,NA,NA,NA,NA,NA,NA,NA,NA,NA,NA,NA,NA,NA,NA,NA
3634,ASV6387,TRUE,FALSE,TRUE,NA,NA,NA,NA,NA,NA,NA,NA,NA,NA,NA,NA,NA,NA,NA,NA,NA,NA,NA,NA,NA
3635,ASV6388,FALSE,FALSE,FALSE,NA,NA,NA,NA,NA,NA,NA,NA,NA,1,1,1,1,1,1,FALSE,FALSE,FALSE,TRUE,TRUE,TRUE
3636,ASV6392,FALSE,FALSE,FALSE,NA,NA,NA,NA,NA,NA,NA,NA,NA,1,1,1,1,1,1,FALSE,FALSE,FALSE,TRUE,FALSE,TRUE
3637,ASV6393,TRUE,FALSE,TRUE,NA,NA,NA,NA,NA,NA,NA,NA,NA,NA,NA,NA,NA,NA,NA,NA,NA,NA,NA,NA,NA
3638,ASV6395,TRUE,FALSE,TRUE,NA,NA,NA,NA,NA,NA,NA,NA,NA,NA,NA,NA,NA,NA,NA,NA,NA,NA,NA,NA,NA
3639,ASV6396,TRUE,FALSE,TRUE,NA,NA,NA,NA,NA,NA,NA,NA,NA,NA,NA,NA,NA,NA,NA,NA,NA,NA,NA,NA,NA
3640,ASV6397,FALSE,FALSE,FALSE,NA,NA,NA,NA,NA,NA,NA,NA,NA,1,1,1,1,1,1,FALSE,FALSE,FALSE,TRUE,TRUE,TRUE
3641,ASV6398,FALSE,FALSE,FALSE,NA,NA,NA,NA,NA,NA,NA,NA,NA,1,1,1,1,1,1,FALSE,FALSE,FALSE,TRUE,TRUE,TRUE
3642,ASV6400,TRUE,FALSE,TRUE,NA,NA,NA,NA,NA,NA,NA,NA,NA,NA,NA,NA,NA,NA,NA,NA,NA,NA,NA,NA,NA
3643,ASV6401,FALSE,FALSE,FALSE,NA,NA,NA,NA,NA,NA,NA,NA,NA,1,1,1,1,1,1,FALSE,FALSE,FALSE,TRUE,TRUE,TRUE
3644,ASV6403,FALSE,TRUE,TRUE,NA,NA,NA,NA,NA,NA,NA,NA,NA,NA,NA,NA,NA,NA,NA,NA,NA,NA,NA,NA,NA
3645,ASV6407,FALSE,TRUE,TRUE,NA,NA,NA,NA,NA,NA,NA,NA,NA,NA,NA,NA,NA,NA,NA,NA,NA,NA,NA,NA,NA
3646,ASV6408,FALSE,TRUE,TRUE,NA,NA,NA,NA,NA,NA,NA,NA,NA,NA,NA,NA,NA,NA,NA,NA,NA,NA,NA,NA,NA
3647,ASV6413,FALSE,TRUE,TRUE,NA,NA,NA,NA,NA,NA,NA,NA,NA,NA,NA,NA,NA,NA,NA,NA,NA,NA,NA,NA,NA
3648,ASV6421,FALSE,TRUE,TRUE,NA,NA,NA,NA,NA,NA,NA,NA,NA,NA,NA,NA,NA,NA,NA,NA,NA,NA,NA,NA,NA
3649,ASV6424,FALSE,TRUE,TRUE,NA,NA,NA,NA,NA,NA,NA,NA,NA,NA,NA,NA,NA,NA,NA,NA,NA,NA,NA,NA,NA
3650,ASV6425,FALSE,TRUE,TRUE,NA,NA,NA,NA,NA,NA,NA,NA,NA,NA,NA,NA,NA,NA,NA,NA,NA,NA,NA,NA,NA
3651,ASV6427,FALSE,TRUE,TRUE,NA,NA,NA,NA,NA,NA,NA,NA,NA,NA,NA,NA,NA,NA,NA,NA,NA,NA,NA,NA,NA
3652,ASV6428,FALSE,TRUE,TRUE,NA,NA,NA,NA,NA,NA,NA,NA,NA,NA,NA,NA,NA,NA,NA,NA,NA,NA,NA,NA,NA
3653,ASV6432,TRUE,FALSE,TRUE,NA,NA,NA,NA,NA,NA,NA,NA,NA,NA,NA,NA,NA,NA,NA,NA,NA,NA,NA,NA,NA
3654,ASV6441,TRUE,FALSE,TRUE,NA,NA,NA,NA,NA,NA,NA,NA,NA,NA,NA,NA,NA,NA,NA,NA,NA,NA,NA,NA,NA
3655,ASV6443,TRUE,FALSE,TRUE,NA,NA,NA,NA,NA,NA,NA,NA,NA,NA,NA,NA,NA,NA,NA,NA,NA,NA,NA,NA,NA
3656,ASV6444,TRUE,FALSE,TRUE,NA,NA,NA,NA,NA,NA,NA,NA,NA,NA,NA,NA,NA,NA,NA,NA,NA,NA,NA,NA,NA
3657,ASV6447,FALSE,TRUE,TRUE,NA,NA,NA,NA,NA,NA,NA,NA,NA,NA,NA,NA,NA,NA,NA,NA,NA,NA,NA,NA,NA
3658,ASV6456,FALSE,FALSE,FALSE,NA,NA,NA,NA,NA,NA,NA,NA,NA,1,1,1,1,1,1,FALSE,FALSE,FALSE,TRUE,TRUE,TRUE
3659,ASV6459,TRUE,FALSE,TRUE,NA,NA,NA,NA,NA,NA,NA,NA,NA,NA,NA,NA,NA,NA,NA,NA,NA,NA,NA,NA,NA
3660,ASV6460,TRUE,FALSE,TRUE,NA,NA,NA,NA,NA,NA,NA,NA,NA,NA,NA,NA,NA,NA,NA,NA,NA,NA,NA,NA,NA
3661,ASV6461,TRUE,FALSE,TRUE,NA,NA,NA,NA,NA,NA,NA,NA,NA,NA,NA,NA,NA,NA,NA,NA,NA,NA,NA,NA,NA
3662,ASV6463,TRUE,FALSE,TRUE,NA,NA,NA,NA,NA,NA,NA,NA,NA,NA,NA,NA,NA,NA,NA,NA,NA,NA,NA,NA,NA
3663,ASV6464,TRUE,FALSE,TRUE,NA,NA,NA,NA,NA,NA,NA,NA,NA,NA,NA,NA,NA,NA,NA,NA,NA,NA,NA,NA,NA
3664,ASV6465,TRUE,FALSE,TRUE,NA,NA,NA,NA,NA,NA,NA,NA,NA,NA,NA,NA,NA,NA,NA,NA,NA,NA,NA,NA,NA
3665,ASV6466,FALSE,FALSE,FALSE,NA,NA,NA,NA,NA,NA,NA,NA,NA,1,1,1,1,1,1,FALSE,FALSE,FALSE,TRUE,TRUE,TRUE
3666,ASV6468,FALSE,FALSE,FALSE,NA,NA,NA,NA,NA,NA,NA,NA,NA,1,1,1,1,1,1,FALSE,FALSE,FALSE,TRUE,TRUE,TRUE
3667,ASV6469,TRUE,FALSE,TRUE,NA,NA,NA,NA,NA,NA,NA,NA,NA,NA,NA,NA,NA,NA,NA,NA,NA,NA,NA,NA,NA
3668,ASV6478,TRUE,FALSE,TRUE,NA,NA,NA,NA,NA,NA,NA,NA,NA,NA,NA,NA,NA,NA,NA,NA,NA,NA,NA,NA,NA
3669,ASV6492,FALSE,TRUE,TRUE,NA,NA,NA,NA,NA,NA,NA,NA,NA,NA,NA,NA,NA,NA,NA,NA,NA,NA,NA,NA,NA
3670,ASV6496,FALSE,TRUE,TRUE,NA,NA,NA,NA,NA,NA,NA,NA,NA,NA,NA,NA,NA,NA,NA,NA,NA,NA,NA,NA,NA
3671,ASV6497,FALSE,TRUE,TRUE,NA,NA,NA,NA,NA,NA,NA,NA,NA,NA,NA,NA,NA,NA,NA,NA,NA,NA,NA,NA,NA
3672,ASV6498,FALSE,TRUE,TRUE,NA,NA,NA,NA,NA,NA,NA,NA,NA,NA,NA,NA,NA,NA,NA,NA,NA,NA,NA,NA,NA
3673,ASV6501,FALSE,TRUE,TRUE,NA,NA,NA,NA,NA,NA,NA,NA,NA,NA,NA,NA,NA,NA,NA,NA,NA,NA,NA,NA,NA
3674,ASV6508,TRUE,FALSE,TRUE,NA,NA,NA,NA,NA,NA,NA,NA,NA,NA,NA,NA,NA,NA,NA,NA,NA,NA,NA,NA,NA
3675,ASV6512,TRUE,FALSE,TRUE,NA,NA,NA,NA,NA,NA,NA,NA,NA,NA,NA,NA,NA,NA,NA,NA,NA,NA,NA,NA,NA
3676,ASV6514,TRUE,FALSE,TRUE,NA,NA,NA,NA,NA,NA,NA,NA,NA,NA,NA,NA,NA,NA,NA,NA,NA,NA,NA,NA,NA
3677,ASV6515,TRUE,FALSE,TRUE,NA,NA,NA,NA,NA,NA,NA,NA,NA,NA,NA,NA,NA,NA,NA,NA,NA,NA,NA,NA,NA
3678,ASV6516,TRUE,FALSE,TRUE,NA,NA,NA,NA,NA,NA,NA,NA,NA,NA,NA,NA,NA,NA,NA,NA,NA,NA,NA,NA,NA
3679,ASV6519,FALSE,FALSE,FALSE,NA,NA,NA,NA,NA,NA,NA,NA,NA,1,1,1,1,1,1,FALSE,FALSE,FALSE,TRUE,TRUE,TRUE
3680,ASV6520,TRUE,FALSE,TRUE,NA,NA,NA,NA,NA,NA,NA,NA,NA,NA,NA,NA,NA,NA,NA,NA,NA,NA,NA,NA,NA
3681,ASV6521,TRUE,FALSE,TRUE,NA,NA,NA,NA,NA,NA,NA,NA,NA,NA,NA,NA,NA,NA,NA,NA,NA,NA,NA,NA,NA
3682,ASV6523,TRUE,FALSE,TRUE,NA,NA,NA,NA,NA,NA,NA,NA,NA,NA,NA,NA,NA,NA,NA,NA,NA,NA,NA,NA,NA
3683,ASV6524,FALSE,FALSE,FALSE,NA,NA,NA,NA,NA,NA,NA,NA,NA,1,1,1,1,1,1,FALSE,FALSE,FALSE,TRUE,TRUE,TRUE
3684,ASV6525,TRUE,FALSE,TRUE,NA,NA,NA,NA,NA,NA,NA,NA,NA,NA,NA,NA,NA,NA,NA,NA,NA,NA,NA,NA,NA
3685,ASV6526,FALSE,FALSE,FALSE,NA,NA,NA,NA,NA,NA,NA,NA,NA,1,1,1,1,1,1,FALSE,FALSE,FALSE,TRUE,TRUE,TRUE
3686,ASV6528,TRUE,FALSE,TRUE,NA,NA,NA,NA,NA,NA,NA,NA,NA,NA,NA,NA,NA,NA,NA,NA,NA,NA,NA,NA,NA
3687,ASV6529,FALSE,FALSE,FALSE,NA,NA,NA,NA,NA,NA,NA,NA,NA,1,1,1,1,1,1,FALSE,FALSE,FALSE,TRUE,TRUE,TRUE
3688,ASV6548,FALSE,TRUE,TRUE,NA,NA,NA,NA,NA,NA,NA,NA,NA,NA,NA,NA,NA,NA,NA,NA,NA,NA,NA,NA,NA
3689,ASV6551,FALSE,TRUE,TRUE,NA,NA,NA,NA,NA,NA,NA,NA,NA,NA,NA,NA,NA,NA,NA,NA,NA,NA,NA,NA,NA
3690,ASV6552,FALSE,TRUE,TRUE,NA,NA,NA,NA,NA,NA,NA,NA,NA,NA,NA,NA,NA,NA,NA,NA,NA,NA,NA,NA,NA
3691,ASV6553,FALSE,TRUE,TRUE,NA,NA,NA,NA,NA,NA,NA,NA,NA,NA,NA,NA,NA,NA,NA,NA,NA,NA,NA,NA,NA
3692,ASV6554,FALSE,TRUE,TRUE,NA,NA,NA,NA,NA,NA,NA,NA,NA,NA,NA,NA,NA,NA,NA,NA,NA,NA,NA,NA,NA
3693,ASV6555,FALSE,TRUE,TRUE,NA,NA,NA,NA,NA,NA,NA,NA,NA,NA,NA,NA,NA,NA,NA,NA,NA,NA,NA,NA,NA
3694,ASV6556,FALSE,TRUE,TRUE,NA,NA,NA,NA,NA,NA,NA,NA,NA,NA,NA,NA,NA,NA,NA,NA,NA,NA,NA,NA,NA
3695,ASV6557,FALSE,TRUE,TRUE,NA,NA,NA,NA,NA,NA,NA,NA,NA,NA,NA,NA,NA,NA,NA,NA,NA,NA,NA,NA,NA
3696,ASV6558,FALSE,TRUE,TRUE,NA,NA,NA,NA,NA,NA,NA,NA,NA,NA,NA,NA,NA,NA,NA,NA,NA,NA,NA,NA,NA
3697,ASV6568,TRUE,FALSE,TRUE,NA,NA,NA,NA,NA,NA,NA,NA,NA,NA,NA,NA,NA,NA,NA,NA,NA,NA,NA,NA,NA
3698,ASV6569,FALSE,FALSE,FALSE,NA,NA,NA,NA,NA,NA,NA,NA,NA,1,1,1,1,1,1,FALSE,FALSE,FALSE,TRUE,TRUE,TRUE
3699,ASV6570,TRUE,FALSE,TRUE,NA,NA,NA,NA,NA,NA,NA,NA,NA,NA,NA,NA,NA,NA,NA,NA,NA,NA,NA,NA,NA
3700,ASV6572,FALSE,TRUE,TRUE,NA,NA,NA,NA,NA,NA,NA,NA,NA,NA,NA,NA,NA,NA,NA,NA,NA,NA,NA,NA,NA
3701,ASV6577,TRUE,FALSE,TRUE,NA,NA,NA,NA,NA,NA,NA,NA,NA,NA,NA,NA,NA,NA,NA,NA,NA,NA,NA,NA,NA
3702,ASV6579,FALSE,FALSE,FALSE,NA,NA,NA,NA,NA,NA,NA,NA,NA,1,1,1,1,1,1,FALSE,FALSE,FALSE,TRUE,TRUE,TRUE
3703,ASV6581,TRUE,FALSE,TRUE,NA,NA,NA,NA,NA,NA,NA,NA,NA,NA,NA,NA,NA,NA,NA,NA,NA,NA,NA,NA,NA
3704,ASV6582,TRUE,FALSE,TRUE,NA,NA,NA,NA,NA,NA,NA,NA,NA,NA,NA,NA,NA,NA,NA,NA,NA,NA,NA,NA,NA
3705,ASV6583,TRUE,FALSE,TRUE,NA,NA,NA,NA,NA,NA,NA,NA,NA,NA,NA,NA,NA,NA,NA,NA,NA,NA,NA,NA,NA
3706,ASV6586,TRUE,FALSE,TRUE,NA,NA,NA,NA,NA,NA,NA,NA,NA,NA,NA,NA,NA,NA,NA,NA,NA,NA,NA,NA,NA
3707,ASV6588,TRUE,FALSE,TRUE,NA,NA,NA,NA,NA,NA,NA,NA,NA,NA,NA,NA,NA,NA,NA,NA,NA,NA,NA,NA,NA
3708,ASV6589,FALSE,FALSE,FALSE,NA,NA,NA,NA,NA,NA,NA,NA,NA,1,1,1,1,1,1,FALSE,FALSE,FALSE,TRUE,TRUE,TRUE
3709,ASV6591,TRUE,FALSE,TRUE,NA,NA,NA,NA,NA,NA,NA,NA,NA,NA,NA,NA,NA,NA,NA,NA,NA,NA,NA,NA,NA
3710,ASV6592,TRUE,FALSE,TRUE,NA,NA,NA,NA,NA,NA,NA,NA,NA,NA,NA,NA,NA,NA,NA,NA,NA,NA,NA,NA,NA
3711,ASV6593,FALSE,FALSE,FALSE,NA,NA,NA,NA,NA,NA,NA,NA,NA,1,1,1,1,1,1,FALSE,FALSE,FALSE,TRUE,TRUE,TRUE
3712,ASV6594,TRUE,FALSE,TRUE,NA,NA,NA,NA,NA,NA,NA,NA,NA,NA,NA,NA,NA,NA,NA,NA,NA,NA,NA,NA,NA
3713,ASV6598,FALSE,TRUE,TRUE,NA,NA,NA,NA,NA,NA,NA,NA,NA,NA,NA,NA,NA,NA,NA,NA,NA,NA,NA,NA,NA
3714,ASV6600,TRUE,FALSE,TRUE,NA,NA,NA,NA,NA,NA,NA,NA,NA,NA,NA,NA,NA,NA,NA,NA,NA,NA,NA,NA,NA
3715,ASV6606,FALSE,TRUE,TRUE,NA,NA,NA,NA,NA,NA,NA,NA,NA,NA,NA,NA,NA,NA,NA,NA,NA,NA,NA,NA,NA
3716,ASV6607,FALSE,TRUE,TRUE,NA,NA,NA,NA,NA,NA,NA,NA,NA,NA,NA,NA,NA,NA,NA,NA,NA,NA,NA,NA,NA
3717,ASV6608,FALSE,TRUE,TRUE,NA,NA,NA,NA,NA,NA,NA,NA,NA,NA,NA,NA,NA,NA,NA,NA,NA,NA,NA,NA,NA
3718,ASV6613,TRUE,FALSE,TRUE,NA,NA,NA,NA,NA,NA,NA,NA,NA,NA,NA,NA,NA,NA,NA,NA,NA,NA,NA,NA,NA
3719,ASV6627,TRUE,FALSE,TRUE,NA,NA,NA,NA,NA,NA,NA,NA,NA,NA,NA,NA,NA,NA,NA,NA,NA,NA,NA,NA,NA
3720,ASV6628,TRUE,FALSE,TRUE,NA,NA,NA,NA,NA,NA,NA,NA,NA,NA,NA,NA,NA,NA,NA,NA,NA,NA,NA,NA,NA
3721,ASV6637,FALSE,FALSE,FALSE,NA,NA,NA,NA,NA,NA,NA,NA,NA,1,1,1,1,1,1,FALSE,FALSE,FALSE,TRUE,TRUE,TRUE
3722,ASV6638,FALSE,FALSE,FALSE,NA,NA,NA,NA,NA,NA,NA,NA,NA,1,1,1,1,1,1,FALSE,FALSE,FALSE,TRUE,TRUE,TRUE
3723,ASV6639,FALSE,FALSE,FALSE,NA,NA,NA,NA,NA,NA,NA,NA,NA,1,1,1,1,1,1,FALSE,FALSE,FALSE,TRUE,FALSE,TRUE
3724,ASV6641,FALSE,FALSE,FALSE,NA,NA,NA,NA,NA,NA,NA,NA,NA,1,1,1,1,1,1,FALSE,FALSE,FALSE,TRUE,TRUE,TRUE
3725,ASV6642,TRUE,FALSE,TRUE,NA,NA,NA,NA,NA,NA,NA,NA,NA,NA,NA,NA,NA,NA,NA,NA,NA,NA,NA,NA,NA
3726,ASV6643,TRUE,FALSE,TRUE,NA,NA,NA,NA,NA,NA,NA,NA,NA,NA,NA,NA,NA,NA,NA,NA,NA,NA,NA,NA,NA
3727,ASV6644,FALSE,FALSE,FALSE,NA,NA,NA,NA,NA,NA,NA,NA,NA,1,1,1,1,1,1,FALSE,FALSE,FALSE,TRUE,TRUE,TRUE
3728,ASV6647,FALSE,FALSE,FALSE,NA,NA,NA,NA,NA,NA,NA,NA,NA,1,1,1,1,1,1,FALSE,FALSE,FALSE,TRUE,TRUE,TRUE
3729,ASV6648,TRUE,FALSE,TRUE,NA,NA,NA,NA,NA,NA,NA,NA,NA,NA,NA,NA,NA,NA,NA,NA,NA,NA,NA,NA,NA
3730,ASV6649,FALSE,FALSE,FALSE,NA,NA,NA,NA,NA,NA,NA,NA,NA,1,1,1,1,1,1,FALSE,FALSE,FALSE,TRUE,TRUE,TRUE
3731,ASV6650,TRUE,FALSE,TRUE,NA,NA,NA,NA,NA,NA,NA,NA,NA,NA,NA,NA,NA,NA,NA,NA,NA,NA,NA,NA,NA
3732,ASV6652,FALSE,TRUE,TRUE,NA,NA,NA,NA,NA,NA,NA,NA,NA,NA,NA,NA,NA,NA,NA,NA,NA,NA,NA,NA,NA
3733,ASV6660,TRUE,FALSE,TRUE,NA,NA,NA,NA,NA,NA,NA,NA,NA,NA,NA,NA,NA,NA,NA,NA,NA,NA,NA,NA,NA
3734,ASV6662,TRUE,FALSE,TRUE,NA,NA,NA,NA,NA,NA,NA,NA,NA,NA,NA,NA,NA,NA,NA,NA,NA,NA,NA,NA,NA
3735,ASV6671,FALSE,TRUE,TRUE,NA,NA,NA,NA,NA,NA,NA,NA,NA,NA,NA,NA,NA,NA,NA,NA,NA,NA,NA,NA,NA
3736,ASV6672,FALSE,TRUE,TRUE,NA,NA,NA,NA,NA,NA,NA,NA,NA,NA,NA,NA,NA,NA,NA,NA,NA,NA,NA,NA,NA
3737,ASV6673,FALSE,TRUE,TRUE,NA,NA,NA,NA,NA,NA,NA,NA,NA,NA,NA,NA,NA,NA,NA,NA,NA,NA,NA,NA,NA
3738,ASV6675,FALSE,TRUE,TRUE,NA,NA,NA,NA,NA,NA,NA,NA,NA,NA,NA,NA,NA,NA,NA,NA,NA,NA,NA,NA,NA
3739,ASV6688,TRUE,FALSE,TRUE,NA,NA,NA,NA,NA,NA,NA,NA,NA,NA,NA,NA,NA,NA,NA,NA,NA,NA,NA,NA,NA
3740,ASV6690,TRUE,FALSE,TRUE,NA,NA,NA,NA,NA,NA,NA,NA,NA,NA,NA,NA,NA,NA,NA,NA,NA,NA,NA,NA,NA
3741,ASV6692,TRUE,FALSE,TRUE,NA,NA,NA,NA,NA,NA,NA,NA,NA,NA,NA,NA,NA,NA,NA,NA,NA,NA,NA,NA,NA
3742,ASV6695,TRUE,FALSE,TRUE,NA,NA,NA,NA,NA,NA,NA,NA,NA,NA,NA,NA,NA,NA,NA,NA,NA,NA,NA,NA,NA
3743,ASV6698,FALSE,FALSE,FALSE,-0.125965666,-0.170887451,0.101612812,0.118213937,0.24638323,0.22316177,-106.557.372.651.984,-0.693583937,0.455332523,0.479796647,0.613949384,0.727985361,1,1,1,FALSE,FALSE,FALSE,TRUE,TRUE,TRUE
3744,ASV6700,TRUE,FALSE,TRUE,NA,NA,NA,NA,NA,NA,NA,NA,NA,NA,NA,NA,NA,NA,NA,NA,NA,NA,NA,NA,NA
3745,ASV6701,FALSE,FALSE,FALSE,NA,NA,NA,NA,NA,NA,NA,NA,NA,1,1,1,1,1,1,FALSE,FALSE,FALSE,TRUE,TRUE,TRUE
3746,ASV6702,TRUE,FALSE,TRUE,NA,NA,NA,NA,NA,NA,NA,NA,NA,NA,NA,NA,NA,NA,NA,NA,NA,NA,NA,NA,NA
3747,ASV6704,TRUE,FALSE,TRUE,NA,NA,NA,NA,NA,NA,NA,NA,NA,NA,NA,NA,NA,NA,NA,NA,NA,NA,NA,NA,NA
3748,ASV6705,TRUE,FALSE,TRUE,NA,NA,NA,NA,NA,NA,NA,NA,NA,NA,NA,NA,NA,NA,NA,NA,NA,NA,NA,NA,NA
3749,ASV6706,TRUE,FALSE,TRUE,NA,NA,NA,NA,NA,NA,NA,NA,NA,NA,NA,NA,NA,NA,NA,NA,NA,NA,NA,NA,NA
3750,ASV6707,TRUE,FALSE,TRUE,NA,NA,NA,NA,NA,NA,NA,NA,NA,NA,NA,NA,NA,NA,NA,NA,NA,NA,NA,NA,NA
3751,ASV6715,TRUE,FALSE,TRUE,NA,NA,NA,NA,NA,NA,NA,NA,NA,NA,NA,NA,NA,NA,NA,NA,NA,NA,NA,NA,NA
3752,ASV6720,TRUE,FALSE,TRUE,NA,NA,NA,NA,NA,NA,NA,NA,NA,NA,NA,NA,NA,NA,NA,NA,NA,NA,NA,NA,NA
3753,ASV6722,TRUE,FALSE,TRUE,NA,NA,NA,NA,NA,NA,NA,NA,NA,NA,NA,NA,NA,NA,NA,NA,NA,NA,NA,NA,NA
3754,ASV6724,FALSE,TRUE,TRUE,NA,NA,NA,NA,NA,NA,NA,NA,NA,NA,NA,NA,NA,NA,NA,NA,NA,NA,NA,NA,NA
3755,ASV6726,FALSE,TRUE,TRUE,NA,NA,NA,NA,NA,NA,NA,NA,NA,NA,NA,NA,NA,NA,NA,NA,NA,NA,NA,NA,NA
3756,ASV6727,FALSE,TRUE,TRUE,NA,NA,NA,NA,NA,NA,NA,NA,NA,NA,NA,NA,NA,NA,NA,NA,NA,NA,NA,NA,NA
3757,ASV6730,FALSE,TRUE,TRUE,NA,NA,NA,NA,NA,NA,NA,NA,NA,NA,NA,NA,NA,NA,NA,NA,NA,NA,NA,NA,NA
3758,ASV6731,FALSE,TRUE,TRUE,NA,NA,NA,NA,NA,NA,NA,NA,NA,NA,NA,NA,NA,NA,NA,NA,NA,NA,NA,NA,NA
3759,ASV6732,FALSE,TRUE,TRUE,NA,NA,NA,NA,NA,NA,NA,NA,NA,NA,NA,NA,NA,NA,NA,NA,NA,NA,NA,NA,NA
3760,ASV6746,TRUE,FALSE,TRUE,NA,NA,NA,NA,NA,NA,NA,NA,NA,NA,NA,NA,NA,NA,NA,NA,NA,NA,NA,NA,NA
3761,ASV6747,TRUE,FALSE,TRUE,NA,NA,NA,NA,NA,NA,NA,NA,NA,NA,NA,NA,NA,NA,NA,NA,NA,NA,NA,NA,NA
3762,ASV6748,TRUE,FALSE,TRUE,NA,NA,NA,NA,NA,NA,NA,NA,NA,NA,NA,NA,NA,NA,NA,NA,NA,NA,NA,NA,NA
3763,ASV6749,TRUE,FALSE,TRUE,NA,NA,NA,NA,NA,NA,NA,NA,NA,NA,NA,NA,NA,NA,NA,NA,NA,NA,NA,NA,NA
3764,ASV6761,FALSE,FALSE,FALSE,NA,NA,NA,NA,NA,NA,NA,NA,NA,1,1,1,1,1,1,FALSE,FALSE,FALSE,TRUE,TRUE,TRUE
3765,ASV6762,TRUE,FALSE,TRUE,NA,NA,NA,NA,NA,NA,NA,NA,NA,NA,NA,NA,NA,NA,NA,NA,NA,NA,NA,NA,NA
3766,ASV6763,FALSE,FALSE,FALSE,NA,NA,NA,NA,NA,NA,NA,NA,NA,1,1,1,1,1,1,FALSE,FALSE,FALSE,TRUE,TRUE,TRUE
3767,ASV6764,TRUE,FALSE,TRUE,NA,NA,NA,NA,NA,NA,NA,NA,NA,NA,NA,NA,NA,NA,NA,NA,NA,NA,NA,NA,NA
3768,ASV6765,FALSE,FALSE,FALSE,NA,NA,NA,NA,NA,NA,NA,NA,NA,1,1,1,1,1,1,FALSE,FALSE,FALSE,TRUE,FALSE,TRUE
3769,ASV6766,FALSE,FALSE,FALSE,NA,NA,NA,NA,NA,NA,NA,NA,NA,1,1,1,1,1,1,FALSE,FALSE,FALSE,TRUE,FALSE,TRUE
3770,ASV6767,TRUE,FALSE,TRUE,NA,NA,NA,NA,NA,NA,NA,NA,NA,NA,NA,NA,NA,NA,NA,NA,NA,NA,NA,NA,NA
3771,ASV6768,FALSE,FALSE,FALSE,NA,NA,NA,NA,NA,NA,NA,NA,NA,1,1,1,1,1,1,FALSE,FALSE,FALSE,TRUE,TRUE,TRUE
3772,ASV6770,FALSE,FALSE,FALSE,NA,NA,NA,NA,NA,NA,NA,NA,NA,1,1,1,1,1,1,FALSE,FALSE,FALSE,TRUE,FALSE,TRUE
3773,ASV6776,FALSE,TRUE,TRUE,NA,NA,NA,NA,NA,NA,NA,NA,NA,NA,NA,NA,NA,NA,NA,NA,NA,NA,NA,NA,NA
3774,ASV6779,TRUE,FALSE,TRUE,NA,NA,NA,NA,NA,NA,NA,NA,NA,NA,NA,NA,NA,NA,NA,NA,NA,NA,NA,NA,NA
3775,ASV6780,TRUE,FALSE,TRUE,NA,NA,NA,NA,NA,NA,NA,NA,NA,NA,NA,NA,NA,NA,NA,NA,NA,NA,NA,NA,NA
3776,ASV6782,FALSE,TRUE,TRUE,NA,NA,NA,NA,NA,NA,NA,NA,NA,NA,NA,NA,NA,NA,NA,NA,NA,NA,NA,NA,NA
3777,ASV6788,FALSE,TRUE,TRUE,NA,NA,NA,NA,NA,NA,NA,NA,NA,NA,NA,NA,NA,NA,NA,NA,NA,NA,NA,NA,NA
3778,ASV6789,FALSE,TRUE,TRUE,NA,NA,NA,NA,NA,NA,NA,NA,NA,NA,NA,NA,NA,NA,NA,NA,NA,NA,NA,NA,NA
3779,ASV6790,FALSE,TRUE,TRUE,NA,NA,NA,NA,NA,NA,NA,NA,NA,NA,NA,NA,NA,NA,NA,NA,NA,NA,NA,NA,NA
3780,ASV6791,FALSE,TRUE,TRUE,NA,NA,NA,NA,NA,NA,NA,NA,NA,NA,NA,NA,NA,NA,NA,NA,NA,NA,NA,NA,NA
3781,ASV6793,FALSE,TRUE,TRUE,NA,NA,NA,NA,NA,NA,NA,NA,NA,NA,NA,NA,NA,NA,NA,NA,NA,NA,NA,NA,NA
3782,ASV6797,TRUE,FALSE,TRUE,NA,NA,NA,NA,NA,NA,NA,NA,NA,NA,NA,NA,NA,NA,NA,NA,NA,NA,NA,NA,NA
3783,ASV6803,TRUE,FALSE,TRUE,NA,NA,NA,NA,NA,NA,NA,NA,NA,NA,NA,NA,NA,NA,NA,NA,NA,NA,NA,NA,NA
3784,ASV6809,TRUE,FALSE,TRUE,NA,NA,NA,NA,NA,NA,NA,NA,NA,NA,NA,NA,NA,NA,NA,NA,NA,NA,NA,NA,NA
3785,ASV6811,TRUE,FALSE,TRUE,NA,NA,NA,NA,NA,NA,NA,NA,NA,NA,NA,NA,NA,NA,NA,NA,NA,NA,NA,NA,NA
3786,ASV6812,TRUE,FALSE,TRUE,NA,NA,NA,NA,NA,NA,NA,NA,NA,NA,NA,NA,NA,NA,NA,NA,NA,NA,NA,NA,NA
3787,ASV6814,TRUE,FALSE,TRUE,NA,NA,NA,NA,NA,NA,NA,NA,NA,NA,NA,NA,NA,NA,NA,NA,NA,NA,NA,NA,NA
3788,ASV6815,FALSE,FALSE,FALSE,NA,NA,NA,NA,NA,NA,NA,NA,NA,1,1,1,1,1,1,FALSE,FALSE,FALSE,TRUE,TRUE,TRUE
3789,ASV6818,FALSE,FALSE,FALSE,NA,NA,NA,NA,NA,NA,NA,NA,NA,1,1,1,1,1,1,FALSE,FALSE,FALSE,TRUE,TRUE,TRUE
3790,ASV6820,TRUE,FALSE,TRUE,NA,NA,NA,NA,NA,NA,NA,NA,NA,NA,NA,NA,NA,NA,NA,NA,NA,NA,NA,NA,NA
3791,ASV6824,TRUE,FALSE,TRUE,NA,NA,NA,NA,NA,NA,NA,NA,NA,NA,NA,NA,NA,NA,NA,NA,NA,NA,NA,NA,NA
3792,ASV6825,TRUE,FALSE,TRUE,NA,NA,NA,NA,NA,NA,NA,NA,NA,NA,NA,NA,NA,NA,NA,NA,NA,NA,NA,NA,NA
3793,ASV6826,FALSE,FALSE,FALSE,NA,NA,NA,NA,NA,NA,NA,NA,NA,1,1,1,1,1,1,FALSE,FALSE,FALSE,TRUE,FALSE,TRUE
3794,ASV6831,TRUE,FALSE,TRUE,NA,NA,NA,NA,NA,NA,NA,NA,NA,NA,NA,NA,NA,NA,NA,NA,NA,NA,NA,NA,NA
3795,ASV6836,FALSE,TRUE,TRUE,NA,NA,NA,NA,NA,NA,NA,NA,NA,NA,NA,NA,NA,NA,NA,NA,NA,NA,NA,NA,NA
3796,ASV6843,TRUE,FALSE,TRUE,NA,NA,NA,NA,NA,NA,NA,NA,NA,NA,NA,NA,NA,NA,NA,NA,NA,NA,NA,NA,NA
3797,ASV6845,TRUE,FALSE,TRUE,NA,NA,NA,NA,NA,NA,NA,NA,NA,NA,NA,NA,NA,NA,NA,NA,NA,NA,NA,NA,NA
3798,ASV6846,FALSE,TRUE,TRUE,NA,NA,NA,NA,NA,NA,NA,NA,NA,NA,NA,NA,NA,NA,NA,NA,NA,NA,NA,NA,NA
3799,ASV6847,FALSE,TRUE,TRUE,NA,NA,NA,NA,NA,NA,NA,NA,NA,NA,NA,NA,NA,NA,NA,NA,NA,NA,NA,NA,NA
3800,ASV6848,FALSE,TRUE,TRUE,NA,NA,NA,NA,NA,NA,NA,NA,NA,NA,NA,NA,NA,NA,NA,NA,NA,NA,NA,NA,NA
3801,ASV6849,FALSE,TRUE,TRUE,NA,NA,NA,NA,NA,NA,NA,NA,NA,NA,NA,NA,NA,NA,NA,NA,NA,NA,NA,NA,NA
3802,ASV6851,FALSE,TRUE,TRUE,NA,NA,NA,NA,NA,NA,NA,NA,NA,NA,NA,NA,NA,NA,NA,NA,NA,NA,NA,NA,NA
3803,ASV6854,TRUE,FALSE,TRUE,NA,NA,NA,NA,NA,NA,NA,NA,NA,NA,NA,NA,NA,NA,NA,NA,NA,NA,NA,NA,NA
3804,ASV6863,TRUE,FALSE,TRUE,NA,NA,NA,NA,NA,NA,NA,NA,NA,NA,NA,NA,NA,NA,NA,NA,NA,NA,NA,NA,NA
3805,ASV6864,FALSE,TRUE,TRUE,NA,NA,NA,NA,NA,NA,NA,NA,NA,NA,NA,NA,NA,NA,NA,NA,NA,NA,NA,NA,NA
3806,ASV6871,FALSE,FALSE,FALSE,NA,NA,NA,NA,NA,NA,NA,NA,NA,1,1,1,1,1,1,FALSE,FALSE,FALSE,TRUE,TRUE,TRUE
3807,ASV6872,FALSE,FALSE,FALSE,NA,NA,NA,NA,NA,NA,NA,NA,NA,1,1,1,1,1,1,FALSE,FALSE,FALSE,TRUE,TRUE,TRUE
3808,ASV6873,TRUE,FALSE,TRUE,NA,NA,NA,NA,NA,NA,NA,NA,NA,NA,NA,NA,NA,NA,NA,NA,NA,NA,NA,NA,NA
3809,ASV6877,FALSE,FALSE,FALSE,NA,NA,NA,NA,NA,NA,NA,NA,NA,1,1,1,1,1,1,FALSE,FALSE,FALSE,TRUE,TRUE,TRUE
3810,ASV6878,FALSE,FALSE,FALSE,NA,NA,NA,NA,NA,NA,NA,NA,NA,1,1,1,1,1,1,FALSE,FALSE,FALSE,TRUE,FALSE,TRUE
3811,ASV6879,TRUE,FALSE,TRUE,NA,NA,NA,NA,NA,NA,NA,NA,NA,NA,NA,NA,NA,NA,NA,NA,NA,NA,NA,NA,NA
3812,ASV6881,TRUE,FALSE,TRUE,NA,NA,NA,NA,NA,NA,NA,NA,NA,NA,NA,NA,NA,NA,NA,NA,NA,NA,NA,NA,NA
3813,ASV6882,TRUE,FALSE,TRUE,NA,NA,NA,NA,NA,NA,NA,NA,NA,NA,NA,NA,NA,NA,NA,NA,NA,NA,NA,NA,NA
3814,ASV6884,FALSE,FALSE,FALSE,NA,NA,NA,NA,NA,NA,NA,NA,NA,1,1,1,1,1,1,FALSE,FALSE,FALSE,TRUE,FALSE,TRUE
3815,ASV6885,TRUE,FALSE,TRUE,NA,NA,NA,NA,NA,NA,NA,NA,NA,NA,NA,NA,NA,NA,NA,NA,NA,NA,NA,NA,NA
3816,ASV6890,FALSE,FALSE,FALSE,NA,NA,NA,NA,NA,NA,NA,NA,NA,1,1,1,1,1,1,FALSE,FALSE,FALSE,TRUE,FALSE,TRUE
3817,ASV6891,TRUE,FALSE,TRUE,NA,NA,NA,NA,NA,NA,NA,NA,NA,NA,NA,NA,NA,NA,NA,NA,NA,NA,NA,NA,NA
3818,ASV6893,FALSE,TRUE,TRUE,NA,NA,NA,NA,NA,NA,NA,NA,NA,NA,NA,NA,NA,NA,NA,NA,NA,NA,NA,NA,NA
3819,ASV6906,TRUE,FALSE,TRUE,NA,NA,NA,NA,NA,NA,NA,NA,NA,NA,NA,NA,NA,NA,NA,NA,NA,NA,NA,NA,NA
3820,ASV6907,TRUE,FALSE,TRUE,NA,NA,NA,NA,NA,NA,NA,NA,NA,NA,NA,NA,NA,NA,NA,NA,NA,NA,NA,NA,NA
3821,ASV6913,FALSE,TRUE,TRUE,NA,NA,NA,NA,NA,NA,NA,NA,NA,NA,NA,NA,NA,NA,NA,NA,NA,NA,NA,NA,NA
3822,ASV6914,FALSE,TRUE,TRUE,NA,NA,NA,NA,NA,NA,NA,NA,NA,NA,NA,NA,NA,NA,NA,NA,NA,NA,NA,NA,NA
3823,ASV6915,FALSE,TRUE,TRUE,NA,NA,NA,NA,NA,NA,NA,NA,NA,NA,NA,NA,NA,NA,NA,NA,NA,NA,NA,NA,NA
3824,ASV6917,FALSE,TRUE,TRUE,NA,NA,NA,NA,NA,NA,NA,NA,NA,NA,NA,NA,NA,NA,NA,NA,NA,NA,NA,NA,NA
3825,ASV6928,TRUE,FALSE,TRUE,NA,NA,NA,NA,NA,NA,NA,NA,NA,NA,NA,NA,NA,NA,NA,NA,NA,NA,NA,NA,NA
3826,ASV6931,FALSE,FALSE,FALSE,NA,NA,NA,NA,NA,NA,NA,NA,NA,1,1,1,1,1,1,FALSE,FALSE,FALSE,TRUE,TRUE,TRUE
3827,ASV6934,FALSE,TRUE,TRUE,NA,NA,NA,NA,NA,NA,NA,NA,NA,NA,NA,NA,NA,NA,NA,NA,NA,NA,NA,NA,NA
3828,ASV6938,FALSE,FALSE,FALSE,NA,NA,NA,NA,NA,NA,NA,NA,NA,1,1,1,1,1,1,FALSE,FALSE,FALSE,TRUE,TRUE,TRUE
3829,ASV6939,FALSE,FALSE,FALSE,NA,NA,NA,NA,NA,NA,NA,NA,NA,1,1,1,1,1,1,FALSE,FALSE,FALSE,TRUE,TRUE,TRUE
3830,ASV6940,TRUE,FALSE,TRUE,NA,NA,NA,NA,NA,NA,NA,NA,NA,NA,NA,NA,NA,NA,NA,NA,NA,NA,NA,NA,NA
3831,ASV6943,FALSE,FALSE,FALSE,NA,NA,NA,NA,NA,NA,NA,NA,NA,1,1,1,1,1,1,FALSE,FALSE,FALSE,TRUE,FALSE,TRUE
3832,ASV6947,FALSE,FALSE,FALSE,NA,NA,NA,NA,NA,NA,NA,NA,NA,1,1,1,1,1,1,FALSE,FALSE,FALSE,TRUE,TRUE,TRUE
3833,ASV6948,TRUE,FALSE,TRUE,NA,NA,NA,NA,NA,NA,NA,NA,NA,NA,NA,NA,NA,NA,NA,NA,NA,NA,NA,NA,NA
3834,ASV6949,FALSE,FALSE,FALSE,NA,NA,NA,NA,NA,NA,NA,NA,NA,1,1,1,1,1,1,FALSE,FALSE,FALSE,TRUE,TRUE,TRUE
3835,ASV6950,TRUE,FALSE,TRUE,NA,NA,NA,NA,NA,NA,NA,NA,NA,NA,NA,NA,NA,NA,NA,NA,NA,NA,NA,NA,NA
3836,ASV6951,TRUE,FALSE,TRUE,NA,NA,NA,NA,NA,NA,NA,NA,NA,NA,NA,NA,NA,NA,NA,NA,NA,NA,NA,NA,NA
3837,ASV6952,TRUE,FALSE,TRUE,NA,NA,NA,NA,NA,NA,NA,NA,NA,NA,NA,NA,NA,NA,NA,NA,NA,NA,NA,NA,NA
3838,ASV6973,TRUE,FALSE,TRUE,NA,NA,NA,NA,NA,NA,NA,NA,NA,NA,NA,NA,NA,NA,NA,NA,NA,NA,NA,NA,NA
3839,ASV6974,FALSE,TRUE,TRUE,NA,NA,NA,NA,NA,NA,NA,NA,NA,NA,NA,NA,NA,NA,NA,NA,NA,NA,NA,NA,NA
3840,ASV6978,FALSE,TRUE,TRUE,NA,NA,NA,NA,NA,NA,NA,NA,NA,NA,NA,NA,NA,NA,NA,NA,NA,NA,NA,NA,NA
3841,ASV6980,FALSE,TRUE,TRUE,NA,NA,NA,NA,NA,NA,NA,NA,NA,NA,NA,NA,NA,NA,NA,NA,NA,NA,NA,NA,NA
3842,ASV6981,FALSE,TRUE,TRUE,NA,NA,NA,NA,NA,NA,NA,NA,NA,NA,NA,NA,NA,NA,NA,NA,NA,NA,NA,NA,NA
3843,ASV6983,FALSE,TRUE,TRUE,NA,NA,NA,NA,NA,NA,NA,NA,NA,NA,NA,NA,NA,NA,NA,NA,NA,NA,NA,NA,NA
3844,ASV6986,TRUE,FALSE,TRUE,NA,NA,NA,NA,NA,NA,NA,NA,NA,NA,NA,NA,NA,NA,NA,NA,NA,NA,NA,NA,NA
3845,ASV6998,TRUE,FALSE,TRUE,NA,NA,NA,NA,NA,NA,NA,NA,NA,NA,NA,NA,NA,NA,NA,NA,NA,NA,NA,NA,NA
3846,ASV6999,TRUE,FALSE,TRUE,NA,NA,NA,NA,NA,NA,NA,NA,NA,NA,NA,NA,NA,NA,NA,NA,NA,NA,NA,NA,NA
3847,ASV7008,FALSE,FALSE,FALSE,NA,NA,NA,NA,NA,NA,NA,NA,NA,1,1,1,1,1,1,FALSE,FALSE,FALSE,TRUE,TRUE,TRUE
3848,ASV7009,FALSE,FALSE,FALSE,NA,NA,NA,NA,NA,NA,NA,NA,NA,1,1,1,1,1,1,FALSE,FALSE,FALSE,TRUE,TRUE,TRUE
3849,ASV7010,TRUE,FALSE,TRUE,NA,NA,NA,NA,NA,NA,NA,NA,NA,NA,NA,NA,NA,NA,NA,NA,NA,NA,NA,NA,NA
3850,ASV7011,FALSE,FALSE,FALSE,NA,NA,NA,NA,NA,NA,NA,NA,NA,1,1,1,1,1,1,FALSE,FALSE,FALSE,TRUE,TRUE,TRUE
3851,ASV7012,TRUE,FALSE,TRUE,NA,NA,NA,NA,NA,NA,NA,NA,NA,NA,NA,NA,NA,NA,NA,NA,NA,NA,NA,NA,NA
3852,ASV7014,FALSE,FALSE,FALSE,NA,NA,NA,NA,NA,NA,NA,NA,NA,1,1,1,1,1,1,FALSE,FALSE,FALSE,TRUE,FALSE,TRUE
3853,ASV7017,TRUE,FALSE,TRUE,NA,NA,NA,NA,NA,NA,NA,NA,NA,NA,NA,NA,NA,NA,NA,NA,NA,NA,NA,NA,NA
3854,ASV7018,TRUE,FALSE,TRUE,NA,NA,NA,NA,NA,NA,NA,NA,NA,NA,NA,NA,NA,NA,NA,NA,NA,NA,NA,NA,NA
3855,ASV7022,FALSE,FALSE,FALSE,NA,NA,NA,NA,NA,NA,NA,NA,NA,1,1,1,1,1,1,FALSE,FALSE,FALSE,TRUE,TRUE,TRUE
3856,ASV7023,TRUE,FALSE,TRUE,NA,NA,NA,NA,NA,NA,NA,NA,NA,NA,NA,NA,NA,NA,NA,NA,NA,NA,NA,NA,NA
3857,ASV7025,TRUE,FALSE,TRUE,NA,NA,NA,NA,NA,NA,NA,NA,NA,NA,NA,NA,NA,NA,NA,NA,NA,NA,NA,NA,NA
3858,ASV7026,TRUE,FALSE,TRUE,NA,NA,NA,NA,NA,NA,NA,NA,NA,NA,NA,NA,NA,NA,NA,NA,NA,NA,NA,NA,NA
3859,ASV7027,TRUE,FALSE,TRUE,NA,NA,NA,NA,NA,NA,NA,NA,NA,NA,NA,NA,NA,NA,NA,NA,NA,NA,NA,NA,NA
3860,ASV7030,FALSE,FALSE,FALSE,NA,NA,NA,NA,NA,NA,NA,NA,NA,1,1,1,1,1,1,FALSE,FALSE,FALSE,TRUE,TRUE,TRUE
3861,ASV7033,FALSE,TRUE,TRUE,NA,NA,NA,NA,NA,NA,NA,NA,NA,NA,NA,NA,NA,NA,NA,NA,NA,NA,NA,NA,NA
3862,ASV7052,FALSE,TRUE,TRUE,NA,NA,NA,NA,NA,NA,NA,NA,NA,NA,NA,NA,NA,NA,NA,NA,NA,NA,NA,NA,NA
3863,ASV7053,FALSE,TRUE,TRUE,NA,NA,NA,NA,NA,NA,NA,NA,NA,NA,NA,NA,NA,NA,NA,NA,NA,NA,NA,NA,NA
3864,ASV7054,FALSE,TRUE,TRUE,NA,NA,NA,NA,NA,NA,NA,NA,NA,NA,NA,NA,NA,NA,NA,NA,NA,NA,NA,NA,NA
3865,ASV7055,FALSE,TRUE,TRUE,NA,NA,NA,NA,NA,NA,NA,NA,NA,NA,NA,NA,NA,NA,NA,NA,NA,NA,NA,NA,NA
3866,ASV7056,FALSE,TRUE,TRUE,NA,NA,NA,NA,NA,NA,NA,NA,NA,NA,NA,NA,NA,NA,NA,NA,NA,NA,NA,NA,NA
3867,ASV7057,FALSE,TRUE,TRUE,NA,NA,NA,NA,NA,NA,NA,NA,NA,NA,NA,NA,NA,NA,NA,NA,NA,NA,NA,NA,NA
3868,ASV7070,TRUE,FALSE,TRUE,NA,NA,NA,NA,NA,NA,NA,NA,NA,NA,NA,NA,NA,NA,NA,NA,NA,NA,NA,NA,NA
3869,ASV7071,TRUE,FALSE,TRUE,NA,NA,NA,NA,NA,NA,NA,NA,NA,NA,NA,NA,NA,NA,NA,NA,NA,NA,NA,NA,NA
3870,ASV7074,FALSE,TRUE,TRUE,NA,NA,NA,NA,NA,NA,NA,NA,NA,NA,NA,NA,NA,NA,NA,NA,NA,NA,NA,NA,NA
3871,ASV7078,FALSE,FALSE,FALSE,NA,NA,NA,NA,NA,NA,NA,NA,NA,1,1,1,1,1,1,FALSE,FALSE,FALSE,TRUE,TRUE,TRUE
3872,ASV7079,FALSE,FALSE,FALSE,NA,NA,NA,NA,NA,NA,NA,NA,NA,1,1,1,1,1,1,FALSE,FALSE,FALSE,TRUE,TRUE,TRUE
3873,ASV7080,TRUE,FALSE,TRUE,NA,NA,NA,NA,NA,NA,NA,NA,NA,NA,NA,NA,NA,NA,NA,NA,NA,NA,NA,NA,NA
3874,ASV7082,TRUE,FALSE,TRUE,NA,NA,NA,NA,NA,NA,NA,NA,NA,NA,NA,NA,NA,NA,NA,NA,NA,NA,NA,NA,NA
3875,ASV7083,TRUE,FALSE,TRUE,NA,NA,NA,NA,NA,NA,NA,NA,NA,NA,NA,NA,NA,NA,NA,NA,NA,NA,NA,NA,NA
3876,ASV7084,TRUE,FALSE,TRUE,NA,NA,NA,NA,NA,NA,NA,NA,NA,NA,NA,NA,NA,NA,NA,NA,NA,NA,NA,NA,NA
3877,ASV7086,FALSE,FALSE,FALSE,NA,NA,NA,NA,NA,NA,NA,NA,NA,1,1,1,1,1,1,FALSE,FALSE,FALSE,TRUE,TRUE,TRUE
3878,ASV7088,FALSE,FALSE,FALSE,NA,NA,NA,NA,NA,NA,NA,NA,NA,1,1,1,1,1,1,FALSE,FALSE,FALSE,TRUE,FALSE,TRUE
3879,ASV7092,TRUE,FALSE,TRUE,NA,NA,NA,NA,NA,NA,NA,NA,NA,NA,NA,NA,NA,NA,NA,NA,NA,NA,NA,NA,NA
3880,ASV7093,FALSE,FALSE,FALSE,NA,NA,NA,NA,NA,NA,NA,NA,NA,1,1,1,1,1,1,FALSE,FALSE,FALSE,TRUE,TRUE,TRUE
3881,ASV7094,TRUE,FALSE,TRUE,NA,NA,NA,NA,NA,NA,NA,NA,NA,NA,NA,NA,NA,NA,NA,NA,NA,NA,NA,NA,NA
3882,ASV7095,TRUE,FALSE,TRUE,NA,NA,NA,NA,NA,NA,NA,NA,NA,NA,NA,NA,NA,NA,NA,NA,NA,NA,NA,NA,NA
3883,ASV7096,TRUE,FALSE,TRUE,NA,NA,NA,NA,NA,NA,NA,NA,NA,NA,NA,NA,NA,NA,NA,NA,NA,NA,NA,NA,NA
3884,ASV7097,TRUE,FALSE,TRUE,NA,NA,NA,NA,NA,NA,NA,NA,NA,NA,NA,NA,NA,NA,NA,NA,NA,NA,NA,NA,NA
3885,ASV7098,TRUE,FALSE,TRUE,NA,NA,NA,NA,NA,NA,NA,NA,NA,NA,NA,NA,NA,NA,NA,NA,NA,NA,NA,NA,NA
3886,ASV7100,TRUE,FALSE,TRUE,NA,NA,NA,NA,NA,NA,NA,NA,NA,NA,NA,NA,NA,NA,NA,NA,NA,NA,NA,NA,NA
3887,ASV7101,TRUE,FALSE,TRUE,NA,NA,NA,NA,NA,NA,NA,NA,NA,NA,NA,NA,NA,NA,NA,NA,NA,NA,NA,NA,NA
3888,ASV7103,FALSE,TRUE,TRUE,NA,NA,NA,NA,NA,NA,NA,NA,NA,NA,NA,NA,NA,NA,NA,NA,NA,NA,NA,NA,NA
3889,ASV7115,FALSE,TRUE,TRUE,NA,NA,NA,NA,NA,NA,NA,NA,NA,NA,NA,NA,NA,NA,NA,NA,NA,NA,NA,NA,NA
3890,ASV7116,FALSE,TRUE,TRUE,NA,NA,NA,NA,NA,NA,NA,NA,NA,NA,NA,NA,NA,NA,NA,NA,NA,NA,NA,NA,NA
3891,ASV7117,FALSE,TRUE,TRUE,NA,NA,NA,NA,NA,NA,NA,NA,NA,NA,NA,NA,NA,NA,NA,NA,NA,NA,NA,NA,NA
3892,ASV7119,FALSE,TRUE,TRUE,NA,NA,NA,NA,NA,NA,NA,NA,NA,NA,NA,NA,NA,NA,NA,NA,NA,NA,NA,NA,NA
3893,ASV7120,FALSE,TRUE,TRUE,NA,NA,NA,NA,NA,NA,NA,NA,NA,NA,NA,NA,NA,NA,NA,NA,NA,NA,NA,NA,NA
3894,ASV7121,FALSE,TRUE,TRUE,NA,NA,NA,NA,NA,NA,NA,NA,NA,NA,NA,NA,NA,NA,NA,NA,NA,NA,NA,NA,NA
3895,ASV7126,TRUE,FALSE,TRUE,NA,NA,NA,NA,NA,NA,NA,NA,NA,NA,NA,NA,NA,NA,NA,NA,NA,NA,NA,NA,NA
3896,ASV7127,TRUE,FALSE,TRUE,NA,NA,NA,NA,NA,NA,NA,NA,NA,NA,NA,NA,NA,NA,NA,NA,NA,NA,NA,NA,NA
3897,ASV7135,TRUE,FALSE,TRUE,NA,NA,NA,NA,NA,NA,NA,NA,NA,NA,NA,NA,NA,NA,NA,NA,NA,NA,NA,NA,NA
3898,ASV7148,TRUE,FALSE,TRUE,NA,NA,NA,NA,NA,NA,NA,NA,NA,NA,NA,NA,NA,NA,NA,NA,NA,NA,NA,NA,NA
3899,ASV7149,TRUE,FALSE,TRUE,NA,NA,NA,NA,NA,NA,NA,NA,NA,NA,NA,NA,NA,NA,NA,NA,NA,NA,NA,NA,NA
3900,ASV7152,TRUE,FALSE,TRUE,NA,NA,NA,NA,NA,NA,NA,NA,NA,NA,NA,NA,NA,NA,NA,NA,NA,NA,NA,NA,NA
3901,ASV7156,TRUE,FALSE,TRUE,NA,NA,NA,NA,NA,NA,NA,NA,NA,NA,NA,NA,NA,NA,NA,NA,NA,NA,NA,NA,NA
3902,ASV7158,TRUE,FALSE,TRUE,NA,NA,NA,NA,NA,NA,NA,NA,NA,NA,NA,NA,NA,NA,NA,NA,NA,NA,NA,NA,NA
3903,ASV7159,TRUE,FALSE,TRUE,NA,NA,NA,NA,NA,NA,NA,NA,NA,NA,NA,NA,NA,NA,NA,NA,NA,NA,NA,NA,NA
3904,ASV7161,FALSE,FALSE,FALSE,NA,NA,NA,NA,NA,NA,NA,NA,NA,1,1,1,1,1,1,FALSE,FALSE,FALSE,TRUE,TRUE,TRUE
3905,ASV7164,TRUE,FALSE,TRUE,NA,NA,NA,NA,NA,NA,NA,NA,NA,NA,NA,NA,NA,NA,NA,NA,NA,NA,NA,NA,NA
3906,ASV7165,TRUE,FALSE,TRUE,NA,NA,NA,NA,NA,NA,NA,NA,NA,NA,NA,NA,NA,NA,NA,NA,NA,NA,NA,NA,NA
3907,ASV7166,TRUE,FALSE,TRUE,NA,NA,NA,NA,NA,NA,NA,NA,NA,NA,NA,NA,NA,NA,NA,NA,NA,NA,NA,NA,NA
3908,ASV7167,TRUE,FALSE,TRUE,NA,NA,NA,NA,NA,NA,NA,NA,NA,NA,NA,NA,NA,NA,NA,NA,NA,NA,NA,NA,NA
3909,ASV7168,TRUE,FALSE,TRUE,NA,NA,NA,NA,NA,NA,NA,NA,NA,NA,NA,NA,NA,NA,NA,NA,NA,NA,NA,NA,NA
3910,ASV7169,TRUE,FALSE,TRUE,NA,NA,NA,NA,NA,NA,NA,NA,NA,NA,NA,NA,NA,NA,NA,NA,NA,NA,NA,NA,NA
3911,ASV7173,FALSE,TRUE,TRUE,NA,NA,NA,NA,NA,NA,NA,NA,NA,NA,NA,NA,NA,NA,NA,NA,NA,NA,NA,NA,NA
3912,ASV7187,TRUE,FALSE,TRUE,NA,NA,NA,NA,NA,NA,NA,NA,NA,NA,NA,NA,NA,NA,NA,NA,NA,NA,NA,NA,NA
3913,ASV7195,FALSE,TRUE,TRUE,NA,NA,NA,NA,NA,NA,NA,NA,NA,NA,NA,NA,NA,NA,NA,NA,NA,NA,NA,NA,NA
3914,ASV7196,FALSE,TRUE,TRUE,NA,NA,NA,NA,NA,NA,NA,NA,NA,NA,NA,NA,NA,NA,NA,NA,NA,NA,NA,NA,NA
3915,ASV7197,FALSE,TRUE,TRUE,NA,NA,NA,NA,NA,NA,NA,NA,NA,NA,NA,NA,NA,NA,NA,NA,NA,NA,NA,NA,NA
3916,ASV7198,FALSE,TRUE,TRUE,NA,NA,NA,NA,NA,NA,NA,NA,NA,NA,NA,NA,NA,NA,NA,NA,NA,NA,NA,NA,NA
3917,ASV7199,FALSE,TRUE,TRUE,NA,NA,NA,NA,NA,NA,NA,NA,NA,NA,NA,NA,NA,NA,NA,NA,NA,NA,NA,NA,NA
3918,ASV7200,FALSE,TRUE,TRUE,NA,NA,NA,NA,NA,NA,NA,NA,NA,NA,NA,NA,NA,NA,NA,NA,NA,NA,NA,NA,NA
3919,ASV7201,FALSE,TRUE,TRUE,NA,NA,NA,NA,NA,NA,NA,NA,NA,NA,NA,NA,NA,NA,NA,NA,NA,NA,NA,NA,NA
3920,ASV7202,FALSE,TRUE,TRUE,NA,NA,NA,NA,NA,NA,NA,NA,NA,NA,NA,NA,NA,NA,NA,NA,NA,NA,NA,NA,NA
3921,ASV7203,FALSE,TRUE,TRUE,NA,NA,NA,NA,NA,NA,NA,NA,NA,NA,NA,NA,NA,NA,NA,NA,NA,NA,NA,NA,NA
3922,ASV7210,TRUE,FALSE,TRUE,NA,NA,NA,NA,NA,NA,NA,NA,NA,NA,NA,NA,NA,NA,NA,NA,NA,NA,NA,NA,NA
3923,ASV7217,TRUE,FALSE,TRUE,NA,NA,NA,NA,NA,NA,NA,NA,NA,NA,NA,NA,NA,NA,NA,NA,NA,NA,NA,NA,NA
3924,ASV7218,TRUE,FALSE,TRUE,NA,NA,NA,NA,NA,NA,NA,NA,NA,NA,NA,NA,NA,NA,NA,NA,NA,NA,NA,NA,NA
3925,ASV7219,TRUE,FALSE,TRUE,NA,NA,NA,NA,NA,NA,NA,NA,NA,NA,NA,NA,NA,NA,NA,NA,NA,NA,NA,NA,NA
3926,ASV7223,FALSE,TRUE,TRUE,NA,NA,NA,NA,NA,NA,NA,NA,NA,NA,NA,NA,NA,NA,NA,NA,NA,NA,NA,NA,NA
3927,ASV7224,FALSE,TRUE,TRUE,NA,NA,NA,NA,NA,NA,NA,NA,NA,NA,NA,NA,NA,NA,NA,NA,NA,NA,NA,NA,NA
3928,ASV7225,FALSE,TRUE,TRUE,NA,NA,NA,NA,NA,NA,NA,NA,NA,NA,NA,NA,NA,NA,NA,NA,NA,NA,NA,NA,NA
3929,ASV7228,TRUE,FALSE,TRUE,NA,NA,NA,NA,NA,NA,NA,NA,NA,NA,NA,NA,NA,NA,NA,NA,NA,NA,NA,NA,NA
3930,ASV7229,TRUE,FALSE,TRUE,NA,NA,NA,NA,NA,NA,NA,NA,NA,NA,NA,NA,NA,NA,NA,NA,NA,NA,NA,NA,NA
3931,ASV7230,TRUE,FALSE,TRUE,NA,NA,NA,NA,NA,NA,NA,NA,NA,NA,NA,NA,NA,NA,NA,NA,NA,NA,NA,NA,NA
3932,ASV7232,FALSE,FALSE,FALSE,NA,NA,NA,NA,NA,NA,NA,NA,NA,1,1,1,1,1,1,FALSE,FALSE,FALSE,TRUE,TRUE,TRUE
3933,ASV7234,TRUE,FALSE,TRUE,NA,NA,NA,NA,NA,NA,NA,NA,NA,NA,NA,NA,NA,NA,NA,NA,NA,NA,NA,NA,NA
3934,ASV7235,TRUE,FALSE,TRUE,NA,NA,NA,NA,NA,NA,NA,NA,NA,NA,NA,NA,NA,NA,NA,NA,NA,NA,NA,NA,NA
3935,ASV7236,TRUE,FALSE,TRUE,NA,NA,NA,NA,NA,NA,NA,NA,NA,NA,NA,NA,NA,NA,NA,NA,NA,NA,NA,NA,NA
3936,ASV7238,TRUE,FALSE,TRUE,NA,NA,NA,NA,NA,NA,NA,NA,NA,NA,NA,NA,NA,NA,NA,NA,NA,NA,NA,NA,NA
3937,ASV7239,FALSE,FALSE,FALSE,NA,NA,NA,NA,NA,NA,NA,NA,NA,1,1,1,1,1,1,FALSE,FALSE,FALSE,TRUE,TRUE,TRUE
3938,ASV7241,FALSE,FALSE,FALSE,NA,NA,NA,NA,NA,NA,NA,NA,NA,1,1,1,1,1,1,FALSE,FALSE,FALSE,TRUE,FALSE,TRUE
3939,ASV7243,FALSE,FALSE,FALSE,NA,NA,NA,NA,NA,NA,NA,NA,NA,1,1,1,1,1,1,FALSE,FALSE,FALSE,TRUE,TRUE,TRUE
3940,ASV7244,FALSE,FALSE,FALSE,NA,NA,NA,NA,NA,NA,NA,NA,NA,1,1,1,1,1,1,FALSE,FALSE,FALSE,TRUE,TRUE,TRUE
3941,ASV7260,FALSE,TRUE,TRUE,NA,NA,NA,NA,NA,NA,NA,NA,NA,NA,NA,NA,NA,NA,NA,NA,NA,NA,NA,NA,NA
3942,ASV7261,FALSE,TRUE,TRUE,NA,NA,NA,NA,NA,NA,NA,NA,NA,NA,NA,NA,NA,NA,NA,NA,NA,NA,NA,NA,NA
3943,ASV7262,FALSE,TRUE,TRUE,NA,NA,NA,NA,NA,NA,NA,NA,NA,NA,NA,NA,NA,NA,NA,NA,NA,NA,NA,NA,NA
3944,ASV7264,FALSE,TRUE,TRUE,NA,NA,NA,NA,NA,NA,NA,NA,NA,NA,NA,NA,NA,NA,NA,NA,NA,NA,NA,NA,NA
3945,ASV7266,FALSE,FALSE,FALSE,-0.884448158,116.487.523.822.575,NA,0.118339137,0.246636924,NA,-747.384.323.719.427,47.230.366.814.624,NA,1,1,1,1,1,1,FALSE,FALSE,FALSE,TRUE,TRUE,TRUE
3946,ASV7267,FALSE,TRUE,TRUE,NA,NA,NA,NA,NA,NA,NA,NA,NA,NA,NA,NA,NA,NA,NA,NA,NA,NA,NA,NA,NA
3947,ASV7283,TRUE,FALSE,TRUE,NA,NA,NA,NA,NA,NA,NA,NA,NA,NA,NA,NA,NA,NA,NA,NA,NA,NA,NA,NA,NA
3948,ASV7284,TRUE,FALSE,TRUE,NA,NA,NA,NA,NA,NA,NA,NA,NA,NA,NA,NA,NA,NA,NA,NA,NA,NA,NA,NA,NA
3949,ASV7285,TRUE,FALSE,TRUE,NA,NA,NA,NA,NA,NA,NA,NA,NA,NA,NA,NA,NA,NA,NA,NA,NA,NA,NA,NA,NA
3950,ASV7288,FALSE,TRUE,TRUE,NA,NA,NA,NA,NA,NA,NA,NA,NA,NA,NA,NA,NA,NA,NA,NA,NA,NA,NA,NA,NA
3951,ASV7294,TRUE,FALSE,TRUE,NA,NA,NA,NA,NA,NA,NA,NA,NA,NA,NA,NA,NA,NA,NA,NA,NA,NA,NA,NA,NA
3952,ASV7296,FALSE,FALSE,FALSE,NA,NA,NA,NA,NA,NA,NA,NA,NA,1,1,1,1,1,1,FALSE,FALSE,FALSE,TRUE,TRUE,TRUE
3953,ASV7297,FALSE,FALSE,FALSE,NA,NA,NA,NA,NA,NA,NA,NA,NA,1,1,1,1,1,1,FALSE,FALSE,FALSE,TRUE,TRUE,TRUE
3954,ASV7298,FALSE,FALSE,FALSE,NA,NA,NA,NA,NA,NA,NA,NA,NA,1,1,1,1,1,1,FALSE,FALSE,FALSE,TRUE,FALSE,TRUE
3955,ASV7300,TRUE,FALSE,TRUE,NA,NA,NA,NA,NA,NA,NA,NA,NA,NA,NA,NA,NA,NA,NA,NA,NA,NA,NA,NA,NA
3956,ASV7302,TRUE,FALSE,TRUE,NA,NA,NA,NA,NA,NA,NA,NA,NA,NA,NA,NA,NA,NA,NA,NA,NA,NA,NA,NA,NA
3957,ASV7305,FALSE,FALSE,FALSE,NA,NA,NA,NA,NA,NA,NA,NA,NA,1,1,1,1,1,1,FALSE,FALSE,FALSE,TRUE,FALSE,TRUE
3958,ASV7306,TRUE,FALSE,TRUE,NA,NA,NA,NA,NA,NA,NA,NA,NA,NA,NA,NA,NA,NA,NA,NA,NA,NA,NA,NA,NA
3959,ASV7308,TRUE,FALSE,TRUE,NA,NA,NA,NA,NA,NA,NA,NA,NA,NA,NA,NA,NA,NA,NA,NA,NA,NA,NA,NA,NA
3960,ASV7309,TRUE,FALSE,TRUE,NA,NA,NA,NA,NA,NA,NA,NA,NA,NA,NA,NA,NA,NA,NA,NA,NA,NA,NA,NA,NA
3961,ASV7310,TRUE,FALSE,TRUE,NA,NA,NA,NA,NA,NA,NA,NA,NA,NA,NA,NA,NA,NA,NA,NA,NA,NA,NA,NA,NA
3962,ASV7311,FALSE,FALSE,FALSE,NA,NA,NA,NA,NA,NA,NA,NA,NA,1,1,1,1,1,1,FALSE,FALSE,FALSE,TRUE,TRUE,TRUE
3963,ASV7312,TRUE,FALSE,TRUE,NA,NA,NA,NA,NA,NA,NA,NA,NA,NA,NA,NA,NA,NA,NA,NA,NA,NA,NA,NA,NA
3964,ASV7313,TRUE,FALSE,TRUE,NA,NA,NA,NA,NA,NA,NA,NA,NA,NA,NA,NA,NA,NA,NA,NA,NA,NA,NA,NA,NA
3965,ASV7314,TRUE,FALSE,TRUE,NA,NA,NA,NA,NA,NA,NA,NA,NA,NA,NA,NA,NA,NA,NA,NA,NA,NA,NA,NA,NA
3966,ASV7315,FALSE,FALSE,FALSE,NA,NA,NA,NA,NA,NA,NA,NA,NA,1,1,1,1,1,1,FALSE,FALSE,FALSE,TRUE,TRUE,TRUE
3967,ASV7320,TRUE,FALSE,TRUE,NA,NA,NA,NA,NA,NA,NA,NA,NA,NA,NA,NA,NA,NA,NA,NA,NA,NA,NA,NA,NA
3968,ASV7322,FALSE,TRUE,TRUE,NA,NA,NA,NA,NA,NA,NA,NA,NA,NA,NA,NA,NA,NA,NA,NA,NA,NA,NA,NA,NA
3969,ASV7335,FALSE,TRUE,TRUE,NA,NA,NA,NA,NA,NA,NA,NA,NA,NA,NA,NA,NA,NA,NA,NA,NA,NA,NA,NA,NA
3970,ASV7337,FALSE,TRUE,TRUE,NA,NA,NA,NA,NA,NA,NA,NA,NA,NA,NA,NA,NA,NA,NA,NA,NA,NA,NA,NA,NA
3971,ASV7338,FALSE,TRUE,TRUE,NA,NA,NA,NA,NA,NA,NA,NA,NA,NA,NA,NA,NA,NA,NA,NA,NA,NA,NA,NA,NA
3972,ASV7339,FALSE,TRUE,TRUE,NA,NA,NA,NA,NA,NA,NA,NA,NA,NA,NA,NA,NA,NA,NA,NA,NA,NA,NA,NA,NA
3973,ASV7340,FALSE,TRUE,TRUE,NA,NA,NA,NA,NA,NA,NA,NA,NA,NA,NA,NA,NA,NA,NA,NA,NA,NA,NA,NA,NA
3974,ASV7355,FALSE,FALSE,FALSE,NA,NA,NA,NA,NA,NA,NA,NA,NA,1,1,1,1,1,1,FALSE,FALSE,FALSE,TRUE,TRUE,TRUE
3975,ASV7358,TRUE,FALSE,TRUE,NA,NA,NA,NA,NA,NA,NA,NA,NA,NA,NA,NA,NA,NA,NA,NA,NA,NA,NA,NA,NA
3976,ASV7360,FALSE,TRUE,TRUE,NA,NA,NA,NA,NA,NA,NA,NA,NA,NA,NA,NA,NA,NA,NA,NA,NA,NA,NA,NA,NA
3977,ASV7369,FALSE,FALSE,FALSE,NA,NA,NA,NA,NA,NA,NA,NA,NA,1,1,1,1,1,1,FALSE,FALSE,FALSE,TRUE,TRUE,TRUE
3978,ASV7370,FALSE,FALSE,FALSE,NA,NA,NA,NA,NA,NA,NA,NA,NA,1,1,1,1,1,1,FALSE,FALSE,FALSE,TRUE,TRUE,TRUE
3979,ASV7371,FALSE,FALSE,FALSE,NA,NA,NA,NA,NA,NA,NA,NA,NA,1,1,1,1,1,1,FALSE,FALSE,FALSE,TRUE,TRUE,TRUE
3980,ASV7374,FALSE,FALSE,FALSE,NA,NA,NA,NA,NA,NA,NA,NA,NA,1,1,1,1,1,1,FALSE,FALSE,FALSE,TRUE,TRUE,TRUE
3981,ASV7375,FALSE,FALSE,FALSE,NA,NA,NA,NA,NA,NA,NA,NA,NA,1,1,1,1,1,1,FALSE,FALSE,FALSE,TRUE,FALSE,TRUE
3982,ASV7377,TRUE,FALSE,TRUE,NA,NA,NA,NA,NA,NA,NA,NA,NA,NA,NA,NA,NA,NA,NA,NA,NA,NA,NA,NA,NA
3983,ASV7378,TRUE,FALSE,TRUE,NA,NA,NA,NA,NA,NA,NA,NA,NA,NA,NA,NA,NA,NA,NA,NA,NA,NA,NA,NA,NA
3984,ASV7379,FALSE,FALSE,FALSE,NA,NA,NA,NA,NA,NA,NA,NA,NA,1,1,1,1,1,1,FALSE,FALSE,FALSE,TRUE,TRUE,TRUE
3985,ASV7381,TRUE,FALSE,TRUE,NA,NA,NA,NA,NA,NA,NA,NA,NA,NA,NA,NA,NA,NA,NA,NA,NA,NA,NA,NA,NA
3986,ASV7406,FALSE,TRUE,TRUE,NA,NA,NA,NA,NA,NA,NA,NA,NA,NA,NA,NA,NA,NA,NA,NA,NA,NA,NA,NA,NA
3987,ASV7407,FALSE,TRUE,TRUE,NA,NA,NA,NA,NA,NA,NA,NA,NA,NA,NA,NA,NA,NA,NA,NA,NA,NA,NA,NA,NA
3988,ASV7408,FALSE,TRUE,TRUE,NA,NA,NA,NA,NA,NA,NA,NA,NA,NA,NA,NA,NA,NA,NA,NA,NA,NA,NA,NA,NA
3989,ASV7411,FALSE,TRUE,TRUE,NA,NA,NA,NA,NA,NA,NA,NA,NA,NA,NA,NA,NA,NA,NA,NA,NA,NA,NA,NA,NA
3990,ASV7418,TRUE,FALSE,TRUE,NA,NA,NA,NA,NA,NA,NA,NA,NA,NA,NA,NA,NA,NA,NA,NA,NA,NA,NA,NA,NA
3991,ASV7427,TRUE,FALSE,TRUE,NA,NA,NA,NA,NA,NA,NA,NA,NA,NA,NA,NA,NA,NA,NA,NA,NA,NA,NA,NA,NA
3992,ASV7442,FALSE,TRUE,TRUE,NA,NA,NA,NA,NA,NA,NA,NA,NA,NA,NA,NA,NA,NA,NA,NA,NA,NA,NA,NA,NA
3993,ASV7443,FALSE,TRUE,TRUE,NA,NA,NA,NA,NA,NA,NA,NA,NA,NA,NA,NA,NA,NA,NA,NA,NA,NA,NA,NA,NA
3994,ASV7444,FALSE,TRUE,TRUE,NA,NA,NA,NA,NA,NA,NA,NA,NA,NA,NA,NA,NA,NA,NA,NA,NA,NA,NA,NA,NA
3995,ASV7446,FALSE,TRUE,TRUE,NA,NA,NA,NA,NA,NA,NA,NA,NA,NA,NA,NA,NA,NA,NA,NA,NA,NA,NA,NA,NA
3996,ASV7454,TRUE,FALSE,TRUE,NA,NA,NA,NA,NA,NA,NA,NA,NA,NA,NA,NA,NA,NA,NA,NA,NA,NA,NA,NA,NA
3997,ASV7457,FALSE,FALSE,FALSE,NA,NA,NA,NA,NA,NA,NA,NA,NA,1,1,1,1,1,1,FALSE,FALSE,FALSE,TRUE,FALSE,TRUE
3998,ASV7458,TRUE,FALSE,TRUE,NA,NA,NA,NA,NA,NA,NA,NA,NA,NA,NA,NA,NA,NA,NA,NA,NA,NA,NA,NA,NA
3999,ASV7460,FALSE,FALSE,FALSE,NA,NA,NA,NA,NA,NA,NA,NA,NA,1,1,1,1,1,1,FALSE,FALSE,FALSE,TRUE,TRUE,TRUE
4000,ASV7461,TRUE,FALSE,TRUE,NA,NA,NA,NA,NA,NA,NA,NA,NA,NA,NA,NA,NA,NA,NA,NA,NA,NA,NA,NA,NA
4001,ASV7462,TRUE,FALSE,TRUE,NA,NA,NA,NA,NA,NA,NA,NA,NA,NA,NA,NA,NA,NA,NA,NA,NA,NA,NA,NA,NA
4002,ASV7464,FALSE,FALSE,FALSE,NA,NA,NA,NA,NA,NA,NA,NA,NA,1,1,1,1,1,1,FALSE,FALSE,FALSE,TRUE,FALSE,TRUE
4003,ASV7466,TRUE,FALSE,TRUE,NA,NA,NA,NA,NA,NA,NA,NA,NA,NA,NA,NA,NA,NA,NA,NA,NA,NA,NA,NA,NA
4004,ASV7467,TRUE,FALSE,TRUE,NA,NA,NA,NA,NA,NA,NA,NA,NA,NA,NA,NA,NA,NA,NA,NA,NA,NA,NA,NA,NA
4005,ASV7468,TRUE,FALSE,TRUE,NA,NA,NA,NA,NA,NA,NA,NA,NA,NA,NA,NA,NA,NA,NA,NA,NA,NA,NA,NA,NA
4006,ASV7469,FALSE,FALSE,FALSE,NA,NA,NA,NA,NA,NA,NA,NA,NA,1,1,1,1,1,1,FALSE,FALSE,FALSE,TRUE,TRUE,TRUE
4007,ASV7470,FALSE,FALSE,FALSE,NA,NA,NA,NA,NA,NA,NA,NA,NA,1,1,1,1,1,1,FALSE,FALSE,FALSE,TRUE,TRUE,TRUE
4008,ASV7472,FALSE,TRUE,TRUE,NA,NA,NA,NA,NA,NA,NA,NA,NA,NA,NA,NA,NA,NA,NA,NA,NA,NA,NA,NA,NA
4009,ASV7473,FALSE,TRUE,TRUE,NA,NA,NA,NA,NA,NA,NA,NA,NA,NA,NA,NA,NA,NA,NA,NA,NA,NA,NA,NA,NA
4010,ASV7485,TRUE,FALSE,TRUE,NA,NA,NA,NA,NA,NA,NA,NA,NA,NA,NA,NA,NA,NA,NA,NA,NA,NA,NA,NA,NA
4011,ASV7488,FALSE,TRUE,TRUE,NA,NA,NA,NA,NA,NA,NA,NA,NA,NA,NA,NA,NA,NA,NA,NA,NA,NA,NA,NA,NA
4012,ASV7495,FALSE,TRUE,TRUE,NA,NA,NA,NA,NA,NA,NA,NA,NA,NA,NA,NA,NA,NA,NA,NA,NA,NA,NA,NA,NA
4013,ASV7497,FALSE,TRUE,TRUE,NA,NA,NA,NA,NA,NA,NA,NA,NA,NA,NA,NA,NA,NA,NA,NA,NA,NA,NA,NA,NA
4014,ASV7505,TRUE,FALSE,TRUE,NA,NA,NA,NA,NA,NA,NA,NA,NA,NA,NA,NA,NA,NA,NA,NA,NA,NA,NA,NA,NA
4015,ASV7515,TRUE,FALSE,TRUE,NA,NA,NA,NA,NA,NA,NA,NA,NA,NA,NA,NA,NA,NA,NA,NA,NA,NA,NA,NA,NA
4016,ASV7520,TRUE,FALSE,TRUE,NA,NA,NA,NA,NA,NA,NA,NA,NA,NA,NA,NA,NA,NA,NA,NA,NA,NA,NA,NA,NA
4017,ASV7522,TRUE,FALSE,TRUE,NA,NA,NA,NA,NA,NA,NA,NA,NA,NA,NA,NA,NA,NA,NA,NA,NA,NA,NA,NA,NA
4018,ASV7526,TRUE,FALSE,TRUE,NA,NA,NA,NA,NA,NA,NA,NA,NA,NA,NA,NA,NA,NA,NA,NA,NA,NA,NA,NA,NA
4019,ASV7527,TRUE,FALSE,TRUE,NA,NA,NA,NA,NA,NA,NA,NA,NA,NA,NA,NA,NA,NA,NA,NA,NA,NA,NA,NA,NA
4020,ASV7528,TRUE,FALSE,TRUE,NA,NA,NA,NA,NA,NA,NA,NA,NA,NA,NA,NA,NA,NA,NA,NA,NA,NA,NA,NA,NA
4021,ASV7530,TRUE,FALSE,TRUE,NA,NA,NA,NA,NA,NA,NA,NA,NA,NA,NA,NA,NA,NA,NA,NA,NA,NA,NA,NA,NA
4022,ASV7534,FALSE,TRUE,TRUE,NA,NA,NA,NA,NA,NA,NA,NA,NA,NA,NA,NA,NA,NA,NA,NA,NA,NA,NA,NA,NA
4023,ASV7538,FALSE,FALSE,FALSE,NA,NA,NA,NA,NA,NA,NA,NA,NA,1,1,1,1,1,1,FALSE,FALSE,FALSE,TRUE,TRUE,TRUE
4024,ASV7542,TRUE,FALSE,TRUE,NA,NA,NA,NA,NA,NA,NA,NA,NA,NA,NA,NA,NA,NA,NA,NA,NA,NA,NA,NA,NA
4025,ASV7544,FALSE,FALSE,FALSE,NA,NA,NA,NA,NA,NA,NA,NA,NA,1,1,1,1,1,1,FALSE,FALSE,FALSE,TRUE,TRUE,TRUE
4026,ASV7546,FALSE,FALSE,FALSE,NA,NA,NA,NA,NA,NA,NA,NA,NA,1,1,1,1,1,1,FALSE,FALSE,FALSE,TRUE,FALSE,TRUE
4027,ASV7547,TRUE,FALSE,TRUE,NA,NA,NA,NA,NA,NA,NA,NA,NA,NA,NA,NA,NA,NA,NA,NA,NA,NA,NA,NA,NA
4028,ASV7549,TRUE,FALSE,TRUE,NA,NA,NA,NA,NA,NA,NA,NA,NA,NA,NA,NA,NA,NA,NA,NA,NA,NA,NA,NA,NA
4029,ASV7550,TRUE,FALSE,TRUE,NA,NA,NA,NA,NA,NA,NA,NA,NA,NA,NA,NA,NA,NA,NA,NA,NA,NA,NA,NA,NA
4030,ASV7551,TRUE,FALSE,TRUE,NA,NA,NA,NA,NA,NA,NA,NA,NA,NA,NA,NA,NA,NA,NA,NA,NA,NA,NA,NA,NA
4031,ASV7552,TRUE,FALSE,TRUE,NA,NA,NA,NA,NA,NA,NA,NA,NA,NA,NA,NA,NA,NA,NA,NA,NA,NA,NA,NA,NA
4032,ASV7553,TRUE,FALSE,TRUE,NA,NA,NA,NA,NA,NA,NA,NA,NA,NA,NA,NA,NA,NA,NA,NA,NA,NA,NA,NA,NA
4033,ASV7554,TRUE,FALSE,TRUE,NA,NA,NA,NA,NA,NA,NA,NA,NA,NA,NA,NA,NA,NA,NA,NA,NA,NA,NA,NA,NA
4034,ASV7556,FALSE,FALSE,FALSE,NA,NA,NA,NA,NA,NA,NA,NA,NA,1,1,1,1,1,1,FALSE,FALSE,FALSE,TRUE,TRUE,TRUE
4035,ASV7558,TRUE,FALSE,TRUE,NA,NA,NA,NA,NA,NA,NA,NA,NA,NA,NA,NA,NA,NA,NA,NA,NA,NA,NA,NA,NA
4036,ASV7573,TRUE,FALSE,TRUE,NA,NA,NA,NA,NA,NA,NA,NA,NA,NA,NA,NA,NA,NA,NA,NA,NA,NA,NA,NA,NA
4037,ASV7579,TRUE,FALSE,TRUE,NA,NA,NA,NA,NA,NA,NA,NA,NA,NA,NA,NA,NA,NA,NA,NA,NA,NA,NA,NA,NA
4038,ASV7582,FALSE,TRUE,TRUE,NA,NA,NA,NA,NA,NA,NA,NA,NA,NA,NA,NA,NA,NA,NA,NA,NA,NA,NA,NA,NA
4039,ASV7583,FALSE,TRUE,TRUE,NA,NA,NA,NA,NA,NA,NA,NA,NA,NA,NA,NA,NA,NA,NA,NA,NA,NA,NA,NA,NA
4040,ASV7584,FALSE,TRUE,TRUE,NA,NA,NA,NA,NA,NA,NA,NA,NA,NA,NA,NA,NA,NA,NA,NA,NA,NA,NA,NA,NA
4041,ASV7585,FALSE,TRUE,TRUE,NA,NA,NA,NA,NA,NA,NA,NA,NA,NA,NA,NA,NA,NA,NA,NA,NA,NA,NA,NA,NA
4042,ASV7588,FALSE,TRUE,TRUE,NA,NA,NA,NA,NA,NA,NA,NA,NA,NA,NA,NA,NA,NA,NA,NA,NA,NA,NA,NA,NA
4043,ASV7589,FALSE,TRUE,TRUE,NA,NA,NA,NA,NA,NA,NA,NA,NA,NA,NA,NA,NA,NA,NA,NA,NA,NA,NA,NA,NA
4044,ASV7616,TRUE,FALSE,TRUE,NA,NA,NA,NA,NA,NA,NA,NA,NA,NA,NA,NA,NA,NA,NA,NA,NA,NA,NA,NA,NA
4045,ASV7617,TRUE,FALSE,TRUE,NA,NA,NA,NA,NA,NA,NA,NA,NA,NA,NA,NA,NA,NA,NA,NA,NA,NA,NA,NA,NA
4046,ASV7618,TRUE,FALSE,TRUE,NA,NA,NA,NA,NA,NA,NA,NA,NA,NA,NA,NA,NA,NA,NA,NA,NA,NA,NA,NA,NA
4047,ASV7619,TRUE,FALSE,TRUE,NA,NA,NA,NA,NA,NA,NA,NA,NA,NA,NA,NA,NA,NA,NA,NA,NA,NA,NA,NA,NA
4048,ASV7620,FALSE,TRUE,TRUE,NA,NA,NA,NA,NA,NA,NA,NA,NA,NA,NA,NA,NA,NA,NA,NA,NA,NA,NA,NA,NA
4049,ASV7630,FALSE,FALSE,FALSE,NA,NA,NA,NA,NA,NA,NA,NA,NA,1,1,1,1,1,1,FALSE,FALSE,FALSE,TRUE,TRUE,TRUE
4050,ASV7631,TRUE,FALSE,TRUE,NA,NA,NA,NA,NA,NA,NA,NA,NA,NA,NA,NA,NA,NA,NA,NA,NA,NA,NA,NA,NA
4051,ASV7632,FALSE,FALSE,FALSE,NA,NA,NA,NA,NA,NA,NA,NA,NA,1,1,1,1,1,1,FALSE,FALSE,FALSE,TRUE,TRUE,TRUE
4052,ASV7633,FALSE,FALSE,FALSE,NA,NA,NA,NA,NA,NA,NA,NA,NA,1,1,1,1,1,1,FALSE,FALSE,FALSE,TRUE,FALSE,TRUE
4053,ASV7635,TRUE,FALSE,TRUE,NA,NA,NA,NA,NA,NA,NA,NA,NA,NA,NA,NA,NA,NA,NA,NA,NA,NA,NA,NA,NA
4054,ASV7636,FALSE,FALSE,FALSE,NA,NA,NA,NA,NA,NA,NA,NA,NA,1,1,1,1,1,1,FALSE,FALSE,FALSE,TRUE,TRUE,TRUE
4055,ASV7638,TRUE,FALSE,TRUE,NA,NA,NA,NA,NA,NA,NA,NA,NA,NA,NA,NA,NA,NA,NA,NA,NA,NA,NA,NA,NA
4056,ASV7641,FALSE,FALSE,FALSE,NA,NA,NA,NA,NA,NA,NA,NA,NA,1,1,1,1,1,1,FALSE,FALSE,FALSE,TRUE,FALSE,TRUE
4057,ASV7642,TRUE,FALSE,TRUE,NA,NA,NA,NA,NA,NA,NA,NA,NA,NA,NA,NA,NA,NA,NA,NA,NA,NA,NA,NA,NA
4058,ASV7643,TRUE,FALSE,TRUE,NA,NA,NA,NA,NA,NA,NA,NA,NA,NA,NA,NA,NA,NA,NA,NA,NA,NA,NA,NA,NA
4059,ASV7666,FALSE,FALSE,FALSE,-0.704599904,167.089.661.810.229,NA,0.139548706,0.248521467,NA,-504.913.246.690.283,672.334.923.647.549,NA,0.124474151,0.093998781,1,1,1,1,FALSE,FALSE,FALSE,TRUE,TRUE,TRUE
4060,ASV7667,FALSE,TRUE,TRUE,NA,NA,NA,NA,NA,NA,NA,NA,NA,NA,NA,NA,NA,NA,NA,NA,NA,NA,NA,NA,NA
4061,ASV7668,FALSE,TRUE,TRUE,NA,NA,NA,NA,NA,NA,NA,NA,NA,NA,NA,NA,NA,NA,NA,NA,NA,NA,NA,NA,NA
4062,ASV7669,FALSE,TRUE,TRUE,NA,NA,NA,NA,NA,NA,NA,NA,NA,NA,NA,NA,NA,NA,NA,NA,NA,NA,NA,NA,NA
4063,ASV7670,FALSE,TRUE,TRUE,NA,NA,NA,NA,NA,NA,NA,NA,NA,NA,NA,NA,NA,NA,NA,NA,NA,NA,NA,NA,NA
4064,ASV7671,FALSE,TRUE,TRUE,NA,NA,NA,NA,NA,NA,NA,NA,NA,NA,NA,NA,NA,NA,NA,NA,NA,NA,NA,NA,NA
4065,ASV7672,FALSE,TRUE,TRUE,NA,NA,NA,NA,NA,NA,NA,NA,NA,NA,NA,NA,NA,NA,NA,NA,NA,NA,NA,NA,NA
4066,ASV7694,TRUE,FALSE,TRUE,NA,NA,NA,NA,NA,NA,NA,NA,NA,NA,NA,NA,NA,NA,NA,NA,NA,NA,NA,NA,NA
4067,ASV7696,TRUE,FALSE,TRUE,NA,NA,NA,NA,NA,NA,NA,NA,NA,NA,NA,NA,NA,NA,NA,NA,NA,NA,NA,NA,NA
4068,ASV7697,TRUE,FALSE,TRUE,NA,NA,NA,NA,NA,NA,NA,NA,NA,NA,NA,NA,NA,NA,NA,NA,NA,NA,NA,NA,NA
4069,ASV7698,TRUE,FALSE,TRUE,NA,NA,NA,NA,NA,NA,NA,NA,NA,NA,NA,NA,NA,NA,NA,NA,NA,NA,NA,NA,NA
4070,ASV7699,FALSE,TRUE,TRUE,NA,NA,NA,NA,NA,NA,NA,NA,NA,NA,NA,NA,NA,NA,NA,NA,NA,NA,NA,NA,NA
4071,ASV7715,FALSE,FALSE,FALSE,NA,NA,NA,NA,NA,NA,NA,NA,NA,1,1,1,1,1,1,FALSE,FALSE,FALSE,TRUE,FALSE,TRUE
4072,ASV7716,TRUE,FALSE,TRUE,NA,NA,NA,NA,NA,NA,NA,NA,NA,NA,NA,NA,NA,NA,NA,NA,NA,NA,NA,NA,NA
4073,ASV7718,TRUE,FALSE,TRUE,NA,NA,NA,NA,NA,NA,NA,NA,NA,NA,NA,NA,NA,NA,NA,NA,NA,NA,NA,NA,NA
4074,ASV7719,FALSE,FALSE,FALSE,NA,NA,NA,NA,NA,NA,NA,NA,NA,1,1,1,1,1,1,FALSE,FALSE,FALSE,TRUE,TRUE,TRUE
4075,ASV7721,FALSE,FALSE,FALSE,NA,NA,NA,NA,NA,NA,NA,NA,NA,1,1,1,1,1,1,FALSE,FALSE,FALSE,TRUE,TRUE,TRUE
4076,ASV7722,TRUE,FALSE,TRUE,NA,NA,NA,NA,NA,NA,NA,NA,NA,NA,NA,NA,NA,NA,NA,NA,NA,NA,NA,NA,NA
4077,ASV7740,FALSE,TRUE,TRUE,NA,NA,NA,NA,NA,NA,NA,NA,NA,NA,NA,NA,NA,NA,NA,NA,NA,NA,NA,NA,NA
4078,ASV7742,FALSE,TRUE,TRUE,NA,NA,NA,NA,NA,NA,NA,NA,NA,NA,NA,NA,NA,NA,NA,NA,NA,NA,NA,NA,NA
4079,ASV7745,FALSE,TRUE,TRUE,NA,NA,NA,NA,NA,NA,NA,NA,NA,NA,NA,NA,NA,NA,NA,NA,NA,NA,NA,NA,NA
4080,ASV7746,FALSE,TRUE,TRUE,NA,NA,NA,NA,NA,NA,NA,NA,NA,NA,NA,NA,NA,NA,NA,NA,NA,NA,NA,NA,NA
4081,ASV7747,FALSE,TRUE,TRUE,NA,NA,NA,NA,NA,NA,NA,NA,NA,NA,NA,NA,NA,NA,NA,NA,NA,NA,NA,NA,NA
4082,ASV7752,TRUE,FALSE,TRUE,NA,NA,NA,NA,NA,NA,NA,NA,NA,NA,NA,NA,NA,NA,NA,NA,NA,NA,NA,NA,NA
4083,ASV7763,TRUE,FALSE,TRUE,NA,NA,NA,NA,NA,NA,NA,NA,NA,NA,NA,NA,NA,NA,NA,NA,NA,NA,NA,NA,NA
4084,ASV7771,TRUE,FALSE,TRUE,NA,NA,NA,NA,NA,NA,NA,NA,NA,NA,NA,NA,NA,NA,NA,NA,NA,NA,NA,NA,NA
4085,ASV7772,TRUE,FALSE,TRUE,NA,NA,NA,NA,NA,NA,NA,NA,NA,NA,NA,NA,NA,NA,NA,NA,NA,NA,NA,NA,NA
4086,ASV7773,TRUE,FALSE,TRUE,NA,NA,NA,NA,NA,NA,NA,NA,NA,NA,NA,NA,NA,NA,NA,NA,NA,NA,NA,NA,NA
4087,ASV7774,TRUE,FALSE,TRUE,NA,NA,NA,NA,NA,NA,NA,NA,NA,NA,NA,NA,NA,NA,NA,NA,NA,NA,NA,NA,NA
4088,ASV7787,FALSE,FALSE,FALSE,NA,NA,NA,NA,NA,NA,NA,NA,NA,1,1,1,1,1,1,FALSE,FALSE,FALSE,TRUE,TRUE,TRUE
4089,ASV7788,FALSE,FALSE,FALSE,NA,NA,NA,NA,NA,NA,NA,NA,NA,1,1,1,1,1,1,FALSE,FALSE,FALSE,TRUE,FALSE,TRUE
4090,ASV7790,TRUE,FALSE,TRUE,NA,NA,NA,NA,NA,NA,NA,NA,NA,NA,NA,NA,NA,NA,NA,NA,NA,NA,NA,NA,NA
4091,ASV7791,FALSE,FALSE,FALSE,NA,NA,NA,NA,NA,NA,NA,NA,NA,1,1,1,1,1,1,FALSE,FALSE,FALSE,TRUE,TRUE,TRUE
4092,ASV7792,FALSE,FALSE,FALSE,NA,NA,NA,NA,NA,NA,NA,NA,NA,1,1,1,1,1,1,FALSE,FALSE,FALSE,TRUE,FALSE,TRUE
4093,ASV7793,FALSE,FALSE,FALSE,NA,NA,NA,NA,NA,NA,NA,NA,NA,1,1,1,1,1,1,FALSE,FALSE,FALSE,TRUE,TRUE,TRUE
4094,ASV7794,TRUE,FALSE,TRUE,NA,NA,NA,NA,NA,NA,NA,NA,NA,NA,NA,NA,NA,NA,NA,NA,NA,NA,NA,NA,NA
4095,ASV7795,TRUE,FALSE,TRUE,NA,NA,NA,NA,NA,NA,NA,NA,NA,NA,NA,NA,NA,NA,NA,NA,NA,NA,NA,NA,NA
4096,ASV7796,TRUE,FALSE,TRUE,NA,NA,NA,NA,NA,NA,NA,NA,NA,NA,NA,NA,NA,NA,NA,NA,NA,NA,NA,NA,NA
4097,ASV7798,TRUE,FALSE,TRUE,NA,NA,NA,NA,NA,NA,NA,NA,NA,NA,NA,NA,NA,NA,NA,NA,NA,NA,NA,NA,NA
4098,ASV7800,FALSE,FALSE,FALSE,NA,NA,NA,NA,NA,NA,NA,NA,NA,1,1,1,1,1,1,FALSE,FALSE,FALSE,TRUE,TRUE,TRUE
4099,ASV7801,TRUE,FALSE,TRUE,NA,NA,NA,NA,NA,NA,NA,NA,NA,NA,NA,NA,NA,NA,NA,NA,NA,NA,NA,NA,NA
4100,ASV7806,TRUE,FALSE,TRUE,NA,NA,NA,NA,NA,NA,NA,NA,NA,NA,NA,NA,NA,NA,NA,NA,NA,NA,NA,NA,NA
4101,ASV7808,TRUE,FALSE,TRUE,NA,NA,NA,NA,NA,NA,NA,NA,NA,NA,NA,NA,NA,NA,NA,NA,NA,NA,NA,NA,NA
4102,ASV7818,FALSE,TRUE,TRUE,NA,NA,NA,NA,NA,NA,NA,NA,NA,NA,NA,NA,NA,NA,NA,NA,NA,NA,NA,NA,NA
4103,ASV7819,FALSE,TRUE,TRUE,NA,NA,NA,NA,NA,NA,NA,NA,NA,NA,NA,NA,NA,NA,NA,NA,NA,NA,NA,NA,NA
4104,ASV7821,FALSE,FALSE,FALSE,0.176603208,-0.550484019,NA,0.126844551,0.245216396,NA,139.228.061.021.786,-224.489.075.088.377,NA,0.396529409,0.266787416,1,1,1,1,FALSE,FALSE,FALSE,TRUE,TRUE,TRUE
4105,ASV7822,FALSE,TRUE,TRUE,NA,NA,NA,NA,NA,NA,NA,NA,NA,NA,NA,NA,NA,NA,NA,NA,NA,NA,NA,NA,NA
4106,ASV7836,TRUE,FALSE,TRUE,NA,NA,NA,NA,NA,NA,NA,NA,NA,NA,NA,NA,NA,NA,NA,NA,NA,NA,NA,NA,NA
4107,ASV7838,FALSE,TRUE,TRUE,NA,NA,NA,NA,NA,NA,NA,NA,NA,NA,NA,NA,NA,NA,NA,NA,NA,NA,NA,NA,NA
4108,ASV7839,FALSE,TRUE,TRUE,NA,NA,NA,NA,NA,NA,NA,NA,NA,NA,NA,NA,NA,NA,NA,NA,NA,NA,NA,NA,NA
4109,ASV7847,TRUE,FALSE,TRUE,NA,NA,NA,NA,NA,NA,NA,NA,NA,NA,NA,NA,NA,NA,NA,NA,NA,NA,NA,NA,NA
4110,ASV7850,FALSE,FALSE,FALSE,NA,NA,NA,NA,NA,NA,NA,NA,NA,1,1,1,1,1,1,FALSE,FALSE,FALSE,TRUE,TRUE,TRUE
4111,ASV7851,TRUE,FALSE,TRUE,NA,NA,NA,NA,NA,NA,NA,NA,NA,NA,NA,NA,NA,NA,NA,NA,NA,NA,NA,NA,NA
4112,ASV7852,TRUE,FALSE,TRUE,NA,NA,NA,NA,NA,NA,NA,NA,NA,NA,NA,NA,NA,NA,NA,NA,NA,NA,NA,NA,NA
4113,ASV7853,FALSE,FALSE,FALSE,NA,NA,NA,NA,NA,NA,NA,NA,NA,1,1,1,1,1,1,FALSE,FALSE,FALSE,TRUE,TRUE,TRUE
4114,ASV7854,FALSE,FALSE,FALSE,NA,NA,NA,NA,NA,NA,NA,NA,NA,1,1,1,1,1,1,FALSE,FALSE,FALSE,TRUE,TRUE,TRUE
4115,ASV7855,FALSE,FALSE,FALSE,NA,NA,NA,NA,NA,NA,NA,NA,NA,1,1,1,1,1,1,FALSE,FALSE,FALSE,TRUE,FALSE,TRUE
4116,ASV7856,TRUE,FALSE,TRUE,NA,NA,NA,NA,NA,NA,NA,NA,NA,NA,NA,NA,NA,NA,NA,NA,NA,NA,NA,NA,NA
4117,ASV7858,TRUE,FALSE,TRUE,NA,NA,NA,NA,NA,NA,NA,NA,NA,NA,NA,NA,NA,NA,NA,NA,NA,NA,NA,NA,NA
4118,ASV7860,TRUE,FALSE,TRUE,NA,NA,NA,NA,NA,NA,NA,NA,NA,NA,NA,NA,NA,NA,NA,NA,NA,NA,NA,NA,NA
4119,ASV7861,TRUE,FALSE,TRUE,NA,NA,NA,NA,NA,NA,NA,NA,NA,NA,NA,NA,NA,NA,NA,NA,NA,NA,NA,NA,NA
4120,ASV7864,FALSE,FALSE,FALSE,NA,NA,NA,NA,NA,NA,NA,NA,NA,1,1,1,1,1,1,FALSE,FALSE,FALSE,TRUE,TRUE,TRUE
4121,ASV7865,TRUE,FALSE,TRUE,NA,NA,NA,NA,NA,NA,NA,NA,NA,NA,NA,NA,NA,NA,NA,NA,NA,NA,NA,NA,NA
4122,ASV7866,FALSE,TRUE,TRUE,NA,NA,NA,NA,NA,NA,NA,NA,NA,NA,NA,NA,NA,NA,NA,NA,NA,NA,NA,NA,NA
4123,ASV7887,FALSE,TRUE,TRUE,NA,NA,NA,NA,NA,NA,NA,NA,NA,NA,NA,NA,NA,NA,NA,NA,NA,NA,NA,NA,NA
4124,ASV7891,FALSE,TRUE,TRUE,NA,NA,NA,NA,NA,NA,NA,NA,NA,NA,NA,NA,NA,NA,NA,NA,NA,NA,NA,NA,NA
4125,ASV7892,FALSE,TRUE,TRUE,NA,NA,NA,NA,NA,NA,NA,NA,NA,NA,NA,NA,NA,NA,NA,NA,NA,NA,NA,NA,NA
4126,ASV7893,FALSE,TRUE,TRUE,NA,NA,NA,NA,NA,NA,NA,NA,NA,NA,NA,NA,NA,NA,NA,NA,NA,NA,NA,NA,NA
4127,ASV7894,FALSE,TRUE,TRUE,NA,NA,NA,NA,NA,NA,NA,NA,NA,NA,NA,NA,NA,NA,NA,NA,NA,NA,NA,NA,NA
4128,ASV7895,FALSE,TRUE,TRUE,NA,NA,NA,NA,NA,NA,NA,NA,NA,NA,NA,NA,NA,NA,NA,NA,NA,NA,NA,NA,NA
4129,ASV7896,FALSE,TRUE,TRUE,NA,NA,NA,NA,NA,NA,NA,NA,NA,NA,NA,NA,NA,NA,NA,NA,NA,NA,NA,NA,NA
4130,ASV7897,FALSE,TRUE,TRUE,NA,NA,NA,NA,NA,NA,NA,NA,NA,NA,NA,NA,NA,NA,NA,NA,NA,NA,NA,NA,NA
4131,ASV7898,FALSE,TRUE,TRUE,NA,NA,NA,NA,NA,NA,NA,NA,NA,NA,NA,NA,NA,NA,NA,NA,NA,NA,NA,NA,NA
4132,ASV7899,FALSE,TRUE,TRUE,NA,NA,NA,NA,NA,NA,NA,NA,NA,NA,NA,NA,NA,NA,NA,NA,NA,NA,NA,NA,NA
4133,ASV7918,FALSE,FALSE,FALSE,NA,NA,NA,NA,NA,NA,NA,NA,NA,1,1,1,1,1,1,FALSE,FALSE,FALSE,TRUE,TRUE,TRUE
4134,ASV7919,TRUE,FALSE,TRUE,NA,NA,NA,NA,NA,NA,NA,NA,NA,NA,NA,NA,NA,NA,NA,NA,NA,NA,NA,NA,NA
4135,ASV7928,TRUE,FALSE,TRUE,NA,NA,NA,NA,NA,NA,NA,NA,NA,NA,NA,NA,NA,NA,NA,NA,NA,NA,NA,NA,NA
4136,ASV7929,TRUE,FALSE,TRUE,NA,NA,NA,NA,NA,NA,NA,NA,NA,NA,NA,NA,NA,NA,NA,NA,NA,NA,NA,NA,NA
4137,ASV7930,FALSE,FALSE,FALSE,NA,NA,NA,NA,NA,NA,NA,NA,NA,1,1,1,1,1,1,FALSE,FALSE,FALSE,TRUE,FALSE,TRUE
4138,ASV7932,TRUE,FALSE,TRUE,NA,NA,NA,NA,NA,NA,NA,NA,NA,NA,NA,NA,NA,NA,NA,NA,NA,NA,NA,NA,NA
4139,ASV7934,TRUE,FALSE,TRUE,NA,NA,NA,NA,NA,NA,NA,NA,NA,NA,NA,NA,NA,NA,NA,NA,NA,NA,NA,NA,NA
4140,ASV7936,TRUE,FALSE,TRUE,NA,NA,NA,NA,NA,NA,NA,NA,NA,NA,NA,NA,NA,NA,NA,NA,NA,NA,NA,NA,NA
4141,ASV7939,TRUE,FALSE,TRUE,NA,NA,NA,NA,NA,NA,NA,NA,NA,NA,NA,NA,NA,NA,NA,NA,NA,NA,NA,NA,NA
4142,ASV7940,TRUE,FALSE,TRUE,NA,NA,NA,NA,NA,NA,NA,NA,NA,NA,NA,NA,NA,NA,NA,NA,NA,NA,NA,NA,NA
4143,ASV7941,FALSE,FALSE,FALSE,NA,NA,NA,NA,NA,NA,NA,NA,NA,1,1,1,1,1,1,FALSE,FALSE,FALSE,TRUE,TRUE,TRUE
4144,ASV7942,TRUE,FALSE,TRUE,NA,NA,NA,NA,NA,NA,NA,NA,NA,NA,NA,NA,NA,NA,NA,NA,NA,NA,NA,NA,NA
4145,ASV7943,FALSE,FALSE,FALSE,NA,NA,NA,NA,NA,NA,NA,NA,NA,1,1,1,1,1,1,FALSE,FALSE,FALSE,TRUE,TRUE,TRUE
4146,ASV7946,FALSE,FALSE,FALSE,NA,NA,NA,NA,NA,NA,NA,NA,NA,1,1,1,1,1,1,FALSE,FALSE,FALSE,TRUE,TRUE,TRUE
4147,ASV7948,FALSE,FALSE,FALSE,NA,NA,NA,NA,NA,NA,NA,NA,NA,1,1,1,1,1,1,FALSE,FALSE,FALSE,TRUE,TRUE,TRUE
4148,ASV7951,FALSE,TRUE,TRUE,NA,NA,NA,NA,NA,NA,NA,NA,NA,NA,NA,NA,NA,NA,NA,NA,NA,NA,NA,NA,NA
4149,ASV7964,FALSE,TRUE,TRUE,NA,NA,NA,NA,NA,NA,NA,NA,NA,NA,NA,NA,NA,NA,NA,NA,NA,NA,NA,NA,NA
4150,ASV7974,FALSE,TRUE,TRUE,NA,NA,NA,NA,NA,NA,NA,NA,NA,NA,NA,NA,NA,NA,NA,NA,NA,NA,NA,NA,NA
4151,ASV7975,FALSE,TRUE,TRUE,NA,NA,NA,NA,NA,NA,NA,NA,NA,NA,NA,NA,NA,NA,NA,NA,NA,NA,NA,NA,NA
4152,ASV7976,FALSE,TRUE,TRUE,NA,NA,NA,NA,NA,NA,NA,NA,NA,NA,NA,NA,NA,NA,NA,NA,NA,NA,NA,NA,NA
4153,ASV7977,FALSE,TRUE,TRUE,NA,NA,NA,NA,NA,NA,NA,NA,NA,NA,NA,NA,NA,NA,NA,NA,NA,NA,NA,NA,NA
4154,ASV7978,FALSE,TRUE,TRUE,NA,NA,NA,NA,NA,NA,NA,NA,NA,NA,NA,NA,NA,NA,NA,NA,NA,NA,NA,NA,NA
4155,ASV7979,FALSE,TRUE,TRUE,NA,NA,NA,NA,NA,NA,NA,NA,NA,NA,NA,NA,NA,NA,NA,NA,NA,NA,NA,NA,NA
4156,ASV7980,FALSE,TRUE,TRUE,NA,NA,NA,NA,NA,NA,NA,NA,NA,NA,NA,NA,NA,NA,NA,NA,NA,NA,NA,NA,NA
4157,ASV7981,FALSE,TRUE,TRUE,NA,NA,NA,NA,NA,NA,NA,NA,NA,NA,NA,NA,NA,NA,NA,NA,NA,NA,NA,NA,NA
4158,ASV7983,FALSE,TRUE,TRUE,NA,NA,NA,NA,NA,NA,NA,NA,NA,NA,NA,NA,NA,NA,NA,NA,NA,NA,NA,NA,NA
4159,ASV7984,FALSE,TRUE,TRUE,NA,NA,NA,NA,NA,NA,NA,NA,NA,NA,NA,NA,NA,NA,NA,NA,NA,NA,NA,NA,NA
4160,ASV7999,TRUE,FALSE,TRUE,NA,NA,NA,NA,NA,NA,NA,NA,NA,NA,NA,NA,NA,NA,NA,NA,NA,NA,NA,NA,NA
4161,ASV8001,TRUE,FALSE,TRUE,NA,NA,NA,NA,NA,NA,NA,NA,NA,NA,NA,NA,NA,NA,NA,NA,NA,NA,NA,NA,NA
4162,ASV8002,TRUE,FALSE,TRUE,NA,NA,NA,NA,NA,NA,NA,NA,NA,NA,NA,NA,NA,NA,NA,NA,NA,NA,NA,NA,NA
4163,ASV8003,TRUE,FALSE,TRUE,NA,NA,NA,NA,NA,NA,NA,NA,NA,NA,NA,NA,NA,NA,NA,NA,NA,NA,NA,NA,NA
4164,ASV8006,FALSE,TRUE,TRUE,NA,NA,NA,NA,NA,NA,NA,NA,NA,NA,NA,NA,NA,NA,NA,NA,NA,NA,NA,NA,NA
4165,ASV8007,FALSE,TRUE,TRUE,NA,NA,NA,NA,NA,NA,NA,NA,NA,NA,NA,NA,NA,NA,NA,NA,NA,NA,NA,NA,NA
4166,ASV8008,FALSE,TRUE,TRUE,NA,NA,NA,NA,NA,NA,NA,NA,NA,NA,NA,NA,NA,NA,NA,NA,NA,NA,NA,NA,NA
4167,ASV8021,FALSE,FALSE,FALSE,NA,NA,NA,NA,NA,NA,NA,NA,NA,1,1,1,1,1,1,FALSE,FALSE,FALSE,TRUE,TRUE,TRUE
4168,ASV8022,TRUE,FALSE,TRUE,NA,NA,NA,NA,NA,NA,NA,NA,NA,NA,NA,NA,NA,NA,NA,NA,NA,NA,NA,NA,NA
4169,ASV8024,FALSE,FALSE,FALSE,NA,NA,NA,NA,NA,NA,NA,NA,NA,1,1,1,1,1,1,FALSE,FALSE,FALSE,TRUE,TRUE,TRUE
4170,ASV8025,FALSE,FALSE,FALSE,NA,NA,NA,NA,NA,NA,NA,NA,NA,1,1,1,1,1,1,FALSE,FALSE,FALSE,TRUE,TRUE,TRUE
4171,ASV8026,TRUE,FALSE,TRUE,NA,NA,NA,NA,NA,NA,NA,NA,NA,NA,NA,NA,NA,NA,NA,NA,NA,NA,NA,NA,NA
4172,ASV8027,TRUE,FALSE,TRUE,NA,NA,NA,NA,NA,NA,NA,NA,NA,NA,NA,NA,NA,NA,NA,NA,NA,NA,NA,NA,NA
4173,ASV8028,TRUE,FALSE,TRUE,NA,NA,NA,NA,NA,NA,NA,NA,NA,NA,NA,NA,NA,NA,NA,NA,NA,NA,NA,NA,NA
4174,ASV8029,TRUE,FALSE,TRUE,NA,NA,NA,NA,NA,NA,NA,NA,NA,NA,NA,NA,NA,NA,NA,NA,NA,NA,NA,NA,NA
4175,ASV8030,TRUE,FALSE,TRUE,NA,NA,NA,NA,NA,NA,NA,NA,NA,NA,NA,NA,NA,NA,NA,NA,NA,NA,NA,NA,NA
4176,ASV8031,FALSE,FALSE,FALSE,NA,NA,NA,NA,NA,NA,NA,NA,NA,1,1,1,1,1,1,FALSE,FALSE,FALSE,TRUE,TRUE,TRUE
4177,ASV8032,FALSE,FALSE,FALSE,NA,NA,NA,NA,NA,NA,NA,NA,NA,1,1,1,1,1,1,FALSE,FALSE,FALSE,TRUE,TRUE,TRUE
4178,ASV8033,FALSE,FALSE,FALSE,NA,NA,NA,NA,NA,NA,NA,NA,NA,1,1,1,1,1,1,FALSE,FALSE,FALSE,TRUE,TRUE,TRUE
4179,ASV8034,FALSE,FALSE,FALSE,NA,NA,NA,NA,NA,NA,NA,NA,NA,1,1,1,1,1,1,FALSE,FALSE,FALSE,TRUE,TRUE,TRUE
4180,ASV8035,FALSE,FALSE,FALSE,NA,NA,NA,NA,NA,NA,NA,NA,NA,1,1,1,1,1,1,FALSE,FALSE,FALSE,TRUE,TRUE,TRUE
4181,ASV8037,TRUE,FALSE,TRUE,NA,NA,NA,NA,NA,NA,NA,NA,NA,NA,NA,NA,NA,NA,NA,NA,NA,NA,NA,NA,NA
4182,ASV8038,TRUE,FALSE,TRUE,NA,NA,NA,NA,NA,NA,NA,NA,NA,NA,NA,NA,NA,NA,NA,NA,NA,NA,NA,NA,NA
4183,ASV8039,FALSE,FALSE,FALSE,NA,NA,NA,NA,NA,NA,NA,NA,NA,1,1,1,1,1,1,FALSE,FALSE,FALSE,TRUE,TRUE,TRUE
4184,ASV8040,FALSE,FALSE,FALSE,NA,NA,NA,NA,NA,NA,NA,NA,NA,1,1,1,1,1,1,FALSE,FALSE,FALSE,TRUE,TRUE,TRUE
4185,ASV8041,FALSE,FALSE,FALSE,NA,NA,NA,NA,NA,NA,NA,NA,NA,1,1,1,1,1,1,FALSE,FALSE,FALSE,TRUE,TRUE,TRUE
4186,ASV8042,TRUE,FALSE,TRUE,NA,NA,NA,NA,NA,NA,NA,NA,NA,NA,NA,NA,NA,NA,NA,NA,NA,NA,NA,NA,NA
4187,ASV8053,TRUE,FALSE,TRUE,NA,NA,NA,NA,NA,NA,NA,NA,NA,NA,NA,NA,NA,NA,NA,NA,NA,NA,NA,NA,NA
4188,ASV8054,FALSE,TRUE,TRUE,NA,NA,NA,NA,NA,NA,NA,NA,NA,NA,NA,NA,NA,NA,NA,NA,NA,NA,NA,NA,NA
4189,ASV8059,FALSE,TRUE,TRUE,NA,NA,NA,NA,NA,NA,NA,NA,NA,NA,NA,NA,NA,NA,NA,NA,NA,NA,NA,NA,NA
4190,ASV8067,FALSE,TRUE,TRUE,NA,NA,NA,NA,NA,NA,NA,NA,NA,NA,NA,NA,NA,NA,NA,NA,NA,NA,NA,NA,NA
4191,ASV8068,FALSE,TRUE,TRUE,NA,NA,NA,NA,NA,NA,NA,NA,NA,NA,NA,NA,NA,NA,NA,NA,NA,NA,NA,NA,NA
4192,ASV8070,FALSE,TRUE,TRUE,NA,NA,NA,NA,NA,NA,NA,NA,NA,NA,NA,NA,NA,NA,NA,NA,NA,NA,NA,NA,NA
4193,ASV8071,FALSE,TRUE,TRUE,NA,NA,NA,NA,NA,NA,NA,NA,NA,NA,NA,NA,NA,NA,NA,NA,NA,NA,NA,NA,NA
4194,ASV8072,FALSE,TRUE,TRUE,NA,NA,NA,NA,NA,NA,NA,NA,NA,NA,NA,NA,NA,NA,NA,NA,NA,NA,NA,NA,NA
4195,ASV8079,TRUE,FALSE,TRUE,NA,NA,NA,NA,NA,NA,NA,NA,NA,NA,NA,NA,NA,NA,NA,NA,NA,NA,NA,NA,NA
4196,ASV8080,TRUE,FALSE,TRUE,NA,NA,NA,NA,NA,NA,NA,NA,NA,NA,NA,NA,NA,NA,NA,NA,NA,NA,NA,NA,NA
4197,ASV8095,TRUE,FALSE,TRUE,NA,NA,NA,NA,NA,NA,NA,NA,NA,NA,NA,NA,NA,NA,NA,NA,NA,NA,NA,NA,NA
4198,ASV8096,TRUE,FALSE,TRUE,NA,NA,NA,NA,NA,NA,NA,NA,NA,NA,NA,NA,NA,NA,NA,NA,NA,NA,NA,NA,NA
4199,ASV8097,TRUE,FALSE,TRUE,NA,NA,NA,NA,NA,NA,NA,NA,NA,NA,NA,NA,NA,NA,NA,NA,NA,NA,NA,NA,NA
4200,ASV8098,TRUE,FALSE,TRUE,NA,NA,NA,NA,NA,NA,NA,NA,NA,NA,NA,NA,NA,NA,NA,NA,NA,NA,NA,NA,NA
4201,ASV8099,TRUE,FALSE,TRUE,NA,NA,NA,NA,NA,NA,NA,NA,NA,NA,NA,NA,NA,NA,NA,NA,NA,NA,NA,NA,NA
4202,ASV8102,FALSE,TRUE,TRUE,NA,NA,NA,NA,NA,NA,NA,NA,NA,NA,NA,NA,NA,NA,NA,NA,NA,NA,NA,NA,NA
4203,ASV8103,FALSE,TRUE,TRUE,NA,NA,NA,NA,NA,NA,NA,NA,NA,NA,NA,NA,NA,NA,NA,NA,NA,NA,NA,NA,NA
4204,ASV8107,TRUE,FALSE,TRUE,NA,NA,NA,NA,NA,NA,NA,NA,NA,NA,NA,NA,NA,NA,NA,NA,NA,NA,NA,NA,NA
4205,ASV8108,FALSE,FALSE,FALSE,NA,NA,NA,NA,NA,NA,NA,NA,NA,1,1,1,1,1,1,FALSE,FALSE,FALSE,TRUE,TRUE,TRUE
4206,ASV8109,TRUE,FALSE,TRUE,NA,NA,NA,NA,NA,NA,NA,NA,NA,NA,NA,NA,NA,NA,NA,NA,NA,NA,NA,NA,NA
4207,ASV8112,TRUE,FALSE,TRUE,NA,NA,NA,NA,NA,NA,NA,NA,NA,NA,NA,NA,NA,NA,NA,NA,NA,NA,NA,NA,NA
4208,ASV8116,TRUE,FALSE,TRUE,NA,NA,NA,NA,NA,NA,NA,NA,NA,NA,NA,NA,NA,NA,NA,NA,NA,NA,NA,NA,NA
4209,ASV8119,TRUE,FALSE,TRUE,NA,NA,NA,NA,NA,NA,NA,NA,NA,NA,NA,NA,NA,NA,NA,NA,NA,NA,NA,NA,NA
4210,ASV8120,TRUE,FALSE,TRUE,NA,NA,NA,NA,NA,NA,NA,NA,NA,NA,NA,NA,NA,NA,NA,NA,NA,NA,NA,NA,NA
4211,ASV8123,FALSE,FALSE,FALSE,NA,NA,NA,NA,NA,NA,NA,NA,NA,1,1,1,1,1,1,FALSE,FALSE,FALSE,TRUE,TRUE,TRUE
4212,ASV8124,FALSE,FALSE,FALSE,NA,NA,NA,NA,NA,NA,NA,NA,NA,1,1,1,1,1,1,FALSE,FALSE,FALSE,TRUE,TRUE,TRUE
4213,ASV8125,FALSE,FALSE,FALSE,NA,NA,NA,NA,NA,NA,NA,NA,NA,1,1,1,1,1,1,FALSE,FALSE,FALSE,TRUE,TRUE,TRUE
4214,ASV8127,TRUE,FALSE,TRUE,NA,NA,NA,NA,NA,NA,NA,NA,NA,NA,NA,NA,NA,NA,NA,NA,NA,NA,NA,NA,NA
4215,ASV8134,TRUE,FALSE,TRUE,NA,NA,NA,NA,NA,NA,NA,NA,NA,NA,NA,NA,NA,NA,NA,NA,NA,NA,NA,NA,NA
4216,ASV8136,FALSE,TRUE,TRUE,NA,NA,NA,NA,NA,NA,NA,NA,NA,NA,NA,NA,NA,NA,NA,NA,NA,NA,NA,NA,NA
4217,ASV8153,FALSE,TRUE,TRUE,NA,NA,NA,NA,NA,NA,NA,NA,NA,NA,NA,NA,NA,NA,NA,NA,NA,NA,NA,NA,NA
4218,ASV8156,FALSE,TRUE,TRUE,NA,NA,NA,NA,NA,NA,NA,NA,NA,NA,NA,NA,NA,NA,NA,NA,NA,NA,NA,NA,NA
4219,ASV8157,FALSE,TRUE,TRUE,NA,NA,NA,NA,NA,NA,NA,NA,NA,NA,NA,NA,NA,NA,NA,NA,NA,NA,NA,NA,NA
4220,ASV8158,FALSE,TRUE,TRUE,NA,NA,NA,NA,NA,NA,NA,NA,NA,NA,NA,NA,NA,NA,NA,NA,NA,NA,NA,NA,NA
4221,ASV8160,FALSE,TRUE,TRUE,NA,NA,NA,NA,NA,NA,NA,NA,NA,NA,NA,NA,NA,NA,NA,NA,NA,NA,NA,NA,NA
4222,ASV8161,FALSE,TRUE,TRUE,NA,NA,NA,NA,NA,NA,NA,NA,NA,NA,NA,NA,NA,NA,NA,NA,NA,NA,NA,NA,NA
4223,ASV8163,FALSE,TRUE,TRUE,NA,NA,NA,NA,NA,NA,NA,NA,NA,NA,NA,NA,NA,NA,NA,NA,NA,NA,NA,NA,NA
4224,ASV8164,FALSE,TRUE,TRUE,NA,NA,NA,NA,NA,NA,NA,NA,NA,NA,NA,NA,NA,NA,NA,NA,NA,NA,NA,NA,NA
4225,ASV8167,FALSE,TRUE,TRUE,NA,NA,NA,NA,NA,NA,NA,NA,NA,NA,NA,NA,NA,NA,NA,NA,NA,NA,NA,NA,NA
4226,ASV8168,TRUE,FALSE,TRUE,NA,NA,NA,NA,NA,NA,NA,NA,NA,NA,NA,NA,NA,NA,NA,NA,NA,NA,NA,NA,NA
4227,ASV8194,TRUE,FALSE,TRUE,NA,NA,NA,NA,NA,NA,NA,NA,NA,NA,NA,NA,NA,NA,NA,NA,NA,NA,NA,NA,NA
4228,ASV8203,TRUE,FALSE,TRUE,NA,NA,NA,NA,NA,NA,NA,NA,NA,NA,NA,NA,NA,NA,NA,NA,NA,NA,NA,NA,NA
4229,ASV8211,FALSE,FALSE,FALSE,NA,NA,NA,NA,NA,NA,NA,NA,NA,1,1,1,1,1,1,FALSE,FALSE,FALSE,TRUE,TRUE,TRUE
4230,ASV8216,TRUE,FALSE,TRUE,NA,NA,NA,NA,NA,NA,NA,NA,NA,NA,NA,NA,NA,NA,NA,NA,NA,NA,NA,NA,NA
4231,ASV8218,FALSE,FALSE,FALSE,NA,NA,NA,NA,NA,NA,NA,NA,NA,1,1,1,1,1,1,FALSE,FALSE,FALSE,TRUE,TRUE,TRUE
4232,ASV8220,FALSE,FALSE,FALSE,NA,NA,NA,NA,NA,NA,NA,NA,NA,1,1,1,1,1,1,FALSE,FALSE,FALSE,TRUE,TRUE,TRUE
4233,ASV8221,TRUE,FALSE,TRUE,NA,NA,NA,NA,NA,NA,NA,NA,NA,NA,NA,NA,NA,NA,NA,NA,NA,NA,NA,NA,NA
4234,ASV8223,TRUE,FALSE,TRUE,NA,NA,NA,NA,NA,NA,NA,NA,NA,NA,NA,NA,NA,NA,NA,NA,NA,NA,NA,NA,NA
4235,ASV8225,TRUE,FALSE,TRUE,NA,NA,NA,NA,NA,NA,NA,NA,NA,NA,NA,NA,NA,NA,NA,NA,NA,NA,NA,NA,NA
4236,ASV8227,TRUE,FALSE,TRUE,NA,NA,NA,NA,NA,NA,NA,NA,NA,NA,NA,NA,NA,NA,NA,NA,NA,NA,NA,NA,NA
4237,ASV8229,TRUE,FALSE,TRUE,NA,NA,NA,NA,NA,NA,NA,NA,NA,NA,NA,NA,NA,NA,NA,NA,NA,NA,NA,NA,NA
4238,ASV8230,TRUE,FALSE,TRUE,NA,NA,NA,NA,NA,NA,NA,NA,NA,NA,NA,NA,NA,NA,NA,NA,NA,NA,NA,NA,NA
4239,ASV8231,FALSE,FALSE,FALSE,NA,NA,NA,NA,NA,NA,NA,NA,NA,1,1,1,1,1,1,FALSE,FALSE,FALSE,TRUE,TRUE,TRUE
4240,ASV8233,FALSE,TRUE,TRUE,NA,NA,NA,NA,NA,NA,NA,NA,NA,NA,NA,NA,NA,NA,NA,NA,NA,NA,NA,NA,NA
4241,ASV8237,TRUE,FALSE,TRUE,NA,NA,NA,NA,NA,NA,NA,NA,NA,NA,NA,NA,NA,NA,NA,NA,NA,NA,NA,NA,NA
4242,ASV8239,FALSE,TRUE,TRUE,NA,NA,NA,NA,NA,NA,NA,NA,NA,NA,NA,NA,NA,NA,NA,NA,NA,NA,NA,NA,NA
4243,ASV8253,TRUE,FALSE,TRUE,NA,NA,NA,NA,NA,NA,NA,NA,NA,NA,NA,NA,NA,NA,NA,NA,NA,NA,NA,NA,NA
4244,ASV8255,FALSE,TRUE,TRUE,NA,NA,NA,NA,NA,NA,NA,NA,NA,NA,NA,NA,NA,NA,NA,NA,NA,NA,NA,NA,NA
4245,ASV8256,FALSE,TRUE,TRUE,NA,NA,NA,NA,NA,NA,NA,NA,NA,NA,NA,NA,NA,NA,NA,NA,NA,NA,NA,NA,NA
4246,ASV8260,FALSE,TRUE,TRUE,NA,NA,NA,NA,NA,NA,NA,NA,NA,NA,NA,NA,NA,NA,NA,NA,NA,NA,NA,NA,NA
4247,ASV8261,FALSE,TRUE,TRUE,NA,NA,NA,NA,NA,NA,NA,NA,NA,NA,NA,NA,NA,NA,NA,NA,NA,NA,NA,NA,NA
4248,ASV8263,FALSE,TRUE,TRUE,NA,NA,NA,NA,NA,NA,NA,NA,NA,NA,NA,NA,NA,NA,NA,NA,NA,NA,NA,NA,NA
4249,ASV8264,FALSE,TRUE,TRUE,NA,NA,NA,NA,NA,NA,NA,NA,NA,NA,NA,NA,NA,NA,NA,NA,NA,NA,NA,NA,NA
4250,ASV8296,TRUE,FALSE,TRUE,NA,NA,NA,NA,NA,NA,NA,NA,NA,NA,NA,NA,NA,NA,NA,NA,NA,NA,NA,NA,NA
4251,ASV8297,TRUE,FALSE,TRUE,NA,NA,NA,NA,NA,NA,NA,NA,NA,NA,NA,NA,NA,NA,NA,NA,NA,NA,NA,NA,NA
4252,ASV8308,TRUE,FALSE,TRUE,NA,NA,NA,NA,NA,NA,NA,NA,NA,NA,NA,NA,NA,NA,NA,NA,NA,NA,NA,NA,NA
4253,ASV8310,FALSE,FALSE,FALSE,NA,NA,NA,NA,NA,NA,NA,NA,NA,1,1,1,1,1,1,FALSE,FALSE,FALSE,TRUE,TRUE,TRUE
4254,ASV8311,TRUE,FALSE,TRUE,NA,NA,NA,NA,NA,NA,NA,NA,NA,NA,NA,NA,NA,NA,NA,NA,NA,NA,NA,NA,NA
4255,ASV8312,TRUE,FALSE,TRUE,NA,NA,NA,NA,NA,NA,NA,NA,NA,NA,NA,NA,NA,NA,NA,NA,NA,NA,NA,NA,NA
4256,ASV8313,TRUE,FALSE,TRUE,NA,NA,NA,NA,NA,NA,NA,NA,NA,NA,NA,NA,NA,NA,NA,NA,NA,NA,NA,NA,NA
4257,ASV8319,TRUE,FALSE,TRUE,NA,NA,NA,NA,NA,NA,NA,NA,NA,NA,NA,NA,NA,NA,NA,NA,NA,NA,NA,NA,NA
4258,ASV8320,TRUE,FALSE,TRUE,NA,NA,NA,NA,NA,NA,NA,NA,NA,NA,NA,NA,NA,NA,NA,NA,NA,NA,NA,NA,NA
4259,ASV8322,FALSE,FALSE,FALSE,NA,NA,NA,NA,NA,NA,NA,NA,NA,1,1,1,1,1,1,FALSE,FALSE,FALSE,TRUE,TRUE,TRUE
4260,ASV8323,TRUE,FALSE,TRUE,NA,NA,NA,NA,NA,NA,NA,NA,NA,NA,NA,NA,NA,NA,NA,NA,NA,NA,NA,NA,NA
4261,ASV8324,TRUE,FALSE,TRUE,NA,NA,NA,NA,NA,NA,NA,NA,NA,NA,NA,NA,NA,NA,NA,NA,NA,NA,NA,NA,NA
4262,ASV8325,FALSE,FALSE,FALSE,NA,NA,NA,NA,NA,NA,NA,NA,NA,1,1,1,1,1,1,FALSE,FALSE,FALSE,TRUE,TRUE,TRUE
4263,ASV8326,FALSE,FALSE,FALSE,NA,NA,NA,NA,NA,NA,NA,NA,NA,1,1,1,1,1,1,FALSE,FALSE,FALSE,TRUE,TRUE,TRUE
4264,ASV8329,TRUE,FALSE,TRUE,NA,NA,NA,NA,NA,NA,NA,NA,NA,NA,NA,NA,NA,NA,NA,NA,NA,NA,NA,NA,NA
4265,ASV8344,FALSE,TRUE,TRUE,NA,NA,NA,NA,NA,NA,NA,NA,NA,NA,NA,NA,NA,NA,NA,NA,NA,NA,NA,NA,NA
4266,ASV8367,FALSE,TRUE,TRUE,NA,NA,NA,NA,NA,NA,NA,NA,NA,NA,NA,NA,NA,NA,NA,NA,NA,NA,NA,NA,NA
4267,ASV8368,FALSE,TRUE,TRUE,NA,NA,NA,NA,NA,NA,NA,NA,NA,NA,NA,NA,NA,NA,NA,NA,NA,NA,NA,NA,NA
4268,ASV8369,FALSE,TRUE,TRUE,NA,NA,NA,NA,NA,NA,NA,NA,NA,NA,NA,NA,NA,NA,NA,NA,NA,NA,NA,NA,NA
4269,ASV8370,FALSE,TRUE,TRUE,NA,NA,NA,NA,NA,NA,NA,NA,NA,NA,NA,NA,NA,NA,NA,NA,NA,NA,NA,NA,NA
4270,ASV8374,FALSE,TRUE,TRUE,NA,NA,NA,NA,NA,NA,NA,NA,NA,NA,NA,NA,NA,NA,NA,NA,NA,NA,NA,NA,NA
4271,ASV8375,FALSE,TRUE,TRUE,NA,NA,NA,NA,NA,NA,NA,NA,NA,NA,NA,NA,NA,NA,NA,NA,NA,NA,NA,NA,NA
4272,ASV8376,FALSE,TRUE,TRUE,NA,NA,NA,NA,NA,NA,NA,NA,NA,NA,NA,NA,NA,NA,NA,NA,NA,NA,NA,NA,NA
4273,ASV8377,FALSE,TRUE,TRUE,NA,NA,NA,NA,NA,NA,NA,NA,NA,NA,NA,NA,NA,NA,NA,NA,NA,NA,NA,NA,NA
4274,ASV8378,FALSE,TRUE,TRUE,NA,NA,NA,NA,NA,NA,NA,NA,NA,NA,NA,NA,NA,NA,NA,NA,NA,NA,NA,NA,NA
4275,ASV8379,FALSE,TRUE,TRUE,NA,NA,NA,NA,NA,NA,NA,NA,NA,NA,NA,NA,NA,NA,NA,NA,NA,NA,NA,NA,NA
4276,ASV8380,FALSE,TRUE,TRUE,NA,NA,NA,NA,NA,NA,NA,NA,NA,NA,NA,NA,NA,NA,NA,NA,NA,NA,NA,NA,NA
4277,ASV8400,TRUE,FALSE,TRUE,NA,NA,NA,NA,NA,NA,NA,NA,NA,NA,NA,NA,NA,NA,NA,NA,NA,NA,NA,NA,NA
4278,ASV8401,TRUE,FALSE,TRUE,NA,NA,NA,NA,NA,NA,NA,NA,NA,NA,NA,NA,NA,NA,NA,NA,NA,NA,NA,NA,NA
4279,ASV8402,FALSE,FALSE,FALSE,NA,NA,NA,NA,NA,NA,NA,NA,NA,1,1,1,1,1,1,FALSE,FALSE,FALSE,TRUE,TRUE,TRUE
4280,ASV8404,FALSE,TRUE,TRUE,NA,NA,NA,NA,NA,NA,NA,NA,NA,NA,NA,NA,NA,NA,NA,NA,NA,NA,NA,NA,NA
4281,ASV8405,FALSE,TRUE,TRUE,NA,NA,NA,NA,NA,NA,NA,NA,NA,NA,NA,NA,NA,NA,NA,NA,NA,NA,NA,NA,NA
4282,ASV8406,FALSE,TRUE,TRUE,NA,NA,NA,NA,NA,NA,NA,NA,NA,NA,NA,NA,NA,NA,NA,NA,NA,NA,NA,NA,NA
4283,ASV8422,TRUE,FALSE,TRUE,NA,NA,NA,NA,NA,NA,NA,NA,NA,NA,NA,NA,NA,NA,NA,NA,NA,NA,NA,NA,NA
4284,ASV8423,FALSE,FALSE,FALSE,NA,NA,NA,NA,NA,NA,NA,NA,NA,1,1,1,1,1,1,FALSE,FALSE,FALSE,TRUE,TRUE,TRUE
4285,ASV8424,FALSE,FALSE,FALSE,NA,NA,NA,NA,NA,NA,NA,NA,NA,1,1,1,1,1,1,FALSE,FALSE,FALSE,TRUE,TRUE,TRUE
4286,ASV8427,FALSE,FALSE,FALSE,NA,NA,NA,NA,NA,NA,NA,NA,NA,1,1,1,1,1,1,FALSE,FALSE,FALSE,TRUE,FALSE,TRUE
4287,ASV8428,TRUE,FALSE,TRUE,NA,NA,NA,NA,NA,NA,NA,NA,NA,NA,NA,NA,NA,NA,NA,NA,NA,NA,NA,NA,NA
4288,ASV8429,FALSE,FALSE,FALSE,NA,NA,NA,NA,NA,NA,NA,NA,NA,1,1,1,1,1,1,FALSE,FALSE,FALSE,TRUE,TRUE,TRUE
4289,ASV8430,FALSE,FALSE,FALSE,NA,NA,NA,NA,NA,NA,NA,NA,NA,1,1,1,1,1,1,FALSE,FALSE,FALSE,TRUE,TRUE,TRUE
4290,ASV8432,TRUE,FALSE,TRUE,NA,NA,NA,NA,NA,NA,NA,NA,NA,NA,NA,NA,NA,NA,NA,NA,NA,NA,NA,NA,NA
4291,ASV8433,FALSE,FALSE,FALSE,NA,NA,NA,NA,NA,NA,NA,NA,NA,1,1,1,1,1,1,FALSE,FALSE,FALSE,TRUE,TRUE,TRUE
4292,ASV8436,TRUE,FALSE,TRUE,NA,NA,NA,NA,NA,NA,NA,NA,NA,NA,NA,NA,NA,NA,NA,NA,NA,NA,NA,NA,NA
4293,ASV8437,TRUE,FALSE,TRUE,NA,NA,NA,NA,NA,NA,NA,NA,NA,NA,NA,NA,NA,NA,NA,NA,NA,NA,NA,NA,NA
4294,ASV8438,TRUE,FALSE,TRUE,NA,NA,NA,NA,NA,NA,NA,NA,NA,NA,NA,NA,NA,NA,NA,NA,NA,NA,NA,NA,NA
4295,ASV8440,TRUE,FALSE,TRUE,NA,NA,NA,NA,NA,NA,NA,NA,NA,NA,NA,NA,NA,NA,NA,NA,NA,NA,NA,NA,NA
4296,ASV8441,TRUE,FALSE,TRUE,NA,NA,NA,NA,NA,NA,NA,NA,NA,NA,NA,NA,NA,NA,NA,NA,NA,NA,NA,NA,NA
4297,ASV8444,TRUE,FALSE,TRUE,NA,NA,NA,NA,NA,NA,NA,NA,NA,NA,NA,NA,NA,NA,NA,NA,NA,NA,NA,NA,NA
4298,ASV8446,TRUE,FALSE,TRUE,NA,NA,NA,NA,NA,NA,NA,NA,NA,NA,NA,NA,NA,NA,NA,NA,NA,NA,NA,NA,NA
4299,ASV8448,FALSE,FALSE,FALSE,NA,NA,NA,NA,NA,NA,NA,NA,NA,1,1,1,1,1,1,FALSE,FALSE,FALSE,TRUE,TRUE,TRUE
4300,ASV8449,TRUE,FALSE,TRUE,NA,NA,NA,NA,NA,NA,NA,NA,NA,NA,NA,NA,NA,NA,NA,NA,NA,NA,NA,NA,NA
4301,ASV8452,FALSE,TRUE,TRUE,NA,NA,NA,NA,NA,NA,NA,NA,NA,NA,NA,NA,NA,NA,NA,NA,NA,NA,NA,NA,NA
4302,ASV8453,TRUE,FALSE,TRUE,NA,NA,NA,NA,NA,NA,NA,NA,NA,NA,NA,NA,NA,NA,NA,NA,NA,NA,NA,NA,NA
4303,ASV8462,FALSE,TRUE,TRUE,NA,NA,NA,NA,NA,NA,NA,NA,NA,NA,NA,NA,NA,NA,NA,NA,NA,NA,NA,NA,NA
4304,ASV8478,FALSE,TRUE,TRUE,NA,NA,NA,NA,NA,NA,NA,NA,NA,NA,NA,NA,NA,NA,NA,NA,NA,NA,NA,NA,NA
4305,ASV8481,FALSE,TRUE,TRUE,NA,NA,NA,NA,NA,NA,NA,NA,NA,NA,NA,NA,NA,NA,NA,NA,NA,NA,NA,NA,NA
4306,ASV8482,FALSE,TRUE,TRUE,NA,NA,NA,NA,NA,NA,NA,NA,NA,NA,NA,NA,NA,NA,NA,NA,NA,NA,NA,NA,NA
4307,ASV8485,FALSE,TRUE,TRUE,NA,NA,NA,NA,NA,NA,NA,NA,NA,NA,NA,NA,NA,NA,NA,NA,NA,NA,NA,NA,NA
4308,ASV8487,FALSE,TRUE,TRUE,NA,NA,NA,NA,NA,NA,NA,NA,NA,NA,NA,NA,NA,NA,NA,NA,NA,NA,NA,NA,NA
4309,ASV8488,FALSE,TRUE,TRUE,NA,NA,NA,NA,NA,NA,NA,NA,NA,NA,NA,NA,NA,NA,NA,NA,NA,NA,NA,NA,NA
4310,ASV8489,FALSE,TRUE,TRUE,NA,NA,NA,NA,NA,NA,NA,NA,NA,NA,NA,NA,NA,NA,NA,NA,NA,NA,NA,NA,NA
4311,ASV8490,FALSE,TRUE,TRUE,NA,NA,NA,NA,NA,NA,NA,NA,NA,NA,NA,NA,NA,NA,NA,NA,NA,NA,NA,NA,NA
4312,ASV8491,FALSE,TRUE,TRUE,NA,NA,NA,NA,NA,NA,NA,NA,NA,NA,NA,NA,NA,NA,NA,NA,NA,NA,NA,NA,NA
4313,ASV8520,TRUE,FALSE,TRUE,NA,NA,NA,NA,NA,NA,NA,NA,NA,NA,NA,NA,NA,NA,NA,NA,NA,NA,NA,NA,NA
4314,ASV8521,TRUE,FALSE,TRUE,NA,NA,NA,NA,NA,NA,NA,NA,NA,NA,NA,NA,NA,NA,NA,NA,NA,NA,NA,NA,NA
4315,ASV8522,TRUE,FALSE,TRUE,NA,NA,NA,NA,NA,NA,NA,NA,NA,NA,NA,NA,NA,NA,NA,NA,NA,NA,NA,NA,NA
4316,ASV8523,FALSE,TRUE,TRUE,NA,NA,NA,NA,NA,NA,NA,NA,NA,NA,NA,NA,NA,NA,NA,NA,NA,NA,NA,NA,NA
4317,ASV8529,FALSE,FALSE,FALSE,NA,NA,NA,NA,NA,NA,NA,NA,NA,1,1,1,1,1,1,FALSE,FALSE,FALSE,TRUE,TRUE,TRUE
4318,ASV8531,TRUE,FALSE,TRUE,NA,NA,NA,NA,NA,NA,NA,NA,NA,NA,NA,NA,NA,NA,NA,NA,NA,NA,NA,NA,NA
4319,ASV8532,TRUE,FALSE,TRUE,NA,NA,NA,NA,NA,NA,NA,NA,NA,NA,NA,NA,NA,NA,NA,NA,NA,NA,NA,NA,NA
4320,ASV8533,FALSE,FALSE,FALSE,NA,NA,NA,NA,NA,NA,NA,NA,NA,1,1,1,1,1,1,FALSE,FALSE,FALSE,TRUE,TRUE,TRUE
4321,ASV8534,TRUE,FALSE,TRUE,NA,NA,NA,NA,NA,NA,NA,NA,NA,NA,NA,NA,NA,NA,NA,NA,NA,NA,NA,NA,NA
4322,ASV8535,TRUE,FALSE,TRUE,NA,NA,NA,NA,NA,NA,NA,NA,NA,NA,NA,NA,NA,NA,NA,NA,NA,NA,NA,NA,NA
4323,ASV8536,FALSE,FALSE,FALSE,NA,NA,NA,NA,NA,NA,NA,NA,NA,1,1,1,1,1,1,FALSE,FALSE,FALSE,TRUE,TRUE,TRUE
4324,ASV8539,TRUE,FALSE,TRUE,NA,NA,NA,NA,NA,NA,NA,NA,NA,NA,NA,NA,NA,NA,NA,NA,NA,NA,NA,NA,NA
4325,ASV8540,TRUE,FALSE,TRUE,NA,NA,NA,NA,NA,NA,NA,NA,NA,NA,NA,NA,NA,NA,NA,NA,NA,NA,NA,NA,NA
4326,ASV8542,TRUE,FALSE,TRUE,NA,NA,NA,NA,NA,NA,NA,NA,NA,NA,NA,NA,NA,NA,NA,NA,NA,NA,NA,NA,NA
4327,ASV8545,TRUE,FALSE,TRUE,NA,NA,NA,NA,NA,NA,NA,NA,NA,NA,NA,NA,NA,NA,NA,NA,NA,NA,NA,NA,NA
4328,ASV8547,FALSE,FALSE,FALSE,NA,NA,NA,NA,NA,NA,NA,NA,NA,1,1,1,1,1,1,FALSE,FALSE,FALSE,TRUE,TRUE,TRUE
4329,ASV8550,TRUE,FALSE,TRUE,NA,NA,NA,NA,NA,NA,NA,NA,NA,NA,NA,NA,NA,NA,NA,NA,NA,NA,NA,NA,NA
4330,ASV8558,TRUE,FALSE,TRUE,NA,NA,NA,NA,NA,NA,NA,NA,NA,NA,NA,NA,NA,NA,NA,NA,NA,NA,NA,NA,NA
4331,ASV8576,FALSE,TRUE,TRUE,NA,NA,NA,NA,NA,NA,NA,NA,NA,NA,NA,NA,NA,NA,NA,NA,NA,NA,NA,NA,NA
4332,ASV8577,FALSE,TRUE,TRUE,NA,NA,NA,NA,NA,NA,NA,NA,NA,NA,NA,NA,NA,NA,NA,NA,NA,NA,NA,NA,NA
4333,ASV8578,FALSE,TRUE,TRUE,NA,NA,NA,NA,NA,NA,NA,NA,NA,NA,NA,NA,NA,NA,NA,NA,NA,NA,NA,NA,NA
4334,ASV8579,FALSE,TRUE,TRUE,NA,NA,NA,NA,NA,NA,NA,NA,NA,NA,NA,NA,NA,NA,NA,NA,NA,NA,NA,NA,NA
4335,ASV8580,FALSE,TRUE,TRUE,NA,NA,NA,NA,NA,NA,NA,NA,NA,NA,NA,NA,NA,NA,NA,NA,NA,NA,NA,NA,NA
4336,ASV8581,FALSE,TRUE,TRUE,NA,NA,NA,NA,NA,NA,NA,NA,NA,NA,NA,NA,NA,NA,NA,NA,NA,NA,NA,NA,NA
4337,ASV8582,FALSE,TRUE,TRUE,NA,NA,NA,NA,NA,NA,NA,NA,NA,NA,NA,NA,NA,NA,NA,NA,NA,NA,NA,NA,NA
4338,ASV8583,FALSE,TRUE,TRUE,NA,NA,NA,NA,NA,NA,NA,NA,NA,NA,NA,NA,NA,NA,NA,NA,NA,NA,NA,NA,NA
4339,ASV8584,FALSE,TRUE,TRUE,NA,NA,NA,NA,NA,NA,NA,NA,NA,NA,NA,NA,NA,NA,NA,NA,NA,NA,NA,NA,NA
4340,ASV8585,FALSE,TRUE,TRUE,NA,NA,NA,NA,NA,NA,NA,NA,NA,NA,NA,NA,NA,NA,NA,NA,NA,NA,NA,NA,NA
4341,ASV8586,FALSE,TRUE,TRUE,NA,NA,NA,NA,NA,NA,NA,NA,NA,NA,NA,NA,NA,NA,NA,NA,NA,NA,NA,NA,NA
4342,ASV8588,FALSE,TRUE,TRUE,NA,NA,NA,NA,NA,NA,NA,NA,NA,NA,NA,NA,NA,NA,NA,NA,NA,NA,NA,NA,NA
4343,ASV8589,FALSE,TRUE,TRUE,NA,NA,NA,NA,NA,NA,NA,NA,NA,NA,NA,NA,NA,NA,NA,NA,NA,NA,NA,NA,NA
4344,ASV8590,FALSE,TRUE,TRUE,NA,NA,NA,NA,NA,NA,NA,NA,NA,NA,NA,NA,NA,NA,NA,NA,NA,NA,NA,NA,NA
4345,ASV8591,FALSE,TRUE,TRUE,NA,NA,NA,NA,NA,NA,NA,NA,NA,NA,NA,NA,NA,NA,NA,NA,NA,NA,NA,NA,NA
4346,ASV8592,FALSE,TRUE,TRUE,NA,NA,NA,NA,NA,NA,NA,NA,NA,NA,NA,NA,NA,NA,NA,NA,NA,NA,NA,NA,NA
4347,ASV8593,FALSE,TRUE,TRUE,NA,NA,NA,NA,NA,NA,NA,NA,NA,NA,NA,NA,NA,NA,NA,NA,NA,NA,NA,NA,NA
4348,ASV8596,TRUE,FALSE,TRUE,NA,NA,NA,NA,NA,NA,NA,NA,NA,NA,NA,NA,NA,NA,NA,NA,NA,NA,NA,NA,NA
4349,ASV8613,TRUE,FALSE,TRUE,NA,NA,NA,NA,NA,NA,NA,NA,NA,NA,NA,NA,NA,NA,NA,NA,NA,NA,NA,NA,NA
4350,ASV8623,TRUE,FALSE,TRUE,NA,NA,NA,NA,NA,NA,NA,NA,NA,NA,NA,NA,NA,NA,NA,NA,NA,NA,NA,NA,NA
4351,ASV8624,TRUE,FALSE,TRUE,NA,NA,NA,NA,NA,NA,NA,NA,NA,NA,NA,NA,NA,NA,NA,NA,NA,NA,NA,NA,NA
4352,ASV8625,FALSE,TRUE,TRUE,NA,NA,NA,NA,NA,NA,NA,NA,NA,NA,NA,NA,NA,NA,NA,NA,NA,NA,NA,NA,NA
4353,ASV8626,FALSE,TRUE,TRUE,NA,NA,NA,NA,NA,NA,NA,NA,NA,NA,NA,NA,NA,NA,NA,NA,NA,NA,NA,NA,NA
4354,ASV8639,TRUE,FALSE,TRUE,NA,NA,NA,NA,NA,NA,NA,NA,NA,NA,NA,NA,NA,NA,NA,NA,NA,NA,NA,NA,NA
4355,ASV8641,TRUE,FALSE,TRUE,NA,NA,NA,NA,NA,NA,NA,NA,NA,NA,NA,NA,NA,NA,NA,NA,NA,NA,NA,NA,NA
4356,ASV8642,FALSE,FALSE,FALSE,NA,NA,NA,NA,NA,NA,NA,NA,NA,1,1,1,1,1,1,FALSE,FALSE,FALSE,TRUE,TRUE,TRUE
4357,ASV8643,TRUE,FALSE,TRUE,NA,NA,NA,NA,NA,NA,NA,NA,NA,NA,NA,NA,NA,NA,NA,NA,NA,NA,NA,NA,NA
4358,ASV8644,TRUE,FALSE,TRUE,NA,NA,NA,NA,NA,NA,NA,NA,NA,NA,NA,NA,NA,NA,NA,NA,NA,NA,NA,NA,NA
4359,ASV8645,TRUE,FALSE,TRUE,NA,NA,NA,NA,NA,NA,NA,NA,NA,NA,NA,NA,NA,NA,NA,NA,NA,NA,NA,NA,NA
4360,ASV8646,TRUE,FALSE,TRUE,NA,NA,NA,NA,NA,NA,NA,NA,NA,NA,NA,NA,NA,NA,NA,NA,NA,NA,NA,NA,NA
4361,ASV8647,TRUE,FALSE,TRUE,NA,NA,NA,NA,NA,NA,NA,NA,NA,NA,NA,NA,NA,NA,NA,NA,NA,NA,NA,NA,NA
4362,ASV8649,TRUE,FALSE,TRUE,NA,NA,NA,NA,NA,NA,NA,NA,NA,NA,NA,NA,NA,NA,NA,NA,NA,NA,NA,NA,NA
4363,ASV8651,TRUE,FALSE,TRUE,NA,NA,NA,NA,NA,NA,NA,NA,NA,NA,NA,NA,NA,NA,NA,NA,NA,NA,NA,NA,NA
4364,ASV8652,TRUE,FALSE,TRUE,NA,NA,NA,NA,NA,NA,NA,NA,NA,NA,NA,NA,NA,NA,NA,NA,NA,NA,NA,NA,NA
4365,ASV8653,TRUE,FALSE,TRUE,NA,NA,NA,NA,NA,NA,NA,NA,NA,NA,NA,NA,NA,NA,NA,NA,NA,NA,NA,NA,NA
4366,ASV8654,TRUE,FALSE,TRUE,NA,NA,NA,NA,NA,NA,NA,NA,NA,NA,NA,NA,NA,NA,NA,NA,NA,NA,NA,NA,NA
4367,ASV8656,FALSE,FALSE,FALSE,NA,NA,NA,NA,NA,NA,NA,NA,NA,1,1,1,1,1,1,FALSE,FALSE,FALSE,FALSE,FALSE,FALSE
4368,ASV8673,TRUE,FALSE,TRUE,NA,NA,NA,NA,NA,NA,NA,NA,NA,NA,NA,NA,NA,NA,NA,NA,NA,NA,NA,NA,NA
4369,ASV8682,FALSE,TRUE,TRUE,NA,NA,NA,NA,NA,NA,NA,NA,NA,NA,NA,NA,NA,NA,NA,NA,NA,NA,NA,NA,NA
4370,ASV8683,FALSE,TRUE,TRUE,NA,NA,NA,NA,NA,NA,NA,NA,NA,NA,NA,NA,NA,NA,NA,NA,NA,NA,NA,NA,NA
4371,ASV8684,FALSE,TRUE,TRUE,NA,NA,NA,NA,NA,NA,NA,NA,NA,NA,NA,NA,NA,NA,NA,NA,NA,NA,NA,NA,NA
4372,ASV8685,FALSE,TRUE,TRUE,NA,NA,NA,NA,NA,NA,NA,NA,NA,NA,NA,NA,NA,NA,NA,NA,NA,NA,NA,NA,NA
4373,ASV8686,FALSE,TRUE,TRUE,NA,NA,NA,NA,NA,NA,NA,NA,NA,NA,NA,NA,NA,NA,NA,NA,NA,NA,NA,NA,NA
4374,ASV8687,FALSE,TRUE,TRUE,NA,NA,NA,NA,NA,NA,NA,NA,NA,NA,NA,NA,NA,NA,NA,NA,NA,NA,NA,NA,NA
4375,ASV8689,FALSE,TRUE,TRUE,NA,NA,NA,NA,NA,NA,NA,NA,NA,NA,NA,NA,NA,NA,NA,NA,NA,NA,NA,NA,NA
4376,ASV8690,FALSE,TRUE,TRUE,NA,NA,NA,NA,NA,NA,NA,NA,NA,NA,NA,NA,NA,NA,NA,NA,NA,NA,NA,NA,NA
4377,ASV8691,FALSE,TRUE,TRUE,NA,NA,NA,NA,NA,NA,NA,NA,NA,NA,NA,NA,NA,NA,NA,NA,NA,NA,NA,NA,NA
4378,ASV8692,FALSE,TRUE,TRUE,NA,NA,NA,NA,NA,NA,NA,NA,NA,NA,NA,NA,NA,NA,NA,NA,NA,NA,NA,NA,NA
4379,ASV8694,FALSE,TRUE,TRUE,NA,NA,NA,NA,NA,NA,NA,NA,NA,NA,NA,NA,NA,NA,NA,NA,NA,NA,NA,NA,NA
4380,ASV8695,FALSE,TRUE,TRUE,NA,NA,NA,NA,NA,NA,NA,NA,NA,NA,NA,NA,NA,NA,NA,NA,NA,NA,NA,NA,NA
4381,ASV8696,FALSE,TRUE,TRUE,NA,NA,NA,NA,NA,NA,NA,NA,NA,NA,NA,NA,NA,NA,NA,NA,NA,NA,NA,NA,NA
4382,ASV8697,FALSE,TRUE,TRUE,NA,NA,NA,NA,NA,NA,NA,NA,NA,NA,NA,NA,NA,NA,NA,NA,NA,NA,NA,NA,NA
4383,ASV8701,TRUE,FALSE,TRUE,NA,NA,NA,NA,NA,NA,NA,NA,NA,NA,NA,NA,NA,NA,NA,NA,NA,NA,NA,NA,NA
4384,ASV8717,TRUE,FALSE,TRUE,NA,NA,NA,NA,NA,NA,NA,NA,NA,NA,NA,NA,NA,NA,NA,NA,NA,NA,NA,NA,NA
4385,ASV8732,TRUE,FALSE,TRUE,NA,NA,NA,NA,NA,NA,NA,NA,NA,NA,NA,NA,NA,NA,NA,NA,NA,NA,NA,NA,NA
4386,ASV8733,TRUE,FALSE,TRUE,NA,NA,NA,NA,NA,NA,NA,NA,NA,NA,NA,NA,NA,NA,NA,NA,NA,NA,NA,NA,NA
4387,ASV8734,TRUE,FALSE,TRUE,NA,NA,NA,NA,NA,NA,NA,NA,NA,NA,NA,NA,NA,NA,NA,NA,NA,NA,NA,NA,NA
4388,ASV8735,TRUE,FALSE,TRUE,NA,NA,NA,NA,NA,NA,NA,NA,NA,NA,NA,NA,NA,NA,NA,NA,NA,NA,NA,NA,NA
4389,ASV8737,FALSE,TRUE,TRUE,NA,NA,NA,NA,NA,NA,NA,NA,NA,NA,NA,NA,NA,NA,NA,NA,NA,NA,NA,NA,NA
4390,ASV8738,FALSE,TRUE,TRUE,NA,NA,NA,NA,NA,NA,NA,NA,NA,NA,NA,NA,NA,NA,NA,NA,NA,NA,NA,NA,NA
4391,ASV8745,FALSE,FALSE,FALSE,NA,NA,NA,NA,NA,NA,NA,NA,NA,1,1,1,1,1,1,FALSE,FALSE,FALSE,TRUE,TRUE,TRUE
4392,ASV8747,FALSE,FALSE,FALSE,NA,NA,NA,NA,NA,NA,NA,NA,NA,1,1,1,1,1,1,FALSE,FALSE,FALSE,TRUE,TRUE,TRUE
4393,ASV8749,TRUE,FALSE,TRUE,NA,NA,NA,NA,NA,NA,NA,NA,NA,NA,NA,NA,NA,NA,NA,NA,NA,NA,NA,NA,NA
4394,ASV8750,TRUE,FALSE,TRUE,NA,NA,NA,NA,NA,NA,NA,NA,NA,NA,NA,NA,NA,NA,NA,NA,NA,NA,NA,NA,NA
4395,ASV8751,TRUE,FALSE,TRUE,NA,NA,NA,NA,NA,NA,NA,NA,NA,NA,NA,NA,NA,NA,NA,NA,NA,NA,NA,NA,NA
4396,ASV8755,TRUE,FALSE,TRUE,NA,NA,NA,NA,NA,NA,NA,NA,NA,NA,NA,NA,NA,NA,NA,NA,NA,NA,NA,NA,NA
4397,ASV8756,FALSE,FALSE,FALSE,NA,NA,NA,NA,NA,NA,NA,NA,NA,1,1,1,1,1,1,FALSE,FALSE,FALSE,TRUE,TRUE,TRUE
4398,ASV8758,TRUE,FALSE,TRUE,NA,NA,NA,NA,NA,NA,NA,NA,NA,NA,NA,NA,NA,NA,NA,NA,NA,NA,NA,NA,NA
4399,ASV8759,FALSE,FALSE,FALSE,NA,NA,NA,NA,NA,NA,NA,NA,NA,1,1,1,1,1,1,FALSE,FALSE,FALSE,TRUE,TRUE,TRUE
4400,ASV8781,FALSE,TRUE,TRUE,NA,NA,NA,NA,NA,NA,NA,NA,NA,NA,NA,NA,NA,NA,NA,NA,NA,NA,NA,NA,NA
4401,ASV8782,FALSE,TRUE,TRUE,NA,NA,NA,NA,NA,NA,NA,NA,NA,NA,NA,NA,NA,NA,NA,NA,NA,NA,NA,NA,NA
4402,ASV8783,FALSE,TRUE,TRUE,NA,NA,NA,NA,NA,NA,NA,NA,NA,NA,NA,NA,NA,NA,NA,NA,NA,NA,NA,NA,NA
4403,ASV8785,FALSE,TRUE,TRUE,NA,NA,NA,NA,NA,NA,NA,NA,NA,NA,NA,NA,NA,NA,NA,NA,NA,NA,NA,NA,NA
4404,ASV8786,FALSE,TRUE,TRUE,NA,NA,NA,NA,NA,NA,NA,NA,NA,NA,NA,NA,NA,NA,NA,NA,NA,NA,NA,NA,NA
4405,ASV8787,FALSE,TRUE,TRUE,NA,NA,NA,NA,NA,NA,NA,NA,NA,NA,NA,NA,NA,NA,NA,NA,NA,NA,NA,NA,NA
4406,ASV8790,FALSE,TRUE,TRUE,NA,NA,NA,NA,NA,NA,NA,NA,NA,NA,NA,NA,NA,NA,NA,NA,NA,NA,NA,NA,NA
4407,ASV8791,FALSE,TRUE,TRUE,NA,NA,NA,NA,NA,NA,NA,NA,NA,NA,NA,NA,NA,NA,NA,NA,NA,NA,NA,NA,NA
4408,ASV8792,FALSE,TRUE,TRUE,NA,NA,NA,NA,NA,NA,NA,NA,NA,NA,NA,NA,NA,NA,NA,NA,NA,NA,NA,NA,NA
4409,ASV8795,TRUE,FALSE,TRUE,NA,NA,NA,NA,NA,NA,NA,NA,NA,NA,NA,NA,NA,NA,NA,NA,NA,NA,NA,NA,NA
4410,ASV8822,TRUE,FALSE,TRUE,NA,NA,NA,NA,NA,NA,NA,NA,NA,NA,NA,NA,NA,NA,NA,NA,NA,NA,NA,NA,NA
4411,ASV8828,TRUE,FALSE,TRUE,NA,NA,NA,NA,NA,NA,NA,NA,NA,NA,NA,NA,NA,NA,NA,NA,NA,NA,NA,NA,NA
4412,ASV8829,TRUE,FALSE,TRUE,NA,NA,NA,NA,NA,NA,NA,NA,NA,NA,NA,NA,NA,NA,NA,NA,NA,NA,NA,NA,NA
4413,ASV8830,TRUE,FALSE,TRUE,NA,NA,NA,NA,NA,NA,NA,NA,NA,NA,NA,NA,NA,NA,NA,NA,NA,NA,NA,NA,NA
4414,ASV8831,TRUE,FALSE,TRUE,NA,NA,NA,NA,NA,NA,NA,NA,NA,NA,NA,NA,NA,NA,NA,NA,NA,NA,NA,NA,NA
4415,ASV8843,TRUE,FALSE,TRUE,NA,NA,NA,NA,NA,NA,NA,NA,NA,NA,NA,NA,NA,NA,NA,NA,NA,NA,NA,NA,NA
4416,ASV8844,TRUE,FALSE,TRUE,NA,NA,NA,NA,NA,NA,NA,NA,NA,NA,NA,NA,NA,NA,NA,NA,NA,NA,NA,NA,NA
4417,ASV8845,FALSE,FALSE,FALSE,NA,NA,NA,NA,NA,NA,NA,NA,NA,1,1,1,1,1,1,FALSE,FALSE,FALSE,TRUE,FALSE,TRUE
4418,ASV8846,TRUE,FALSE,TRUE,NA,NA,NA,NA,NA,NA,NA,NA,NA,NA,NA,NA,NA,NA,NA,NA,NA,NA,NA,NA,NA
4419,ASV8848,FALSE,FALSE,FALSE,NA,NA,NA,NA,NA,NA,NA,NA,NA,1,1,1,1,1,1,FALSE,FALSE,FALSE,TRUE,FALSE,TRUE
4420,ASV8849,TRUE,FALSE,TRUE,NA,NA,NA,NA,NA,NA,NA,NA,NA,NA,NA,NA,NA,NA,NA,NA,NA,NA,NA,NA,NA
4421,ASV8852,TRUE,FALSE,TRUE,NA,NA,NA,NA,NA,NA,NA,NA,NA,NA,NA,NA,NA,NA,NA,NA,NA,NA,NA,NA,NA
4422,ASV8853,TRUE,FALSE,TRUE,NA,NA,NA,NA,NA,NA,NA,NA,NA,NA,NA,NA,NA,NA,NA,NA,NA,NA,NA,NA,NA
4423,ASV8854,TRUE,FALSE,TRUE,NA,NA,NA,NA,NA,NA,NA,NA,NA,NA,NA,NA,NA,NA,NA,NA,NA,NA,NA,NA,NA
4424,ASV8855,FALSE,FALSE,FALSE,NA,NA,NA,NA,NA,NA,NA,NA,NA,1,1,1,1,1,1,FALSE,FALSE,FALSE,TRUE,TRUE,TRUE
4425,ASV8857,TRUE,FALSE,TRUE,NA,NA,NA,NA,NA,NA,NA,NA,NA,NA,NA,NA,NA,NA,NA,NA,NA,NA,NA,NA,NA
4426,ASV8858,TRUE,FALSE,TRUE,NA,NA,NA,NA,NA,NA,NA,NA,NA,NA,NA,NA,NA,NA,NA,NA,NA,NA,NA,NA,NA
4427,ASV8862,TRUE,FALSE,TRUE,NA,NA,NA,NA,NA,NA,NA,NA,NA,NA,NA,NA,NA,NA,NA,NA,NA,NA,NA,NA,NA
4428,ASV8863,TRUE,FALSE,TRUE,NA,NA,NA,NA,NA,NA,NA,NA,NA,NA,NA,NA,NA,NA,NA,NA,NA,NA,NA,NA,NA
4429,ASV8865,TRUE,FALSE,TRUE,NA,NA,NA,NA,NA,NA,NA,NA,NA,NA,NA,NA,NA,NA,NA,NA,NA,NA,NA,NA,NA
4430,ASV8867,FALSE,FALSE,FALSE,NA,NA,NA,NA,NA,NA,NA,NA,NA,1,1,1,1,1,1,FALSE,FALSE,FALSE,TRUE,TRUE,TRUE
4431,ASV8877,FALSE,TRUE,TRUE,NA,NA,NA,NA,NA,NA,NA,NA,NA,NA,NA,NA,NA,NA,NA,NA,NA,NA,NA,NA,NA
4432,ASV8891,FALSE,TRUE,TRUE,NA,NA,NA,NA,NA,NA,NA,NA,NA,NA,NA,NA,NA,NA,NA,NA,NA,NA,NA,NA,NA
4433,ASV8892,FALSE,TRUE,TRUE,NA,NA,NA,NA,NA,NA,NA,NA,NA,NA,NA,NA,NA,NA,NA,NA,NA,NA,NA,NA,NA
4434,ASV8894,FALSE,TRUE,TRUE,NA,NA,NA,NA,NA,NA,NA,NA,NA,NA,NA,NA,NA,NA,NA,NA,NA,NA,NA,NA,NA
4435,ASV8895,FALSE,TRUE,TRUE,NA,NA,NA,NA,NA,NA,NA,NA,NA,NA,NA,NA,NA,NA,NA,NA,NA,NA,NA,NA,NA
4436,ASV8896,FALSE,TRUE,TRUE,NA,NA,NA,NA,NA,NA,NA,NA,NA,NA,NA,NA,NA,NA,NA,NA,NA,NA,NA,NA,NA
4437,ASV8897,FALSE,TRUE,TRUE,NA,NA,NA,NA,NA,NA,NA,NA,NA,NA,NA,NA,NA,NA,NA,NA,NA,NA,NA,NA,NA
4438,ASV8898,FALSE,TRUE,TRUE,NA,NA,NA,NA,NA,NA,NA,NA,NA,NA,NA,NA,NA,NA,NA,NA,NA,NA,NA,NA,NA
4439,ASV8899,FALSE,TRUE,TRUE,NA,NA,NA,NA,NA,NA,NA,NA,NA,NA,NA,NA,NA,NA,NA,NA,NA,NA,NA,NA,NA
4440,ASV8900,FALSE,TRUE,TRUE,NA,NA,NA,NA,NA,NA,NA,NA,NA,NA,NA,NA,NA,NA,NA,NA,NA,NA,NA,NA,NA
4441,ASV8901,FALSE,TRUE,TRUE,NA,NA,NA,NA,NA,NA,NA,NA,NA,NA,NA,NA,NA,NA,NA,NA,NA,NA,NA,NA,NA
4442,ASV8902,FALSE,TRUE,TRUE,NA,NA,NA,NA,NA,NA,NA,NA,NA,NA,NA,NA,NA,NA,NA,NA,NA,NA,NA,NA,NA
4443,ASV8903,FALSE,TRUE,TRUE,NA,NA,NA,NA,NA,NA,NA,NA,NA,NA,NA,NA,NA,NA,NA,NA,NA,NA,NA,NA,NA
4444,ASV8906,FALSE,TRUE,TRUE,NA,NA,NA,NA,NA,NA,NA,NA,NA,NA,NA,NA,NA,NA,NA,NA,NA,NA,NA,NA,NA
4445,ASV8907,FALSE,TRUE,TRUE,NA,NA,NA,NA,NA,NA,NA,NA,NA,NA,NA,NA,NA,NA,NA,NA,NA,NA,NA,NA,NA
4446,ASV8931,FALSE,FALSE,FALSE,NA,NA,NA,NA,NA,NA,NA,NA,NA,1,1,1,1,1,1,FALSE,FALSE,FALSE,TRUE,TRUE,TRUE
4447,ASV8932,TRUE,FALSE,TRUE,NA,NA,NA,NA,NA,NA,NA,NA,NA,NA,NA,NA,NA,NA,NA,NA,NA,NA,NA,NA,NA
4448,ASV8946,FALSE,FALSE,FALSE,NA,NA,NA,NA,NA,NA,NA,NA,NA,1,1,1,1,1,1,FALSE,FALSE,FALSE,TRUE,TRUE,TRUE
4449,ASV8948,TRUE,FALSE,TRUE,NA,NA,NA,NA,NA,NA,NA,NA,NA,NA,NA,NA,NA,NA,NA,NA,NA,NA,NA,NA,NA
4450,ASV8949,TRUE,FALSE,TRUE,NA,NA,NA,NA,NA,NA,NA,NA,NA,NA,NA,NA,NA,NA,NA,NA,NA,NA,NA,NA,NA
4451,ASV8950,FALSE,FALSE,FALSE,NA,NA,NA,NA,NA,NA,NA,NA,NA,1,1,1,1,1,1,FALSE,FALSE,FALSE,TRUE,TRUE,TRUE
4452,ASV8954,TRUE,FALSE,TRUE,NA,NA,NA,NA,NA,NA,NA,NA,NA,NA,NA,NA,NA,NA,NA,NA,NA,NA,NA,NA,NA
4453,ASV8955,TRUE,FALSE,TRUE,NA,NA,NA,NA,NA,NA,NA,NA,NA,NA,NA,NA,NA,NA,NA,NA,NA,NA,NA,NA,NA
4454,ASV8956,TRUE,FALSE,TRUE,NA,NA,NA,NA,NA,NA,NA,NA,NA,NA,NA,NA,NA,NA,NA,NA,NA,NA,NA,NA,NA
4455,ASV8957,TRUE,FALSE,TRUE,NA,NA,NA,NA,NA,NA,NA,NA,NA,NA,NA,NA,NA,NA,NA,NA,NA,NA,NA,NA,NA
4456,ASV8960,TRUE,FALSE,TRUE,NA,NA,NA,NA,NA,NA,NA,NA,NA,NA,NA,NA,NA,NA,NA,NA,NA,NA,NA,NA,NA
4457,ASV8961,TRUE,FALSE,TRUE,NA,NA,NA,NA,NA,NA,NA,NA,NA,NA,NA,NA,NA,NA,NA,NA,NA,NA,NA,NA,NA
4458,ASV8962,TRUE,FALSE,TRUE,NA,NA,NA,NA,NA,NA,NA,NA,NA,NA,NA,NA,NA,NA,NA,NA,NA,NA,NA,NA,NA
4459,ASV8963,TRUE,FALSE,TRUE,NA,NA,NA,NA,NA,NA,NA,NA,NA,NA,NA,NA,NA,NA,NA,NA,NA,NA,NA,NA,NA
4460,ASV8964,TRUE,FALSE,TRUE,NA,NA,NA,NA,NA,NA,NA,NA,NA,NA,NA,NA,NA,NA,NA,NA,NA,NA,NA,NA,NA
4461,ASV8965,TRUE,FALSE,TRUE,NA,NA,NA,NA,NA,NA,NA,NA,NA,NA,NA,NA,NA,NA,NA,NA,NA,NA,NA,NA,NA
4462,ASV8966,TRUE,FALSE,TRUE,NA,NA,NA,NA,NA,NA,NA,NA,NA,NA,NA,NA,NA,NA,NA,NA,NA,NA,NA,NA,NA
4463,ASV8969,FALSE,FALSE,FALSE,NA,NA,NA,NA,NA,NA,NA,NA,NA,1,1,1,1,1,1,FALSE,FALSE,FALSE,TRUE,TRUE,TRUE
4464,ASV8970,TRUE,FALSE,TRUE,NA,NA,NA,NA,NA,NA,NA,NA,NA,NA,NA,NA,NA,NA,NA,NA,NA,NA,NA,NA,NA
4465,ASV8971,TRUE,FALSE,TRUE,NA,NA,NA,NA,NA,NA,NA,NA,NA,NA,NA,NA,NA,NA,NA,NA,NA,NA,NA,NA,NA
4466,ASV8972,TRUE,FALSE,TRUE,NA,NA,NA,NA,NA,NA,NA,NA,NA,NA,NA,NA,NA,NA,NA,NA,NA,NA,NA,NA,NA
4467,ASV8973,TRUE,FALSE,TRUE,NA,NA,NA,NA,NA,NA,NA,NA,NA,NA,NA,NA,NA,NA,NA,NA,NA,NA,NA,NA,NA
4468,ASV8974,TRUE,FALSE,TRUE,NA,NA,NA,NA,NA,NA,NA,NA,NA,NA,NA,NA,NA,NA,NA,NA,NA,NA,NA,NA,NA
4469,ASV8976,TRUE,FALSE,TRUE,NA,NA,NA,NA,NA,NA,NA,NA,NA,NA,NA,NA,NA,NA,NA,NA,NA,NA,NA,NA,NA
4470,ASV8978,FALSE,FALSE,FALSE,NA,NA,NA,NA,NA,NA,NA,NA,NA,1,1,1,1,1,1,FALSE,FALSE,FALSE,TRUE,TRUE,TRUE
4471,ASV8979,FALSE,FALSE,FALSE,NA,NA,NA,NA,NA,NA,NA,NA,NA,1,1,1,1,1,1,FALSE,FALSE,FALSE,TRUE,TRUE,TRUE
4472,ASV8980,TRUE,FALSE,TRUE,NA,NA,NA,NA,NA,NA,NA,NA,NA,NA,NA,NA,NA,NA,NA,NA,NA,NA,NA,NA,NA
4473,ASV8981,FALSE,FALSE,FALSE,NA,NA,NA,NA,NA,NA,NA,NA,NA,1,1,1,1,1,1,FALSE,FALSE,FALSE,FALSE,FALSE,TRUE
4474,ASV8982,FALSE,FALSE,FALSE,NA,NA,NA,NA,NA,NA,NA,NA,NA,1,1,1,1,1,1,FALSE,FALSE,FALSE,TRUE,TRUE,TRUE
4475,ASV8996,TRUE,FALSE,TRUE,NA,NA,NA,NA,NA,NA,NA,NA,NA,NA,NA,NA,NA,NA,NA,NA,NA,NA,NA,NA,NA
4476,ASV9008,TRUE,FALSE,TRUE,NA,NA,NA,NA,NA,NA,NA,NA,NA,NA,NA,NA,NA,NA,NA,NA,NA,NA,NA,NA,NA
4477,ASV9009,FALSE,TRUE,TRUE,NA,NA,NA,NA,NA,NA,NA,NA,NA,NA,NA,NA,NA,NA,NA,NA,NA,NA,NA,NA,NA
4478,ASV9010,FALSE,TRUE,TRUE,NA,NA,NA,NA,NA,NA,NA,NA,NA,NA,NA,NA,NA,NA,NA,NA,NA,NA,NA,NA,NA
4479,ASV9011,FALSE,TRUE,TRUE,NA,NA,NA,NA,NA,NA,NA,NA,NA,NA,NA,NA,NA,NA,NA,NA,NA,NA,NA,NA,NA
4480,ASV9012,FALSE,TRUE,TRUE,NA,NA,NA,NA,NA,NA,NA,NA,NA,NA,NA,NA,NA,NA,NA,NA,NA,NA,NA,NA,NA
4481,ASV9014,FALSE,TRUE,TRUE,NA,NA,NA,NA,NA,NA,NA,NA,NA,NA,NA,NA,NA,NA,NA,NA,NA,NA,NA,NA,NA
4482,ASV9015,FALSE,TRUE,TRUE,NA,NA,NA,NA,NA,NA,NA,NA,NA,NA,NA,NA,NA,NA,NA,NA,NA,NA,NA,NA,NA
4483,ASV9017,FALSE,TRUE,TRUE,NA,NA,NA,NA,NA,NA,NA,NA,NA,NA,NA,NA,NA,NA,NA,NA,NA,NA,NA,NA,NA
4484,ASV9018,FALSE,TRUE,TRUE,NA,NA,NA,NA,NA,NA,NA,NA,NA,NA,NA,NA,NA,NA,NA,NA,NA,NA,NA,NA,NA
4485,ASV9019,FALSE,TRUE,TRUE,NA,NA,NA,NA,NA,NA,NA,NA,NA,NA,NA,NA,NA,NA,NA,NA,NA,NA,NA,NA,NA
4486,ASV9020,FALSE,TRUE,TRUE,NA,NA,NA,NA,NA,NA,NA,NA,NA,NA,NA,NA,NA,NA,NA,NA,NA,NA,NA,NA,NA
4487,ASV9056,TRUE,FALSE,TRUE,NA,NA,NA,NA,NA,NA,NA,NA,NA,NA,NA,NA,NA,NA,NA,NA,NA,NA,NA,NA,NA
4488,ASV9058,TRUE,FALSE,TRUE,NA,NA,NA,NA,NA,NA,NA,NA,NA,NA,NA,NA,NA,NA,NA,NA,NA,NA,NA,NA,NA
4489,ASV9059,TRUE,FALSE,TRUE,NA,NA,NA,NA,NA,NA,NA,NA,NA,NA,NA,NA,NA,NA,NA,NA,NA,NA,NA,NA,NA
4490,ASV9060,TRUE,FALSE,TRUE,NA,NA,NA,NA,NA,NA,NA,NA,NA,NA,NA,NA,NA,NA,NA,NA,NA,NA,NA,NA,NA
4491,ASV9061,TRUE,FALSE,TRUE,NA,NA,NA,NA,NA,NA,NA,NA,NA,NA,NA,NA,NA,NA,NA,NA,NA,NA,NA,NA,NA
4492,ASV9079,FALSE,FALSE,FALSE,NA,NA,NA,NA,NA,NA,NA,NA,NA,1,1,1,1,1,1,FALSE,FALSE,FALSE,TRUE,TRUE,TRUE
4493,ASV9080,TRUE,FALSE,TRUE,NA,NA,NA,NA,NA,NA,NA,NA,NA,NA,NA,NA,NA,NA,NA,NA,NA,NA,NA,NA,NA
4494,ASV9081,TRUE,FALSE,TRUE,NA,NA,NA,NA,NA,NA,NA,NA,NA,NA,NA,NA,NA,NA,NA,NA,NA,NA,NA,NA,NA
4495,ASV9082,FALSE,FALSE,FALSE,NA,NA,NA,NA,NA,NA,NA,NA,NA,1,1,1,1,1,1,FALSE,FALSE,FALSE,TRUE,TRUE,TRUE
4496,ASV9084,FALSE,FALSE,FALSE,NA,NA,NA,NA,NA,NA,NA,NA,NA,1,1,1,1,1,1,FALSE,FALSE,FALSE,TRUE,TRUE,TRUE
4497,ASV9085,TRUE,FALSE,TRUE,NA,NA,NA,NA,NA,NA,NA,NA,NA,NA,NA,NA,NA,NA,NA,NA,NA,NA,NA,NA,NA
4498,ASV9086,FALSE,FALSE,FALSE,NA,NA,NA,NA,NA,NA,NA,NA,NA,1,1,1,1,1,1,FALSE,FALSE,FALSE,TRUE,TRUE,TRUE
4499,ASV9087,TRUE,FALSE,TRUE,NA,NA,NA,NA,NA,NA,NA,NA,NA,NA,NA,NA,NA,NA,NA,NA,NA,NA,NA,NA,NA
4500,ASV9088,TRUE,FALSE,TRUE,NA,NA,NA,NA,NA,NA,NA,NA,NA,NA,NA,NA,NA,NA,NA,NA,NA,NA,NA,NA,NA
4501,ASV9089,TRUE,FALSE,TRUE,NA,NA,NA,NA,NA,NA,NA,NA,NA,NA,NA,NA,NA,NA,NA,NA,NA,NA,NA,NA,NA
4502,ASV9090,FALSE,FALSE,FALSE,NA,NA,NA,NA,NA,NA,NA,NA,NA,1,1,1,1,1,1,FALSE,FALSE,FALSE,TRUE,TRUE,TRUE
4503,ASV9091,FALSE,FALSE,FALSE,NA,NA,NA,NA,NA,NA,NA,NA,NA,1,1,1,1,1,1,FALSE,FALSE,FALSE,TRUE,TRUE,TRUE
4504,ASV9093,TRUE,FALSE,TRUE,NA,NA,NA,NA,NA,NA,NA,NA,NA,NA,NA,NA,NA,NA,NA,NA,NA,NA,NA,NA,NA
4505,ASV9094,TRUE,FALSE,TRUE,NA,NA,NA,NA,NA,NA,NA,NA,NA,NA,NA,NA,NA,NA,NA,NA,NA,NA,NA,NA,NA
4506,ASV9095,TRUE,FALSE,TRUE,NA,NA,NA,NA,NA,NA,NA,NA,NA,NA,NA,NA,NA,NA,NA,NA,NA,NA,NA,NA,NA
4507,ASV9096,TRUE,FALSE,TRUE,NA,NA,NA,NA,NA,NA,NA,NA,NA,NA,NA,NA,NA,NA,NA,NA,NA,NA,NA,NA,NA
4508,ASV9097,TRUE,FALSE,TRUE,NA,NA,NA,NA,NA,NA,NA,NA,NA,NA,NA,NA,NA,NA,NA,NA,NA,NA,NA,NA,NA
4509,ASV9099,FALSE,FALSE,FALSE,NA,NA,NA,NA,NA,NA,NA,NA,NA,1,1,1,1,1,1,FALSE,FALSE,FALSE,TRUE,FALSE,TRUE
4510,ASV9113,TRUE,FALSE,TRUE,NA,NA,NA,NA,NA,NA,NA,NA,NA,NA,NA,NA,NA,NA,NA,NA,NA,NA,NA,NA,NA
4511,ASV9131,TRUE,FALSE,TRUE,NA,NA,NA,NA,NA,NA,NA,NA,NA,NA,NA,NA,NA,NA,NA,NA,NA,NA,NA,NA,NA
4512,ASV9132,FALSE,TRUE,TRUE,NA,NA,NA,NA,NA,NA,NA,NA,NA,NA,NA,NA,NA,NA,NA,NA,NA,NA,NA,NA,NA
4513,ASV9133,FALSE,TRUE,TRUE,NA,NA,NA,NA,NA,NA,NA,NA,NA,NA,NA,NA,NA,NA,NA,NA,NA,NA,NA,NA,NA
4514,ASV9135,FALSE,TRUE,TRUE,NA,NA,NA,NA,NA,NA,NA,NA,NA,NA,NA,NA,NA,NA,NA,NA,NA,NA,NA,NA,NA
4515,ASV9136,FALSE,TRUE,TRUE,NA,NA,NA,NA,NA,NA,NA,NA,NA,NA,NA,NA,NA,NA,NA,NA,NA,NA,NA,NA,NA
4516,ASV9137,FALSE,TRUE,TRUE,NA,NA,NA,NA,NA,NA,NA,NA,NA,NA,NA,NA,NA,NA,NA,NA,NA,NA,NA,NA,NA
4517,ASV9140,FALSE,TRUE,TRUE,NA,NA,NA,NA,NA,NA,NA,NA,NA,NA,NA,NA,NA,NA,NA,NA,NA,NA,NA,NA,NA
4518,ASV9141,FALSE,TRUE,TRUE,NA,NA,NA,NA,NA,NA,NA,NA,NA,NA,NA,NA,NA,NA,NA,NA,NA,NA,NA,NA,NA
4519,ASV9142,FALSE,TRUE,TRUE,NA,NA,NA,NA,NA,NA,NA,NA,NA,NA,NA,NA,NA,NA,NA,NA,NA,NA,NA,NA,NA
4520,ASV9144,FALSE,TRUE,TRUE,NA,NA,NA,NA,NA,NA,NA,NA,NA,NA,NA,NA,NA,NA,NA,NA,NA,NA,NA,NA,NA
4521,ASV9145,FALSE,TRUE,TRUE,NA,NA,NA,NA,NA,NA,NA,NA,NA,NA,NA,NA,NA,NA,NA,NA,NA,NA,NA,NA,NA
4522,ASV9146,FALSE,TRUE,TRUE,NA,NA,NA,NA,NA,NA,NA,NA,NA,NA,NA,NA,NA,NA,NA,NA,NA,NA,NA,NA,NA
4523,ASV9147,FALSE,TRUE,TRUE,NA,NA,NA,NA,NA,NA,NA,NA,NA,NA,NA,NA,NA,NA,NA,NA,NA,NA,NA,NA,NA
4524,ASV9148,FALSE,TRUE,TRUE,NA,NA,NA,NA,NA,NA,NA,NA,NA,NA,NA,NA,NA,NA,NA,NA,NA,NA,NA,NA,NA
4525,ASV9149,FALSE,TRUE,TRUE,NA,NA,NA,NA,NA,NA,NA,NA,NA,NA,NA,NA,NA,NA,NA,NA,NA,NA,NA,NA,NA
4526,ASV9182,TRUE,FALSE,TRUE,NA,NA,NA,NA,NA,NA,NA,NA,NA,NA,NA,NA,NA,NA,NA,NA,NA,NA,NA,NA,NA
4527,ASV9186,FALSE,TRUE,TRUE,NA,NA,NA,NA,NA,NA,NA,NA,NA,NA,NA,NA,NA,NA,NA,NA,NA,NA,NA,NA,NA
4528,ASV9187,FALSE,TRUE,TRUE,NA,NA,NA,NA,NA,NA,NA,NA,NA,NA,NA,NA,NA,NA,NA,NA,NA,NA,NA,NA,NA
4529,ASV9199,TRUE,FALSE,TRUE,NA,NA,NA,NA,NA,NA,NA,NA,NA,NA,NA,NA,NA,NA,NA,NA,NA,NA,NA,NA,NA
4530,ASV9202,TRUE,FALSE,TRUE,NA,NA,NA,NA,NA,NA,NA,NA,NA,NA,NA,NA,NA,NA,NA,NA,NA,NA,NA,NA,NA
4531,ASV9203,TRUE,FALSE,TRUE,NA,NA,NA,NA,NA,NA,NA,NA,NA,NA,NA,NA,NA,NA,NA,NA,NA,NA,NA,NA,NA
4532,ASV9204,TRUE,FALSE,TRUE,NA,NA,NA,NA,NA,NA,NA,NA,NA,NA,NA,NA,NA,NA,NA,NA,NA,NA,NA,NA,NA
4533,ASV9205,TRUE,FALSE,TRUE,NA,NA,NA,NA,NA,NA,NA,NA,NA,NA,NA,NA,NA,NA,NA,NA,NA,NA,NA,NA,NA
4534,ASV9206,TRUE,FALSE,TRUE,NA,NA,NA,NA,NA,NA,NA,NA,NA,NA,NA,NA,NA,NA,NA,NA,NA,NA,NA,NA,NA
4535,ASV9209,FALSE,FALSE,FALSE,NA,NA,NA,NA,NA,NA,NA,NA,NA,1,1,1,1,1,1,FALSE,FALSE,FALSE,TRUE,TRUE,TRUE
4536,ASV9210,FALSE,FALSE,FALSE,NA,NA,NA,NA,NA,NA,NA,NA,NA,1,1,1,1,1,1,FALSE,FALSE,FALSE,TRUE,TRUE,TRUE
4537,ASV9211,TRUE,FALSE,TRUE,NA,NA,NA,NA,NA,NA,NA,NA,NA,NA,NA,NA,NA,NA,NA,NA,NA,NA,NA,NA,NA
4538,ASV9212,TRUE,FALSE,TRUE,NA,NA,NA,NA,NA,NA,NA,NA,NA,NA,NA,NA,NA,NA,NA,NA,NA,NA,NA,NA,NA
4539,ASV9213,TRUE,FALSE,TRUE,NA,NA,NA,NA,NA,NA,NA,NA,NA,NA,NA,NA,NA,NA,NA,NA,NA,NA,NA,NA,NA
4540,ASV9214,TRUE,FALSE,TRUE,NA,NA,NA,NA,NA,NA,NA,NA,NA,NA,NA,NA,NA,NA,NA,NA,NA,NA,NA,NA,NA
4541,ASV9215,TRUE,FALSE,TRUE,NA,NA,NA,NA,NA,NA,NA,NA,NA,NA,NA,NA,NA,NA,NA,NA,NA,NA,NA,NA,NA
4542,ASV9216,TRUE,FALSE,TRUE,NA,NA,NA,NA,NA,NA,NA,NA,NA,NA,NA,NA,NA,NA,NA,NA,NA,NA,NA,NA,NA
4543,ASV9217,TRUE,FALSE,TRUE,NA,NA,NA,NA,NA,NA,NA,NA,NA,NA,NA,NA,NA,NA,NA,NA,NA,NA,NA,NA,NA
4544,ASV9218,FALSE,FALSE,FALSE,NA,NA,NA,NA,NA,NA,NA,NA,NA,1,1,1,1,1,1,FALSE,FALSE,FALSE,TRUE,TRUE,TRUE
4545,ASV9220,TRUE,FALSE,TRUE,NA,NA,NA,NA,NA,NA,NA,NA,NA,NA,NA,NA,NA,NA,NA,NA,NA,NA,NA,NA,NA
4546,ASV9222,TRUE,FALSE,TRUE,NA,NA,NA,NA,NA,NA,NA,NA,NA,NA,NA,NA,NA,NA,NA,NA,NA,NA,NA,NA,NA
4547,ASV9227,FALSE,TRUE,TRUE,NA,NA,NA,NA,NA,NA,NA,NA,NA,NA,NA,NA,NA,NA,NA,NA,NA,NA,NA,NA,NA
4548,ASV9232,TRUE,FALSE,TRUE,NA,NA,NA,NA,NA,NA,NA,NA,NA,NA,NA,NA,NA,NA,NA,NA,NA,NA,NA,NA,NA
4549,ASV9240,TRUE,FALSE,TRUE,NA,NA,NA,NA,NA,NA,NA,NA,NA,NA,NA,NA,NA,NA,NA,NA,NA,NA,NA,NA,NA
4550,ASV9253,FALSE,TRUE,TRUE,NA,NA,NA,NA,NA,NA,NA,NA,NA,NA,NA,NA,NA,NA,NA,NA,NA,NA,NA,NA,NA
4551,ASV9255,FALSE,TRUE,TRUE,NA,NA,NA,NA,NA,NA,NA,NA,NA,NA,NA,NA,NA,NA,NA,NA,NA,NA,NA,NA,NA
4552,ASV9256,FALSE,TRUE,TRUE,NA,NA,NA,NA,NA,NA,NA,NA,NA,NA,NA,NA,NA,NA,NA,NA,NA,NA,NA,NA,NA
4553,ASV9257,FALSE,TRUE,TRUE,NA,NA,NA,NA,NA,NA,NA,NA,NA,NA,NA,NA,NA,NA,NA,NA,NA,NA,NA,NA,NA
4554,ASV9258,FALSE,TRUE,TRUE,NA,NA,NA,NA,NA,NA,NA,NA,NA,NA,NA,NA,NA,NA,NA,NA,NA,NA,NA,NA,NA
4555,ASV9259,FALSE,TRUE,TRUE,NA,NA,NA,NA,NA,NA,NA,NA,NA,NA,NA,NA,NA,NA,NA,NA,NA,NA,NA,NA,NA
4556,ASV9260,FALSE,TRUE,TRUE,NA,NA,NA,NA,NA,NA,NA,NA,NA,NA,NA,NA,NA,NA,NA,NA,NA,NA,NA,NA,NA
4557,ASV9261,FALSE,TRUE,TRUE,NA,NA,NA,NA,NA,NA,NA,NA,NA,NA,NA,NA,NA,NA,NA,NA,NA,NA,NA,NA,NA
4558,ASV9262,FALSE,TRUE,TRUE,NA,NA,NA,NA,NA,NA,NA,NA,NA,NA,NA,NA,NA,NA,NA,NA,NA,NA,NA,NA,NA
4559,ASV9264,FALSE,TRUE,TRUE,NA,NA,NA,NA,NA,NA,NA,NA,NA,NA,NA,NA,NA,NA,NA,NA,NA,NA,NA,NA,NA
4560,ASV9266,FALSE,TRUE,TRUE,NA,NA,NA,NA,NA,NA,NA,NA,NA,NA,NA,NA,NA,NA,NA,NA,NA,NA,NA,NA,NA
4561,ASV9274,TRUE,FALSE,TRUE,NA,NA,NA,NA,NA,NA,NA,NA,NA,NA,NA,NA,NA,NA,NA,NA,NA,NA,NA,NA,NA
4562,ASV9301,TRUE,FALSE,TRUE,NA,NA,NA,NA,NA,NA,NA,NA,NA,NA,NA,NA,NA,NA,NA,NA,NA,NA,NA,NA,NA
4563,ASV9302,TRUE,FALSE,TRUE,NA,NA,NA,NA,NA,NA,NA,NA,NA,NA,NA,NA,NA,NA,NA,NA,NA,NA,NA,NA,NA
4564,ASV9307,FALSE,TRUE,TRUE,NA,NA,NA,NA,NA,NA,NA,NA,NA,NA,NA,NA,NA,NA,NA,NA,NA,NA,NA,NA,NA
4565,ASV9308,FALSE,TRUE,TRUE,NA,NA,NA,NA,NA,NA,NA,NA,NA,NA,NA,NA,NA,NA,NA,NA,NA,NA,NA,NA,NA
4566,ASV9309,FALSE,TRUE,TRUE,NA,NA,NA,NA,NA,NA,NA,NA,NA,NA,NA,NA,NA,NA,NA,NA,NA,NA,NA,NA,NA
4567,ASV9325,TRUE,FALSE,TRUE,NA,NA,NA,NA,NA,NA,NA,NA,NA,NA,NA,NA,NA,NA,NA,NA,NA,NA,NA,NA,NA
4568,ASV9327,FALSE,FALSE,FALSE,NA,NA,NA,NA,NA,NA,NA,NA,NA,1,1,1,1,1,1,FALSE,FALSE,FALSE,TRUE,TRUE,TRUE
4569,ASV9328,FALSE,FALSE,FALSE,NA,NA,NA,NA,NA,NA,NA,NA,NA,1,1,1,1,1,1,FALSE,FALSE,FALSE,TRUE,FALSE,TRUE
4570,ASV9329,FALSE,FALSE,FALSE,NA,NA,NA,NA,NA,NA,NA,NA,NA,1,1,1,1,1,1,FALSE,FALSE,FALSE,TRUE,TRUE,TRUE
4571,ASV9330,FALSE,FALSE,FALSE,-0.491677658,123.864.179.621.582,NA,0.118339137,0.246636924,NA,-41.548.186.869.081,502.212.635.889.688,NA,1,1,1,1,1,1,FALSE,FALSE,FALSE,TRUE,TRUE,TRUE
4572,ASV9332,FALSE,FALSE,FALSE,NA,NA,NA,NA,NA,NA,NA,NA,NA,1,1,1,1,1,1,FALSE,FALSE,FALSE,TRUE,TRUE,TRUE
4573,ASV9333,TRUE,FALSE,TRUE,NA,NA,NA,NA,NA,NA,NA,NA,NA,NA,NA,NA,NA,NA,NA,NA,NA,NA,NA,NA,NA
4574,ASV9334,TRUE,FALSE,TRUE,NA,NA,NA,NA,NA,NA,NA,NA,NA,NA,NA,NA,NA,NA,NA,NA,NA,NA,NA,NA,NA
4575,ASV9335,TRUE,FALSE,TRUE,NA,NA,NA,NA,NA,NA,NA,NA,NA,NA,NA,NA,NA,NA,NA,NA,NA,NA,NA,NA,NA
4576,ASV9336,TRUE,FALSE,TRUE,NA,NA,NA,NA,NA,NA,NA,NA,NA,NA,NA,NA,NA,NA,NA,NA,NA,NA,NA,NA,NA
4577,ASV9337,FALSE,FALSE,FALSE,NA,NA,NA,NA,NA,NA,NA,NA,NA,1,1,1,1,1,1,FALSE,FALSE,FALSE,TRUE,TRUE,TRUE
4578,ASV9338,TRUE,FALSE,TRUE,NA,NA,NA,NA,NA,NA,NA,NA,NA,NA,NA,NA,NA,NA,NA,NA,NA,NA,NA,NA,NA
4579,ASV9339,TRUE,FALSE,TRUE,NA,NA,NA,NA,NA,NA,NA,NA,NA,NA,NA,NA,NA,NA,NA,NA,NA,NA,NA,NA,NA
4580,ASV9340,TRUE,FALSE,TRUE,NA,NA,NA,NA,NA,NA,NA,NA,NA,NA,NA,NA,NA,NA,NA,NA,NA,NA,NA,NA,NA
4581,ASV9341,TRUE,FALSE,TRUE,NA,NA,NA,NA,NA,NA,NA,NA,NA,NA,NA,NA,NA,NA,NA,NA,NA,NA,NA,NA,NA
4582,ASV9342,TRUE,FALSE,TRUE,NA,NA,NA,NA,NA,NA,NA,NA,NA,NA,NA,NA,NA,NA,NA,NA,NA,NA,NA,NA,NA
4583,ASV9345,TRUE,FALSE,TRUE,NA,NA,NA,NA,NA,NA,NA,NA,NA,NA,NA,NA,NA,NA,NA,NA,NA,NA,NA,NA,NA
4584,ASV9346,FALSE,FALSE,FALSE,NA,NA,NA,NA,NA,NA,NA,NA,NA,1,1,1,1,1,1,FALSE,FALSE,FALSE,TRUE,TRUE,TRUE
4585,ASV9348,TRUE,FALSE,TRUE,NA,NA,NA,NA,NA,NA,NA,NA,NA,NA,NA,NA,NA,NA,NA,NA,NA,NA,NA,NA,NA
4586,ASV9349,TRUE,FALSE,TRUE,NA,NA,NA,NA,NA,NA,NA,NA,NA,NA,NA,NA,NA,NA,NA,NA,NA,NA,NA,NA,NA
4587,ASV9350,TRUE,FALSE,TRUE,NA,NA,NA,NA,NA,NA,NA,NA,NA,NA,NA,NA,NA,NA,NA,NA,NA,NA,NA,NA,NA
4588,ASV9351,FALSE,FALSE,FALSE,NA,NA,NA,NA,NA,NA,NA,NA,NA,1,1,1,1,1,1,FALSE,FALSE,FALSE,TRUE,TRUE,TRUE
4589,ASV9352,FALSE,FALSE,FALSE,NA,NA,NA,NA,NA,NA,NA,NA,NA,1,1,1,1,1,1,FALSE,FALSE,FALSE,TRUE,TRUE,TRUE
4590,ASV9370,TRUE,FALSE,TRUE,NA,NA,NA,NA,NA,NA,NA,NA,NA,NA,NA,NA,NA,NA,NA,NA,NA,NA,NA,NA,NA
4591,ASV9389,TRUE,FALSE,TRUE,NA,NA,NA,NA,NA,NA,NA,NA,NA,NA,NA,NA,NA,NA,NA,NA,NA,NA,NA,NA,NA
4592,ASV9393,FALSE,FALSE,FALSE,NA,NA,NA,NA,NA,NA,NA,NA,NA,1,1,1,1,1,1,FALSE,FALSE,FALSE,TRUE,TRUE,TRUE
4593,ASV9398,FALSE,TRUE,TRUE,NA,NA,NA,NA,NA,NA,NA,NA,NA,NA,NA,NA,NA,NA,NA,NA,NA,NA,NA,NA,NA
4594,ASV9399,FALSE,TRUE,TRUE,NA,NA,NA,NA,NA,NA,NA,NA,NA,NA,NA,NA,NA,NA,NA,NA,NA,NA,NA,NA,NA
4595,ASV9400,FALSE,TRUE,TRUE,NA,NA,NA,NA,NA,NA,NA,NA,NA,NA,NA,NA,NA,NA,NA,NA,NA,NA,NA,NA,NA
4596,ASV9401,FALSE,TRUE,TRUE,NA,NA,NA,NA,NA,NA,NA,NA,NA,NA,NA,NA,NA,NA,NA,NA,NA,NA,NA,NA,NA
4597,ASV9402,FALSE,TRUE,TRUE,NA,NA,NA,NA,NA,NA,NA,NA,NA,NA,NA,NA,NA,NA,NA,NA,NA,NA,NA,NA,NA
4598,ASV9403,FALSE,TRUE,TRUE,NA,NA,NA,NA,NA,NA,NA,NA,NA,NA,NA,NA,NA,NA,NA,NA,NA,NA,NA,NA,NA
4599,ASV9404,FALSE,TRUE,TRUE,NA,NA,NA,NA,NA,NA,NA,NA,NA,NA,NA,NA,NA,NA,NA,NA,NA,NA,NA,NA,NA
4600,ASV9405,FALSE,TRUE,TRUE,NA,NA,NA,NA,NA,NA,NA,NA,NA,NA,NA,NA,NA,NA,NA,NA,NA,NA,NA,NA,NA
4601,ASV9406,FALSE,TRUE,TRUE,NA,NA,NA,NA,NA,NA,NA,NA,NA,NA,NA,NA,NA,NA,NA,NA,NA,NA,NA,NA,NA
4602,ASV9407,FALSE,TRUE,TRUE,NA,NA,NA,NA,NA,NA,NA,NA,NA,NA,NA,NA,NA,NA,NA,NA,NA,NA,NA,NA,NA
4603,ASV9410,FALSE,TRUE,TRUE,NA,NA,NA,NA,NA,NA,NA,NA,NA,NA,NA,NA,NA,NA,NA,NA,NA,NA,NA,NA,NA
4604,ASV9419,FALSE,TRUE,TRUE,NA,NA,NA,NA,NA,NA,NA,NA,NA,NA,NA,NA,NA,NA,NA,NA,NA,NA,NA,NA,NA
4605,ASV9444,TRUE,FALSE,TRUE,NA,NA,NA,NA,NA,NA,NA,NA,NA,NA,NA,NA,NA,NA,NA,NA,NA,NA,NA,NA,NA
4606,ASV9445,TRUE,FALSE,TRUE,NA,NA,NA,NA,NA,NA,NA,NA,NA,NA,NA,NA,NA,NA,NA,NA,NA,NA,NA,NA,NA
4607,ASV9446,TRUE,FALSE,TRUE,NA,NA,NA,NA,NA,NA,NA,NA,NA,NA,NA,NA,NA,NA,NA,NA,NA,NA,NA,NA,NA
4608,ASV9447,TRUE,FALSE,TRUE,NA,NA,NA,NA,NA,NA,NA,NA,NA,NA,NA,NA,NA,NA,NA,NA,NA,NA,NA,NA,NA
4609,ASV9448,TRUE,FALSE,TRUE,NA,NA,NA,NA,NA,NA,NA,NA,NA,NA,NA,NA,NA,NA,NA,NA,NA,NA,NA,NA,NA
4610,ASV9449,TRUE,FALSE,TRUE,NA,NA,NA,NA,NA,NA,NA,NA,NA,NA,NA,NA,NA,NA,NA,NA,NA,NA,NA,NA,NA
4611,ASV9455,FALSE,TRUE,TRUE,NA,NA,NA,NA,NA,NA,NA,NA,NA,NA,NA,NA,NA,NA,NA,NA,NA,NA,NA,NA,NA
4612,ASV9456,FALSE,TRUE,TRUE,NA,NA,NA,NA,NA,NA,NA,NA,NA,NA,NA,NA,NA,NA,NA,NA,NA,NA,NA,NA,NA
4613,ASV9467,FALSE,FALSE,FALSE,NA,NA,NA,NA,NA,NA,NA,NA,NA,1,1,1,1,1,1,FALSE,FALSE,FALSE,TRUE,TRUE,TRUE
4614,ASV9469,TRUE,FALSE,TRUE,NA,NA,NA,NA,NA,NA,NA,NA,NA,NA,NA,NA,NA,NA,NA,NA,NA,NA,NA,NA,NA
4615,ASV9470,TRUE,FALSE,TRUE,NA,NA,NA,NA,NA,NA,NA,NA,NA,NA,NA,NA,NA,NA,NA,NA,NA,NA,NA,NA,NA
4616,ASV9473,FALSE,FALSE,FALSE,NA,NA,NA,NA,NA,NA,NA,NA,NA,1,1,1,1,1,1,FALSE,FALSE,FALSE,TRUE,TRUE,TRUE
4617,ASV9474,FALSE,FALSE,FALSE,NA,NA,NA,NA,NA,NA,NA,NA,NA,1,1,1,1,1,1,FALSE,FALSE,FALSE,TRUE,FALSE,TRUE
4618,ASV9475,FALSE,FALSE,FALSE,NA,NA,NA,NA,NA,NA,NA,NA,NA,1,1,1,1,1,1,FALSE,FALSE,FALSE,TRUE,FALSE,TRUE
4619,ASV9476,TRUE,FALSE,TRUE,NA,NA,NA,NA,NA,NA,NA,NA,NA,NA,NA,NA,NA,NA,NA,NA,NA,NA,NA,NA,NA
4620,ASV9478,FALSE,FALSE,FALSE,NA,NA,NA,NA,NA,NA,NA,NA,NA,1,1,1,1,1,1,FALSE,FALSE,FALSE,TRUE,TRUE,TRUE
4621,ASV9479,TRUE,FALSE,TRUE,NA,NA,NA,NA,NA,NA,NA,NA,NA,NA,NA,NA,NA,NA,NA,NA,NA,NA,NA,NA,NA
4622,ASV9480,TRUE,FALSE,TRUE,NA,NA,NA,NA,NA,NA,NA,NA,NA,NA,NA,NA,NA,NA,NA,NA,NA,NA,NA,NA,NA
4623,ASV9481,FALSE,FALSE,FALSE,NA,NA,NA,NA,NA,NA,NA,NA,NA,1,1,1,1,1,1,FALSE,FALSE,FALSE,TRUE,TRUE,TRUE
4624,ASV9482,TRUE,FALSE,TRUE,NA,NA,NA,NA,NA,NA,NA,NA,NA,NA,NA,NA,NA,NA,NA,NA,NA,NA,NA,NA,NA
4625,ASV9483,TRUE,FALSE,TRUE,NA,NA,NA,NA,NA,NA,NA,NA,NA,NA,NA,NA,NA,NA,NA,NA,NA,NA,NA,NA,NA
4626,ASV9484,TRUE,FALSE,TRUE,NA,NA,NA,NA,NA,NA,NA,NA,NA,NA,NA,NA,NA,NA,NA,NA,NA,NA,NA,NA,NA
4627,ASV9485,TRUE,FALSE,TRUE,NA,NA,NA,NA,NA,NA,NA,NA,NA,NA,NA,NA,NA,NA,NA,NA,NA,NA,NA,NA,NA
4628,ASV9486,TRUE,FALSE,TRUE,NA,NA,NA,NA,NA,NA,NA,NA,NA,NA,NA,NA,NA,NA,NA,NA,NA,NA,NA,NA,NA
4629,ASV9489,TRUE,FALSE,TRUE,NA,NA,NA,NA,NA,NA,NA,NA,NA,NA,NA,NA,NA,NA,NA,NA,NA,NA,NA,NA,NA
4630,ASV9491,FALSE,FALSE,FALSE,NA,NA,NA,NA,NA,NA,NA,NA,NA,1,1,1,1,1,1,FALSE,FALSE,FALSE,TRUE,TRUE,TRUE
4631,ASV9525,FALSE,TRUE,TRUE,NA,NA,NA,NA,NA,NA,NA,NA,NA,NA,NA,NA,NA,NA,NA,NA,NA,NA,NA,NA,NA
4632,ASV9528,FALSE,TRUE,TRUE,NA,NA,NA,NA,NA,NA,NA,NA,NA,NA,NA,NA,NA,NA,NA,NA,NA,NA,NA,NA,NA
4633,ASV9529,FALSE,TRUE,TRUE,NA,NA,NA,NA,NA,NA,NA,NA,NA,NA,NA,NA,NA,NA,NA,NA,NA,NA,NA,NA,NA
4634,ASV9530,FALSE,TRUE,TRUE,NA,NA,NA,NA,NA,NA,NA,NA,NA,NA,NA,NA,NA,NA,NA,NA,NA,NA,NA,NA,NA
4635,ASV9531,FALSE,TRUE,TRUE,NA,NA,NA,NA,NA,NA,NA,NA,NA,NA,NA,NA,NA,NA,NA,NA,NA,NA,NA,NA,NA
4636,ASV9533,FALSE,TRUE,TRUE,NA,NA,NA,NA,NA,NA,NA,NA,NA,NA,NA,NA,NA,NA,NA,NA,NA,NA,NA,NA,NA
4637,ASV9534,FALSE,TRUE,TRUE,NA,NA,NA,NA,NA,NA,NA,NA,NA,NA,NA,NA,NA,NA,NA,NA,NA,NA,NA,NA,NA
4638,ASV9535,FALSE,TRUE,TRUE,NA,NA,NA,NA,NA,NA,NA,NA,NA,NA,NA,NA,NA,NA,NA,NA,NA,NA,NA,NA,NA
4639,ASV9536,FALSE,TRUE,TRUE,NA,NA,NA,NA,NA,NA,NA,NA,NA,NA,NA,NA,NA,NA,NA,NA,NA,NA,NA,NA,NA
4640,ASV9537,FALSE,TRUE,TRUE,NA,NA,NA,NA,NA,NA,NA,NA,NA,NA,NA,NA,NA,NA,NA,NA,NA,NA,NA,NA,NA
4641,ASV9577,TRUE,FALSE,TRUE,NA,NA,NA,NA,NA,NA,NA,NA,NA,NA,NA,NA,NA,NA,NA,NA,NA,NA,NA,NA,NA
4642,ASV9578,TRUE,FALSE,TRUE,NA,NA,NA,NA,NA,NA,NA,NA,NA,NA,NA,NA,NA,NA,NA,NA,NA,NA,NA,NA,NA
4643,ASV9579,TRUE,FALSE,TRUE,NA,NA,NA,NA,NA,NA,NA,NA,NA,NA,NA,NA,NA,NA,NA,NA,NA,NA,NA,NA,NA
4644,ASV9580,TRUE,FALSE,TRUE,NA,NA,NA,NA,NA,NA,NA,NA,NA,NA,NA,NA,NA,NA,NA,NA,NA,NA,NA,NA,NA
4645,ASV9581,TRUE,FALSE,TRUE,NA,NA,NA,NA,NA,NA,NA,NA,NA,NA,NA,NA,NA,NA,NA,NA,NA,NA,NA,NA,NA
4646,ASV9582,TRUE,FALSE,TRUE,NA,NA,NA,NA,NA,NA,NA,NA,NA,NA,NA,NA,NA,NA,NA,NA,NA,NA,NA,NA,NA
4647,ASV9586,FALSE,TRUE,TRUE,NA,NA,NA,NA,NA,NA,NA,NA,NA,NA,NA,NA,NA,NA,NA,NA,NA,NA,NA,NA,NA
4648,ASV9607,TRUE,FALSE,TRUE,NA,NA,NA,NA,NA,NA,NA,NA,NA,NA,NA,NA,NA,NA,NA,NA,NA,NA,NA,NA,NA
4649,ASV9608,FALSE,FALSE,FALSE,NA,NA,NA,NA,NA,NA,NA,NA,NA,1,1,1,1,1,1,FALSE,FALSE,FALSE,TRUE,TRUE,TRUE
4650,ASV9610,FALSE,FALSE,FALSE,NA,NA,NA,NA,NA,NA,NA,NA,NA,1,1,1,1,1,1,FALSE,FALSE,FALSE,TRUE,TRUE,TRUE
4651,ASV9611,TRUE,FALSE,TRUE,NA,NA,NA,NA,NA,NA,NA,NA,NA,NA,NA,NA,NA,NA,NA,NA,NA,NA,NA,NA,NA
4652,ASV9613,TRUE,FALSE,TRUE,NA,NA,NA,NA,NA,NA,NA,NA,NA,NA,NA,NA,NA,NA,NA,NA,NA,NA,NA,NA,NA
4653,ASV9614,FALSE,FALSE,FALSE,NA,NA,NA,NA,NA,NA,NA,NA,NA,1,1,1,1,1,1,FALSE,FALSE,FALSE,FALSE,FALSE,TRUE
4654,ASV9615,TRUE,FALSE,TRUE,NA,NA,NA,NA,NA,NA,NA,NA,NA,NA,NA,NA,NA,NA,NA,NA,NA,NA,NA,NA,NA
4655,ASV9616,TRUE,FALSE,TRUE,NA,NA,NA,NA,NA,NA,NA,NA,NA,NA,NA,NA,NA,NA,NA,NA,NA,NA,NA,NA,NA
4656,ASV9617,TRUE,FALSE,TRUE,NA,NA,NA,NA,NA,NA,NA,NA,NA,NA,NA,NA,NA,NA,NA,NA,NA,NA,NA,NA,NA
4657,ASV9622,FALSE,FALSE,FALSE,NA,NA,NA,NA,NA,NA,NA,NA,NA,1,1,1,1,1,1,FALSE,FALSE,FALSE,TRUE,TRUE,TRUE
4658,ASV9623,TRUE,FALSE,TRUE,NA,NA,NA,NA,NA,NA,NA,NA,NA,NA,NA,NA,NA,NA,NA,NA,NA,NA,NA,NA,NA
4659,ASV9624,FALSE,FALSE,FALSE,NA,NA,NA,NA,NA,NA,NA,NA,NA,1,1,1,1,1,1,FALSE,FALSE,FALSE,TRUE,FALSE,TRUE
4660,ASV9625,FALSE,FALSE,FALSE,NA,NA,NA,NA,NA,NA,NA,NA,NA,1,1,1,1,1,1,FALSE,FALSE,FALSE,TRUE,TRUE,TRUE
4661,ASV9626,TRUE,FALSE,TRUE,NA,NA,NA,NA,NA,NA,NA,NA,NA,NA,NA,NA,NA,NA,NA,NA,NA,NA,NA,NA,NA
4662,ASV9627,TRUE,FALSE,TRUE,NA,NA,NA,NA,NA,NA,NA,NA,NA,NA,NA,NA,NA,NA,NA,NA,NA,NA,NA,NA,NA
4663,ASV9628,TRUE,FALSE,TRUE,NA,NA,NA,NA,NA,NA,NA,NA,NA,NA,NA,NA,NA,NA,NA,NA,NA,NA,NA,NA,NA
4664,ASV9629,TRUE,FALSE,TRUE,NA,NA,NA,NA,NA,NA,NA,NA,NA,NA,NA,NA,NA,NA,NA,NA,NA,NA,NA,NA,NA
4665,ASV9630,FALSE,FALSE,FALSE,NA,NA,NA,NA,NA,NA,NA,NA,NA,1,1,1,1,1,1,FALSE,FALSE,FALSE,TRUE,TRUE,TRUE
4666,ASV9633,FALSE,FALSE,FALSE,NA,NA,NA,NA,NA,NA,NA,NA,NA,1,1,1,1,1,1,FALSE,FALSE,FALSE,TRUE,FALSE,TRUE
4667,ASV9635,TRUE,FALSE,TRUE,NA,NA,NA,NA,NA,NA,NA,NA,NA,NA,NA,NA,NA,NA,NA,NA,NA,NA,NA,NA,NA
4668,ASV9637,TRUE,FALSE,TRUE,NA,NA,NA,NA,NA,NA,NA,NA,NA,NA,NA,NA,NA,NA,NA,NA,NA,NA,NA,NA,NA
4669,ASV9638,TRUE,FALSE,TRUE,NA,NA,NA,NA,NA,NA,NA,NA,NA,NA,NA,NA,NA,NA,NA,NA,NA,NA,NA,NA,NA
4670,ASV9639,TRUE,FALSE,TRUE,NA,NA,NA,NA,NA,NA,NA,NA,NA,NA,NA,NA,NA,NA,NA,NA,NA,NA,NA,NA,NA
4671,ASV9641,TRUE,FALSE,TRUE,NA,NA,NA,NA,NA,NA,NA,NA,NA,NA,NA,NA,NA,NA,NA,NA,NA,NA,NA,NA,NA
4672,ASV9648,FALSE,TRUE,TRUE,NA,NA,NA,NA,NA,NA,NA,NA,NA,NA,NA,NA,NA,NA,NA,NA,NA,NA,NA,NA,NA
4673,ASV9650,FALSE,TRUE,TRUE,NA,NA,NA,NA,NA,NA,NA,NA,NA,NA,NA,NA,NA,NA,NA,NA,NA,NA,NA,NA,NA
4674,ASV9664,TRUE,FALSE,TRUE,NA,NA,NA,NA,NA,NA,NA,NA,NA,NA,NA,NA,NA,NA,NA,NA,NA,NA,NA,NA,NA
4675,ASV9682,FALSE,TRUE,TRUE,NA,NA,NA,NA,NA,NA,NA,NA,NA,NA,NA,NA,NA,NA,NA,NA,NA,NA,NA,NA,NA
4676,ASV9683,FALSE,TRUE,TRUE,NA,NA,NA,NA,NA,NA,NA,NA,NA,NA,NA,NA,NA,NA,NA,NA,NA,NA,NA,NA,NA
4677,ASV9684,FALSE,TRUE,TRUE,NA,NA,NA,NA,NA,NA,NA,NA,NA,NA,NA,NA,NA,NA,NA,NA,NA,NA,NA,NA,NA
4678,ASV9685,FALSE,TRUE,TRUE,NA,NA,NA,NA,NA,NA,NA,NA,NA,NA,NA,NA,NA,NA,NA,NA,NA,NA,NA,NA,NA
4679,ASV9687,FALSE,TRUE,TRUE,NA,NA,NA,NA,NA,NA,NA,NA,NA,NA,NA,NA,NA,NA,NA,NA,NA,NA,NA,NA,NA
4680,ASV9688,FALSE,TRUE,TRUE,NA,NA,NA,NA,NA,NA,NA,NA,NA,NA,NA,NA,NA,NA,NA,NA,NA,NA,NA,NA,NA
4681,ASV9689,FALSE,TRUE,TRUE,NA,NA,NA,NA,NA,NA,NA,NA,NA,NA,NA,NA,NA,NA,NA,NA,NA,NA,NA,NA,NA
4682,ASV9690,FALSE,TRUE,TRUE,NA,NA,NA,NA,NA,NA,NA,NA,NA,NA,NA,NA,NA,NA,NA,NA,NA,NA,NA,NA,NA
4683,ASV9692,FALSE,TRUE,TRUE,NA,NA,NA,NA,NA,NA,NA,NA,NA,NA,NA,NA,NA,NA,NA,NA,NA,NA,NA,NA,NA
4684,ASV9693,FALSE,TRUE,TRUE,NA,NA,NA,NA,NA,NA,NA,NA,NA,NA,NA,NA,NA,NA,NA,NA,NA,NA,NA,NA,NA
4685,ASV9697,TRUE,FALSE,TRUE,NA,NA,NA,NA,NA,NA,NA,NA,NA,NA,NA,NA,NA,NA,NA,NA,NA,NA,NA,NA,NA
4686,ASV9714,TRUE,FALSE,TRUE,NA,NA,NA,NA,NA,NA,NA,NA,NA,NA,NA,NA,NA,NA,NA,NA,NA,NA,NA,NA,NA
4687,ASV9723,TRUE,FALSE,TRUE,NA,NA,NA,NA,NA,NA,NA,NA,NA,NA,NA,NA,NA,NA,NA,NA,NA,NA,NA,NA,NA
4688,ASV9735,TRUE,FALSE,TRUE,NA,NA,NA,NA,NA,NA,NA,NA,NA,NA,NA,NA,NA,NA,NA,NA,NA,NA,NA,NA,NA
4689,ASV9736,TRUE,FALSE,TRUE,NA,NA,NA,NA,NA,NA,NA,NA,NA,NA,NA,NA,NA,NA,NA,NA,NA,NA,NA,NA,NA
4690,ASV9737,TRUE,FALSE,TRUE,NA,NA,NA,NA,NA,NA,NA,NA,NA,NA,NA,NA,NA,NA,NA,NA,NA,NA,NA,NA,NA
4691,ASV9738,TRUE,FALSE,TRUE,NA,NA,NA,NA,NA,NA,NA,NA,NA,NA,NA,NA,NA,NA,NA,NA,NA,NA,NA,NA,NA
4692,ASV9739,TRUE,FALSE,TRUE,NA,NA,NA,NA,NA,NA,NA,NA,NA,NA,NA,NA,NA,NA,NA,NA,NA,NA,NA,NA,NA
4693,ASV9740,FALSE,FALSE,FALSE,NA,NA,NA,NA,NA,NA,NA,NA,NA,1,1,1,1,1,1,FALSE,FALSE,FALSE,TRUE,TRUE,TRUE
4694,ASV9741,FALSE,FALSE,FALSE,NA,NA,NA,NA,NA,NA,NA,NA,NA,1,1,1,1,1,1,FALSE,FALSE,FALSE,TRUE,TRUE,TRUE
4695,ASV9746,FALSE,TRUE,TRUE,NA,NA,NA,NA,NA,NA,NA,NA,NA,NA,NA,NA,NA,NA,NA,NA,NA,NA,NA,NA,NA
4696,ASV9760,TRUE,FALSE,TRUE,NA,NA,NA,NA,NA,NA,NA,NA,NA,NA,NA,NA,NA,NA,NA,NA,NA,NA,NA,NA,NA
4697,ASV9761,TRUE,FALSE,TRUE,NA,NA,NA,NA,NA,NA,NA,NA,NA,NA,NA,NA,NA,NA,NA,NA,NA,NA,NA,NA,NA
4698,ASV9763,TRUE,FALSE,TRUE,NA,NA,NA,NA,NA,NA,NA,NA,NA,NA,NA,NA,NA,NA,NA,NA,NA,NA,NA,NA,NA
4699,ASV9765,TRUE,FALSE,TRUE,NA,NA,NA,NA,NA,NA,NA,NA,NA,NA,NA,NA,NA,NA,NA,NA,NA,NA,NA,NA,NA
4700,ASV9767,TRUE,FALSE,TRUE,NA,NA,NA,NA,NA,NA,NA,NA,NA,NA,NA,NA,NA,NA,NA,NA,NA,NA,NA,NA,NA
4701,ASV9768,TRUE,FALSE,TRUE,NA,NA,NA,NA,NA,NA,NA,NA,NA,NA,NA,NA,NA,NA,NA,NA,NA,NA,NA,NA,NA
4702,ASV9770,TRUE,FALSE,TRUE,NA,NA,NA,NA,NA,NA,NA,NA,NA,NA,NA,NA,NA,NA,NA,NA,NA,NA,NA,NA,NA
4703,ASV9772,FALSE,FALSE,FALSE,NA,NA,NA,NA,NA,NA,NA,NA,NA,1,1,1,1,1,1,FALSE,FALSE,FALSE,TRUE,TRUE,TRUE
4704,ASV9775,FALSE,FALSE,FALSE,NA,NA,NA,NA,NA,NA,NA,NA,NA,1,1,1,1,1,1,FALSE,FALSE,FALSE,TRUE,TRUE,TRUE
4705,ASV9776,TRUE,FALSE,TRUE,NA,NA,NA,NA,NA,NA,NA,NA,NA,NA,NA,NA,NA,NA,NA,NA,NA,NA,NA,NA,NA
4706,ASV9777,TRUE,FALSE,TRUE,NA,NA,NA,NA,NA,NA,NA,NA,NA,NA,NA,NA,NA,NA,NA,NA,NA,NA,NA,NA,NA
4707,ASV9780,FALSE,FALSE,FALSE,NA,NA,NA,NA,NA,NA,NA,NA,NA,1,1,1,1,1,1,FALSE,FALSE,FALSE,TRUE,TRUE,TRUE
4708,ASV9781,FALSE,FALSE,FALSE,NA,NA,NA,NA,NA,NA,NA,NA,NA,1,1,1,1,1,1,FALSE,FALSE,FALSE,TRUE,TRUE,TRUE
4709,ASV9784,FALSE,FALSE,FALSE,NA,NA,NA,NA,NA,NA,NA,NA,NA,1,1,1,1,1,1,FALSE,FALSE,FALSE,TRUE,TRUE,TRUE
4710,ASV9822,FALSE,TRUE,TRUE,NA,NA,NA,NA,NA,NA,NA,NA,NA,NA,NA,NA,NA,NA,NA,NA,NA,NA,NA,NA,NA
4711,ASV9823,FALSE,TRUE,TRUE,NA,NA,NA,NA,NA,NA,NA,NA,NA,NA,NA,NA,NA,NA,NA,NA,NA,NA,NA,NA,NA
4712,ASV9824,FALSE,TRUE,TRUE,NA,NA,NA,NA,NA,NA,NA,NA,NA,NA,NA,NA,NA,NA,NA,NA,NA,NA,NA,NA,NA
4713,ASV9825,FALSE,TRUE,TRUE,NA,NA,NA,NA,NA,NA,NA,NA,NA,NA,NA,NA,NA,NA,NA,NA,NA,NA,NA,NA,NA
4714,ASV9827,FALSE,TRUE,TRUE,NA,NA,NA,NA,NA,NA,NA,NA,NA,NA,NA,NA,NA,NA,NA,NA,NA,NA,NA,NA,NA
4715,ASV9829,FALSE,TRUE,TRUE,NA,NA,NA,NA,NA,NA,NA,NA,NA,NA,NA,NA,NA,NA,NA,NA,NA,NA,NA,NA,NA
4716,ASV9830,FALSE,TRUE,TRUE,NA,NA,NA,NA,NA,NA,NA,NA,NA,NA,NA,NA,NA,NA,NA,NA,NA,NA,NA,NA,NA
4717,ASV9832,FALSE,TRUE,TRUE,NA,NA,NA,NA,NA,NA,NA,NA,NA,NA,NA,NA,NA,NA,NA,NA,NA,NA,NA,NA,NA
4718,ASV9833,FALSE,TRUE,TRUE,NA,NA,NA,NA,NA,NA,NA,NA,NA,NA,NA,NA,NA,NA,NA,NA,NA,NA,NA,NA,NA
4719,ASV9834,FALSE,TRUE,TRUE,NA,NA,NA,NA,NA,NA,NA,NA,NA,NA,NA,NA,NA,NA,NA,NA,NA,NA,NA,NA,NA
4720,ASV9835,FALSE,TRUE,TRUE,NA,NA,NA,NA,NA,NA,NA,NA,NA,NA,NA,NA,NA,NA,NA,NA,NA,NA,NA,NA,NA
4721,ASV9836,FALSE,TRUE,TRUE,NA,NA,NA,NA,NA,NA,NA,NA,NA,NA,NA,NA,NA,NA,NA,NA,NA,NA,NA,NA,NA
4722,ASV9837,FALSE,TRUE,TRUE,NA,NA,NA,NA,NA,NA,NA,NA,NA,NA,NA,NA,NA,NA,NA,NA,NA,NA,NA,NA,NA
4723,ASV9838,FALSE,TRUE,TRUE,NA,NA,NA,NA,NA,NA,NA,NA,NA,NA,NA,NA,NA,NA,NA,NA,NA,NA,NA,NA,NA
4724,ASV9839,FALSE,TRUE,TRUE,NA,NA,NA,NA,NA,NA,NA,NA,NA,NA,NA,NA,NA,NA,NA,NA,NA,NA,NA,NA,NA
4725,ASV9853,TRUE,FALSE,TRUE,NA,NA,NA,NA,NA,NA,NA,NA,NA,NA,NA,NA,NA,NA,NA,NA,NA,NA,NA,NA,NA
4726,ASV9878,TRUE,FALSE,TRUE,NA,NA,NA,NA,NA,NA,NA,NA,NA,NA,NA,NA,NA,NA,NA,NA,NA,NA,NA,NA,NA
4727,ASV9879,TRUE,FALSE,TRUE,NA,NA,NA,NA,NA,NA,NA,NA,NA,NA,NA,NA,NA,NA,NA,NA,NA,NA,NA,NA,NA
4728,ASV9880,TRUE,FALSE,TRUE,NA,NA,NA,NA,NA,NA,NA,NA,NA,NA,NA,NA,NA,NA,NA,NA,NA,NA,NA,NA,NA
4729,ASV9881,FALSE,FALSE,FALSE,NA,NA,NA,NA,NA,NA,NA,NA,NA,1,1,1,1,1,1,FALSE,FALSE,FALSE,TRUE,TRUE,TRUE
4730,ASV9882,TRUE,FALSE,TRUE,NA,NA,NA,NA,NA,NA,NA,NA,NA,NA,NA,NA,NA,NA,NA,NA,NA,NA,NA,NA,NA
4731,ASV9883,TRUE,FALSE,TRUE,NA,NA,NA,NA,NA,NA,NA,NA,NA,NA,NA,NA,NA,NA,NA,NA,NA,NA,NA,NA,NA
4732,ASV9898,TRUE,FALSE,TRUE,NA,NA,NA,NA,NA,NA,NA,NA,NA,NA,NA,NA,NA,NA,NA,NA,NA,NA,NA,NA,NA
4733,ASV9899,TRUE,FALSE,TRUE,NA,NA,NA,NA,NA,NA,NA,NA,NA,NA,NA,NA,NA,NA,NA,NA,NA,NA,NA,NA,NA
4734,ASV9900,TRUE,FALSE,TRUE,NA,NA,NA,NA,NA,NA,NA,NA,NA,NA,NA,NA,NA,NA,NA,NA,NA,NA,NA,NA,NA
4735,ASV9901,TRUE,FALSE,TRUE,NA,NA,NA,NA,NA,NA,NA,NA,NA,NA,NA,NA,NA,NA,NA,NA,NA,NA,NA,NA,NA
4736,ASV9902,TRUE,FALSE,TRUE,NA,NA,NA,NA,NA,NA,NA,NA,NA,NA,NA,NA,NA,NA,NA,NA,NA,NA,NA,NA,NA
4737,ASV9903,TRUE,FALSE,TRUE,NA,NA,NA,NA,NA,NA,NA,NA,NA,NA,NA,NA,NA,NA,NA,NA,NA,NA,NA,NA,NA
4738,ASV9904,TRUE,FALSE,TRUE,NA,NA,NA,NA,NA,NA,NA,NA,NA,NA,NA,NA,NA,NA,NA,NA,NA,NA,NA,NA,NA
4739,ASV9906,FALSE,FALSE,FALSE,NA,NA,NA,NA,NA,NA,NA,NA,NA,1,1,1,1,1,1,FALSE,FALSE,FALSE,TRUE,TRUE,TRUE
4740,ASV9907,FALSE,FALSE,FALSE,NA,NA,NA,NA,NA,NA,NA,NA,NA,1,1,1,1,1,1,FALSE,FALSE,FALSE,TRUE,TRUE,TRUE
4741,ASV9909,TRUE,FALSE,TRUE,NA,NA,NA,NA,NA,NA,NA,NA,NA,NA,NA,NA,NA,NA,NA,NA,NA,NA,NA,NA,NA
4742,ASV9911,TRUE,FALSE,TRUE,NA,NA,NA,NA,NA,NA,NA,NA,NA,NA,NA,NA,NA,NA,NA,NA,NA,NA,NA,NA,NA
4743,ASV9913,TRUE,FALSE,TRUE,NA,NA,NA,NA,NA,NA,NA,NA,NA,NA,NA,NA,NA,NA,NA,NA,NA,NA,NA,NA,NA
4744,ASV9914,TRUE,FALSE,TRUE,NA,NA,NA,NA,NA,NA,NA,NA,NA,NA,NA,NA,NA,NA,NA,NA,NA,NA,NA,NA,NA
4745,ASV9916,TRUE,FALSE,TRUE,NA,NA,NA,NA,NA,NA,NA,NA,NA,NA,NA,NA,NA,NA,NA,NA,NA,NA,NA,NA,NA
4746,ASV9918,FALSE,TRUE,TRUE,NA,NA,NA,NA,NA,NA,NA,NA,NA,NA,NA,NA,NA,NA,NA,NA,NA,NA,NA,NA,NA
4747,ASV9928,FALSE,TRUE,TRUE,NA,NA,NA,NA,NA,NA,NA,NA,NA,NA,NA,NA,NA,NA,NA,NA,NA,NA,NA,NA,NA
4748,ASV9953,FALSE,TRUE,TRUE,NA,NA,NA,NA,NA,NA,NA,NA,NA,NA,NA,NA,NA,NA,NA,NA,NA,NA,NA,NA,NA
4749,ASV9954,FALSE,TRUE,TRUE,NA,NA,NA,NA,NA,NA,NA,NA,NA,NA,NA,NA,NA,NA,NA,NA,NA,NA,NA,NA,NA
4750,ASV9955,FALSE,TRUE,TRUE,NA,NA,NA,NA,NA,NA,NA,NA,NA,NA,NA,NA,NA,NA,NA,NA,NA,NA,NA,NA,NA
4751,ASV9956,FALSE,TRUE,TRUE,NA,NA,NA,NA,NA,NA,NA,NA,NA,NA,NA,NA,NA,NA,NA,NA,NA,NA,NA,NA,NA
4752,ASV9957,FALSE,TRUE,TRUE,NA,NA,NA,NA,NA,NA,NA,NA,NA,NA,NA,NA,NA,NA,NA,NA,NA,NA,NA,NA,NA
4753,ASV9958,FALSE,TRUE,TRUE,NA,NA,NA,NA,NA,NA,NA,NA,NA,NA,NA,NA,NA,NA,NA,NA,NA,NA,NA,NA,NA
4754,ASV9959,FALSE,TRUE,TRUE,NA,NA,NA,NA,NA,NA,NA,NA,NA,NA,NA,NA,NA,NA,NA,NA,NA,NA,NA,NA,NA
4755,ASV9960,FALSE,FALSE,FALSE,-0.611895964,114.044.845.793.442,NA,0.118339137,0.246636924,NA,-517.069.821.138.855,462.399.725.171.051,NA,1,1,1,1,1,1,FALSE,FALSE,FALSE,TRUE,TRUE,TRUE
4756,ASV9961,FALSE,TRUE,TRUE,NA,NA,NA,NA,NA,NA,NA,NA,NA,NA,NA,NA,NA,NA,NA,NA,NA,NA,NA,NA,NA
4757,ASV9963,FALSE,TRUE,TRUE,NA,NA,NA,NA,NA,NA,NA,NA,NA,NA,NA,NA,NA,NA,NA,NA,NA,NA,NA,NA,NA
4758,ASV9964,FALSE,TRUE,TRUE,NA,NA,NA,NA,NA,NA,NA,NA,NA,NA,NA,NA,NA,NA,NA,NA,NA,NA,NA,NA,NA
4759,ASV9965,FALSE,TRUE,TRUE,NA,NA,NA,NA,NA,NA,NA,NA,NA,NA,NA,NA,NA,NA,NA,NA,NA,NA,NA,NA,NA
4760,ASV9967,FALSE,TRUE,TRUE,NA,NA,NA,NA,NA,NA,NA,NA,NA,NA,NA,NA,NA,NA,NA,NA,NA,NA,NA,NA,NA
4761,ASV9968,FALSE,TRUE,TRUE,NA,NA,NA,NA,NA,NA,NA,NA,NA,NA,NA,NA,NA,NA,NA,NA,NA,NA,NA,NA,NA
4762,ASV10000,TRUE,FALSE,TRUE,NA,NA,NA,NA,NA,NA,NA,NA,NA,NA,NA,NA,NA,NA,NA,NA,NA,NA,NA,NA,NA
4763,ASV10013,TRUE,FALSE,TRUE,NA,NA,NA,NA,NA,NA,NA,NA,NA,NA,NA,NA,NA,NA,NA,NA,NA,NA,NA,NA,NA
4764,ASV10014,TRUE,FALSE,TRUE,NA,NA,NA,NA,NA,NA,NA,NA,NA,NA,NA,NA,NA,NA,NA,NA,NA,NA,NA,NA,NA
4765,ASV10015,TRUE,FALSE,TRUE,NA,NA,NA,NA,NA,NA,NA,NA,NA,NA,NA,NA,NA,NA,NA,NA,NA,NA,NA,NA,NA
4766,ASV10016,TRUE,FALSE,TRUE,NA,NA,NA,NA,NA,NA,NA,NA,NA,NA,NA,NA,NA,NA,NA,NA,NA,NA,NA,NA,NA
4767,ASV10017,TRUE,FALSE,TRUE,NA,NA,NA,NA,NA,NA,NA,NA,NA,NA,NA,NA,NA,NA,NA,NA,NA,NA,NA,NA,NA
4768,ASV10018,TRUE,FALSE,TRUE,NA,NA,NA,NA,NA,NA,NA,NA,NA,NA,NA,NA,NA,NA,NA,NA,NA,NA,NA,NA,NA
4769,ASV10019,TRUE,FALSE,TRUE,NA,NA,NA,NA,NA,NA,NA,NA,NA,NA,NA,NA,NA,NA,NA,NA,NA,NA,NA,NA,NA
4770,ASV10020,TRUE,FALSE,TRUE,NA,NA,NA,NA,NA,NA,NA,NA,NA,NA,NA,NA,NA,NA,NA,NA,NA,NA,NA,NA,NA
4771,ASV10036,FALSE,FALSE,FALSE,NA,NA,NA,NA,NA,NA,NA,NA,NA,1,1,1,1,1,1,FALSE,FALSE,FALSE,TRUE,TRUE,TRUE
4772,ASV10038,FALSE,FALSE,FALSE,NA,NA,NA,NA,NA,NA,NA,NA,NA,1,1,1,1,1,1,FALSE,FALSE,FALSE,TRUE,TRUE,TRUE
4773,ASV10042,TRUE,FALSE,TRUE,NA,NA,NA,NA,NA,NA,NA,NA,NA,NA,NA,NA,NA,NA,NA,NA,NA,NA,NA,NA,NA
4774,ASV10043,FALSE,FALSE,FALSE,NA,NA,NA,NA,NA,NA,NA,NA,NA,1,1,1,1,1,1,FALSE,FALSE,FALSE,TRUE,TRUE,TRUE
4775,ASV10045,FALSE,FALSE,FALSE,NA,NA,NA,NA,NA,NA,NA,NA,NA,1,1,1,1,1,1,FALSE,FALSE,FALSE,TRUE,TRUE,TRUE
4776,ASV10046,TRUE,FALSE,TRUE,NA,NA,NA,NA,NA,NA,NA,NA,NA,NA,NA,NA,NA,NA,NA,NA,NA,NA,NA,NA,NA
4777,ASV10048,TRUE,FALSE,TRUE,NA,NA,NA,NA,NA,NA,NA,NA,NA,NA,NA,NA,NA,NA,NA,NA,NA,NA,NA,NA,NA
4778,ASV10050,TRUE,FALSE,TRUE,NA,NA,NA,NA,NA,NA,NA,NA,NA,NA,NA,NA,NA,NA,NA,NA,NA,NA,NA,NA,NA
4779,ASV10052,TRUE,FALSE,TRUE,NA,NA,NA,NA,NA,NA,NA,NA,NA,NA,NA,NA,NA,NA,NA,NA,NA,NA,NA,NA,NA
4780,ASV10053,TRUE,FALSE,TRUE,NA,NA,NA,NA,NA,NA,NA,NA,NA,NA,NA,NA,NA,NA,NA,NA,NA,NA,NA,NA,NA
4781,ASV10054,TRUE,FALSE,TRUE,NA,NA,NA,NA,NA,NA,NA,NA,NA,NA,NA,NA,NA,NA,NA,NA,NA,NA,NA,NA,NA
4782,ASV10056,TRUE,FALSE,TRUE,NA,NA,NA,NA,NA,NA,NA,NA,NA,NA,NA,NA,NA,NA,NA,NA,NA,NA,NA,NA,NA
4783,ASV10057,TRUE,FALSE,TRUE,NA,NA,NA,NA,NA,NA,NA,NA,NA,NA,NA,NA,NA,NA,NA,NA,NA,NA,NA,NA,NA
4784,ASV10059,TRUE,FALSE,TRUE,NA,NA,NA,NA,NA,NA,NA,NA,NA,NA,NA,NA,NA,NA,NA,NA,NA,NA,NA,NA,NA
4785,ASV10060,FALSE,FALSE,FALSE,0.738373549,-110.252.925.519.561,NA,0.118339137,0.246636924,NA,623.947.046.049.834,-447.025.221.568.419,NA,1,1,1,1,1,1,FALSE,FALSE,FALSE,TRUE,TRUE,TRUE
4786,ASV10061,TRUE,FALSE,TRUE,NA,NA,NA,NA,NA,NA,NA,NA,NA,NA,NA,NA,NA,NA,NA,NA,NA,NA,NA,NA,NA
4787,ASV10062,FALSE,FALSE,FALSE,NA,NA,NA,NA,NA,NA,NA,NA,NA,1,1,1,1,1,1,FALSE,FALSE,FALSE,TRUE,TRUE,TRUE
4788,ASV10067,FALSE,TRUE,TRUE,NA,NA,NA,NA,NA,NA,NA,NA,NA,NA,NA,NA,NA,NA,NA,NA,NA,NA,NA,NA,NA
4789,ASV10078,TRUE,FALSE,TRUE,NA,NA,NA,NA,NA,NA,NA,NA,NA,NA,NA,NA,NA,NA,NA,NA,NA,NA,NA,NA,NA
4790,ASV10080,TRUE,FALSE,TRUE,NA,NA,NA,NA,NA,NA,NA,NA,NA,NA,NA,NA,NA,NA,NA,NA,NA,NA,NA,NA,NA
4791,ASV10097,FALSE,TRUE,TRUE,NA,NA,NA,NA,NA,NA,NA,NA,NA,NA,NA,NA,NA,NA,NA,NA,NA,NA,NA,NA,NA
4792,ASV10099,FALSE,TRUE,TRUE,NA,NA,NA,NA,NA,NA,NA,NA,NA,NA,NA,NA,NA,NA,NA,NA,NA,NA,NA,NA,NA
4793,ASV10100,FALSE,TRUE,TRUE,NA,NA,NA,NA,NA,NA,NA,NA,NA,NA,NA,NA,NA,NA,NA,NA,NA,NA,NA,NA,NA
4794,ASV10101,FALSE,TRUE,TRUE,NA,NA,NA,NA,NA,NA,NA,NA,NA,NA,NA,NA,NA,NA,NA,NA,NA,NA,NA,NA,NA
4795,ASV10102,FALSE,TRUE,TRUE,NA,NA,NA,NA,NA,NA,NA,NA,NA,NA,NA,NA,NA,NA,NA,NA,NA,NA,NA,NA,NA
4796,ASV10103,FALSE,TRUE,TRUE,NA,NA,NA,NA,NA,NA,NA,NA,NA,NA,NA,NA,NA,NA,NA,NA,NA,NA,NA,NA,NA
4797,ASV10104,FALSE,TRUE,TRUE,NA,NA,NA,NA,NA,NA,NA,NA,NA,NA,NA,NA,NA,NA,NA,NA,NA,NA,NA,NA,NA
4798,ASV10106,FALSE,TRUE,TRUE,NA,NA,NA,NA,NA,NA,NA,NA,NA,NA,NA,NA,NA,NA,NA,NA,NA,NA,NA,NA,NA
4799,ASV10107,FALSE,TRUE,TRUE,NA,NA,NA,NA,NA,NA,NA,NA,NA,NA,NA,NA,NA,NA,NA,NA,NA,NA,NA,NA,NA
4800,ASV10108,FALSE,TRUE,TRUE,NA,NA,NA,NA,NA,NA,NA,NA,NA,NA,NA,NA,NA,NA,NA,NA,NA,NA,NA,NA,NA
4801,ASV10110,FALSE,TRUE,TRUE,NA,NA,NA,NA,NA,NA,NA,NA,NA,NA,NA,NA,NA,NA,NA,NA,NA,NA,NA,NA,NA
4802,ASV10111,FALSE,TRUE,TRUE,NA,NA,NA,NA,NA,NA,NA,NA,NA,NA,NA,NA,NA,NA,NA,NA,NA,NA,NA,NA,NA
4803,ASV10112,FALSE,TRUE,TRUE,NA,NA,NA,NA,NA,NA,NA,NA,NA,NA,NA,NA,NA,NA,NA,NA,NA,NA,NA,NA,NA
4804,ASV10113,FALSE,TRUE,TRUE,NA,NA,NA,NA,NA,NA,NA,NA,NA,NA,NA,NA,NA,NA,NA,NA,NA,NA,NA,NA,NA
4805,ASV10119,TRUE,FALSE,TRUE,NA,NA,NA,NA,NA,NA,NA,NA,NA,NA,NA,NA,NA,NA,NA,NA,NA,NA,NA,NA,NA
4806,ASV10154,TRUE,FALSE,TRUE,NA,NA,NA,NA,NA,NA,NA,NA,NA,NA,NA,NA,NA,NA,NA,NA,NA,NA,NA,NA,NA
4807,ASV10155,TRUE,FALSE,TRUE,NA,NA,NA,NA,NA,NA,NA,NA,NA,NA,NA,NA,NA,NA,NA,NA,NA,NA,NA,NA,NA
4808,ASV10157,FALSE,TRUE,TRUE,NA,NA,NA,NA,NA,NA,NA,NA,NA,NA,NA,NA,NA,NA,NA,NA,NA,NA,NA,NA,NA
4809,ASV10158,FALSE,TRUE,TRUE,NA,NA,NA,NA,NA,NA,NA,NA,NA,NA,NA,NA,NA,NA,NA,NA,NA,NA,NA,NA,NA
4810,ASV10178,TRUE,FALSE,TRUE,NA,NA,NA,NA,NA,NA,NA,NA,NA,NA,NA,NA,NA,NA,NA,NA,NA,NA,NA,NA,NA
4811,ASV10180,FALSE,FALSE,FALSE,NA,NA,NA,NA,NA,NA,NA,NA,NA,1,1,1,1,1,1,FALSE,FALSE,FALSE,TRUE,TRUE,TRUE
4812,ASV10181,TRUE,FALSE,TRUE,NA,NA,NA,NA,NA,NA,NA,NA,NA,NA,NA,NA,NA,NA,NA,NA,NA,NA,NA,NA,NA
4813,ASV10183,FALSE,FALSE,FALSE,NA,NA,NA,NA,NA,NA,NA,NA,NA,1,1,1,1,1,1,FALSE,FALSE,FALSE,TRUE,TRUE,TRUE
4814,ASV10184,TRUE,FALSE,TRUE,NA,NA,NA,NA,NA,NA,NA,NA,NA,NA,NA,NA,NA,NA,NA,NA,NA,NA,NA,NA,NA
4815,ASV10185,TRUE,FALSE,TRUE,NA,NA,NA,NA,NA,NA,NA,NA,NA,NA,NA,NA,NA,NA,NA,NA,NA,NA,NA,NA,NA
4816,ASV10186,TRUE,FALSE,TRUE,NA,NA,NA,NA,NA,NA,NA,NA,NA,NA,NA,NA,NA,NA,NA,NA,NA,NA,NA,NA,NA
4817,ASV10187,TRUE,FALSE,TRUE,NA,NA,NA,NA,NA,NA,NA,NA,NA,NA,NA,NA,NA,NA,NA,NA,NA,NA,NA,NA,NA
4818,ASV10188,TRUE,FALSE,TRUE,NA,NA,NA,NA,NA,NA,NA,NA,NA,NA,NA,NA,NA,NA,NA,NA,NA,NA,NA,NA,NA
4819,ASV10190,TRUE,FALSE,TRUE,NA,NA,NA,NA,NA,NA,NA,NA,NA,NA,NA,NA,NA,NA,NA,NA,NA,NA,NA,NA,NA
4820,ASV10191,TRUE,FALSE,TRUE,NA,NA,NA,NA,NA,NA,NA,NA,NA,NA,NA,NA,NA,NA,NA,NA,NA,NA,NA,NA,NA
4821,ASV10192,TRUE,FALSE,TRUE,NA,NA,NA,NA,NA,NA,NA,NA,NA,NA,NA,NA,NA,NA,NA,NA,NA,NA,NA,NA,NA
4822,ASV10193,TRUE,FALSE,TRUE,NA,NA,NA,NA,NA,NA,NA,NA,NA,NA,NA,NA,NA,NA,NA,NA,NA,NA,NA,NA,NA
4823,ASV10196,FALSE,FALSE,FALSE,NA,NA,NA,NA,NA,NA,NA,NA,NA,1,1,1,1,1,1,FALSE,FALSE,FALSE,TRUE,TRUE,TRUE
4824,ASV10197,TRUE,FALSE,TRUE,NA,NA,NA,NA,NA,NA,NA,NA,NA,NA,NA,NA,NA,NA,NA,NA,NA,NA,NA,NA,NA
4825,ASV10200,TRUE,FALSE,TRUE,NA,NA,NA,NA,NA,NA,NA,NA,NA,NA,NA,NA,NA,NA,NA,NA,NA,NA,NA,NA,NA
4826,ASV10201,TRUE,FALSE,TRUE,NA,NA,NA,NA,NA,NA,NA,NA,NA,NA,NA,NA,NA,NA,NA,NA,NA,NA,NA,NA,NA
4827,ASV10204,FALSE,FALSE,FALSE,NA,NA,NA,NA,NA,NA,NA,NA,NA,1,1,1,1,1,1,FALSE,FALSE,FALSE,TRUE,TRUE,TRUE
4828,ASV10206,TRUE,FALSE,TRUE,NA,NA,NA,NA,NA,NA,NA,NA,NA,NA,NA,NA,NA,NA,NA,NA,NA,NA,NA,NA,NA
4829,ASV10220,TRUE,FALSE,TRUE,NA,NA,NA,NA,NA,NA,NA,NA,NA,NA,NA,NA,NA,NA,NA,NA,NA,NA,NA,NA,NA
4830,ASV10222,TRUE,FALSE,TRUE,NA,NA,NA,NA,NA,NA,NA,NA,NA,NA,NA,NA,NA,NA,NA,NA,NA,NA,NA,NA,NA
4831,ASV10232,FALSE,TRUE,TRUE,NA,NA,NA,NA,NA,NA,NA,NA,NA,NA,NA,NA,NA,NA,NA,NA,NA,NA,NA,NA,NA
4832,ASV10245,FALSE,TRUE,TRUE,NA,NA,NA,NA,NA,NA,NA,NA,NA,NA,NA,NA,NA,NA,NA,NA,NA,NA,NA,NA,NA
4833,ASV10246,FALSE,TRUE,TRUE,NA,NA,NA,NA,NA,NA,NA,NA,NA,NA,NA,NA,NA,NA,NA,NA,NA,NA,NA,NA,NA
4834,ASV10247,FALSE,TRUE,TRUE,NA,NA,NA,NA,NA,NA,NA,NA,NA,NA,NA,NA,NA,NA,NA,NA,NA,NA,NA,NA,NA
4835,ASV10248,FALSE,TRUE,TRUE,NA,NA,NA,NA,NA,NA,NA,NA,NA,NA,NA,NA,NA,NA,NA,NA,NA,NA,NA,NA,NA
4836,ASV10249,FALSE,TRUE,TRUE,NA,NA,NA,NA,NA,NA,NA,NA,NA,NA,NA,NA,NA,NA,NA,NA,NA,NA,NA,NA,NA
4837,ASV10250,FALSE,TRUE,TRUE,NA,NA,NA,NA,NA,NA,NA,NA,NA,NA,NA,NA,NA,NA,NA,NA,NA,NA,NA,NA,NA
4838,ASV10251,FALSE,TRUE,TRUE,NA,NA,NA,NA,NA,NA,NA,NA,NA,NA,NA,NA,NA,NA,NA,NA,NA,NA,NA,NA,NA
4839,ASV10253,FALSE,TRUE,TRUE,NA,NA,NA,NA,NA,NA,NA,NA,NA,NA,NA,NA,NA,NA,NA,NA,NA,NA,NA,NA,NA
4840,ASV10254,FALSE,TRUE,TRUE,NA,NA,NA,NA,NA,NA,NA,NA,NA,NA,NA,NA,NA,NA,NA,NA,NA,NA,NA,NA,NA
4841,ASV10255,FALSE,TRUE,TRUE,NA,NA,NA,NA,NA,NA,NA,NA,NA,NA,NA,NA,NA,NA,NA,NA,NA,NA,NA,NA,NA
4842,ASV10258,FALSE,TRUE,TRUE,NA,NA,NA,NA,NA,NA,NA,NA,NA,NA,NA,NA,NA,NA,NA,NA,NA,NA,NA,NA,NA
4843,ASV10260,FALSE,TRUE,TRUE,NA,NA,NA,NA,NA,NA,NA,NA,NA,NA,NA,NA,NA,NA,NA,NA,NA,NA,NA,NA,NA
4844,ASV10261,FALSE,TRUE,TRUE,NA,NA,NA,NA,NA,NA,NA,NA,NA,NA,NA,NA,NA,NA,NA,NA,NA,NA,NA,NA,NA
4845,ASV10263,FALSE,TRUE,TRUE,NA,NA,NA,NA,NA,NA,NA,NA,NA,NA,NA,NA,NA,NA,NA,NA,NA,NA,NA,NA,NA
4846,ASV10306,TRUE,FALSE,TRUE,NA,NA,NA,NA,NA,NA,NA,NA,NA,NA,NA,NA,NA,NA,NA,NA,NA,NA,NA,NA,NA
4847,ASV10307,TRUE,FALSE,TRUE,NA,NA,NA,NA,NA,NA,NA,NA,NA,NA,NA,NA,NA,NA,NA,NA,NA,NA,NA,NA,NA
4848,ASV10308,TRUE,FALSE,TRUE,NA,NA,NA,NA,NA,NA,NA,NA,NA,NA,NA,NA,NA,NA,NA,NA,NA,NA,NA,NA,NA
4849,ASV10309,TRUE,FALSE,TRUE,NA,NA,NA,NA,NA,NA,NA,NA,NA,NA,NA,NA,NA,NA,NA,NA,NA,NA,NA,NA,NA
4850,ASV10310,TRUE,FALSE,TRUE,NA,NA,NA,NA,NA,NA,NA,NA,NA,NA,NA,NA,NA,NA,NA,NA,NA,NA,NA,NA,NA
4851,ASV10311,TRUE,FALSE,TRUE,NA,NA,NA,NA,NA,NA,NA,NA,NA,NA,NA,NA,NA,NA,NA,NA,NA,NA,NA,NA,NA
4852,ASV10312,TRUE,FALSE,TRUE,NA,NA,NA,NA,NA,NA,NA,NA,NA,NA,NA,NA,NA,NA,NA,NA,NA,NA,NA,NA,NA
4853,ASV10317,FALSE,TRUE,TRUE,NA,NA,NA,NA,NA,NA,NA,NA,NA,NA,NA,NA,NA,NA,NA,NA,NA,NA,NA,NA,NA
4854,ASV10334,FALSE,FALSE,FALSE,NA,NA,NA,NA,NA,NA,NA,NA,NA,1,1,1,1,1,1,FALSE,FALSE,FALSE,TRUE,TRUE,TRUE
4855,ASV10335,TRUE,FALSE,TRUE,NA,NA,NA,NA,NA,NA,NA,NA,NA,NA,NA,NA,NA,NA,NA,NA,NA,NA,NA,NA,NA
4856,ASV10337,TRUE,FALSE,TRUE,NA,NA,NA,NA,NA,NA,NA,NA,NA,NA,NA,NA,NA,NA,NA,NA,NA,NA,NA,NA,NA
4857,ASV10338,TRUE,FALSE,TRUE,NA,NA,NA,NA,NA,NA,NA,NA,NA,NA,NA,NA,NA,NA,NA,NA,NA,NA,NA,NA,NA
4858,ASV10339,FALSE,FALSE,FALSE,NA,NA,NA,NA,NA,NA,NA,NA,NA,1,1,1,1,1,1,FALSE,FALSE,FALSE,TRUE,TRUE,TRUE
4859,ASV10340,TRUE,FALSE,TRUE,NA,NA,NA,NA,NA,NA,NA,NA,NA,NA,NA,NA,NA,NA,NA,NA,NA,NA,NA,NA,NA
4860,ASV10342,TRUE,FALSE,TRUE,NA,NA,NA,NA,NA,NA,NA,NA,NA,NA,NA,NA,NA,NA,NA,NA,NA,NA,NA,NA,NA
4861,ASV10343,TRUE,FALSE,TRUE,NA,NA,NA,NA,NA,NA,NA,NA,NA,NA,NA,NA,NA,NA,NA,NA,NA,NA,NA,NA,NA
4862,ASV10347,TRUE,FALSE,TRUE,NA,NA,NA,NA,NA,NA,NA,NA,NA,NA,NA,NA,NA,NA,NA,NA,NA,NA,NA,NA,NA
4863,ASV10349,TRUE,FALSE,TRUE,NA,NA,NA,NA,NA,NA,NA,NA,NA,NA,NA,NA,NA,NA,NA,NA,NA,NA,NA,NA,NA
4864,ASV10350,TRUE,FALSE,TRUE,NA,NA,NA,NA,NA,NA,NA,NA,NA,NA,NA,NA,NA,NA,NA,NA,NA,NA,NA,NA,NA
4865,ASV10351,TRUE,FALSE,TRUE,NA,NA,NA,NA,NA,NA,NA,NA,NA,NA,NA,NA,NA,NA,NA,NA,NA,NA,NA,NA,NA
4866,ASV10352,TRUE,FALSE,TRUE,NA,NA,NA,NA,NA,NA,NA,NA,NA,NA,NA,NA,NA,NA,NA,NA,NA,NA,NA,NA,NA
4867,ASV10353,TRUE,FALSE,TRUE,NA,NA,NA,NA,NA,NA,NA,NA,NA,NA,NA,NA,NA,NA,NA,NA,NA,NA,NA,NA,NA
4868,ASV10368,FALSE,TRUE,TRUE,NA,NA,NA,NA,NA,NA,NA,NA,NA,NA,NA,NA,NA,NA,NA,NA,NA,NA,NA,NA,NA
4869,ASV10398,FALSE,TRUE,TRUE,NA,NA,NA,NA,NA,NA,NA,NA,NA,NA,NA,NA,NA,NA,NA,NA,NA,NA,NA,NA,NA
4870,ASV10400,TRUE,FALSE,TRUE,NA,NA,NA,NA,NA,NA,NA,NA,NA,NA,NA,NA,NA,NA,NA,NA,NA,NA,NA,NA,NA
4871,ASV10401,FALSE,TRUE,TRUE,NA,NA,NA,NA,NA,NA,NA,NA,NA,NA,NA,NA,NA,NA,NA,NA,NA,NA,NA,NA,NA
4872,ASV10404,FALSE,TRUE,TRUE,NA,NA,NA,NA,NA,NA,NA,NA,NA,NA,NA,NA,NA,NA,NA,NA,NA,NA,NA,NA,NA
4873,ASV10406,FALSE,TRUE,TRUE,NA,NA,NA,NA,NA,NA,NA,NA,NA,NA,NA,NA,NA,NA,NA,NA,NA,NA,NA,NA,NA
4874,ASV10407,FALSE,TRUE,TRUE,NA,NA,NA,NA,NA,NA,NA,NA,NA,NA,NA,NA,NA,NA,NA,NA,NA,NA,NA,NA,NA
4875,ASV10410,FALSE,TRUE,TRUE,NA,NA,NA,NA,NA,NA,NA,NA,NA,NA,NA,NA,NA,NA,NA,NA,NA,NA,NA,NA,NA
4876,ASV10411,FALSE,TRUE,TRUE,NA,NA,NA,NA,NA,NA,NA,NA,NA,NA,NA,NA,NA,NA,NA,NA,NA,NA,NA,NA,NA
4877,ASV10413,FALSE,TRUE,TRUE,NA,NA,NA,NA,NA,NA,NA,NA,NA,NA,NA,NA,NA,NA,NA,NA,NA,NA,NA,NA,NA
4878,ASV10414,FALSE,TRUE,TRUE,NA,NA,NA,NA,NA,NA,NA,NA,NA,NA,NA,NA,NA,NA,NA,NA,NA,NA,NA,NA,NA
4879,ASV10415,FALSE,TRUE,TRUE,NA,NA,NA,NA,NA,NA,NA,NA,NA,NA,NA,NA,NA,NA,NA,NA,NA,NA,NA,NA,NA
4880,ASV10416,FALSE,TRUE,TRUE,NA,NA,NA,NA,NA,NA,NA,NA,NA,NA,NA,NA,NA,NA,NA,NA,NA,NA,NA,NA,NA
4881,ASV10417,FALSE,TRUE,TRUE,NA,NA,NA,NA,NA,NA,NA,NA,NA,NA,NA,NA,NA,NA,NA,NA,NA,NA,NA,NA,NA
4882,ASV10418,FALSE,TRUE,TRUE,NA,NA,NA,NA,NA,NA,NA,NA,NA,NA,NA,NA,NA,NA,NA,NA,NA,NA,NA,NA,NA
4883,ASV10419,FALSE,TRUE,TRUE,NA,NA,NA,NA,NA,NA,NA,NA,NA,NA,NA,NA,NA,NA,NA,NA,NA,NA,NA,NA,NA
4884,ASV10420,FALSE,TRUE,TRUE,NA,NA,NA,NA,NA,NA,NA,NA,NA,NA,NA,NA,NA,NA,NA,NA,NA,NA,NA,NA,NA
4885,ASV10421,FALSE,TRUE,TRUE,NA,NA,NA,NA,NA,NA,NA,NA,NA,NA,NA,NA,NA,NA,NA,NA,NA,NA,NA,NA,NA
4886,ASV10422,FALSE,TRUE,TRUE,NA,NA,NA,NA,NA,NA,NA,NA,NA,NA,NA,NA,NA,NA,NA,NA,NA,NA,NA,NA,NA
4887,ASV10472,FALSE,TRUE,TRUE,NA,NA,NA,NA,NA,NA,NA,NA,NA,NA,NA,NA,NA,NA,NA,NA,NA,NA,NA,NA,NA
4888,ASV10473,TRUE,FALSE,TRUE,NA,NA,NA,NA,NA,NA,NA,NA,NA,NA,NA,NA,NA,NA,NA,NA,NA,NA,NA,NA,NA
4889,ASV10474,TRUE,FALSE,TRUE,NA,NA,NA,NA,NA,NA,NA,NA,NA,NA,NA,NA,NA,NA,NA,NA,NA,NA,NA,NA,NA
4890,ASV10476,FALSE,FALSE,FALSE,NA,NA,NA,NA,NA,NA,NA,NA,NA,1,1,1,1,1,1,FALSE,FALSE,FALSE,TRUE,TRUE,TRUE
4891,ASV10477,TRUE,FALSE,TRUE,NA,NA,NA,NA,NA,NA,NA,NA,NA,NA,NA,NA,NA,NA,NA,NA,NA,NA,NA,NA,NA
4892,ASV10478,TRUE,FALSE,TRUE,NA,NA,NA,NA,NA,NA,NA,NA,NA,NA,NA,NA,NA,NA,NA,NA,NA,NA,NA,NA,NA
4893,ASV10487,FALSE,TRUE,TRUE,NA,NA,NA,NA,NA,NA,NA,NA,NA,NA,NA,NA,NA,NA,NA,NA,NA,NA,NA,NA,NA
4894,ASV10488,FALSE,TRUE,TRUE,NA,NA,NA,NA,NA,NA,NA,NA,NA,NA,NA,NA,NA,NA,NA,NA,NA,NA,NA,NA,NA
4895,ASV10489,FALSE,TRUE,TRUE,NA,NA,NA,NA,NA,NA,NA,NA,NA,NA,NA,NA,NA,NA,NA,NA,NA,NA,NA,NA,NA
4896,ASV10510,FALSE,FALSE,FALSE,NA,NA,NA,NA,NA,NA,NA,NA,NA,1,1,1,1,1,1,FALSE,FALSE,FALSE,TRUE,TRUE,TRUE
4897,ASV10511,TRUE,FALSE,TRUE,NA,NA,NA,NA,NA,NA,NA,NA,NA,NA,NA,NA,NA,NA,NA,NA,NA,NA,NA,NA,NA
4898,ASV10512,FALSE,FALSE,FALSE,NA,NA,NA,NA,NA,NA,NA,NA,NA,1,1,1,1,1,1,FALSE,FALSE,FALSE,TRUE,TRUE,TRUE
4899,ASV10514,TRUE,FALSE,TRUE,NA,NA,NA,NA,NA,NA,NA,NA,NA,NA,NA,NA,NA,NA,NA,NA,NA,NA,NA,NA,NA
4900,ASV10517,TRUE,FALSE,TRUE,NA,NA,NA,NA,NA,NA,NA,NA,NA,NA,NA,NA,NA,NA,NA,NA,NA,NA,NA,NA,NA
4901,ASV10518,FALSE,FALSE,FALSE,NA,NA,NA,NA,NA,NA,NA,NA,NA,1,1,1,1,1,1,FALSE,FALSE,FALSE,TRUE,TRUE,TRUE
4902,ASV10519,TRUE,FALSE,TRUE,NA,NA,NA,NA,NA,NA,NA,NA,NA,NA,NA,NA,NA,NA,NA,NA,NA,NA,NA,NA,NA
4903,ASV10520,TRUE,FALSE,TRUE,NA,NA,NA,NA,NA,NA,NA,NA,NA,NA,NA,NA,NA,NA,NA,NA,NA,NA,NA,NA,NA
4904,ASV10521,TRUE,FALSE,TRUE,NA,NA,NA,NA,NA,NA,NA,NA,NA,NA,NA,NA,NA,NA,NA,NA,NA,NA,NA,NA,NA
4905,ASV10522,TRUE,FALSE,TRUE,NA,NA,NA,NA,NA,NA,NA,NA,NA,NA,NA,NA,NA,NA,NA,NA,NA,NA,NA,NA,NA
4906,ASV10524,TRUE,FALSE,TRUE,NA,NA,NA,NA,NA,NA,NA,NA,NA,NA,NA,NA,NA,NA,NA,NA,NA,NA,NA,NA,NA
4907,ASV10525,FALSE,FALSE,FALSE,NA,NA,NA,NA,NA,NA,NA,NA,NA,1,1,1,1,1,1,FALSE,FALSE,FALSE,TRUE,TRUE,TRUE
4908,ASV10529,FALSE,TRUE,TRUE,NA,NA,NA,NA,NA,NA,NA,NA,NA,NA,NA,NA,NA,NA,NA,NA,NA,NA,NA,NA,NA
4909,ASV10558,TRUE,FALSE,TRUE,NA,NA,NA,NA,NA,NA,NA,NA,NA,NA,NA,NA,NA,NA,NA,NA,NA,NA,NA,NA,NA
4910,ASV10570,TRUE,FALSE,TRUE,NA,NA,NA,NA,NA,NA,NA,NA,NA,NA,NA,NA,NA,NA,NA,NA,NA,NA,NA,NA,NA
4911,ASV10571,FALSE,TRUE,TRUE,NA,NA,NA,NA,NA,NA,NA,NA,NA,NA,NA,NA,NA,NA,NA,NA,NA,NA,NA,NA,NA
4912,ASV10573,FALSE,TRUE,TRUE,NA,NA,NA,NA,NA,NA,NA,NA,NA,NA,NA,NA,NA,NA,NA,NA,NA,NA,NA,NA,NA
4913,ASV10574,FALSE,TRUE,TRUE,NA,NA,NA,NA,NA,NA,NA,NA,NA,NA,NA,NA,NA,NA,NA,NA,NA,NA,NA,NA,NA
4914,ASV10575,FALSE,TRUE,TRUE,NA,NA,NA,NA,NA,NA,NA,NA,NA,NA,NA,NA,NA,NA,NA,NA,NA,NA,NA,NA,NA
4915,ASV10576,FALSE,TRUE,TRUE,NA,NA,NA,NA,NA,NA,NA,NA,NA,NA,NA,NA,NA,NA,NA,NA,NA,NA,NA,NA,NA
4916,ASV10577,FALSE,TRUE,TRUE,NA,NA,NA,NA,NA,NA,NA,NA,NA,NA,NA,NA,NA,NA,NA,NA,NA,NA,NA,NA,NA
4917,ASV10578,FALSE,TRUE,TRUE,NA,NA,NA,NA,NA,NA,NA,NA,NA,NA,NA,NA,NA,NA,NA,NA,NA,NA,NA,NA,NA
4918,ASV10580,FALSE,TRUE,TRUE,NA,NA,NA,NA,NA,NA,NA,NA,NA,NA,NA,NA,NA,NA,NA,NA,NA,NA,NA,NA,NA
4919,ASV10581,FALSE,TRUE,TRUE,NA,NA,NA,NA,NA,NA,NA,NA,NA,NA,NA,NA,NA,NA,NA,NA,NA,NA,NA,NA,NA
4920,ASV10583,FALSE,TRUE,TRUE,NA,NA,NA,NA,NA,NA,NA,NA,NA,NA,NA,NA,NA,NA,NA,NA,NA,NA,NA,NA,NA
4921,ASV10584,FALSE,TRUE,TRUE,NA,NA,NA,NA,NA,NA,NA,NA,NA,NA,NA,NA,NA,NA,NA,NA,NA,NA,NA,NA,NA
4922,ASV10585,FALSE,TRUE,TRUE,NA,NA,NA,NA,NA,NA,NA,NA,NA,NA,NA,NA,NA,NA,NA,NA,NA,NA,NA,NA,NA
4923,ASV10586,FALSE,TRUE,TRUE,NA,NA,NA,NA,NA,NA,NA,NA,NA,NA,NA,NA,NA,NA,NA,NA,NA,NA,NA,NA,NA
4924,ASV10588,FALSE,TRUE,TRUE,NA,NA,NA,NA,NA,NA,NA,NA,NA,NA,NA,NA,NA,NA,NA,NA,NA,NA,NA,NA,NA
4925,ASV10589,FALSE,FALSE,FALSE,-11.581.370.912.551,201.588.993.890.519,NA,0.118339137,0.246636924,NA,-97.865.940.298.437,817.351.233.402.651,NA,1,1,1,1,1,1,FALSE,FALSE,FALSE,TRUE,TRUE,TRUE
4926,ASV10593,FALSE,TRUE,TRUE,NA,NA,NA,NA,NA,NA,NA,NA,NA,NA,NA,NA,NA,NA,NA,NA,NA,NA,NA,NA,NA
4927,ASV10594,FALSE,TRUE,TRUE,NA,NA,NA,NA,NA,NA,NA,NA,NA,NA,NA,NA,NA,NA,NA,NA,NA,NA,NA,NA,NA
4928,ASV10595,FALSE,TRUE,TRUE,NA,NA,NA,NA,NA,NA,NA,NA,NA,NA,NA,NA,NA,NA,NA,NA,NA,NA,NA,NA,NA
4929,ASV10596,FALSE,TRUE,TRUE,NA,NA,NA,NA,NA,NA,NA,NA,NA,NA,NA,NA,NA,NA,NA,NA,NA,NA,NA,NA,NA
4930,ASV10597,FALSE,TRUE,TRUE,NA,NA,NA,NA,NA,NA,NA,NA,NA,NA,NA,NA,NA,NA,NA,NA,NA,NA,NA,NA,NA
4931,ASV10608,TRUE,FALSE,TRUE,NA,NA,NA,NA,NA,NA,NA,NA,NA,NA,NA,NA,NA,NA,NA,NA,NA,NA,NA,NA,NA
4932,ASV10646,TRUE,FALSE,TRUE,NA,NA,NA,NA,NA,NA,NA,NA,NA,NA,NA,NA,NA,NA,NA,NA,NA,NA,NA,NA,NA
4933,ASV10647,TRUE,FALSE,TRUE,NA,NA,NA,NA,NA,NA,NA,NA,NA,NA,NA,NA,NA,NA,NA,NA,NA,NA,NA,NA,NA
4934,ASV10648,TRUE,FALSE,TRUE,NA,NA,NA,NA,NA,NA,NA,NA,NA,NA,NA,NA,NA,NA,NA,NA,NA,NA,NA,NA,NA
4935,ASV10649,TRUE,FALSE,TRUE,NA,NA,NA,NA,NA,NA,NA,NA,NA,NA,NA,NA,NA,NA,NA,NA,NA,NA,NA,NA,NA
4936,ASV10650,TRUE,FALSE,TRUE,NA,NA,NA,NA,NA,NA,NA,NA,NA,NA,NA,NA,NA,NA,NA,NA,NA,NA,NA,NA,NA
4937,ASV10654,FALSE,TRUE,TRUE,NA,NA,NA,NA,NA,NA,NA,NA,NA,NA,NA,NA,NA,NA,NA,NA,NA,NA,NA,NA,NA
4938,ASV10675,FALSE,FALSE,FALSE,NA,NA,NA,NA,NA,NA,NA,NA,NA,1,1,1,1,1,1,FALSE,FALSE,FALSE,TRUE,TRUE,TRUE
4939,ASV10678,TRUE,FALSE,TRUE,NA,NA,NA,NA,NA,NA,NA,NA,NA,NA,NA,NA,NA,NA,NA,NA,NA,NA,NA,NA,NA
4940,ASV10679,FALSE,FALSE,FALSE,NA,NA,NA,NA,NA,NA,NA,NA,NA,1,1,1,1,1,1,FALSE,FALSE,FALSE,TRUE,TRUE,TRUE
4941,ASV10681,TRUE,FALSE,TRUE,NA,NA,NA,NA,NA,NA,NA,NA,NA,NA,NA,NA,NA,NA,NA,NA,NA,NA,NA,NA,NA
4942,ASV10682,TRUE,FALSE,TRUE,NA,NA,NA,NA,NA,NA,NA,NA,NA,NA,NA,NA,NA,NA,NA,NA,NA,NA,NA,NA,NA
4943,ASV10683,TRUE,FALSE,TRUE,NA,NA,NA,NA,NA,NA,NA,NA,NA,NA,NA,NA,NA,NA,NA,NA,NA,NA,NA,NA,NA
4944,ASV10684,TRUE,FALSE,TRUE,NA,NA,NA,NA,NA,NA,NA,NA,NA,NA,NA,NA,NA,NA,NA,NA,NA,NA,NA,NA,NA
4945,ASV10685,TRUE,FALSE,TRUE,NA,NA,NA,NA,NA,NA,NA,NA,NA,NA,NA,NA,NA,NA,NA,NA,NA,NA,NA,NA,NA
4946,ASV10686,FALSE,FALSE,FALSE,NA,NA,NA,NA,NA,NA,NA,NA,NA,1,1,1,1,1,1,FALSE,FALSE,FALSE,TRUE,TRUE,TRUE
4947,ASV10687,TRUE,FALSE,TRUE,NA,NA,NA,NA,NA,NA,NA,NA,NA,NA,NA,NA,NA,NA,NA,NA,NA,NA,NA,NA,NA
4948,ASV10688,TRUE,FALSE,TRUE,NA,NA,NA,NA,NA,NA,NA,NA,NA,NA,NA,NA,NA,NA,NA,NA,NA,NA,NA,NA,NA
4949,ASV10689,TRUE,FALSE,TRUE,NA,NA,NA,NA,NA,NA,NA,NA,NA,NA,NA,NA,NA,NA,NA,NA,NA,NA,NA,NA,NA
4950,ASV10690,TRUE,FALSE,TRUE,NA,NA,NA,NA,NA,NA,NA,NA,NA,NA,NA,NA,NA,NA,NA,NA,NA,NA,NA,NA,NA
4951,ASV10693,TRUE,FALSE,TRUE,NA,NA,NA,NA,NA,NA,NA,NA,NA,NA,NA,NA,NA,NA,NA,NA,NA,NA,NA,NA,NA
4952,ASV10695,FALSE,FALSE,FALSE,NA,NA,NA,NA,NA,NA,NA,NA,NA,1,1,1,1,1,1,FALSE,FALSE,FALSE,TRUE,TRUE,TRUE
4953,ASV10696,TRUE,FALSE,TRUE,NA,NA,NA,NA,NA,NA,NA,NA,NA,NA,NA,NA,NA,NA,NA,NA,NA,NA,NA,NA,NA
4954,ASV10702,FALSE,TRUE,TRUE,NA,NA,NA,NA,NA,NA,NA,NA,NA,NA,NA,NA,NA,NA,NA,NA,NA,NA,NA,NA,NA
4955,ASV10705,FALSE,TRUE,TRUE,NA,NA,NA,NA,NA,NA,NA,NA,NA,NA,NA,NA,NA,NA,NA,NA,NA,NA,NA,NA,NA
4956,ASV10715,FALSE,TRUE,TRUE,NA,NA,NA,NA,NA,NA,NA,NA,NA,NA,NA,NA,NA,NA,NA,NA,NA,NA,NA,NA,NA
4957,ASV10733,FALSE,TRUE,TRUE,NA,NA,NA,NA,NA,NA,NA,NA,NA,NA,NA,NA,NA,NA,NA,NA,NA,NA,NA,NA,NA
4958,ASV10738,FALSE,TRUE,TRUE,NA,NA,NA,NA,NA,NA,NA,NA,NA,NA,NA,NA,NA,NA,NA,NA,NA,NA,NA,NA,NA
4959,ASV10739,FALSE,TRUE,TRUE,NA,NA,NA,NA,NA,NA,NA,NA,NA,NA,NA,NA,NA,NA,NA,NA,NA,NA,NA,NA,NA
4960,ASV10740,FALSE,TRUE,TRUE,NA,NA,NA,NA,NA,NA,NA,NA,NA,NA,NA,NA,NA,NA,NA,NA,NA,NA,NA,NA,NA
4961,ASV10741,FALSE,TRUE,TRUE,NA,NA,NA,NA,NA,NA,NA,NA,NA,NA,NA,NA,NA,NA,NA,NA,NA,NA,NA,NA,NA
4962,ASV10742,FALSE,TRUE,TRUE,NA,NA,NA,NA,NA,NA,NA,NA,NA,NA,NA,NA,NA,NA,NA,NA,NA,NA,NA,NA,NA
4963,ASV10743,FALSE,TRUE,TRUE,NA,NA,NA,NA,NA,NA,NA,NA,NA,NA,NA,NA,NA,NA,NA,NA,NA,NA,NA,NA,NA
4964,ASV10745,FALSE,TRUE,TRUE,NA,NA,NA,NA,NA,NA,NA,NA,NA,NA,NA,NA,NA,NA,NA,NA,NA,NA,NA,NA,NA
4965,ASV10746,FALSE,TRUE,TRUE,NA,NA,NA,NA,NA,NA,NA,NA,NA,NA,NA,NA,NA,NA,NA,NA,NA,NA,NA,NA,NA
4966,ASV10747,FALSE,TRUE,TRUE,NA,NA,NA,NA,NA,NA,NA,NA,NA,NA,NA,NA,NA,NA,NA,NA,NA,NA,NA,NA,NA
4967,ASV10748,FALSE,TRUE,TRUE,NA,NA,NA,NA,NA,NA,NA,NA,NA,NA,NA,NA,NA,NA,NA,NA,NA,NA,NA,NA,NA
4968,ASV10749,FALSE,TRUE,TRUE,NA,NA,NA,NA,NA,NA,NA,NA,NA,NA,NA,NA,NA,NA,NA,NA,NA,NA,NA,NA,NA
4969,ASV10750,FALSE,TRUE,TRUE,NA,NA,NA,NA,NA,NA,NA,NA,NA,NA,NA,NA,NA,NA,NA,NA,NA,NA,NA,NA,NA
4970,ASV10751,FALSE,TRUE,TRUE,NA,NA,NA,NA,NA,NA,NA,NA,NA,NA,NA,NA,NA,NA,NA,NA,NA,NA,NA,NA,NA
4971,ASV10753,FALSE,TRUE,TRUE,NA,NA,NA,NA,NA,NA,NA,NA,NA,NA,NA,NA,NA,NA,NA,NA,NA,NA,NA,NA,NA
4972,ASV10754,FALSE,TRUE,TRUE,NA,NA,NA,NA,NA,NA,NA,NA,NA,NA,NA,NA,NA,NA,NA,NA,NA,NA,NA,NA,NA
4973,ASV10756,FALSE,TRUE,TRUE,NA,NA,NA,NA,NA,NA,NA,NA,NA,NA,NA,NA,NA,NA,NA,NA,NA,NA,NA,NA,NA
4974,ASV10758,FALSE,TRUE,TRUE,NA,NA,NA,NA,NA,NA,NA,NA,NA,NA,NA,NA,NA,NA,NA,NA,NA,NA,NA,NA,NA
4975,ASV10760,FALSE,TRUE,TRUE,NA,NA,NA,NA,NA,NA,NA,NA,NA,NA,NA,NA,NA,NA,NA,NA,NA,NA,NA,NA,NA
4976,ASV10770,TRUE,FALSE,TRUE,NA,NA,NA,NA,NA,NA,NA,NA,NA,NA,NA,NA,NA,NA,NA,NA,NA,NA,NA,NA,NA
4977,ASV10771,TRUE,FALSE,TRUE,NA,NA,NA,NA,NA,NA,NA,NA,NA,NA,NA,NA,NA,NA,NA,NA,NA,NA,NA,NA,NA
4978,ASV10790,TRUE,FALSE,TRUE,NA,NA,NA,NA,NA,NA,NA,NA,NA,NA,NA,NA,NA,NA,NA,NA,NA,NA,NA,NA,NA
4979,ASV10815,TRUE,FALSE,TRUE,NA,NA,NA,NA,NA,NA,NA,NA,NA,NA,NA,NA,NA,NA,NA,NA,NA,NA,NA,NA,NA
4980,ASV10816,TRUE,FALSE,TRUE,NA,NA,NA,NA,NA,NA,NA,NA,NA,NA,NA,NA,NA,NA,NA,NA,NA,NA,NA,NA,NA
4981,ASV10817,TRUE,FALSE,TRUE,NA,NA,NA,NA,NA,NA,NA,NA,NA,NA,NA,NA,NA,NA,NA,NA,NA,NA,NA,NA,NA
4982,ASV10823,FALSE,TRUE,TRUE,NA,NA,NA,NA,NA,NA,NA,NA,NA,NA,NA,NA,NA,NA,NA,NA,NA,NA,NA,NA,NA
4983,ASV10846,FALSE,FALSE,FALSE,NA,NA,NA,NA,NA,NA,NA,NA,NA,1,1,1,1,1,1,FALSE,FALSE,FALSE,TRUE,TRUE,TRUE
4984,ASV10848,FALSE,FALSE,FALSE,NA,NA,NA,NA,NA,NA,NA,NA,NA,1,1,1,1,1,1,FALSE,FALSE,FALSE,TRUE,TRUE,TRUE
4985,ASV10849,TRUE,FALSE,TRUE,NA,NA,NA,NA,NA,NA,NA,NA,NA,NA,NA,NA,NA,NA,NA,NA,NA,NA,NA,NA,NA
4986,ASV10850,TRUE,FALSE,TRUE,NA,NA,NA,NA,NA,NA,NA,NA,NA,NA,NA,NA,NA,NA,NA,NA,NA,NA,NA,NA,NA
4987,ASV10851,TRUE,FALSE,TRUE,NA,NA,NA,NA,NA,NA,NA,NA,NA,NA,NA,NA,NA,NA,NA,NA,NA,NA,NA,NA,NA
4988,ASV10852,TRUE,FALSE,TRUE,NA,NA,NA,NA,NA,NA,NA,NA,NA,NA,NA,NA,NA,NA,NA,NA,NA,NA,NA,NA,NA
4989,ASV10859,TRUE,FALSE,TRUE,NA,NA,NA,NA,NA,NA,NA,NA,NA,NA,NA,NA,NA,NA,NA,NA,NA,NA,NA,NA,NA
4990,ASV10861,TRUE,FALSE,TRUE,NA,NA,NA,NA,NA,NA,NA,NA,NA,NA,NA,NA,NA,NA,NA,NA,NA,NA,NA,NA,NA
4991,ASV10862,TRUE,FALSE,TRUE,NA,NA,NA,NA,NA,NA,NA,NA,NA,NA,NA,NA,NA,NA,NA,NA,NA,NA,NA,NA,NA
4992,ASV10863,TRUE,FALSE,TRUE,NA,NA,NA,NA,NA,NA,NA,NA,NA,NA,NA,NA,NA,NA,NA,NA,NA,NA,NA,NA,NA
4993,ASV10864,TRUE,FALSE,TRUE,NA,NA,NA,NA,NA,NA,NA,NA,NA,NA,NA,NA,NA,NA,NA,NA,NA,NA,NA,NA,NA
4994,ASV10867,TRUE,FALSE,TRUE,NA,NA,NA,NA,NA,NA,NA,NA,NA,NA,NA,NA,NA,NA,NA,NA,NA,NA,NA,NA,NA
4995,ASV10868,TRUE,FALSE,TRUE,NA,NA,NA,NA,NA,NA,NA,NA,NA,NA,NA,NA,NA,NA,NA,NA,NA,NA,NA,NA,NA
4996,ASV10869,FALSE,FALSE,FALSE,NA,NA,NA,NA,NA,NA,NA,NA,NA,1,1,1,1,1,1,FALSE,FALSE,FALSE,TRUE,TRUE,TRUE
4997,ASV10871,TRUE,FALSE,TRUE,NA,NA,NA,NA,NA,NA,NA,NA,NA,NA,NA,NA,NA,NA,NA,NA,NA,NA,NA,NA,NA
4998,ASV10872,FALSE,FALSE,FALSE,NA,NA,NA,NA,NA,NA,NA,NA,NA,1,1,1,1,1,1,FALSE,FALSE,FALSE,TRUE,TRUE,TRUE
4999,ASV10873,FALSE,FALSE,FALSE,NA,NA,NA,NA,NA,NA,NA,NA,NA,1,1,1,1,1,1,FALSE,FALSE,FALSE,TRUE,TRUE,TRUE
5000,ASV10878,FALSE,TRUE,TRUE,NA,NA,NA,NA,NA,NA,NA,NA,NA,NA,NA,NA,NA,NA,NA,NA,NA,NA,NA,NA,NA
5001,ASV10880,FALSE,TRUE,TRUE,NA,NA,NA,NA,NA,NA,NA,NA,NA,NA,NA,NA,NA,NA,NA,NA,NA,NA,NA,NA,NA
5002,ASV10924,FALSE,TRUE,TRUE,NA,NA,NA,NA,NA,NA,NA,NA,NA,NA,NA,NA,NA,NA,NA,NA,NA,NA,NA,NA,NA
5003,ASV10926,FALSE,TRUE,TRUE,NA,NA,NA,NA,NA,NA,NA,NA,NA,NA,NA,NA,NA,NA,NA,NA,NA,NA,NA,NA,NA
5004,ASV10927,FALSE,TRUE,TRUE,NA,NA,NA,NA,NA,NA,NA,NA,NA,NA,NA,NA,NA,NA,NA,NA,NA,NA,NA,NA,NA
5005,ASV10928,FALSE,TRUE,TRUE,NA,NA,NA,NA,NA,NA,NA,NA,NA,NA,NA,NA,NA,NA,NA,NA,NA,NA,NA,NA,NA
5006,ASV10930,FALSE,TRUE,TRUE,NA,NA,NA,NA,NA,NA,NA,NA,NA,NA,NA,NA,NA,NA,NA,NA,NA,NA,NA,NA,NA
5007,ASV10933,FALSE,TRUE,TRUE,NA,NA,NA,NA,NA,NA,NA,NA,NA,NA,NA,NA,NA,NA,NA,NA,NA,NA,NA,NA,NA
5008,ASV10936,FALSE,TRUE,TRUE,NA,NA,NA,NA,NA,NA,NA,NA,NA,NA,NA,NA,NA,NA,NA,NA,NA,NA,NA,NA,NA
5009,ASV10937,FALSE,TRUE,TRUE,NA,NA,NA,NA,NA,NA,NA,NA,NA,NA,NA,NA,NA,NA,NA,NA,NA,NA,NA,NA,NA
5010,ASV10941,FALSE,FALSE,FALSE,-0.519352103,0.434683128,NA,0.118339137,0.246636924,NA,-43.886.757.711.586,176.244.140.933.612,NA,1,1,1,1,1,1,FALSE,FALSE,FALSE,TRUE,TRUE,TRUE
5011,ASV10942,FALSE,TRUE,TRUE,NA,NA,NA,NA,NA,NA,NA,NA,NA,NA,NA,NA,NA,NA,NA,NA,NA,NA,NA,NA,NA
5012,ASV10943,FALSE,TRUE,TRUE,NA,NA,NA,NA,NA,NA,NA,NA,NA,NA,NA,NA,NA,NA,NA,NA,NA,NA,NA,NA,NA
5013,ASV10944,FALSE,TRUE,TRUE,NA,NA,NA,NA,NA,NA,NA,NA,NA,NA,NA,NA,NA,NA,NA,NA,NA,NA,NA,NA,NA
5014,ASV10945,FALSE,TRUE,TRUE,NA,NA,NA,NA,NA,NA,NA,NA,NA,NA,NA,NA,NA,NA,NA,NA,NA,NA,NA,NA,NA
5015,ASV10985,TRUE,FALSE,TRUE,NA,NA,NA,NA,NA,NA,NA,NA,NA,NA,NA,NA,NA,NA,NA,NA,NA,NA,NA,NA,NA
5016,ASV10998,FALSE,TRUE,TRUE,NA,NA,NA,NA,NA,NA,NA,NA,NA,NA,NA,NA,NA,NA,NA,NA,NA,NA,NA,NA,NA
5017,ASV10999,TRUE,FALSE,TRUE,NA,NA,NA,NA,NA,NA,NA,NA,NA,NA,NA,NA,NA,NA,NA,NA,NA,NA,NA,NA,NA
5018,ASV11000,TRUE,FALSE,TRUE,NA,NA,NA,NA,NA,NA,NA,NA,NA,NA,NA,NA,NA,NA,NA,NA,NA,NA,NA,NA,NA
5019,ASV11004,TRUE,FALSE,TRUE,NA,NA,NA,NA,NA,NA,NA,NA,NA,NA,NA,NA,NA,NA,NA,NA,NA,NA,NA,NA,NA
5020,ASV11005,TRUE,FALSE,TRUE,NA,NA,NA,NA,NA,NA,NA,NA,NA,NA,NA,NA,NA,NA,NA,NA,NA,NA,NA,NA,NA
5021,ASV11006,TRUE,FALSE,TRUE,NA,NA,NA,NA,NA,NA,NA,NA,NA,NA,NA,NA,NA,NA,NA,NA,NA,NA,NA,NA,NA
5022,ASV11016,FALSE,TRUE,TRUE,NA,NA,NA,NA,NA,NA,NA,NA,NA,NA,NA,NA,NA,NA,NA,NA,NA,NA,NA,NA,NA
5023,ASV11017,FALSE,TRUE,TRUE,NA,NA,NA,NA,NA,NA,NA,NA,NA,NA,NA,NA,NA,NA,NA,NA,NA,NA,NA,NA,NA
5024,ASV11018,FALSE,TRUE,TRUE,NA,NA,NA,NA,NA,NA,NA,NA,NA,NA,NA,NA,NA,NA,NA,NA,NA,NA,NA,NA,NA
5025,ASV11036,TRUE,FALSE,TRUE,NA,NA,NA,NA,NA,NA,NA,NA,NA,NA,NA,NA,NA,NA,NA,NA,NA,NA,NA,NA,NA
5026,ASV11037,TRUE,FALSE,TRUE,NA,NA,NA,NA,NA,NA,NA,NA,NA,NA,NA,NA,NA,NA,NA,NA,NA,NA,NA,NA,NA
5027,ASV11038,TRUE,FALSE,TRUE,NA,NA,NA,NA,NA,NA,NA,NA,NA,NA,NA,NA,NA,NA,NA,NA,NA,NA,NA,NA,NA
5028,ASV11039,TRUE,FALSE,TRUE,NA,NA,NA,NA,NA,NA,NA,NA,NA,NA,NA,NA,NA,NA,NA,NA,NA,NA,NA,NA,NA
5029,ASV11041,TRUE,FALSE,TRUE,NA,NA,NA,NA,NA,NA,NA,NA,NA,NA,NA,NA,NA,NA,NA,NA,NA,NA,NA,NA,NA
5030,ASV11042,TRUE,FALSE,TRUE,NA,NA,NA,NA,NA,NA,NA,NA,NA,NA,NA,NA,NA,NA,NA,NA,NA,NA,NA,NA,NA
5031,ASV11043,TRUE,FALSE,TRUE,NA,NA,NA,NA,NA,NA,NA,NA,NA,NA,NA,NA,NA,NA,NA,NA,NA,NA,NA,NA,NA
5032,ASV11044,FALSE,FALSE,FALSE,NA,NA,NA,NA,NA,NA,NA,NA,NA,1,1,1,1,1,1,FALSE,FALSE,FALSE,TRUE,TRUE,TRUE
5033,ASV11046,TRUE,FALSE,TRUE,NA,NA,NA,NA,NA,NA,NA,NA,NA,NA,NA,NA,NA,NA,NA,NA,NA,NA,NA,NA,NA
5034,ASV11049,TRUE,FALSE,TRUE,NA,NA,NA,NA,NA,NA,NA,NA,NA,NA,NA,NA,NA,NA,NA,NA,NA,NA,NA,NA,NA
5035,ASV11051,TRUE,FALSE,TRUE,NA,NA,NA,NA,NA,NA,NA,NA,NA,NA,NA,NA,NA,NA,NA,NA,NA,NA,NA,NA,NA
5036,ASV11052,TRUE,FALSE,TRUE,NA,NA,NA,NA,NA,NA,NA,NA,NA,NA,NA,NA,NA,NA,NA,NA,NA,NA,NA,NA,NA
5037,ASV11053,TRUE,FALSE,TRUE,NA,NA,NA,NA,NA,NA,NA,NA,NA,NA,NA,NA,NA,NA,NA,NA,NA,NA,NA,NA,NA
5038,ASV11055,TRUE,FALSE,TRUE,NA,NA,NA,NA,NA,NA,NA,NA,NA,NA,NA,NA,NA,NA,NA,NA,NA,NA,NA,NA,NA
5039,ASV11058,TRUE,FALSE,TRUE,NA,NA,NA,NA,NA,NA,NA,NA,NA,NA,NA,NA,NA,NA,NA,NA,NA,NA,NA,NA,NA
5040,ASV11059,TRUE,FALSE,TRUE,NA,NA,NA,NA,NA,NA,NA,NA,NA,NA,NA,NA,NA,NA,NA,NA,NA,NA,NA,NA,NA
5041,ASV11060,TRUE,FALSE,TRUE,NA,NA,NA,NA,NA,NA,NA,NA,NA,NA,NA,NA,NA,NA,NA,NA,NA,NA,NA,NA,NA
5042,ASV11061,TRUE,FALSE,TRUE,NA,NA,NA,NA,NA,NA,NA,NA,NA,NA,NA,NA,NA,NA,NA,NA,NA,NA,NA,NA,NA
5043,ASV11063,TRUE,FALSE,TRUE,NA,NA,NA,NA,NA,NA,NA,NA,NA,NA,NA,NA,NA,NA,NA,NA,NA,NA,NA,NA,NA
5044,ASV11064,TRUE,FALSE,TRUE,NA,NA,NA,NA,NA,NA,NA,NA,NA,NA,NA,NA,NA,NA,NA,NA,NA,NA,NA,NA,NA
5045,ASV11065,TRUE,FALSE,TRUE,NA,NA,NA,NA,NA,NA,NA,NA,NA,NA,NA,NA,NA,NA,NA,NA,NA,NA,NA,NA,NA
5046,ASV11066,TRUE,FALSE,TRUE,NA,NA,NA,NA,NA,NA,NA,NA,NA,NA,NA,NA,NA,NA,NA,NA,NA,NA,NA,NA,NA
5047,ASV11067,FALSE,FALSE,FALSE,NA,NA,NA,NA,NA,NA,NA,NA,NA,1,1,1,1,1,1,FALSE,FALSE,FALSE,TRUE,TRUE,TRUE
5048,ASV11068,FALSE,FALSE,FALSE,NA,NA,NA,NA,NA,NA,NA,NA,NA,1,1,1,1,1,1,FALSE,FALSE,FALSE,FALSE,FALSE,FALSE
5049,ASV11076,FALSE,TRUE,TRUE,NA,NA,NA,NA,NA,NA,NA,NA,NA,NA,NA,NA,NA,NA,NA,NA,NA,NA,NA,NA,NA
5050,ASV11110,TRUE,FALSE,TRUE,NA,NA,NA,NA,NA,NA,NA,NA,NA,NA,NA,NA,NA,NA,NA,NA,NA,NA,NA,NA,NA
5051,ASV11113,FALSE,TRUE,TRUE,NA,NA,NA,NA,NA,NA,NA,NA,NA,NA,NA,NA,NA,NA,NA,NA,NA,NA,NA,NA,NA
5052,ASV11114,FALSE,TRUE,TRUE,NA,NA,NA,NA,NA,NA,NA,NA,NA,NA,NA,NA,NA,NA,NA,NA,NA,NA,NA,NA,NA
5053,ASV11115,FALSE,TRUE,TRUE,NA,NA,NA,NA,NA,NA,NA,NA,NA,NA,NA,NA,NA,NA,NA,NA,NA,NA,NA,NA,NA
5054,ASV11116,FALSE,TRUE,TRUE,NA,NA,NA,NA,NA,NA,NA,NA,NA,NA,NA,NA,NA,NA,NA,NA,NA,NA,NA,NA,NA
5055,ASV11117,FALSE,TRUE,TRUE,NA,NA,NA,NA,NA,NA,NA,NA,NA,NA,NA,NA,NA,NA,NA,NA,NA,NA,NA,NA,NA
5056,ASV11119,FALSE,TRUE,TRUE,NA,NA,NA,NA,NA,NA,NA,NA,NA,NA,NA,NA,NA,NA,NA,NA,NA,NA,NA,NA,NA
5057,ASV11122,FALSE,TRUE,TRUE,NA,NA,NA,NA,NA,NA,NA,NA,NA,NA,NA,NA,NA,NA,NA,NA,NA,NA,NA,NA,NA
5058,ASV11124,FALSE,TRUE,TRUE,NA,NA,NA,NA,NA,NA,NA,NA,NA,NA,NA,NA,NA,NA,NA,NA,NA,NA,NA,NA,NA
5059,ASV11125,FALSE,TRUE,TRUE,NA,NA,NA,NA,NA,NA,NA,NA,NA,NA,NA,NA,NA,NA,NA,NA,NA,NA,NA,NA,NA
5060,ASV11126,FALSE,TRUE,TRUE,NA,NA,NA,NA,NA,NA,NA,NA,NA,NA,NA,NA,NA,NA,NA,NA,NA,NA,NA,NA,NA
5061,ASV11127,FALSE,TRUE,TRUE,NA,NA,NA,NA,NA,NA,NA,NA,NA,NA,NA,NA,NA,NA,NA,NA,NA,NA,NA,NA,NA
5062,ASV11129,FALSE,TRUE,TRUE,NA,NA,NA,NA,NA,NA,NA,NA,NA,NA,NA,NA,NA,NA,NA,NA,NA,NA,NA,NA,NA
5063,ASV11131,FALSE,TRUE,TRUE,NA,NA,NA,NA,NA,NA,NA,NA,NA,NA,NA,NA,NA,NA,NA,NA,NA,NA,NA,NA,NA
5064,ASV11132,FALSE,FALSE,FALSE,124.295.311.777.686,-244.533.703.455.219,NA,0.118339137,0.246636924,NA,10.503.314.032.217,-99.147.240.268.578,NA,1,1,1,1,1,1,FALSE,FALSE,FALSE,TRUE,TRUE,TRUE
5065,ASV11133,FALSE,TRUE,TRUE,NA,NA,NA,NA,NA,NA,NA,NA,NA,NA,NA,NA,NA,NA,NA,NA,NA,NA,NA,NA,NA
5066,ASV11138,FALSE,TRUE,TRUE,NA,NA,NA,NA,NA,NA,NA,NA,NA,NA,NA,NA,NA,NA,NA,NA,NA,NA,NA,NA,NA
5067,ASV11182,TRUE,FALSE,TRUE,NA,NA,NA,NA,NA,NA,NA,NA,NA,NA,NA,NA,NA,NA,NA,NA,NA,NA,NA,NA,NA
5068,ASV11183,TRUE,FALSE,TRUE,NA,NA,NA,NA,NA,NA,NA,NA,NA,NA,NA,NA,NA,NA,NA,NA,NA,NA,NA,NA,NA
5069,ASV11184,TRUE,FALSE,TRUE,NA,NA,NA,NA,NA,NA,NA,NA,NA,NA,NA,NA,NA,NA,NA,NA,NA,NA,NA,NA,NA
5070,ASV11185,TRUE,FALSE,TRUE,NA,NA,NA,NA,NA,NA,NA,NA,NA,NA,NA,NA,NA,NA,NA,NA,NA,NA,NA,NA,NA
5071,ASV11187,TRUE,FALSE,TRUE,NA,NA,NA,NA,NA,NA,NA,NA,NA,NA,NA,NA,NA,NA,NA,NA,NA,NA,NA,NA,NA
5072,ASV11188,TRUE,FALSE,TRUE,NA,NA,NA,NA,NA,NA,NA,NA,NA,NA,NA,NA,NA,NA,NA,NA,NA,NA,NA,NA,NA
5073,ASV11189,TRUE,FALSE,TRUE,NA,NA,NA,NA,NA,NA,NA,NA,NA,NA,NA,NA,NA,NA,NA,NA,NA,NA,NA,NA,NA
5074,ASV11195,FALSE,TRUE,TRUE,NA,NA,NA,NA,NA,NA,NA,NA,NA,NA,NA,NA,NA,NA,NA,NA,NA,NA,NA,NA,NA
5075,ASV11215,TRUE,FALSE,TRUE,NA,NA,NA,NA,NA,NA,NA,NA,NA,NA,NA,NA,NA,NA,NA,NA,NA,NA,NA,NA,NA
5076,ASV11216,TRUE,FALSE,TRUE,NA,NA,NA,NA,NA,NA,NA,NA,NA,NA,NA,NA,NA,NA,NA,NA,NA,NA,NA,NA,NA
5077,ASV11217,FALSE,FALSE,FALSE,NA,NA,NA,NA,NA,NA,NA,NA,NA,1,1,1,1,1,1,FALSE,FALSE,FALSE,FALSE,FALSE,FALSE
5078,ASV11218,TRUE,FALSE,TRUE,NA,NA,NA,NA,NA,NA,NA,NA,NA,NA,NA,NA,NA,NA,NA,NA,NA,NA,NA,NA,NA
5079,ASV11219,TRUE,FALSE,TRUE,NA,NA,NA,NA,NA,NA,NA,NA,NA,NA,NA,NA,NA,NA,NA,NA,NA,NA,NA,NA,NA
5080,ASV11220,TRUE,FALSE,TRUE,NA,NA,NA,NA,NA,NA,NA,NA,NA,NA,NA,NA,NA,NA,NA,NA,NA,NA,NA,NA,NA
5081,ASV11222,TRUE,FALSE,TRUE,NA,NA,NA,NA,NA,NA,NA,NA,NA,NA,NA,NA,NA,NA,NA,NA,NA,NA,NA,NA,NA
5082,ASV11224,TRUE,FALSE,TRUE,NA,NA,NA,NA,NA,NA,NA,NA,NA,NA,NA,NA,NA,NA,NA,NA,NA,NA,NA,NA,NA
5083,ASV11225,TRUE,FALSE,TRUE,NA,NA,NA,NA,NA,NA,NA,NA,NA,NA,NA,NA,NA,NA,NA,NA,NA,NA,NA,NA,NA
5084,ASV11226,TRUE,FALSE,TRUE,NA,NA,NA,NA,NA,NA,NA,NA,NA,NA,NA,NA,NA,NA,NA,NA,NA,NA,NA,NA,NA
5085,ASV11228,TRUE,FALSE,TRUE,NA,NA,NA,NA,NA,NA,NA,NA,NA,NA,NA,NA,NA,NA,NA,NA,NA,NA,NA,NA,NA
5086,ASV11230,TRUE,FALSE,TRUE,NA,NA,NA,NA,NA,NA,NA,NA,NA,NA,NA,NA,NA,NA,NA,NA,NA,NA,NA,NA,NA
5087,ASV11231,TRUE,FALSE,TRUE,NA,NA,NA,NA,NA,NA,NA,NA,NA,NA,NA,NA,NA,NA,NA,NA,NA,NA,NA,NA,NA
5088,ASV11232,TRUE,FALSE,TRUE,NA,NA,NA,NA,NA,NA,NA,NA,NA,NA,NA,NA,NA,NA,NA,NA,NA,NA,NA,NA,NA
5089,ASV11233,TRUE,FALSE,TRUE,NA,NA,NA,NA,NA,NA,NA,NA,NA,NA,NA,NA,NA,NA,NA,NA,NA,NA,NA,NA,NA
5090,ASV11235,TRUE,FALSE,TRUE,NA,NA,NA,NA,NA,NA,NA,NA,NA,NA,NA,NA,NA,NA,NA,NA,NA,NA,NA,NA,NA
5091,ASV11236,TRUE,FALSE,TRUE,NA,NA,NA,NA,NA,NA,NA,NA,NA,NA,NA,NA,NA,NA,NA,NA,NA,NA,NA,NA,NA
5092,ASV11237,FALSE,FALSE,FALSE,NA,NA,NA,NA,NA,NA,NA,NA,NA,1,1,1,1,1,1,FALSE,FALSE,FALSE,TRUE,TRUE,TRUE
5093,ASV11239,FALSE,FALSE,FALSE,NA,NA,NA,NA,NA,NA,NA,NA,NA,1,1,1,1,1,1,FALSE,FALSE,FALSE,TRUE,TRUE,TRUE
5094,ASV11240,FALSE,FALSE,FALSE,NA,NA,NA,NA,NA,NA,NA,NA,NA,1,1,1,1,1,1,FALSE,FALSE,FALSE,TRUE,TRUE,TRUE
5095,ASV11258,TRUE,FALSE,TRUE,NA,NA,NA,NA,NA,NA,NA,NA,NA,NA,NA,NA,NA,NA,NA,NA,NA,NA,NA,NA,NA
5096,ASV11289,FALSE,TRUE,TRUE,NA,NA,NA,NA,NA,NA,NA,NA,NA,NA,NA,NA,NA,NA,NA,NA,NA,NA,NA,NA,NA
5097,ASV11290,FALSE,TRUE,TRUE,NA,NA,NA,NA,NA,NA,NA,NA,NA,NA,NA,NA,NA,NA,NA,NA,NA,NA,NA,NA,NA
5098,ASV11291,FALSE,TRUE,TRUE,NA,NA,NA,NA,NA,NA,NA,NA,NA,NA,NA,NA,NA,NA,NA,NA,NA,NA,NA,NA,NA
5099,ASV11292,FALSE,TRUE,TRUE,NA,NA,NA,NA,NA,NA,NA,NA,NA,NA,NA,NA,NA,NA,NA,NA,NA,NA,NA,NA,NA
5100,ASV11293,FALSE,TRUE,TRUE,NA,NA,NA,NA,NA,NA,NA,NA,NA,NA,NA,NA,NA,NA,NA,NA,NA,NA,NA,NA,NA
5101,ASV11294,FALSE,TRUE,TRUE,NA,NA,NA,NA,NA,NA,NA,NA,NA,NA,NA,NA,NA,NA,NA,NA,NA,NA,NA,NA,NA
5102,ASV11295,FALSE,TRUE,TRUE,NA,NA,NA,NA,NA,NA,NA,NA,NA,NA,NA,NA,NA,NA,NA,NA,NA,NA,NA,NA,NA
5103,ASV11296,FALSE,TRUE,TRUE,NA,NA,NA,NA,NA,NA,NA,NA,NA,NA,NA,NA,NA,NA,NA,NA,NA,NA,NA,NA,NA
5104,ASV11298,FALSE,TRUE,TRUE,NA,NA,NA,NA,NA,NA,NA,NA,NA,NA,NA,NA,NA,NA,NA,NA,NA,NA,NA,NA,NA
5105,ASV11299,FALSE,TRUE,TRUE,NA,NA,NA,NA,NA,NA,NA,NA,NA,NA,NA,NA,NA,NA,NA,NA,NA,NA,NA,NA,NA
5106,ASV11300,FALSE,TRUE,TRUE,NA,NA,NA,NA,NA,NA,NA,NA,NA,NA,NA,NA,NA,NA,NA,NA,NA,NA,NA,NA,NA
5107,ASV11302,FALSE,TRUE,TRUE,NA,NA,NA,NA,NA,NA,NA,NA,NA,NA,NA,NA,NA,NA,NA,NA,NA,NA,NA,NA,NA
5108,ASV11303,FALSE,TRUE,TRUE,NA,NA,NA,NA,NA,NA,NA,NA,NA,NA,NA,NA,NA,NA,NA,NA,NA,NA,NA,NA,NA
5109,ASV11304,FALSE,TRUE,TRUE,NA,NA,NA,NA,NA,NA,NA,NA,NA,NA,NA,NA,NA,NA,NA,NA,NA,NA,NA,NA,NA
5110,ASV11306,FALSE,TRUE,TRUE,NA,NA,NA,NA,NA,NA,NA,NA,NA,NA,NA,NA,NA,NA,NA,NA,NA,NA,NA,NA,NA
5111,ASV11307,FALSE,TRUE,TRUE,NA,NA,NA,NA,NA,NA,NA,NA,NA,NA,NA,NA,NA,NA,NA,NA,NA,NA,NA,NA,NA
5112,ASV11310,FALSE,TRUE,TRUE,NA,NA,NA,NA,NA,NA,NA,NA,NA,NA,NA,NA,NA,NA,NA,NA,NA,NA,NA,NA,NA
5113,ASV11311,FALSE,TRUE,TRUE,NA,NA,NA,NA,NA,NA,NA,NA,NA,NA,NA,NA,NA,NA,NA,NA,NA,NA,NA,NA,NA
5114,ASV11313,FALSE,TRUE,TRUE,NA,NA,NA,NA,NA,NA,NA,NA,NA,NA,NA,NA,NA,NA,NA,NA,NA,NA,NA,NA,NA
5115,ASV11378,TRUE,FALSE,TRUE,NA,NA,NA,NA,NA,NA,NA,NA,NA,NA,NA,NA,NA,NA,NA,NA,NA,NA,NA,NA,NA
5116,ASV11380,TRUE,FALSE,TRUE,NA,NA,NA,NA,NA,NA,NA,NA,NA,NA,NA,NA,NA,NA,NA,NA,NA,NA,NA,NA,NA
5117,ASV11381,TRUE,FALSE,TRUE,NA,NA,NA,NA,NA,NA,NA,NA,NA,NA,NA,NA,NA,NA,NA,NA,NA,NA,NA,NA,NA
5118,ASV11382,TRUE,FALSE,TRUE,NA,NA,NA,NA,NA,NA,NA,NA,NA,NA,NA,NA,NA,NA,NA,NA,NA,NA,NA,NA,NA
5119,ASV11383,TRUE,FALSE,TRUE,NA,NA,NA,NA,NA,NA,NA,NA,NA,NA,NA,NA,NA,NA,NA,NA,NA,NA,NA,NA,NA
5120,ASV11384,TRUE,FALSE,TRUE,NA,NA,NA,NA,NA,NA,NA,NA,NA,NA,NA,NA,NA,NA,NA,NA,NA,NA,NA,NA,NA
5121,ASV11386,TRUE,FALSE,TRUE,NA,NA,NA,NA,NA,NA,NA,NA,NA,NA,NA,NA,NA,NA,NA,NA,NA,NA,NA,NA,NA
5122,ASV11391,FALSE,TRUE,TRUE,NA,NA,NA,NA,NA,NA,NA,NA,NA,NA,NA,NA,NA,NA,NA,NA,NA,NA,NA,NA,NA
5123,ASV11426,TRUE,FALSE,TRUE,NA,NA,NA,NA,NA,NA,NA,NA,NA,NA,NA,NA,NA,NA,NA,NA,NA,NA,NA,NA,NA
5124,ASV11428,TRUE,FALSE,TRUE,NA,NA,NA,NA,NA,NA,NA,NA,NA,NA,NA,NA,NA,NA,NA,NA,NA,NA,NA,NA,NA
5125,ASV11430,TRUE,FALSE,TRUE,NA,NA,NA,NA,NA,NA,NA,NA,NA,NA,NA,NA,NA,NA,NA,NA,NA,NA,NA,NA,NA
5126,ASV11432,TRUE,FALSE,TRUE,NA,NA,NA,NA,NA,NA,NA,NA,NA,NA,NA,NA,NA,NA,NA,NA,NA,NA,NA,NA,NA
5127,ASV11434,TRUE,FALSE,TRUE,NA,NA,NA,NA,NA,NA,NA,NA,NA,NA,NA,NA,NA,NA,NA,NA,NA,NA,NA,NA,NA
5128,ASV11435,FALSE,FALSE,FALSE,NA,NA,NA,NA,NA,NA,NA,NA,NA,1,1,1,1,1,1,FALSE,FALSE,FALSE,TRUE,TRUE,TRUE
5129,ASV11436,TRUE,FALSE,TRUE,NA,NA,NA,NA,NA,NA,NA,NA,NA,NA,NA,NA,NA,NA,NA,NA,NA,NA,NA,NA,NA
5130,ASV11437,FALSE,FALSE,FALSE,NA,NA,NA,NA,NA,NA,NA,NA,NA,1,1,1,1,1,1,FALSE,FALSE,FALSE,TRUE,TRUE,TRUE
5131,ASV11438,FALSE,FALSE,FALSE,NA,NA,NA,NA,NA,NA,NA,NA,NA,1,1,1,1,1,1,FALSE,FALSE,FALSE,TRUE,TRUE,TRUE
5132,ASV11441,TRUE,FALSE,TRUE,NA,NA,NA,NA,NA,NA,NA,NA,NA,NA,NA,NA,NA,NA,NA,NA,NA,NA,NA,NA,NA
5133,ASV11443,TRUE,FALSE,TRUE,NA,NA,NA,NA,NA,NA,NA,NA,NA,NA,NA,NA,NA,NA,NA,NA,NA,NA,NA,NA,NA
5134,ASV11445,FALSE,FALSE,FALSE,NA,NA,NA,NA,NA,NA,NA,NA,NA,1,1,1,1,1,1,FALSE,FALSE,FALSE,TRUE,TRUE,TRUE
5135,ASV11447,FALSE,FALSE,FALSE,NA,NA,NA,NA,NA,NA,NA,NA,NA,1,1,1,1,1,1,FALSE,FALSE,FALSE,TRUE,TRUE,TRUE
5136,ASV11448,FALSE,FALSE,FALSE,NA,NA,NA,NA,NA,NA,NA,NA,NA,1,1,1,1,1,1,FALSE,FALSE,FALSE,TRUE,FALSE,TRUE
5137,ASV11449,TRUE,FALSE,TRUE,NA,NA,NA,NA,NA,NA,NA,NA,NA,NA,NA,NA,NA,NA,NA,NA,NA,NA,NA,NA,NA
5138,ASV11469,FALSE,TRUE,TRUE,NA,NA,NA,NA,NA,NA,NA,NA,NA,NA,NA,NA,NA,NA,NA,NA,NA,NA,NA,NA,NA
5139,ASV11500,TRUE,FALSE,TRUE,NA,NA,NA,NA,NA,NA,NA,NA,NA,NA,NA,NA,NA,NA,NA,NA,NA,NA,NA,NA,NA
5140,ASV11507,FALSE,TRUE,TRUE,NA,NA,NA,NA,NA,NA,NA,NA,NA,NA,NA,NA,NA,NA,NA,NA,NA,NA,NA,NA,NA
5141,ASV11508,FALSE,TRUE,TRUE,NA,NA,NA,NA,NA,NA,NA,NA,NA,NA,NA,NA,NA,NA,NA,NA,NA,NA,NA,NA,NA
5142,ASV11510,FALSE,TRUE,TRUE,NA,NA,NA,NA,NA,NA,NA,NA,NA,NA,NA,NA,NA,NA,NA,NA,NA,NA,NA,NA,NA
5143,ASV11512,FALSE,TRUE,TRUE,NA,NA,NA,NA,NA,NA,NA,NA,NA,NA,NA,NA,NA,NA,NA,NA,NA,NA,NA,NA,NA
5144,ASV11513,FALSE,TRUE,TRUE,NA,NA,NA,NA,NA,NA,NA,NA,NA,NA,NA,NA,NA,NA,NA,NA,NA,NA,NA,NA,NA
5145,ASV11514,FALSE,TRUE,TRUE,NA,NA,NA,NA,NA,NA,NA,NA,NA,NA,NA,NA,NA,NA,NA,NA,NA,NA,NA,NA,NA
5146,ASV11515,FALSE,TRUE,TRUE,NA,NA,NA,NA,NA,NA,NA,NA,NA,NA,NA,NA,NA,NA,NA,NA,NA,NA,NA,NA,NA
5147,ASV11517,FALSE,TRUE,TRUE,NA,NA,NA,NA,NA,NA,NA,NA,NA,NA,NA,NA,NA,NA,NA,NA,NA,NA,NA,NA,NA
5148,ASV11518,FALSE,TRUE,TRUE,NA,NA,NA,NA,NA,NA,NA,NA,NA,NA,NA,NA,NA,NA,NA,NA,NA,NA,NA,NA,NA
5149,ASV11519,FALSE,TRUE,TRUE,NA,NA,NA,NA,NA,NA,NA,NA,NA,NA,NA,NA,NA,NA,NA,NA,NA,NA,NA,NA,NA
5150,ASV11520,FALSE,TRUE,TRUE,NA,NA,NA,NA,NA,NA,NA,NA,NA,NA,NA,NA,NA,NA,NA,NA,NA,NA,NA,NA,NA
5151,ASV11521,FALSE,TRUE,TRUE,NA,NA,NA,NA,NA,NA,NA,NA,NA,NA,NA,NA,NA,NA,NA,NA,NA,NA,NA,NA,NA
5152,ASV11523,FALSE,TRUE,TRUE,NA,NA,NA,NA,NA,NA,NA,NA,NA,NA,NA,NA,NA,NA,NA,NA,NA,NA,NA,NA,NA
5153,ASV11524,FALSE,TRUE,TRUE,NA,NA,NA,NA,NA,NA,NA,NA,NA,NA,NA,NA,NA,NA,NA,NA,NA,NA,NA,NA,NA
5154,ASV11529,FALSE,TRUE,TRUE,NA,NA,NA,NA,NA,NA,NA,NA,NA,NA,NA,NA,NA,NA,NA,NA,NA,NA,NA,NA,NA
5155,ASV11530,FALSE,TRUE,TRUE,NA,NA,NA,NA,NA,NA,NA,NA,NA,NA,NA,NA,NA,NA,NA,NA,NA,NA,NA,NA,NA
5156,ASV11531,FALSE,TRUE,TRUE,NA,NA,NA,NA,NA,NA,NA,NA,NA,NA,NA,NA,NA,NA,NA,NA,NA,NA,NA,NA,NA
5157,ASV11532,FALSE,TRUE,TRUE,NA,NA,NA,NA,NA,NA,NA,NA,NA,NA,NA,NA,NA,NA,NA,NA,NA,NA,NA,NA,NA
5158,ASV11533,FALSE,TRUE,TRUE,NA,NA,NA,NA,NA,NA,NA,NA,NA,NA,NA,NA,NA,NA,NA,NA,NA,NA,NA,NA,NA
5159,ASV11535,FALSE,TRUE,TRUE,NA,NA,NA,NA,NA,NA,NA,NA,NA,NA,NA,NA,NA,NA,NA,NA,NA,NA,NA,NA,NA
5160,ASV11536,FALSE,TRUE,TRUE,NA,NA,NA,NA,NA,NA,NA,NA,NA,NA,NA,NA,NA,NA,NA,NA,NA,NA,NA,NA,NA
5161,ASV11537,FALSE,TRUE,TRUE,NA,NA,NA,NA,NA,NA,NA,NA,NA,NA,NA,NA,NA,NA,NA,NA,NA,NA,NA,NA,NA
5162,ASV11539,FALSE,TRUE,TRUE,NA,NA,NA,NA,NA,NA,NA,NA,NA,NA,NA,NA,NA,NA,NA,NA,NA,NA,NA,NA,NA
5163,ASV11540,FALSE,TRUE,TRUE,NA,NA,NA,NA,NA,NA,NA,NA,NA,NA,NA,NA,NA,NA,NA,NA,NA,NA,NA,NA,NA
5164,ASV11553,TRUE,FALSE,TRUE,NA,NA,NA,NA,NA,NA,NA,NA,NA,NA,NA,NA,NA,NA,NA,NA,NA,NA,NA,NA,NA
5165,ASV11586,FALSE,TRUE,TRUE,NA,NA,NA,NA,NA,NA,NA,NA,NA,NA,NA,NA,NA,NA,NA,NA,NA,NA,NA,NA,NA
5166,ASV11596,TRUE,FALSE,TRUE,NA,NA,NA,NA,NA,NA,NA,NA,NA,NA,NA,NA,NA,NA,NA,NA,NA,NA,NA,NA,NA
5167,ASV11597,TRUE,FALSE,TRUE,NA,NA,NA,NA,NA,NA,NA,NA,NA,NA,NA,NA,NA,NA,NA,NA,NA,NA,NA,NA,NA
5168,ASV11598,TRUE,FALSE,TRUE,NA,NA,NA,NA,NA,NA,NA,NA,NA,NA,NA,NA,NA,NA,NA,NA,NA,NA,NA,NA,NA
5169,ASV11601,FALSE,TRUE,TRUE,NA,NA,NA,NA,NA,NA,NA,NA,NA,NA,NA,NA,NA,NA,NA,NA,NA,NA,NA,NA,NA
5170,ASV11625,TRUE,FALSE,TRUE,NA,NA,NA,NA,NA,NA,NA,NA,NA,NA,NA,NA,NA,NA,NA,NA,NA,NA,NA,NA,NA
5171,ASV11626,FALSE,FALSE,FALSE,NA,NA,NA,NA,NA,NA,NA,NA,NA,1,1,1,1,1,1,FALSE,FALSE,FALSE,TRUE,TRUE,TRUE
5172,ASV11629,TRUE,FALSE,TRUE,NA,NA,NA,NA,NA,NA,NA,NA,NA,NA,NA,NA,NA,NA,NA,NA,NA,NA,NA,NA,NA
5173,ASV11630,FALSE,FALSE,FALSE,NA,NA,NA,NA,NA,NA,NA,NA,NA,1,1,1,1,1,1,FALSE,FALSE,FALSE,TRUE,TRUE,TRUE
5174,ASV11631,TRUE,FALSE,TRUE,NA,NA,NA,NA,NA,NA,NA,NA,NA,NA,NA,NA,NA,NA,NA,NA,NA,NA,NA,NA,NA
5175,ASV11632,TRUE,FALSE,TRUE,NA,NA,NA,NA,NA,NA,NA,NA,NA,NA,NA,NA,NA,NA,NA,NA,NA,NA,NA,NA,NA
5176,ASV11634,TRUE,FALSE,TRUE,NA,NA,NA,NA,NA,NA,NA,NA,NA,NA,NA,NA,NA,NA,NA,NA,NA,NA,NA,NA,NA
5177,ASV11635,TRUE,FALSE,TRUE,NA,NA,NA,NA,NA,NA,NA,NA,NA,NA,NA,NA,NA,NA,NA,NA,NA,NA,NA,NA,NA
5178,ASV11637,TRUE,FALSE,TRUE,NA,NA,NA,NA,NA,NA,NA,NA,NA,NA,NA,NA,NA,NA,NA,NA,NA,NA,NA,NA,NA
5179,ASV11642,FALSE,FALSE,FALSE,NA,NA,NA,NA,NA,NA,NA,NA,NA,1,1,1,1,1,1,FALSE,FALSE,FALSE,TRUE,TRUE,TRUE
5180,ASV11643,TRUE,FALSE,TRUE,NA,NA,NA,NA,NA,NA,NA,NA,NA,NA,NA,NA,NA,NA,NA,NA,NA,NA,NA,NA,NA
5181,ASV11644,FALSE,FALSE,FALSE,NA,NA,NA,NA,NA,NA,NA,NA,NA,1,1,1,1,1,1,FALSE,FALSE,FALSE,TRUE,TRUE,TRUE
5182,ASV11646,TRUE,FALSE,TRUE,NA,NA,NA,NA,NA,NA,NA,NA,NA,NA,NA,NA,NA,NA,NA,NA,NA,NA,NA,NA,NA
5183,ASV11647,TRUE,FALSE,TRUE,NA,NA,NA,NA,NA,NA,NA,NA,NA,NA,NA,NA,NA,NA,NA,NA,NA,NA,NA,NA,NA
5184,ASV11648,TRUE,FALSE,TRUE,NA,NA,NA,NA,NA,NA,NA,NA,NA,NA,NA,NA,NA,NA,NA,NA,NA,NA,NA,NA,NA
5185,ASV11649,TRUE,FALSE,TRUE,NA,NA,NA,NA,NA,NA,NA,NA,NA,NA,NA,NA,NA,NA,NA,NA,NA,NA,NA,NA,NA
5186,ASV11650,TRUE,FALSE,TRUE,NA,NA,NA,NA,NA,NA,NA,NA,NA,NA,NA,NA,NA,NA,NA,NA,NA,NA,NA,NA,NA
5187,ASV11653,TRUE,FALSE,TRUE,NA,NA,NA,NA,NA,NA,NA,NA,NA,NA,NA,NA,NA,NA,NA,NA,NA,NA,NA,NA,NA
5188,ASV11654,TRUE,FALSE,TRUE,NA,NA,NA,NA,NA,NA,NA,NA,NA,NA,NA,NA,NA,NA,NA,NA,NA,NA,NA,NA,NA
5189,ASV11655,TRUE,FALSE,TRUE,NA,NA,NA,NA,NA,NA,NA,NA,NA,NA,NA,NA,NA,NA,NA,NA,NA,NA,NA,NA,NA
5190,ASV11656,FALSE,FALSE,FALSE,NA,NA,NA,NA,NA,NA,NA,NA,NA,1,1,1,1,1,1,FALSE,FALSE,FALSE,TRUE,TRUE,TRUE
5191,ASV11662,FALSE,TRUE,TRUE,NA,NA,NA,NA,NA,NA,NA,NA,NA,NA,NA,NA,NA,NA,NA,NA,NA,NA,NA,NA,NA
5192,ASV11701,FALSE,TRUE,TRUE,NA,NA,NA,NA,NA,NA,NA,NA,NA,NA,NA,NA,NA,NA,NA,NA,NA,NA,NA,NA,NA
5193,ASV11705,FALSE,TRUE,TRUE,NA,NA,NA,NA,NA,NA,NA,NA,NA,NA,NA,NA,NA,NA,NA,NA,NA,NA,NA,NA,NA
5194,ASV11706,FALSE,TRUE,TRUE,NA,NA,NA,NA,NA,NA,NA,NA,NA,NA,NA,NA,NA,NA,NA,NA,NA,NA,NA,NA,NA
5195,ASV11707,FALSE,TRUE,TRUE,NA,NA,NA,NA,NA,NA,NA,NA,NA,NA,NA,NA,NA,NA,NA,NA,NA,NA,NA,NA,NA
5196,ASV11708,FALSE,TRUE,TRUE,NA,NA,NA,NA,NA,NA,NA,NA,NA,NA,NA,NA,NA,NA,NA,NA,NA,NA,NA,NA,NA
5197,ASV11709,FALSE,TRUE,TRUE,NA,NA,NA,NA,NA,NA,NA,NA,NA,NA,NA,NA,NA,NA,NA,NA,NA,NA,NA,NA,NA
5198,ASV11710,FALSE,TRUE,TRUE,NA,NA,NA,NA,NA,NA,NA,NA,NA,NA,NA,NA,NA,NA,NA,NA,NA,NA,NA,NA,NA
5199,ASV11711,FALSE,TRUE,TRUE,NA,NA,NA,NA,NA,NA,NA,NA,NA,NA,NA,NA,NA,NA,NA,NA,NA,NA,NA,NA,NA
5200,ASV11712,FALSE,TRUE,TRUE,NA,NA,NA,NA,NA,NA,NA,NA,NA,NA,NA,NA,NA,NA,NA,NA,NA,NA,NA,NA,NA
5201,ASV11714,FALSE,TRUE,TRUE,NA,NA,NA,NA,NA,NA,NA,NA,NA,NA,NA,NA,NA,NA,NA,NA,NA,NA,NA,NA,NA
5202,ASV11715,FALSE,TRUE,TRUE,NA,NA,NA,NA,NA,NA,NA,NA,NA,NA,NA,NA,NA,NA,NA,NA,NA,NA,NA,NA,NA
5203,ASV11717,FALSE,TRUE,TRUE,NA,NA,NA,NA,NA,NA,NA,NA,NA,NA,NA,NA,NA,NA,NA,NA,NA,NA,NA,NA,NA
5204,ASV11718,FALSE,TRUE,TRUE,NA,NA,NA,NA,NA,NA,NA,NA,NA,NA,NA,NA,NA,NA,NA,NA,NA,NA,NA,NA,NA
5205,ASV11719,FALSE,TRUE,TRUE,NA,NA,NA,NA,NA,NA,NA,NA,NA,NA,NA,NA,NA,NA,NA,NA,NA,NA,NA,NA,NA
5206,ASV11720,FALSE,TRUE,TRUE,NA,NA,NA,NA,NA,NA,NA,NA,NA,NA,NA,NA,NA,NA,NA,NA,NA,NA,NA,NA,NA
5207,ASV11721,FALSE,TRUE,TRUE,NA,NA,NA,NA,NA,NA,NA,NA,NA,NA,NA,NA,NA,NA,NA,NA,NA,NA,NA,NA,NA
5208,ASV11722,FALSE,TRUE,TRUE,NA,NA,NA,NA,NA,NA,NA,NA,NA,NA,NA,NA,NA,NA,NA,NA,NA,NA,NA,NA,NA
5209,ASV11724,FALSE,TRUE,TRUE,NA,NA,NA,NA,NA,NA,NA,NA,NA,NA,NA,NA,NA,NA,NA,NA,NA,NA,NA,NA,NA
5210,ASV11725,FALSE,TRUE,TRUE,NA,NA,NA,NA,NA,NA,NA,NA,NA,NA,NA,NA,NA,NA,NA,NA,NA,NA,NA,NA,NA
5211,ASV11726,FALSE,TRUE,TRUE,NA,NA,NA,NA,NA,NA,NA,NA,NA,NA,NA,NA,NA,NA,NA,NA,NA,NA,NA,NA,NA
5212,ASV11727,FALSE,TRUE,TRUE,NA,NA,NA,NA,NA,NA,NA,NA,NA,NA,NA,NA,NA,NA,NA,NA,NA,NA,NA,NA,NA
5213,ASV11728,FALSE,TRUE,TRUE,NA,NA,NA,NA,NA,NA,NA,NA,NA,NA,NA,NA,NA,NA,NA,NA,NA,NA,NA,NA,NA
5214,ASV11748,TRUE,FALSE,TRUE,NA,NA,NA,NA,NA,NA,NA,NA,NA,NA,NA,NA,NA,NA,NA,NA,NA,NA,NA,NA,NA
5215,ASV11772,TRUE,FALSE,TRUE,NA,NA,NA,NA,NA,NA,NA,NA,NA,NA,NA,NA,NA,NA,NA,NA,NA,NA,NA,NA,NA
5216,ASV11773,TRUE,FALSE,TRUE,NA,NA,NA,NA,NA,NA,NA,NA,NA,NA,NA,NA,NA,NA,NA,NA,NA,NA,NA,NA,NA
5217,ASV11774,TRUE,FALSE,TRUE,NA,NA,NA,NA,NA,NA,NA,NA,NA,NA,NA,NA,NA,NA,NA,NA,NA,NA,NA,NA,NA
5218,ASV11775,TRUE,FALSE,TRUE,NA,NA,NA,NA,NA,NA,NA,NA,NA,NA,NA,NA,NA,NA,NA,NA,NA,NA,NA,NA,NA
5219,ASV11778,FALSE,FALSE,FALSE,NA,NA,NA,NA,NA,NA,NA,NA,NA,1,1,1,1,1,1,FALSE,FALSE,FALSE,TRUE,TRUE,TRUE
5220,ASV11779,TRUE,FALSE,TRUE,NA,NA,NA,NA,NA,NA,NA,NA,NA,NA,NA,NA,NA,NA,NA,NA,NA,NA,NA,NA,NA
5221,ASV11786,FALSE,TRUE,TRUE,NA,NA,NA,NA,NA,NA,NA,NA,NA,NA,NA,NA,NA,NA,NA,NA,NA,NA,NA,NA,NA
5222,ASV11787,FALSE,TRUE,TRUE,NA,NA,NA,NA,NA,NA,NA,NA,NA,NA,NA,NA,NA,NA,NA,NA,NA,NA,NA,NA,NA
5223,ASV11827,FALSE,FALSE,FALSE,NA,NA,NA,NA,NA,NA,NA,NA,NA,1,1,1,1,1,1,FALSE,FALSE,FALSE,TRUE,TRUE,TRUE
5224,ASV11828,FALSE,FALSE,FALSE,NA,NA,NA,NA,NA,NA,NA,NA,NA,1,1,1,1,1,1,FALSE,FALSE,FALSE,TRUE,TRUE,TRUE
5225,ASV11831,TRUE,FALSE,TRUE,NA,NA,NA,NA,NA,NA,NA,NA,NA,NA,NA,NA,NA,NA,NA,NA,NA,NA,NA,NA,NA
5226,ASV11832,TRUE,FALSE,TRUE,NA,NA,NA,NA,NA,NA,NA,NA,NA,NA,NA,NA,NA,NA,NA,NA,NA,NA,NA,NA,NA
5227,ASV11834,TRUE,FALSE,TRUE,NA,NA,NA,NA,NA,NA,NA,NA,NA,NA,NA,NA,NA,NA,NA,NA,NA,NA,NA,NA,NA
5228,ASV11835,TRUE,FALSE,TRUE,NA,NA,NA,NA,NA,NA,NA,NA,NA,NA,NA,NA,NA,NA,NA,NA,NA,NA,NA,NA,NA
5229,ASV11840,TRUE,FALSE,TRUE,NA,NA,NA,NA,NA,NA,NA,NA,NA,NA,NA,NA,NA,NA,NA,NA,NA,NA,NA,NA,NA
5230,ASV11841,TRUE,FALSE,TRUE,NA,NA,NA,NA,NA,NA,NA,NA,NA,NA,NA,NA,NA,NA,NA,NA,NA,NA,NA,NA,NA
5231,ASV11842,TRUE,FALSE,TRUE,NA,NA,NA,NA,NA,NA,NA,NA,NA,NA,NA,NA,NA,NA,NA,NA,NA,NA,NA,NA,NA
5232,ASV11843,TRUE,FALSE,TRUE,NA,NA,NA,NA,NA,NA,NA,NA,NA,NA,NA,NA,NA,NA,NA,NA,NA,NA,NA,NA,NA
5233,ASV11844,TRUE,FALSE,TRUE,NA,NA,NA,NA,NA,NA,NA,NA,NA,NA,NA,NA,NA,NA,NA,NA,NA,NA,NA,NA,NA
5234,ASV11847,TRUE,FALSE,TRUE,NA,NA,NA,NA,NA,NA,NA,NA,NA,NA,NA,NA,NA,NA,NA,NA,NA,NA,NA,NA,NA
5235,ASV11851,TRUE,FALSE,TRUE,NA,NA,NA,NA,NA,NA,NA,NA,NA,NA,NA,NA,NA,NA,NA,NA,NA,NA,NA,NA,NA
5236,ASV11852,FALSE,FALSE,FALSE,NA,NA,NA,NA,NA,NA,NA,NA,NA,1,1,1,1,1,1,FALSE,FALSE,FALSE,TRUE,FALSE,TRUE
5237,ASV11853,FALSE,FALSE,FALSE,NA,NA,NA,NA,NA,NA,NA,NA,NA,1,1,1,1,1,1,FALSE,FALSE,FALSE,TRUE,FALSE,TRUE
5238,ASV11855,TRUE,FALSE,TRUE,NA,NA,NA,NA,NA,NA,NA,NA,NA,NA,NA,NA,NA,NA,NA,NA,NA,NA,NA,NA,NA
5239,ASV11856,TRUE,FALSE,TRUE,NA,NA,NA,NA,NA,NA,NA,NA,NA,NA,NA,NA,NA,NA,NA,NA,NA,NA,NA,NA,NA
5240,ASV11858,TRUE,FALSE,TRUE,NA,NA,NA,NA,NA,NA,NA,NA,NA,NA,NA,NA,NA,NA,NA,NA,NA,NA,NA,NA,NA
5241,ASV11861,TRUE,FALSE,TRUE,NA,NA,NA,NA,NA,NA,NA,NA,NA,NA,NA,NA,NA,NA,NA,NA,NA,NA,NA,NA,NA
5242,ASV11862,TRUE,FALSE,TRUE,NA,NA,NA,NA,NA,NA,NA,NA,NA,NA,NA,NA,NA,NA,NA,NA,NA,NA,NA,NA,NA
5243,ASV11863,TRUE,FALSE,TRUE,NA,NA,NA,NA,NA,NA,NA,NA,NA,NA,NA,NA,NA,NA,NA,NA,NA,NA,NA,NA,NA
5244,ASV11864,FALSE,FALSE,FALSE,NA,NA,NA,NA,NA,NA,NA,NA,NA,1,1,1,1,1,1,FALSE,FALSE,FALSE,TRUE,TRUE,TRUE
5245,ASV11915,FALSE,TRUE,TRUE,NA,NA,NA,NA,NA,NA,NA,NA,NA,NA,NA,NA,NA,NA,NA,NA,NA,NA,NA,NA,NA
5246,ASV11917,FALSE,TRUE,TRUE,NA,NA,NA,NA,NA,NA,NA,NA,NA,NA,NA,NA,NA,NA,NA,NA,NA,NA,NA,NA,NA
5247,ASV11918,FALSE,TRUE,TRUE,NA,NA,NA,NA,NA,NA,NA,NA,NA,NA,NA,NA,NA,NA,NA,NA,NA,NA,NA,NA,NA
5248,ASV11919,FALSE,TRUE,TRUE,NA,NA,NA,NA,NA,NA,NA,NA,NA,NA,NA,NA,NA,NA,NA,NA,NA,NA,NA,NA,NA
5249,ASV11920,FALSE,TRUE,TRUE,NA,NA,NA,NA,NA,NA,NA,NA,NA,NA,NA,NA,NA,NA,NA,NA,NA,NA,NA,NA,NA
5250,ASV11921,FALSE,TRUE,TRUE,NA,NA,NA,NA,NA,NA,NA,NA,NA,NA,NA,NA,NA,NA,NA,NA,NA,NA,NA,NA,NA
5251,ASV11922,FALSE,TRUE,TRUE,NA,NA,NA,NA,NA,NA,NA,NA,NA,NA,NA,NA,NA,NA,NA,NA,NA,NA,NA,NA,NA
5252,ASV11923,FALSE,TRUE,TRUE,NA,NA,NA,NA,NA,NA,NA,NA,NA,NA,NA,NA,NA,NA,NA,NA,NA,NA,NA,NA,NA
5253,ASV11925,FALSE,TRUE,TRUE,NA,NA,NA,NA,NA,NA,NA,NA,NA,NA,NA,NA,NA,NA,NA,NA,NA,NA,NA,NA,NA
5254,ASV11926,FALSE,TRUE,TRUE,NA,NA,NA,NA,NA,NA,NA,NA,NA,NA,NA,NA,NA,NA,NA,NA,NA,NA,NA,NA,NA
5255,ASV11927,FALSE,TRUE,TRUE,NA,NA,NA,NA,NA,NA,NA,NA,NA,NA,NA,NA,NA,NA,NA,NA,NA,NA,NA,NA,NA
5256,ASV11929,FALSE,TRUE,TRUE,NA,NA,NA,NA,NA,NA,NA,NA,NA,NA,NA,NA,NA,NA,NA,NA,NA,NA,NA,NA,NA
5257,ASV11930,FALSE,TRUE,TRUE,NA,NA,NA,NA,NA,NA,NA,NA,NA,NA,NA,NA,NA,NA,NA,NA,NA,NA,NA,NA,NA
5258,ASV11932,FALSE,TRUE,TRUE,NA,NA,NA,NA,NA,NA,NA,NA,NA,NA,NA,NA,NA,NA,NA,NA,NA,NA,NA,NA,NA
5259,ASV11933,FALSE,TRUE,TRUE,NA,NA,NA,NA,NA,NA,NA,NA,NA,NA,NA,NA,NA,NA,NA,NA,NA,NA,NA,NA,NA
5260,ASV11934,FALSE,TRUE,TRUE,NA,NA,NA,NA,NA,NA,NA,NA,NA,NA,NA,NA,NA,NA,NA,NA,NA,NA,NA,NA,NA
5261,ASV11935,FALSE,TRUE,TRUE,NA,NA,NA,NA,NA,NA,NA,NA,NA,NA,NA,NA,NA,NA,NA,NA,NA,NA,NA,NA,NA
5262,ASV11937,FALSE,TRUE,TRUE,NA,NA,NA,NA,NA,NA,NA,NA,NA,NA,NA,NA,NA,NA,NA,NA,NA,NA,NA,NA,NA
5263,ASV11938,FALSE,TRUE,TRUE,NA,NA,NA,NA,NA,NA,NA,NA,NA,NA,NA,NA,NA,NA,NA,NA,NA,NA,NA,NA,NA
5264,ASV11939,FALSE,TRUE,TRUE,NA,NA,NA,NA,NA,NA,NA,NA,NA,NA,NA,NA,NA,NA,NA,NA,NA,NA,NA,NA,NA
5265,ASV11940,FALSE,TRUE,TRUE,NA,NA,NA,NA,NA,NA,NA,NA,NA,NA,NA,NA,NA,NA,NA,NA,NA,NA,NA,NA,NA
5266,ASV11997,TRUE,FALSE,TRUE,NA,NA,NA,NA,NA,NA,NA,NA,NA,NA,NA,NA,NA,NA,NA,NA,NA,NA,NA,NA,NA
5267,ASV11998,TRUE,FALSE,TRUE,NA,NA,NA,NA,NA,NA,NA,NA,NA,NA,NA,NA,NA,NA,NA,NA,NA,NA,NA,NA,NA
5268,ASV11999,TRUE,FALSE,TRUE,NA,NA,NA,NA,NA,NA,NA,NA,NA,NA,NA,NA,NA,NA,NA,NA,NA,NA,NA,NA,NA
5269,ASV12000,TRUE,FALSE,TRUE,NA,NA,NA,NA,NA,NA,NA,NA,NA,NA,NA,NA,NA,NA,NA,NA,NA,NA,NA,NA,NA
5270,ASV12002,TRUE,FALSE,TRUE,NA,NA,NA,NA,NA,NA,NA,NA,NA,NA,NA,NA,NA,NA,NA,NA,NA,NA,NA,NA,NA
5271,ASV12003,TRUE,FALSE,TRUE,NA,NA,NA,NA,NA,NA,NA,NA,NA,NA,NA,NA,NA,NA,NA,NA,NA,NA,NA,NA,NA
5272,ASV12007,FALSE,TRUE,TRUE,NA,NA,NA,NA,NA,NA,NA,NA,NA,NA,NA,NA,NA,NA,NA,NA,NA,NA,NA,NA,NA
5273,ASV12009,FALSE,TRUE,TRUE,NA,NA,NA,NA,NA,NA,NA,NA,NA,NA,NA,NA,NA,NA,NA,NA,NA,NA,NA,NA,NA
5274,ASV12031,TRUE,FALSE,TRUE,NA,NA,NA,NA,NA,NA,NA,NA,NA,NA,NA,NA,NA,NA,NA,NA,NA,NA,NA,NA,NA
5275,ASV12035,TRUE,FALSE,TRUE,NA,NA,NA,NA,NA,NA,NA,NA,NA,NA,NA,NA,NA,NA,NA,NA,NA,NA,NA,NA,NA
5276,ASV12036,TRUE,FALSE,TRUE,NA,NA,NA,NA,NA,NA,NA,NA,NA,NA,NA,NA,NA,NA,NA,NA,NA,NA,NA,NA,NA
5277,ASV12037,TRUE,FALSE,TRUE,NA,NA,NA,NA,NA,NA,NA,NA,NA,NA,NA,NA,NA,NA,NA,NA,NA,NA,NA,NA,NA
5278,ASV12039,FALSE,FALSE,FALSE,NA,NA,NA,NA,NA,NA,NA,NA,NA,1,1,1,1,1,1,FALSE,FALSE,FALSE,TRUE,TRUE,TRUE
5279,ASV12044,TRUE,FALSE,TRUE,NA,NA,NA,NA,NA,NA,NA,NA,NA,NA,NA,NA,NA,NA,NA,NA,NA,NA,NA,NA,NA
5280,ASV12048,TRUE,FALSE,TRUE,NA,NA,NA,NA,NA,NA,NA,NA,NA,NA,NA,NA,NA,NA,NA,NA,NA,NA,NA,NA,NA
5281,ASV12049,TRUE,FALSE,TRUE,NA,NA,NA,NA,NA,NA,NA,NA,NA,NA,NA,NA,NA,NA,NA,NA,NA,NA,NA,NA,NA
5282,ASV12052,TRUE,FALSE,TRUE,NA,NA,NA,NA,NA,NA,NA,NA,NA,NA,NA,NA,NA,NA,NA,NA,NA,NA,NA,NA,NA
5283,ASV12053,TRUE,FALSE,TRUE,NA,NA,NA,NA,NA,NA,NA,NA,NA,NA,NA,NA,NA,NA,NA,NA,NA,NA,NA,NA,NA
5284,ASV12054,TRUE,FALSE,TRUE,NA,NA,NA,NA,NA,NA,NA,NA,NA,NA,NA,NA,NA,NA,NA,NA,NA,NA,NA,NA,NA
5285,ASV12055,FALSE,FALSE,FALSE,NA,NA,NA,NA,NA,NA,NA,NA,NA,1,1,1,1,1,1,FALSE,FALSE,FALSE,TRUE,TRUE,TRUE
5286,ASV12056,FALSE,FALSE,FALSE,NA,NA,NA,NA,NA,NA,NA,NA,NA,1,1,1,1,1,1,FALSE,FALSE,FALSE,TRUE,TRUE,TRUE
5287,ASV12057,FALSE,FALSE,FALSE,NA,NA,NA,NA,NA,NA,NA,NA,NA,1,1,1,1,1,1,FALSE,FALSE,FALSE,TRUE,TRUE,TRUE
5288,ASV12078,FALSE,TRUE,TRUE,NA,NA,NA,NA,NA,NA,NA,NA,NA,NA,NA,NA,NA,NA,NA,NA,NA,NA,NA,NA,NA
5289,ASV12114,FALSE,TRUE,TRUE,NA,NA,NA,NA,NA,NA,NA,NA,NA,NA,NA,NA,NA,NA,NA,NA,NA,NA,NA,NA,NA
5290,ASV12115,FALSE,TRUE,TRUE,NA,NA,NA,NA,NA,NA,NA,NA,NA,NA,NA,NA,NA,NA,NA,NA,NA,NA,NA,NA,NA
5291,ASV12116,FALSE,TRUE,TRUE,NA,NA,NA,NA,NA,NA,NA,NA,NA,NA,NA,NA,NA,NA,NA,NA,NA,NA,NA,NA,NA
5292,ASV12118,FALSE,TRUE,TRUE,NA,NA,NA,NA,NA,NA,NA,NA,NA,NA,NA,NA,NA,NA,NA,NA,NA,NA,NA,NA,NA
5293,ASV12119,FALSE,TRUE,TRUE,NA,NA,NA,NA,NA,NA,NA,NA,NA,NA,NA,NA,NA,NA,NA,NA,NA,NA,NA,NA,NA
5294,ASV12122,FALSE,TRUE,TRUE,NA,NA,NA,NA,NA,NA,NA,NA,NA,NA,NA,NA,NA,NA,NA,NA,NA,NA,NA,NA,NA
5295,ASV12125,FALSE,TRUE,TRUE,NA,NA,NA,NA,NA,NA,NA,NA,NA,NA,NA,NA,NA,NA,NA,NA,NA,NA,NA,NA,NA
5296,ASV12126,FALSE,TRUE,TRUE,NA,NA,NA,NA,NA,NA,NA,NA,NA,NA,NA,NA,NA,NA,NA,NA,NA,NA,NA,NA,NA
5297,ASV12127,FALSE,TRUE,TRUE,NA,NA,NA,NA,NA,NA,NA,NA,NA,NA,NA,NA,NA,NA,NA,NA,NA,NA,NA,NA,NA
5298,ASV12128,FALSE,TRUE,TRUE,NA,NA,NA,NA,NA,NA,NA,NA,NA,NA,NA,NA,NA,NA,NA,NA,NA,NA,NA,NA,NA
5299,ASV12129,FALSE,TRUE,TRUE,NA,NA,NA,NA,NA,NA,NA,NA,NA,NA,NA,NA,NA,NA,NA,NA,NA,NA,NA,NA,NA
5300,ASV12130,FALSE,TRUE,TRUE,NA,NA,NA,NA,NA,NA,NA,NA,NA,NA,NA,NA,NA,NA,NA,NA,NA,NA,NA,NA,NA
5301,ASV12131,FALSE,TRUE,TRUE,NA,NA,NA,NA,NA,NA,NA,NA,NA,NA,NA,NA,NA,NA,NA,NA,NA,NA,NA,NA,NA
5302,ASV12133,FALSE,TRUE,TRUE,NA,NA,NA,NA,NA,NA,NA,NA,NA,NA,NA,NA,NA,NA,NA,NA,NA,NA,NA,NA,NA
5303,ASV12134,FALSE,TRUE,TRUE,NA,NA,NA,NA,NA,NA,NA,NA,NA,NA,NA,NA,NA,NA,NA,NA,NA,NA,NA,NA,NA
5304,ASV12136,FALSE,TRUE,TRUE,NA,NA,NA,NA,NA,NA,NA,NA,NA,NA,NA,NA,NA,NA,NA,NA,NA,NA,NA,NA,NA
5305,ASV12137,FALSE,TRUE,TRUE,NA,NA,NA,NA,NA,NA,NA,NA,NA,NA,NA,NA,NA,NA,NA,NA,NA,NA,NA,NA,NA
5306,ASV12139,FALSE,TRUE,TRUE,NA,NA,NA,NA,NA,NA,NA,NA,NA,NA,NA,NA,NA,NA,NA,NA,NA,NA,NA,NA,NA
5307,ASV12140,FALSE,TRUE,TRUE,NA,NA,NA,NA,NA,NA,NA,NA,NA,NA,NA,NA,NA,NA,NA,NA,NA,NA,NA,NA,NA
5308,ASV12141,FALSE,TRUE,TRUE,NA,NA,NA,NA,NA,NA,NA,NA,NA,NA,NA,NA,NA,NA,NA,NA,NA,NA,NA,NA,NA
5309,ASV12142,FALSE,TRUE,TRUE,NA,NA,NA,NA,NA,NA,NA,NA,NA,NA,NA,NA,NA,NA,NA,NA,NA,NA,NA,NA,NA
5310,ASV12143,FALSE,TRUE,TRUE,NA,NA,NA,NA,NA,NA,NA,NA,NA,NA,NA,NA,NA,NA,NA,NA,NA,NA,NA,NA,NA
5311,ASV12144,FALSE,TRUE,TRUE,NA,NA,NA,NA,NA,NA,NA,NA,NA,NA,NA,NA,NA,NA,NA,NA,NA,NA,NA,NA,NA
5312,ASV12145,FALSE,TRUE,TRUE,NA,NA,NA,NA,NA,NA,NA,NA,NA,NA,NA,NA,NA,NA,NA,NA,NA,NA,NA,NA,NA
5313,ASV12146,FALSE,TRUE,TRUE,NA,NA,NA,NA,NA,NA,NA,NA,NA,NA,NA,NA,NA,NA,NA,NA,NA,NA,NA,NA,NA
5314,ASV12188,TRUE,FALSE,TRUE,NA,NA,NA,NA,NA,NA,NA,NA,NA,NA,NA,NA,NA,NA,NA,NA,NA,NA,NA,NA,NA
5315,ASV12204,TRUE,FALSE,TRUE,NA,NA,NA,NA,NA,NA,NA,NA,NA,NA,NA,NA,NA,NA,NA,NA,NA,NA,NA,NA,NA
5316,ASV12205,TRUE,FALSE,TRUE,NA,NA,NA,NA,NA,NA,NA,NA,NA,NA,NA,NA,NA,NA,NA,NA,NA,NA,NA,NA,NA
5317,ASV12207,TRUE,FALSE,TRUE,NA,NA,NA,NA,NA,NA,NA,NA,NA,NA,NA,NA,NA,NA,NA,NA,NA,NA,NA,NA,NA
5318,ASV12213,FALSE,TRUE,TRUE,NA,NA,NA,NA,NA,NA,NA,NA,NA,NA,NA,NA,NA,NA,NA,NA,NA,NA,NA,NA,NA
5319,ASV12215,FALSE,TRUE,TRUE,NA,NA,NA,NA,NA,NA,NA,NA,NA,NA,NA,NA,NA,NA,NA,NA,NA,NA,NA,NA,NA
5320,ASV12242,FALSE,FALSE,FALSE,NA,NA,NA,NA,NA,NA,NA,NA,NA,1,1,1,1,1,1,FALSE,FALSE,FALSE,TRUE,TRUE,TRUE
5321,ASV12243,TRUE,FALSE,TRUE,NA,NA,NA,NA,NA,NA,NA,NA,NA,NA,NA,NA,NA,NA,NA,NA,NA,NA,NA,NA,NA
5322,ASV12244,FALSE,FALSE,FALSE,NA,NA,NA,NA,NA,NA,NA,NA,NA,1,1,1,1,1,1,FALSE,FALSE,FALSE,TRUE,TRUE,TRUE
5323,ASV12246,TRUE,FALSE,TRUE,NA,NA,NA,NA,NA,NA,NA,NA,NA,NA,NA,NA,NA,NA,NA,NA,NA,NA,NA,NA,NA
5324,ASV12249,TRUE,FALSE,TRUE,NA,NA,NA,NA,NA,NA,NA,NA,NA,NA,NA,NA,NA,NA,NA,NA,NA,NA,NA,NA,NA
5325,ASV12250,TRUE,FALSE,TRUE,NA,NA,NA,NA,NA,NA,NA,NA,NA,NA,NA,NA,NA,NA,NA,NA,NA,NA,NA,NA,NA
5326,ASV12252,FALSE,FALSE,FALSE,NA,NA,NA,NA,NA,NA,NA,NA,NA,1,1,1,1,1,1,FALSE,FALSE,FALSE,TRUE,TRUE,TRUE
5327,ASV12253,TRUE,FALSE,TRUE,NA,NA,NA,NA,NA,NA,NA,NA,NA,NA,NA,NA,NA,NA,NA,NA,NA,NA,NA,NA,NA
5328,ASV12257,TRUE,FALSE,TRUE,NA,NA,NA,NA,NA,NA,NA,NA,NA,NA,NA,NA,NA,NA,NA,NA,NA,NA,NA,NA,NA
5329,ASV12258,TRUE,FALSE,TRUE,NA,NA,NA,NA,NA,NA,NA,NA,NA,NA,NA,NA,NA,NA,NA,NA,NA,NA,NA,NA,NA
5330,ASV12259,TRUE,FALSE,TRUE,NA,NA,NA,NA,NA,NA,NA,NA,NA,NA,NA,NA,NA,NA,NA,NA,NA,NA,NA,NA,NA
5331,ASV12260,TRUE,FALSE,TRUE,NA,NA,NA,NA,NA,NA,NA,NA,NA,NA,NA,NA,NA,NA,NA,NA,NA,NA,NA,NA,NA
5332,ASV12261,TRUE,FALSE,TRUE,NA,NA,NA,NA,NA,NA,NA,NA,NA,NA,NA,NA,NA,NA,NA,NA,NA,NA,NA,NA,NA
5333,ASV12263,FALSE,FALSE,FALSE,NA,NA,NA,NA,NA,NA,NA,NA,NA,1,1,1,1,1,1,FALSE,FALSE,FALSE,TRUE,TRUE,TRUE
5334,ASV12265,TRUE,FALSE,TRUE,NA,NA,NA,NA,NA,NA,NA,NA,NA,NA,NA,NA,NA,NA,NA,NA,NA,NA,NA,NA,NA
5335,ASV12266,TRUE,FALSE,TRUE,NA,NA,NA,NA,NA,NA,NA,NA,NA,NA,NA,NA,NA,NA,NA,NA,NA,NA,NA,NA,NA
5336,ASV12268,TRUE,FALSE,TRUE,NA,NA,NA,NA,NA,NA,NA,NA,NA,NA,NA,NA,NA,NA,NA,NA,NA,NA,NA,NA,NA
5337,ASV12269,TRUE,FALSE,TRUE,NA,NA,NA,NA,NA,NA,NA,NA,NA,NA,NA,NA,NA,NA,NA,NA,NA,NA,NA,NA,NA
5338,ASV12270,TRUE,FALSE,TRUE,NA,NA,NA,NA,NA,NA,NA,NA,NA,NA,NA,NA,NA,NA,NA,NA,NA,NA,NA,NA,NA
5339,ASV12272,TRUE,FALSE,TRUE,NA,NA,NA,NA,NA,NA,NA,NA,NA,NA,NA,NA,NA,NA,NA,NA,NA,NA,NA,NA,NA
5340,ASV12273,TRUE,FALSE,TRUE,NA,NA,NA,NA,NA,NA,NA,NA,NA,NA,NA,NA,NA,NA,NA,NA,NA,NA,NA,NA,NA
5341,ASV12274,TRUE,FALSE,TRUE,NA,NA,NA,NA,NA,NA,NA,NA,NA,NA,NA,NA,NA,NA,NA,NA,NA,NA,NA,NA,NA
5342,ASV12275,TRUE,FALSE,TRUE,NA,NA,NA,NA,NA,NA,NA,NA,NA,NA,NA,NA,NA,NA,NA,NA,NA,NA,NA,NA,NA
5343,ASV12276,TRUE,FALSE,TRUE,NA,NA,NA,NA,NA,NA,NA,NA,NA,NA,NA,NA,NA,NA,NA,NA,NA,NA,NA,NA,NA
5344,ASV12277,FALSE,FALSE,FALSE,NA,NA,NA,NA,NA,NA,NA,NA,NA,1,1,1,1,1,1,FALSE,FALSE,FALSE,TRUE,TRUE,TRUE
5345,ASV12292,FALSE,TRUE,TRUE,NA,NA,NA,NA,NA,NA,NA,NA,NA,NA,NA,NA,NA,NA,NA,NA,NA,NA,NA,NA,NA
5346,ASV12309,TRUE,FALSE,TRUE,NA,NA,NA,NA,NA,NA,NA,NA,NA,NA,NA,NA,NA,NA,NA,NA,NA,NA,NA,NA,NA
5347,ASV12344,FALSE,TRUE,TRUE,NA,NA,NA,NA,NA,NA,NA,NA,NA,NA,NA,NA,NA,NA,NA,NA,NA,NA,NA,NA,NA
5348,ASV12347,FALSE,TRUE,TRUE,NA,NA,NA,NA,NA,NA,NA,NA,NA,NA,NA,NA,NA,NA,NA,NA,NA,NA,NA,NA,NA
5349,ASV12349,FALSE,TRUE,TRUE,NA,NA,NA,NA,NA,NA,NA,NA,NA,NA,NA,NA,NA,NA,NA,NA,NA,NA,NA,NA,NA
5350,ASV12350,FALSE,TRUE,TRUE,NA,NA,NA,NA,NA,NA,NA,NA,NA,NA,NA,NA,NA,NA,NA,NA,NA,NA,NA,NA,NA
5351,ASV12351,FALSE,TRUE,TRUE,NA,NA,NA,NA,NA,NA,NA,NA,NA,NA,NA,NA,NA,NA,NA,NA,NA,NA,NA,NA,NA
5352,ASV12352,FALSE,TRUE,TRUE,NA,NA,NA,NA,NA,NA,NA,NA,NA,NA,NA,NA,NA,NA,NA,NA,NA,NA,NA,NA,NA
5353,ASV12354,FALSE,TRUE,TRUE,NA,NA,NA,NA,NA,NA,NA,NA,NA,NA,NA,NA,NA,NA,NA,NA,NA,NA,NA,NA,NA
5354,ASV12355,FALSE,TRUE,TRUE,NA,NA,NA,NA,NA,NA,NA,NA,NA,NA,NA,NA,NA,NA,NA,NA,NA,NA,NA,NA,NA
5355,ASV12356,FALSE,TRUE,TRUE,NA,NA,NA,NA,NA,NA,NA,NA,NA,NA,NA,NA,NA,NA,NA,NA,NA,NA,NA,NA,NA
5356,ASV12357,FALSE,TRUE,TRUE,NA,NA,NA,NA,NA,NA,NA,NA,NA,NA,NA,NA,NA,NA,NA,NA,NA,NA,NA,NA,NA
5357,ASV12358,FALSE,TRUE,TRUE,NA,NA,NA,NA,NA,NA,NA,NA,NA,NA,NA,NA,NA,NA,NA,NA,NA,NA,NA,NA,NA
5358,ASV12359,FALSE,TRUE,TRUE,NA,NA,NA,NA,NA,NA,NA,NA,NA,NA,NA,NA,NA,NA,NA,NA,NA,NA,NA,NA,NA
5359,ASV12362,FALSE,TRUE,TRUE,NA,NA,NA,NA,NA,NA,NA,NA,NA,NA,NA,NA,NA,NA,NA,NA,NA,NA,NA,NA,NA
5360,ASV12365,FALSE,TRUE,TRUE,NA,NA,NA,NA,NA,NA,NA,NA,NA,NA,NA,NA,NA,NA,NA,NA,NA,NA,NA,NA,NA
5361,ASV12366,FALSE,TRUE,TRUE,NA,NA,NA,NA,NA,NA,NA,NA,NA,NA,NA,NA,NA,NA,NA,NA,NA,NA,NA,NA,NA
5362,ASV12367,FALSE,FALSE,FALSE,-0.862762086,112.150.309.387.235,NA,0.118339137,0.246636924,NA,-729.058.964.304.055,45.471.824.594.714,NA,1,1,1,1,1,1,FALSE,FALSE,FALSE,TRUE,TRUE,TRUE
5363,ASV12368,FALSE,TRUE,TRUE,NA,NA,NA,NA,NA,NA,NA,NA,NA,NA,NA,NA,NA,NA,NA,NA,NA,NA,NA,NA,NA
5364,ASV12371,FALSE,TRUE,TRUE,NA,NA,NA,NA,NA,NA,NA,NA,NA,NA,NA,NA,NA,NA,NA,NA,NA,NA,NA,NA,NA
5365,ASV12445,FALSE,TRUE,TRUE,NA,NA,NA,NA,NA,NA,NA,NA,NA,NA,NA,NA,NA,NA,NA,NA,NA,NA,NA,NA,NA
5366,ASV12447,TRUE,FALSE,TRUE,NA,NA,NA,NA,NA,NA,NA,NA,NA,NA,NA,NA,NA,NA,NA,NA,NA,NA,NA,NA,NA
5367,ASV12448,TRUE,FALSE,TRUE,NA,NA,NA,NA,NA,NA,NA,NA,NA,NA,NA,NA,NA,NA,NA,NA,NA,NA,NA,NA,NA
5368,ASV12449,TRUE,FALSE,TRUE,NA,NA,NA,NA,NA,NA,NA,NA,NA,NA,NA,NA,NA,NA,NA,NA,NA,NA,NA,NA,NA
5369,ASV12450,TRUE,FALSE,TRUE,NA,NA,NA,NA,NA,NA,NA,NA,NA,NA,NA,NA,NA,NA,NA,NA,NA,NA,NA,NA,NA
5370,ASV12452,TRUE,FALSE,TRUE,NA,NA,NA,NA,NA,NA,NA,NA,NA,NA,NA,NA,NA,NA,NA,NA,NA,NA,NA,NA,NA
5371,ASV12454,FALSE,FALSE,FALSE,NA,NA,NA,NA,NA,NA,NA,NA,NA,1,1,1,1,1,1,FALSE,FALSE,FALSE,TRUE,TRUE,TRUE
5372,ASV12455,TRUE,FALSE,TRUE,NA,NA,NA,NA,NA,NA,NA,NA,NA,NA,NA,NA,NA,NA,NA,NA,NA,NA,NA,NA,NA
5373,ASV12456,TRUE,FALSE,TRUE,NA,NA,NA,NA,NA,NA,NA,NA,NA,NA,NA,NA,NA,NA,NA,NA,NA,NA,NA,NA,NA
5374,ASV12458,TRUE,FALSE,TRUE,NA,NA,NA,NA,NA,NA,NA,NA,NA,NA,NA,NA,NA,NA,NA,NA,NA,NA,NA,NA,NA
5375,ASV12459,TRUE,FALSE,TRUE,NA,NA,NA,NA,NA,NA,NA,NA,NA,NA,NA,NA,NA,NA,NA,NA,NA,NA,NA,NA,NA
5376,ASV12460,TRUE,FALSE,TRUE,NA,NA,NA,NA,NA,NA,NA,NA,NA,NA,NA,NA,NA,NA,NA,NA,NA,NA,NA,NA,NA
5377,ASV12461,TRUE,FALSE,TRUE,NA,NA,NA,NA,NA,NA,NA,NA,NA,NA,NA,NA,NA,NA,NA,NA,NA,NA,NA,NA,NA
5378,ASV12467,FALSE,TRUE,TRUE,NA,NA,NA,NA,NA,NA,NA,NA,NA,NA,NA,NA,NA,NA,NA,NA,NA,NA,NA,NA,NA
5379,ASV12468,FALSE,TRUE,TRUE,NA,NA,NA,NA,NA,NA,NA,NA,NA,NA,NA,NA,NA,NA,NA,NA,NA,NA,NA,NA,NA
5380,ASV12469,FALSE,TRUE,TRUE,NA,NA,NA,NA,NA,NA,NA,NA,NA,NA,NA,NA,NA,NA,NA,NA,NA,NA,NA,NA,NA
5381,ASV12501,FALSE,FALSE,FALSE,NA,NA,NA,NA,NA,NA,NA,NA,NA,1,1,1,1,1,1,FALSE,FALSE,FALSE,TRUE,TRUE,TRUE
5382,ASV12502,TRUE,FALSE,TRUE,NA,NA,NA,NA,NA,NA,NA,NA,NA,NA,NA,NA,NA,NA,NA,NA,NA,NA,NA,NA,NA
5383,ASV12503,FALSE,FALSE,FALSE,NA,NA,NA,NA,NA,NA,NA,NA,NA,1,1,1,1,1,1,FALSE,FALSE,FALSE,TRUE,TRUE,TRUE
5384,ASV12504,TRUE,FALSE,TRUE,NA,NA,NA,NA,NA,NA,NA,NA,NA,NA,NA,NA,NA,NA,NA,NA,NA,NA,NA,NA,NA
5385,ASV12506,TRUE,FALSE,TRUE,NA,NA,NA,NA,NA,NA,NA,NA,NA,NA,NA,NA,NA,NA,NA,NA,NA,NA,NA,NA,NA
5386,ASV12507,TRUE,FALSE,TRUE,NA,NA,NA,NA,NA,NA,NA,NA,NA,NA,NA,NA,NA,NA,NA,NA,NA,NA,NA,NA,NA
5387,ASV12508,TRUE,FALSE,TRUE,NA,NA,NA,NA,NA,NA,NA,NA,NA,NA,NA,NA,NA,NA,NA,NA,NA,NA,NA,NA,NA
5388,ASV12511,TRUE,FALSE,TRUE,NA,NA,NA,NA,NA,NA,NA,NA,NA,NA,NA,NA,NA,NA,NA,NA,NA,NA,NA,NA,NA
5389,ASV12512,TRUE,FALSE,TRUE,NA,NA,NA,NA,NA,NA,NA,NA,NA,NA,NA,NA,NA,NA,NA,NA,NA,NA,NA,NA,NA
5390,ASV12513,TRUE,FALSE,TRUE,NA,NA,NA,NA,NA,NA,NA,NA,NA,NA,NA,NA,NA,NA,NA,NA,NA,NA,NA,NA,NA
5391,ASV12515,TRUE,FALSE,TRUE,NA,NA,NA,NA,NA,NA,NA,NA,NA,NA,NA,NA,NA,NA,NA,NA,NA,NA,NA,NA,NA
5392,ASV12516,TRUE,FALSE,TRUE,NA,NA,NA,NA,NA,NA,NA,NA,NA,NA,NA,NA,NA,NA,NA,NA,NA,NA,NA,NA,NA
5393,ASV12518,TRUE,FALSE,TRUE,NA,NA,NA,NA,NA,NA,NA,NA,NA,NA,NA,NA,NA,NA,NA,NA,NA,NA,NA,NA,NA
5394,ASV12519,TRUE,FALSE,TRUE,NA,NA,NA,NA,NA,NA,NA,NA,NA,NA,NA,NA,NA,NA,NA,NA,NA,NA,NA,NA,NA
5395,ASV12522,TRUE,FALSE,TRUE,NA,NA,NA,NA,NA,NA,NA,NA,NA,NA,NA,NA,NA,NA,NA,NA,NA,NA,NA,NA,NA
5396,ASV12523,TRUE,FALSE,TRUE,NA,NA,NA,NA,NA,NA,NA,NA,NA,NA,NA,NA,NA,NA,NA,NA,NA,NA,NA,NA,NA
5397,ASV12525,TRUE,FALSE,TRUE,NA,NA,NA,NA,NA,NA,NA,NA,NA,NA,NA,NA,NA,NA,NA,NA,NA,NA,NA,NA,NA
5398,ASV12527,TRUE,FALSE,TRUE,NA,NA,NA,NA,NA,NA,NA,NA,NA,NA,NA,NA,NA,NA,NA,NA,NA,NA,NA,NA,NA
5399,ASV12529,TRUE,FALSE,TRUE,NA,NA,NA,NA,NA,NA,NA,NA,NA,NA,NA,NA,NA,NA,NA,NA,NA,NA,NA,NA,NA
5400,ASV12530,TRUE,FALSE,TRUE,NA,NA,NA,NA,NA,NA,NA,NA,NA,NA,NA,NA,NA,NA,NA,NA,NA,NA,NA,NA,NA
5401,ASV12533,TRUE,FALSE,TRUE,NA,NA,NA,NA,NA,NA,NA,NA,NA,NA,NA,NA,NA,NA,NA,NA,NA,NA,NA,NA,NA
5402,ASV12534,TRUE,FALSE,TRUE,NA,NA,NA,NA,NA,NA,NA,NA,NA,NA,NA,NA,NA,NA,NA,NA,NA,NA,NA,NA,NA
5403,ASV12536,FALSE,FALSE,FALSE,NA,NA,NA,NA,NA,NA,NA,NA,NA,1,1,1,1,1,1,FALSE,FALSE,FALSE,TRUE,TRUE,TRUE
5404,ASV12590,FALSE,TRUE,TRUE,NA,NA,NA,NA,NA,NA,NA,NA,NA,NA,NA,NA,NA,NA,NA,NA,NA,NA,NA,NA,NA
5405,ASV12592,FALSE,TRUE,TRUE,NA,NA,NA,NA,NA,NA,NA,NA,NA,NA,NA,NA,NA,NA,NA,NA,NA,NA,NA,NA,NA
5406,ASV12593,FALSE,TRUE,TRUE,NA,NA,NA,NA,NA,NA,NA,NA,NA,NA,NA,NA,NA,NA,NA,NA,NA,NA,NA,NA,NA
5407,ASV12594,FALSE,TRUE,TRUE,NA,NA,NA,NA,NA,NA,NA,NA,NA,NA,NA,NA,NA,NA,NA,NA,NA,NA,NA,NA,NA
5408,ASV12597,FALSE,TRUE,TRUE,NA,NA,NA,NA,NA,NA,NA,NA,NA,NA,NA,NA,NA,NA,NA,NA,NA,NA,NA,NA,NA
5409,ASV12599,FALSE,TRUE,TRUE,NA,NA,NA,NA,NA,NA,NA,NA,NA,NA,NA,NA,NA,NA,NA,NA,NA,NA,NA,NA,NA
5410,ASV12601,FALSE,TRUE,TRUE,NA,NA,NA,NA,NA,NA,NA,NA,NA,NA,NA,NA,NA,NA,NA,NA,NA,NA,NA,NA,NA
5411,ASV12603,FALSE,TRUE,TRUE,NA,NA,NA,NA,NA,NA,NA,NA,NA,NA,NA,NA,NA,NA,NA,NA,NA,NA,NA,NA,NA
5412,ASV12604,FALSE,TRUE,TRUE,NA,NA,NA,NA,NA,NA,NA,NA,NA,NA,NA,NA,NA,NA,NA,NA,NA,NA,NA,NA,NA
5413,ASV12605,FALSE,TRUE,TRUE,NA,NA,NA,NA,NA,NA,NA,NA,NA,NA,NA,NA,NA,NA,NA,NA,NA,NA,NA,NA,NA
5414,ASV12606,FALSE,TRUE,TRUE,NA,NA,NA,NA,NA,NA,NA,NA,NA,NA,NA,NA,NA,NA,NA,NA,NA,NA,NA,NA,NA
5415,ASV12607,FALSE,TRUE,TRUE,NA,NA,NA,NA,NA,NA,NA,NA,NA,NA,NA,NA,NA,NA,NA,NA,NA,NA,NA,NA,NA
5416,ASV12609,FALSE,TRUE,TRUE,NA,NA,NA,NA,NA,NA,NA,NA,NA,NA,NA,NA,NA,NA,NA,NA,NA,NA,NA,NA,NA
5417,ASV12611,FALSE,TRUE,TRUE,NA,NA,NA,NA,NA,NA,NA,NA,NA,NA,NA,NA,NA,NA,NA,NA,NA,NA,NA,NA,NA
5418,ASV12612,FALSE,TRUE,TRUE,NA,NA,NA,NA,NA,NA,NA,NA,NA,NA,NA,NA,NA,NA,NA,NA,NA,NA,NA,NA,NA
5419,ASV12613,FALSE,TRUE,TRUE,NA,NA,NA,NA,NA,NA,NA,NA,NA,NA,NA,NA,NA,NA,NA,NA,NA,NA,NA,NA,NA
5420,ASV12614,FALSE,TRUE,TRUE,NA,NA,NA,NA,NA,NA,NA,NA,NA,NA,NA,NA,NA,NA,NA,NA,NA,NA,NA,NA,NA
5421,ASV12616,FALSE,TRUE,TRUE,NA,NA,NA,NA,NA,NA,NA,NA,NA,NA,NA,NA,NA,NA,NA,NA,NA,NA,NA,NA,NA
5422,ASV12617,FALSE,TRUE,TRUE,NA,NA,NA,NA,NA,NA,NA,NA,NA,NA,NA,NA,NA,NA,NA,NA,NA,NA,NA,NA,NA
5423,ASV12619,FALSE,TRUE,TRUE,NA,NA,NA,NA,NA,NA,NA,NA,NA,NA,NA,NA,NA,NA,NA,NA,NA,NA,NA,NA,NA
5424,ASV12620,FALSE,TRUE,TRUE,NA,NA,NA,NA,NA,NA,NA,NA,NA,NA,NA,NA,NA,NA,NA,NA,NA,NA,NA,NA,NA
5425,ASV12671,TRUE,FALSE,TRUE,NA,NA,NA,NA,NA,NA,NA,NA,NA,NA,NA,NA,NA,NA,NA,NA,NA,NA,NA,NA,NA
5426,ASV12672,TRUE,FALSE,TRUE,NA,NA,NA,NA,NA,NA,NA,NA,NA,NA,NA,NA,NA,NA,NA,NA,NA,NA,NA,NA,NA
5427,ASV12673,TRUE,FALSE,TRUE,NA,NA,NA,NA,NA,NA,NA,NA,NA,NA,NA,NA,NA,NA,NA,NA,NA,NA,NA,NA,NA
5428,ASV12674,TRUE,FALSE,TRUE,NA,NA,NA,NA,NA,NA,NA,NA,NA,NA,NA,NA,NA,NA,NA,NA,NA,NA,NA,NA,NA
5429,ASV12675,TRUE,FALSE,TRUE,NA,NA,NA,NA,NA,NA,NA,NA,NA,NA,NA,NA,NA,NA,NA,NA,NA,NA,NA,NA,NA
5430,ASV12677,TRUE,FALSE,TRUE,NA,NA,NA,NA,NA,NA,NA,NA,NA,NA,NA,NA,NA,NA,NA,NA,NA,NA,NA,NA,NA
5431,ASV12678,TRUE,FALSE,TRUE,NA,NA,NA,NA,NA,NA,NA,NA,NA,NA,NA,NA,NA,NA,NA,NA,NA,NA,NA,NA,NA
5432,ASV12679,TRUE,FALSE,TRUE,NA,NA,NA,NA,NA,NA,NA,NA,NA,NA,NA,NA,NA,NA,NA,NA,NA,NA,NA,NA,NA
5433,ASV12681,TRUE,FALSE,TRUE,NA,NA,NA,NA,NA,NA,NA,NA,NA,NA,NA,NA,NA,NA,NA,NA,NA,NA,NA,NA,NA
5434,ASV12682,TRUE,FALSE,TRUE,NA,NA,NA,NA,NA,NA,NA,NA,NA,NA,NA,NA,NA,NA,NA,NA,NA,NA,NA,NA,NA
5435,ASV12683,TRUE,FALSE,TRUE,NA,NA,NA,NA,NA,NA,NA,NA,NA,NA,NA,NA,NA,NA,NA,NA,NA,NA,NA,NA,NA
5436,ASV12684,TRUE,FALSE,TRUE,NA,NA,NA,NA,NA,NA,NA,NA,NA,NA,NA,NA,NA,NA,NA,NA,NA,NA,NA,NA,NA
5437,ASV12694,FALSE,TRUE,TRUE,NA,NA,NA,NA,NA,NA,NA,NA,NA,NA,NA,NA,NA,NA,NA,NA,NA,NA,NA,NA,NA
5438,ASV12696,FALSE,TRUE,TRUE,NA,NA,NA,NA,NA,NA,NA,NA,NA,NA,NA,NA,NA,NA,NA,NA,NA,NA,NA,NA,NA
5439,ASV12697,FALSE,TRUE,TRUE,NA,NA,NA,NA,NA,NA,NA,NA,NA,NA,NA,NA,NA,NA,NA,NA,NA,NA,NA,NA,NA
5440,ASV12727,TRUE,FALSE,TRUE,NA,NA,NA,NA,NA,NA,NA,NA,NA,NA,NA,NA,NA,NA,NA,NA,NA,NA,NA,NA,NA
5441,ASV12728,TRUE,FALSE,TRUE,NA,NA,NA,NA,NA,NA,NA,NA,NA,NA,NA,NA,NA,NA,NA,NA,NA,NA,NA,NA,NA
5442,ASV12729,TRUE,FALSE,TRUE,NA,NA,NA,NA,NA,NA,NA,NA,NA,NA,NA,NA,NA,NA,NA,NA,NA,NA,NA,NA,NA
5443,ASV12731,TRUE,FALSE,TRUE,NA,NA,NA,NA,NA,NA,NA,NA,NA,NA,NA,NA,NA,NA,NA,NA,NA,NA,NA,NA,NA
5444,ASV12732,TRUE,FALSE,TRUE,NA,NA,NA,NA,NA,NA,NA,NA,NA,NA,NA,NA,NA,NA,NA,NA,NA,NA,NA,NA,NA
5445,ASV12733,TRUE,FALSE,TRUE,NA,NA,NA,NA,NA,NA,NA,NA,NA,NA,NA,NA,NA,NA,NA,NA,NA,NA,NA,NA,NA
5446,ASV12735,TRUE,FALSE,TRUE,NA,NA,NA,NA,NA,NA,NA,NA,NA,NA,NA,NA,NA,NA,NA,NA,NA,NA,NA,NA,NA
5447,ASV12736,TRUE,FALSE,TRUE,NA,NA,NA,NA,NA,NA,NA,NA,NA,NA,NA,NA,NA,NA,NA,NA,NA,NA,NA,NA,NA
5448,ASV12737,TRUE,FALSE,TRUE,NA,NA,NA,NA,NA,NA,NA,NA,NA,NA,NA,NA,NA,NA,NA,NA,NA,NA,NA,NA,NA
5449,ASV12738,TRUE,FALSE,TRUE,NA,NA,NA,NA,NA,NA,NA,NA,NA,NA,NA,NA,NA,NA,NA,NA,NA,NA,NA,NA,NA
5450,ASV12740,TRUE,FALSE,TRUE,NA,NA,NA,NA,NA,NA,NA,NA,NA,NA,NA,NA,NA,NA,NA,NA,NA,NA,NA,NA,NA
5451,ASV12741,TRUE,FALSE,TRUE,NA,NA,NA,NA,NA,NA,NA,NA,NA,NA,NA,NA,NA,NA,NA,NA,NA,NA,NA,NA,NA
5452,ASV12742,TRUE,FALSE,TRUE,NA,NA,NA,NA,NA,NA,NA,NA,NA,NA,NA,NA,NA,NA,NA,NA,NA,NA,NA,NA,NA
5453,ASV12744,TRUE,FALSE,TRUE,NA,NA,NA,NA,NA,NA,NA,NA,NA,NA,NA,NA,NA,NA,NA,NA,NA,NA,NA,NA,NA
5454,ASV12746,TRUE,FALSE,TRUE,NA,NA,NA,NA,NA,NA,NA,NA,NA,NA,NA,NA,NA,NA,NA,NA,NA,NA,NA,NA,NA
5455,ASV12747,TRUE,FALSE,TRUE,NA,NA,NA,NA,NA,NA,NA,NA,NA,NA,NA,NA,NA,NA,NA,NA,NA,NA,NA,NA,NA
5456,ASV12748,TRUE,FALSE,TRUE,NA,NA,NA,NA,NA,NA,NA,NA,NA,NA,NA,NA,NA,NA,NA,NA,NA,NA,NA,NA,NA
5457,ASV12749,TRUE,FALSE,TRUE,NA,NA,NA,NA,NA,NA,NA,NA,NA,NA,NA,NA,NA,NA,NA,NA,NA,NA,NA,NA,NA
5458,ASV12752,TRUE,FALSE,TRUE,NA,NA,NA,NA,NA,NA,NA,NA,NA,NA,NA,NA,NA,NA,NA,NA,NA,NA,NA,NA,NA
5459,ASV12755,TRUE,FALSE,TRUE,NA,NA,NA,NA,NA,NA,NA,NA,NA,NA,NA,NA,NA,NA,NA,NA,NA,NA,NA,NA,NA
5460,ASV12756,TRUE,FALSE,TRUE,NA,NA,NA,NA,NA,NA,NA,NA,NA,NA,NA,NA,NA,NA,NA,NA,NA,NA,NA,NA,NA
5461,ASV12757,TRUE,FALSE,TRUE,NA,NA,NA,NA,NA,NA,NA,NA,NA,NA,NA,NA,NA,NA,NA,NA,NA,NA,NA,NA,NA
5462,ASV12758,TRUE,FALSE,TRUE,NA,NA,NA,NA,NA,NA,NA,NA,NA,NA,NA,NA,NA,NA,NA,NA,NA,NA,NA,NA,NA
5463,ASV12760,TRUE,FALSE,TRUE,NA,NA,NA,NA,NA,NA,NA,NA,NA,NA,NA,NA,NA,NA,NA,NA,NA,NA,NA,NA,NA
5464,ASV12761,TRUE,FALSE,TRUE,NA,NA,NA,NA,NA,NA,NA,NA,NA,NA,NA,NA,NA,NA,NA,NA,NA,NA,NA,NA,NA
5465,ASV12764,TRUE,FALSE,TRUE,NA,NA,NA,NA,NA,NA,NA,NA,NA,NA,NA,NA,NA,NA,NA,NA,NA,NA,NA,NA,NA
5466,ASV12765,TRUE,FALSE,TRUE,NA,NA,NA,NA,NA,NA,NA,NA,NA,NA,NA,NA,NA,NA,NA,NA,NA,NA,NA,NA,NA
5467,ASV12766,FALSE,FALSE,FALSE,NA,NA,NA,NA,NA,NA,NA,NA,NA,1,1,1,1,1,1,FALSE,FALSE,FALSE,TRUE,TRUE,TRUE
5468,ASV12767,FALSE,FALSE,FALSE,NA,NA,NA,NA,NA,NA,NA,NA,NA,1,1,1,1,1,1,FALSE,FALSE,FALSE,TRUE,TRUE,TRUE
5469,ASV12818,TRUE,FALSE,TRUE,NA,NA,NA,NA,NA,NA,NA,NA,NA,NA,NA,NA,NA,NA,NA,NA,NA,NA,NA,NA,NA
5470,ASV12820,TRUE,FALSE,TRUE,NA,NA,NA,NA,NA,NA,NA,NA,NA,NA,NA,NA,NA,NA,NA,NA,NA,NA,NA,NA,NA
5471,ASV12836,FALSE,TRUE,TRUE,NA,NA,NA,NA,NA,NA,NA,NA,NA,NA,NA,NA,NA,NA,NA,NA,NA,NA,NA,NA,NA
5472,ASV12837,FALSE,TRUE,TRUE,NA,NA,NA,NA,NA,NA,NA,NA,NA,NA,NA,NA,NA,NA,NA,NA,NA,NA,NA,NA,NA
5473,ASV12838,FALSE,TRUE,TRUE,NA,NA,NA,NA,NA,NA,NA,NA,NA,NA,NA,NA,NA,NA,NA,NA,NA,NA,NA,NA,NA
5474,ASV12840,FALSE,TRUE,TRUE,NA,NA,NA,NA,NA,NA,NA,NA,NA,NA,NA,NA,NA,NA,NA,NA,NA,NA,NA,NA,NA
5475,ASV12841,FALSE,TRUE,TRUE,NA,NA,NA,NA,NA,NA,NA,NA,NA,NA,NA,NA,NA,NA,NA,NA,NA,NA,NA,NA,NA
5476,ASV12842,FALSE,TRUE,TRUE,NA,NA,NA,NA,NA,NA,NA,NA,NA,NA,NA,NA,NA,NA,NA,NA,NA,NA,NA,NA,NA
5477,ASV12844,FALSE,TRUE,TRUE,NA,NA,NA,NA,NA,NA,NA,NA,NA,NA,NA,NA,NA,NA,NA,NA,NA,NA,NA,NA,NA
5478,ASV12845,FALSE,TRUE,TRUE,NA,NA,NA,NA,NA,NA,NA,NA,NA,NA,NA,NA,NA,NA,NA,NA,NA,NA,NA,NA,NA
5479,ASV12846,FALSE,TRUE,TRUE,NA,NA,NA,NA,NA,NA,NA,NA,NA,NA,NA,NA,NA,NA,NA,NA,NA,NA,NA,NA,NA
5480,ASV12847,FALSE,TRUE,TRUE,NA,NA,NA,NA,NA,NA,NA,NA,NA,NA,NA,NA,NA,NA,NA,NA,NA,NA,NA,NA,NA
5481,ASV12850,FALSE,TRUE,TRUE,NA,NA,NA,NA,NA,NA,NA,NA,NA,NA,NA,NA,NA,NA,NA,NA,NA,NA,NA,NA,NA
5482,ASV12851,FALSE,TRUE,TRUE,NA,NA,NA,NA,NA,NA,NA,NA,NA,NA,NA,NA,NA,NA,NA,NA,NA,NA,NA,NA,NA
5483,ASV12854,FALSE,TRUE,TRUE,NA,NA,NA,NA,NA,NA,NA,NA,NA,NA,NA,NA,NA,NA,NA,NA,NA,NA,NA,NA,NA
5484,ASV12855,FALSE,TRUE,TRUE,NA,NA,NA,NA,NA,NA,NA,NA,NA,NA,NA,NA,NA,NA,NA,NA,NA,NA,NA,NA,NA
5485,ASV12856,FALSE,TRUE,TRUE,NA,NA,NA,NA,NA,NA,NA,NA,NA,NA,NA,NA,NA,NA,NA,NA,NA,NA,NA,NA,NA
5486,ASV12859,FALSE,TRUE,TRUE,NA,NA,NA,NA,NA,NA,NA,NA,NA,NA,NA,NA,NA,NA,NA,NA,NA,NA,NA,NA,NA
5487,ASV12860,FALSE,TRUE,TRUE,NA,NA,NA,NA,NA,NA,NA,NA,NA,NA,NA,NA,NA,NA,NA,NA,NA,NA,NA,NA,NA
5488,ASV12861,FALSE,TRUE,TRUE,NA,NA,NA,NA,NA,NA,NA,NA,NA,NA,NA,NA,NA,NA,NA,NA,NA,NA,NA,NA,NA
5489,ASV12867,FALSE,TRUE,TRUE,NA,NA,NA,NA,NA,NA,NA,NA,NA,NA,NA,NA,NA,NA,NA,NA,NA,NA,NA,NA,NA
5490,ASV12868,FALSE,TRUE,TRUE,NA,NA,NA,NA,NA,NA,NA,NA,NA,NA,NA,NA,NA,NA,NA,NA,NA,NA,NA,NA,NA
5491,ASV12870,FALSE,TRUE,TRUE,NA,NA,NA,NA,NA,NA,NA,NA,NA,NA,NA,NA,NA,NA,NA,NA,NA,NA,NA,NA,NA
5492,ASV12871,FALSE,TRUE,TRUE,NA,NA,NA,NA,NA,NA,NA,NA,NA,NA,NA,NA,NA,NA,NA,NA,NA,NA,NA,NA,NA
5493,ASV12872,FALSE,TRUE,TRUE,NA,NA,NA,NA,NA,NA,NA,NA,NA,NA,NA,NA,NA,NA,NA,NA,NA,NA,NA,NA,NA
5494,ASV12874,FALSE,TRUE,TRUE,NA,NA,NA,NA,NA,NA,NA,NA,NA,NA,NA,NA,NA,NA,NA,NA,NA,NA,NA,NA,NA
5495,ASV12877,FALSE,TRUE,TRUE,NA,NA,NA,NA,NA,NA,NA,NA,NA,NA,NA,NA,NA,NA,NA,NA,NA,NA,NA,NA,NA
5496,ASV12878,FALSE,TRUE,TRUE,NA,NA,NA,NA,NA,NA,NA,NA,NA,NA,NA,NA,NA,NA,NA,NA,NA,NA,NA,NA,NA
5497,ASV12879,FALSE,TRUE,TRUE,NA,NA,NA,NA,NA,NA,NA,NA,NA,NA,NA,NA,NA,NA,NA,NA,NA,NA,NA,NA,NA
5498,ASV12880,FALSE,TRUE,TRUE,NA,NA,NA,NA,NA,NA,NA,NA,NA,NA,NA,NA,NA,NA,NA,NA,NA,NA,NA,NA,NA
5499,ASV12881,FALSE,TRUE,TRUE,NA,NA,NA,NA,NA,NA,NA,NA,NA,NA,NA,NA,NA,NA,NA,NA,NA,NA,NA,NA,NA
5500,ASV12892,TRUE,FALSE,TRUE,NA,NA,NA,NA,NA,NA,NA,NA,NA,NA,NA,NA,NA,NA,NA,NA,NA,NA,NA,NA,NA
5501,ASV12958,TRUE,FALSE,TRUE,NA,NA,NA,NA,NA,NA,NA,NA,NA,NA,NA,NA,NA,NA,NA,NA,NA,NA,NA,NA,NA
5502,ASV12960,TRUE,FALSE,TRUE,NA,NA,NA,NA,NA,NA,NA,NA,NA,NA,NA,NA,NA,NA,NA,NA,NA,NA,NA,NA,NA
5503,ASV12962,TRUE,FALSE,TRUE,NA,NA,NA,NA,NA,NA,NA,NA,NA,NA,NA,NA,NA,NA,NA,NA,NA,NA,NA,NA,NA
5504,ASV12963,TRUE,FALSE,TRUE,NA,NA,NA,NA,NA,NA,NA,NA,NA,NA,NA,NA,NA,NA,NA,NA,NA,NA,NA,NA,NA
5505,ASV12976,FALSE,TRUE,TRUE,NA,NA,NA,NA,NA,NA,NA,NA,NA,NA,NA,NA,NA,NA,NA,NA,NA,NA,NA,NA,NA
5506,ASV13009,TRUE,FALSE,TRUE,NA,NA,NA,NA,NA,NA,NA,NA,NA,NA,NA,NA,NA,NA,NA,NA,NA,NA,NA,NA,NA
5507,ASV13010,TRUE,FALSE,TRUE,NA,NA,NA,NA,NA,NA,NA,NA,NA,NA,NA,NA,NA,NA,NA,NA,NA,NA,NA,NA,NA
5508,ASV13012,TRUE,FALSE,TRUE,NA,NA,NA,NA,NA,NA,NA,NA,NA,NA,NA,NA,NA,NA,NA,NA,NA,NA,NA,NA,NA
5509,ASV13013,TRUE,FALSE,TRUE,NA,NA,NA,NA,NA,NA,NA,NA,NA,NA,NA,NA,NA,NA,NA,NA,NA,NA,NA,NA,NA
5510,ASV13015,TRUE,FALSE,TRUE,NA,NA,NA,NA,NA,NA,NA,NA,NA,NA,NA,NA,NA,NA,NA,NA,NA,NA,NA,NA,NA
5511,ASV13016,FALSE,FALSE,FALSE,NA,NA,NA,NA,NA,NA,NA,NA,NA,1,1,1,1,1,1,FALSE,FALSE,FALSE,TRUE,TRUE,TRUE
5512,ASV13018,TRUE,FALSE,TRUE,NA,NA,NA,NA,NA,NA,NA,NA,NA,NA,NA,NA,NA,NA,NA,NA,NA,NA,NA,NA,NA
5513,ASV13019,TRUE,FALSE,TRUE,NA,NA,NA,NA,NA,NA,NA,NA,NA,NA,NA,NA,NA,NA,NA,NA,NA,NA,NA,NA,NA
5514,ASV13020,TRUE,FALSE,TRUE,NA,NA,NA,NA,NA,NA,NA,NA,NA,NA,NA,NA,NA,NA,NA,NA,NA,NA,NA,NA,NA
5515,ASV13021,TRUE,FALSE,TRUE,NA,NA,NA,NA,NA,NA,NA,NA,NA,NA,NA,NA,NA,NA,NA,NA,NA,NA,NA,NA,NA
5516,ASV13022,TRUE,FALSE,TRUE,NA,NA,NA,NA,NA,NA,NA,NA,NA,NA,NA,NA,NA,NA,NA,NA,NA,NA,NA,NA,NA
5517,ASV13024,TRUE,FALSE,TRUE,NA,NA,NA,NA,NA,NA,NA,NA,NA,NA,NA,NA,NA,NA,NA,NA,NA,NA,NA,NA,NA
5518,ASV13025,TRUE,FALSE,TRUE,NA,NA,NA,NA,NA,NA,NA,NA,NA,NA,NA,NA,NA,NA,NA,NA,NA,NA,NA,NA,NA
5519,ASV13026,TRUE,FALSE,TRUE,NA,NA,NA,NA,NA,NA,NA,NA,NA,NA,NA,NA,NA,NA,NA,NA,NA,NA,NA,NA,NA
5520,ASV13027,FALSE,FALSE,FALSE,NA,NA,NA,NA,NA,NA,NA,NA,NA,1,1,1,1,1,1,FALSE,FALSE,FALSE,TRUE,TRUE,TRUE
5521,ASV13028,TRUE,FALSE,TRUE,NA,NA,NA,NA,NA,NA,NA,NA,NA,NA,NA,NA,NA,NA,NA,NA,NA,NA,NA,NA,NA
5522,ASV13029,TRUE,FALSE,TRUE,NA,NA,NA,NA,NA,NA,NA,NA,NA,NA,NA,NA,NA,NA,NA,NA,NA,NA,NA,NA,NA
5523,ASV13030,TRUE,FALSE,TRUE,NA,NA,NA,NA,NA,NA,NA,NA,NA,NA,NA,NA,NA,NA,NA,NA,NA,NA,NA,NA,NA
5524,ASV13031,TRUE,FALSE,TRUE,NA,NA,NA,NA,NA,NA,NA,NA,NA,NA,NA,NA,NA,NA,NA,NA,NA,NA,NA,NA,NA
5525,ASV13032,TRUE,FALSE,TRUE,NA,NA,NA,NA,NA,NA,NA,NA,NA,NA,NA,NA,NA,NA,NA,NA,NA,NA,NA,NA,NA
5526,ASV13035,TRUE,FALSE,TRUE,NA,NA,NA,NA,NA,NA,NA,NA,NA,NA,NA,NA,NA,NA,NA,NA,NA,NA,NA,NA,NA
5527,ASV13036,TRUE,FALSE,TRUE,NA,NA,NA,NA,NA,NA,NA,NA,NA,NA,NA,NA,NA,NA,NA,NA,NA,NA,NA,NA,NA
5528,ASV13039,TRUE,FALSE,TRUE,NA,NA,NA,NA,NA,NA,NA,NA,NA,NA,NA,NA,NA,NA,NA,NA,NA,NA,NA,NA,NA
5529,ASV13040,FALSE,FALSE,FALSE,NA,NA,NA,NA,NA,NA,NA,NA,NA,1,1,1,1,1,1,FALSE,FALSE,FALSE,TRUE,TRUE,TRUE
5530,ASV13041,TRUE,FALSE,TRUE,NA,NA,NA,NA,NA,NA,NA,NA,NA,NA,NA,NA,NA,NA,NA,NA,NA,NA,NA,NA,NA
5531,ASV13069,TRUE,FALSE,TRUE,NA,NA,NA,NA,NA,NA,NA,NA,NA,NA,NA,NA,NA,NA,NA,NA,NA,NA,NA,NA,NA
5532,ASV13075,FALSE,TRUE,TRUE,NA,NA,NA,NA,NA,NA,NA,NA,NA,NA,NA,NA,NA,NA,NA,NA,NA,NA,NA,NA,NA
5533,ASV13100,FALSE,TRUE,TRUE,NA,NA,NA,NA,NA,NA,NA,NA,NA,NA,NA,NA,NA,NA,NA,NA,NA,NA,NA,NA,NA
5534,ASV13102,FALSE,TRUE,TRUE,NA,NA,NA,NA,NA,NA,NA,NA,NA,NA,NA,NA,NA,NA,NA,NA,NA,NA,NA,NA,NA
5535,ASV13103,FALSE,TRUE,TRUE,NA,NA,NA,NA,NA,NA,NA,NA,NA,NA,NA,NA,NA,NA,NA,NA,NA,NA,NA,NA,NA
5536,ASV13104,FALSE,TRUE,TRUE,NA,NA,NA,NA,NA,NA,NA,NA,NA,NA,NA,NA,NA,NA,NA,NA,NA,NA,NA,NA,NA
5537,ASV13105,FALSE,TRUE,TRUE,NA,NA,NA,NA,NA,NA,NA,NA,NA,NA,NA,NA,NA,NA,NA,NA,NA,NA,NA,NA,NA
5538,ASV13106,FALSE,TRUE,TRUE,NA,NA,NA,NA,NA,NA,NA,NA,NA,NA,NA,NA,NA,NA,NA,NA,NA,NA,NA,NA,NA
5539,ASV13107,FALSE,TRUE,TRUE,NA,NA,NA,NA,NA,NA,NA,NA,NA,NA,NA,NA,NA,NA,NA,NA,NA,NA,NA,NA,NA
5540,ASV13108,FALSE,TRUE,TRUE,NA,NA,NA,NA,NA,NA,NA,NA,NA,NA,NA,NA,NA,NA,NA,NA,NA,NA,NA,NA,NA
5541,ASV13109,FALSE,TRUE,TRUE,NA,NA,NA,NA,NA,NA,NA,NA,NA,NA,NA,NA,NA,NA,NA,NA,NA,NA,NA,NA,NA
5542,ASV13110,FALSE,TRUE,TRUE,NA,NA,NA,NA,NA,NA,NA,NA,NA,NA,NA,NA,NA,NA,NA,NA,NA,NA,NA,NA,NA
5543,ASV13111,FALSE,TRUE,TRUE,NA,NA,NA,NA,NA,NA,NA,NA,NA,NA,NA,NA,NA,NA,NA,NA,NA,NA,NA,NA,NA
5544,ASV13113,FALSE,TRUE,TRUE,NA,NA,NA,NA,NA,NA,NA,NA,NA,NA,NA,NA,NA,NA,NA,NA,NA,NA,NA,NA,NA
5545,ASV13115,FALSE,TRUE,TRUE,NA,NA,NA,NA,NA,NA,NA,NA,NA,NA,NA,NA,NA,NA,NA,NA,NA,NA,NA,NA,NA
5546,ASV13116,FALSE,TRUE,TRUE,NA,NA,NA,NA,NA,NA,NA,NA,NA,NA,NA,NA,NA,NA,NA,NA,NA,NA,NA,NA,NA
5547,ASV13119,FALSE,TRUE,TRUE,NA,NA,NA,NA,NA,NA,NA,NA,NA,NA,NA,NA,NA,NA,NA,NA,NA,NA,NA,NA,NA
5548,ASV13120,FALSE,TRUE,TRUE,NA,NA,NA,NA,NA,NA,NA,NA,NA,NA,NA,NA,NA,NA,NA,NA,NA,NA,NA,NA,NA
5549,ASV13121,FALSE,TRUE,TRUE,NA,NA,NA,NA,NA,NA,NA,NA,NA,NA,NA,NA,NA,NA,NA,NA,NA,NA,NA,NA,NA
5550,ASV13122,FALSE,TRUE,TRUE,NA,NA,NA,NA,NA,NA,NA,NA,NA,NA,NA,NA,NA,NA,NA,NA,NA,NA,NA,NA,NA
5551,ASV13125,FALSE,TRUE,TRUE,NA,NA,NA,NA,NA,NA,NA,NA,NA,NA,NA,NA,NA,NA,NA,NA,NA,NA,NA,NA,NA
5552,ASV13126,FALSE,TRUE,TRUE,NA,NA,NA,NA,NA,NA,NA,NA,NA,NA,NA,NA,NA,NA,NA,NA,NA,NA,NA,NA,NA
5553,ASV13128,FALSE,TRUE,TRUE,NA,NA,NA,NA,NA,NA,NA,NA,NA,NA,NA,NA,NA,NA,NA,NA,NA,NA,NA,NA,NA
5554,ASV13129,FALSE,TRUE,TRUE,NA,NA,NA,NA,NA,NA,NA,NA,NA,NA,NA,NA,NA,NA,NA,NA,NA,NA,NA,NA,NA
5555,ASV13132,FALSE,TRUE,TRUE,NA,NA,NA,NA,NA,NA,NA,NA,NA,NA,NA,NA,NA,NA,NA,NA,NA,NA,NA,NA,NA
5556,ASV13133,FALSE,TRUE,TRUE,NA,NA,NA,NA,NA,NA,NA,NA,NA,NA,NA,NA,NA,NA,NA,NA,NA,NA,NA,NA,NA
5557,ASV13198,FALSE,TRUE,TRUE,NA,NA,NA,NA,NA,NA,NA,NA,NA,NA,NA,NA,NA,NA,NA,NA,NA,NA,NA,NA,NA
5558,ASV13199,TRUE,FALSE,TRUE,NA,NA,NA,NA,NA,NA,NA,NA,NA,NA,NA,NA,NA,NA,NA,NA,NA,NA,NA,NA,NA
5559,ASV13200,TRUE,FALSE,TRUE,NA,NA,NA,NA,NA,NA,NA,NA,NA,NA,NA,NA,NA,NA,NA,NA,NA,NA,NA,NA,NA
5560,ASV13201,TRUE,FALSE,TRUE,NA,NA,NA,NA,NA,NA,NA,NA,NA,NA,NA,NA,NA,NA,NA,NA,NA,NA,NA,NA,NA
5561,ASV13202,TRUE,FALSE,TRUE,NA,NA,NA,NA,NA,NA,NA,NA,NA,NA,NA,NA,NA,NA,NA,NA,NA,NA,NA,NA,NA
5562,ASV13203,TRUE,FALSE,TRUE,NA,NA,NA,NA,NA,NA,NA,NA,NA,NA,NA,NA,NA,NA,NA,NA,NA,NA,NA,NA,NA
5563,ASV13204,TRUE,FALSE,TRUE,NA,NA,NA,NA,NA,NA,NA,NA,NA,NA,NA,NA,NA,NA,NA,NA,NA,NA,NA,NA,NA
5564,ASV13206,TRUE,FALSE,TRUE,NA,NA,NA,NA,NA,NA,NA,NA,NA,NA,NA,NA,NA,NA,NA,NA,NA,NA,NA,NA,NA
5565,ASV13208,TRUE,FALSE,TRUE,NA,NA,NA,NA,NA,NA,NA,NA,NA,NA,NA,NA,NA,NA,NA,NA,NA,NA,NA,NA,NA
5566,ASV13216,FALSE,TRUE,TRUE,NA,NA,NA,NA,NA,NA,NA,NA,NA,NA,NA,NA,NA,NA,NA,NA,NA,NA,NA,NA,NA
5567,ASV13217,FALSE,TRUE,TRUE,NA,NA,NA,NA,NA,NA,NA,NA,NA,NA,NA,NA,NA,NA,NA,NA,NA,NA,NA,NA,NA
5568,ASV13219,FALSE,TRUE,TRUE,NA,NA,NA,NA,NA,NA,NA,NA,NA,NA,NA,NA,NA,NA,NA,NA,NA,NA,NA,NA,NA
5569,ASV13220,FALSE,TRUE,TRUE,NA,NA,NA,NA,NA,NA,NA,NA,NA,NA,NA,NA,NA,NA,NA,NA,NA,NA,NA,NA,NA
5570,ASV13254,TRUE,FALSE,TRUE,NA,NA,NA,NA,NA,NA,NA,NA,NA,NA,NA,NA,NA,NA,NA,NA,NA,NA,NA,NA,NA
5571,ASV13257,TRUE,FALSE,TRUE,NA,NA,NA,NA,NA,NA,NA,NA,NA,NA,NA,NA,NA,NA,NA,NA,NA,NA,NA,NA,NA
5572,ASV13258,TRUE,FALSE,TRUE,NA,NA,NA,NA,NA,NA,NA,NA,NA,NA,NA,NA,NA,NA,NA,NA,NA,NA,NA,NA,NA
5573,ASV13259,TRUE,FALSE,TRUE,NA,NA,NA,NA,NA,NA,NA,NA,NA,NA,NA,NA,NA,NA,NA,NA,NA,NA,NA,NA,NA
5574,ASV13260,TRUE,FALSE,TRUE,NA,NA,NA,NA,NA,NA,NA,NA,NA,NA,NA,NA,NA,NA,NA,NA,NA,NA,NA,NA,NA
5575,ASV13262,TRUE,FALSE,TRUE,NA,NA,NA,NA,NA,NA,NA,NA,NA,NA,NA,NA,NA,NA,NA,NA,NA,NA,NA,NA,NA
5576,ASV13263,TRUE,FALSE,TRUE,NA,NA,NA,NA,NA,NA,NA,NA,NA,NA,NA,NA,NA,NA,NA,NA,NA,NA,NA,NA,NA
5577,ASV13264,TRUE,FALSE,TRUE,NA,NA,NA,NA,NA,NA,NA,NA,NA,NA,NA,NA,NA,NA,NA,NA,NA,NA,NA,NA,NA
5578,ASV13265,TRUE,FALSE,TRUE,NA,NA,NA,NA,NA,NA,NA,NA,NA,NA,NA,NA,NA,NA,NA,NA,NA,NA,NA,NA,NA
5579,ASV13268,TRUE,FALSE,TRUE,NA,NA,NA,NA,NA,NA,NA,NA,NA,NA,NA,NA,NA,NA,NA,NA,NA,NA,NA,NA,NA
5580,ASV13270,TRUE,FALSE,TRUE,NA,NA,NA,NA,NA,NA,NA,NA,NA,NA,NA,NA,NA,NA,NA,NA,NA,NA,NA,NA,NA
5581,ASV13271,TRUE,FALSE,TRUE,NA,NA,NA,NA,NA,NA,NA,NA,NA,NA,NA,NA,NA,NA,NA,NA,NA,NA,NA,NA,NA
5582,ASV13274,TRUE,FALSE,TRUE,NA,NA,NA,NA,NA,NA,NA,NA,NA,NA,NA,NA,NA,NA,NA,NA,NA,NA,NA,NA,NA
5583,ASV13276,TRUE,FALSE,TRUE,NA,NA,NA,NA,NA,NA,NA,NA,NA,NA,NA,NA,NA,NA,NA,NA,NA,NA,NA,NA,NA
5584,ASV13277,TRUE,FALSE,TRUE,NA,NA,NA,NA,NA,NA,NA,NA,NA,NA,NA,NA,NA,NA,NA,NA,NA,NA,NA,NA,NA
5585,ASV13278,TRUE,FALSE,TRUE,NA,NA,NA,NA,NA,NA,NA,NA,NA,NA,NA,NA,NA,NA,NA,NA,NA,NA,NA,NA,NA
5586,ASV13279,TRUE,FALSE,TRUE,NA,NA,NA,NA,NA,NA,NA,NA,NA,NA,NA,NA,NA,NA,NA,NA,NA,NA,NA,NA,NA
5587,ASV13280,TRUE,FALSE,TRUE,NA,NA,NA,NA,NA,NA,NA,NA,NA,NA,NA,NA,NA,NA,NA,NA,NA,NA,NA,NA,NA
5588,ASV13281,TRUE,FALSE,TRUE,NA,NA,NA,NA,NA,NA,NA,NA,NA,NA,NA,NA,NA,NA,NA,NA,NA,NA,NA,NA,NA
5589,ASV13282,TRUE,FALSE,TRUE,NA,NA,NA,NA,NA,NA,NA,NA,NA,NA,NA,NA,NA,NA,NA,NA,NA,NA,NA,NA,NA
5590,ASV13283,TRUE,FALSE,TRUE,NA,NA,NA,NA,NA,NA,NA,NA,NA,NA,NA,NA,NA,NA,NA,NA,NA,NA,NA,NA,NA
5591,ASV13284,TRUE,FALSE,TRUE,NA,NA,NA,NA,NA,NA,NA,NA,NA,NA,NA,NA,NA,NA,NA,NA,NA,NA,NA,NA,NA
5592,ASV13286,TRUE,FALSE,TRUE,NA,NA,NA,NA,NA,NA,NA,NA,NA,NA,NA,NA,NA,NA,NA,NA,NA,NA,NA,NA,NA
5593,ASV13287,TRUE,FALSE,TRUE,NA,NA,NA,NA,NA,NA,NA,NA,NA,NA,NA,NA,NA,NA,NA,NA,NA,NA,NA,NA,NA
5594,ASV13290,TRUE,FALSE,TRUE,NA,NA,NA,NA,NA,NA,NA,NA,NA,NA,NA,NA,NA,NA,NA,NA,NA,NA,NA,NA,NA
5595,ASV13354,TRUE,FALSE,TRUE,NA,NA,NA,NA,NA,NA,NA,NA,NA,NA,NA,NA,NA,NA,NA,NA,NA,NA,NA,NA,NA
5596,ASV13357,FALSE,TRUE,TRUE,NA,NA,NA,NA,NA,NA,NA,NA,NA,NA,NA,NA,NA,NA,NA,NA,NA,NA,NA,NA,NA
5597,ASV13358,FALSE,TRUE,TRUE,NA,NA,NA,NA,NA,NA,NA,NA,NA,NA,NA,NA,NA,NA,NA,NA,NA,NA,NA,NA,NA
5598,ASV13359,FALSE,TRUE,TRUE,NA,NA,NA,NA,NA,NA,NA,NA,NA,NA,NA,NA,NA,NA,NA,NA,NA,NA,NA,NA,NA
5599,ASV13363,FALSE,TRUE,TRUE,NA,NA,NA,NA,NA,NA,NA,NA,NA,NA,NA,NA,NA,NA,NA,NA,NA,NA,NA,NA,NA
5600,ASV13364,FALSE,TRUE,TRUE,NA,NA,NA,NA,NA,NA,NA,NA,NA,NA,NA,NA,NA,NA,NA,NA,NA,NA,NA,NA,NA
5601,ASV13365,FALSE,TRUE,TRUE,NA,NA,NA,NA,NA,NA,NA,NA,NA,NA,NA,NA,NA,NA,NA,NA,NA,NA,NA,NA,NA
5602,ASV13367,FALSE,TRUE,TRUE,NA,NA,NA,NA,NA,NA,NA,NA,NA,NA,NA,NA,NA,NA,NA,NA,NA,NA,NA,NA,NA
5603,ASV13372,FALSE,TRUE,TRUE,NA,NA,NA,NA,NA,NA,NA,NA,NA,NA,NA,NA,NA,NA,NA,NA,NA,NA,NA,NA,NA
5604,ASV13377,FALSE,TRUE,TRUE,NA,NA,NA,NA,NA,NA,NA,NA,NA,NA,NA,NA,NA,NA,NA,NA,NA,NA,NA,NA,NA
5605,ASV13379,FALSE,TRUE,TRUE,NA,NA,NA,NA,NA,NA,NA,NA,NA,NA,NA,NA,NA,NA,NA,NA,NA,NA,NA,NA,NA
5606,ASV13380,FALSE,TRUE,TRUE,NA,NA,NA,NA,NA,NA,NA,NA,NA,NA,NA,NA,NA,NA,NA,NA,NA,NA,NA,NA,NA
5607,ASV13381,FALSE,TRUE,TRUE,NA,NA,NA,NA,NA,NA,NA,NA,NA,NA,NA,NA,NA,NA,NA,NA,NA,NA,NA,NA,NA
5608,ASV13384,FALSE,TRUE,TRUE,NA,NA,NA,NA,NA,NA,NA,NA,NA,NA,NA,NA,NA,NA,NA,NA,NA,NA,NA,NA,NA
5609,ASV13387,FALSE,TRUE,TRUE,NA,NA,NA,NA,NA,NA,NA,NA,NA,NA,NA,NA,NA,NA,NA,NA,NA,NA,NA,NA,NA
5610,ASV13390,FALSE,TRUE,TRUE,NA,NA,NA,NA,NA,NA,NA,NA,NA,NA,NA,NA,NA,NA,NA,NA,NA,NA,NA,NA,NA
5611,ASV13391,FALSE,TRUE,TRUE,NA,NA,NA,NA,NA,NA,NA,NA,NA,NA,NA,NA,NA,NA,NA,NA,NA,NA,NA,NA,NA
5612,ASV13429,TRUE,FALSE,TRUE,NA,NA,NA,NA,NA,NA,NA,NA,NA,NA,NA,NA,NA,NA,NA,NA,NA,NA,NA,NA,NA
5613,ASV13458,TRUE,FALSE,TRUE,NA,NA,NA,NA,NA,NA,NA,NA,NA,NA,NA,NA,NA,NA,NA,NA,NA,NA,NA,NA,NA
5614,ASV13460,TRUE,FALSE,TRUE,NA,NA,NA,NA,NA,NA,NA,NA,NA,NA,NA,NA,NA,NA,NA,NA,NA,NA,NA,NA,NA
5615,ASV13462,TRUE,FALSE,TRUE,NA,NA,NA,NA,NA,NA,NA,NA,NA,NA,NA,NA,NA,NA,NA,NA,NA,NA,NA,NA,NA
5616,ASV13463,TRUE,FALSE,TRUE,NA,NA,NA,NA,NA,NA,NA,NA,NA,NA,NA,NA,NA,NA,NA,NA,NA,NA,NA,NA,NA
5617,ASV13464,TRUE,FALSE,TRUE,NA,NA,NA,NA,NA,NA,NA,NA,NA,NA,NA,NA,NA,NA,NA,NA,NA,NA,NA,NA,NA
5618,ASV13465,TRUE,FALSE,TRUE,NA,NA,NA,NA,NA,NA,NA,NA,NA,NA,NA,NA,NA,NA,NA,NA,NA,NA,NA,NA,NA
5619,ASV13466,TRUE,FALSE,TRUE,NA,NA,NA,NA,NA,NA,NA,NA,NA,NA,NA,NA,NA,NA,NA,NA,NA,NA,NA,NA,NA
5620,ASV13467,TRUE,FALSE,TRUE,NA,NA,NA,NA,NA,NA,NA,NA,NA,NA,NA,NA,NA,NA,NA,NA,NA,NA,NA,NA,NA
5621,ASV13468,TRUE,FALSE,TRUE,NA,NA,NA,NA,NA,NA,NA,NA,NA,NA,NA,NA,NA,NA,NA,NA,NA,NA,NA,NA,NA
5622,ASV13470,TRUE,FALSE,TRUE,NA,NA,NA,NA,NA,NA,NA,NA,NA,NA,NA,NA,NA,NA,NA,NA,NA,NA,NA,NA,NA
5623,ASV13471,TRUE,FALSE,TRUE,NA,NA,NA,NA,NA,NA,NA,NA,NA,NA,NA,NA,NA,NA,NA,NA,NA,NA,NA,NA,NA
5624,ASV13478,FALSE,TRUE,TRUE,NA,NA,NA,NA,NA,NA,NA,NA,NA,NA,NA,NA,NA,NA,NA,NA,NA,NA,NA,NA,NA
5625,ASV13479,FALSE,TRUE,TRUE,NA,NA,NA,NA,NA,NA,NA,NA,NA,NA,NA,NA,NA,NA,NA,NA,NA,NA,NA,NA,NA
5626,ASV13524,TRUE,FALSE,TRUE,NA,NA,NA,NA,NA,NA,NA,NA,NA,NA,NA,NA,NA,NA,NA,NA,NA,NA,NA,NA,NA
5627,ASV13527,TRUE,FALSE,TRUE,NA,NA,NA,NA,NA,NA,NA,NA,NA,NA,NA,NA,NA,NA,NA,NA,NA,NA,NA,NA,NA
5628,ASV13530,TRUE,FALSE,TRUE,NA,NA,NA,NA,NA,NA,NA,NA,NA,NA,NA,NA,NA,NA,NA,NA,NA,NA,NA,NA,NA
5629,ASV13531,TRUE,FALSE,TRUE,NA,NA,NA,NA,NA,NA,NA,NA,NA,NA,NA,NA,NA,NA,NA,NA,NA,NA,NA,NA,NA
5630,ASV13533,TRUE,FALSE,TRUE,NA,NA,NA,NA,NA,NA,NA,NA,NA,NA,NA,NA,NA,NA,NA,NA,NA,NA,NA,NA,NA
5631,ASV13535,TRUE,FALSE,TRUE,NA,NA,NA,NA,NA,NA,NA,NA,NA,NA,NA,NA,NA,NA,NA,NA,NA,NA,NA,NA,NA
5632,ASV13536,TRUE,FALSE,TRUE,NA,NA,NA,NA,NA,NA,NA,NA,NA,NA,NA,NA,NA,NA,NA,NA,NA,NA,NA,NA,NA
5633,ASV13537,TRUE,FALSE,TRUE,NA,NA,NA,NA,NA,NA,NA,NA,NA,NA,NA,NA,NA,NA,NA,NA,NA,NA,NA,NA,NA
5634,ASV13538,TRUE,FALSE,TRUE,NA,NA,NA,NA,NA,NA,NA,NA,NA,NA,NA,NA,NA,NA,NA,NA,NA,NA,NA,NA,NA
5635,ASV13541,FALSE,FALSE,FALSE,NA,NA,NA,NA,NA,NA,NA,NA,NA,1,1,1,1,1,1,FALSE,FALSE,FALSE,TRUE,TRUE,TRUE
5636,ASV13542,TRUE,FALSE,TRUE,NA,NA,NA,NA,NA,NA,NA,NA,NA,NA,NA,NA,NA,NA,NA,NA,NA,NA,NA,NA,NA
5637,ASV13543,TRUE,FALSE,TRUE,NA,NA,NA,NA,NA,NA,NA,NA,NA,NA,NA,NA,NA,NA,NA,NA,NA,NA,NA,NA,NA
5638,ASV13544,TRUE,FALSE,TRUE,NA,NA,NA,NA,NA,NA,NA,NA,NA,NA,NA,NA,NA,NA,NA,NA,NA,NA,NA,NA,NA
5639,ASV13546,TRUE,FALSE,TRUE,NA,NA,NA,NA,NA,NA,NA,NA,NA,NA,NA,NA,NA,NA,NA,NA,NA,NA,NA,NA,NA
5640,ASV13547,TRUE,FALSE,TRUE,NA,NA,NA,NA,NA,NA,NA,NA,NA,NA,NA,NA,NA,NA,NA,NA,NA,NA,NA,NA,NA
5641,ASV13548,TRUE,FALSE,TRUE,NA,NA,NA,NA,NA,NA,NA,NA,NA,NA,NA,NA,NA,NA,NA,NA,NA,NA,NA,NA,NA
5642,ASV13549,TRUE,FALSE,TRUE,NA,NA,NA,NA,NA,NA,NA,NA,NA,NA,NA,NA,NA,NA,NA,NA,NA,NA,NA,NA,NA
5643,ASV13550,TRUE,FALSE,TRUE,NA,NA,NA,NA,NA,NA,NA,NA,NA,NA,NA,NA,NA,NA,NA,NA,NA,NA,NA,NA,NA
5644,ASV13551,TRUE,FALSE,TRUE,NA,NA,NA,NA,NA,NA,NA,NA,NA,NA,NA,NA,NA,NA,NA,NA,NA,NA,NA,NA,NA
5645,ASV13553,TRUE,FALSE,TRUE,NA,NA,NA,NA,NA,NA,NA,NA,NA,NA,NA,NA,NA,NA,NA,NA,NA,NA,NA,NA,NA
5646,ASV13554,TRUE,FALSE,TRUE,NA,NA,NA,NA,NA,NA,NA,NA,NA,NA,NA,NA,NA,NA,NA,NA,NA,NA,NA,NA,NA
5647,ASV13556,TRUE,FALSE,TRUE,NA,NA,NA,NA,NA,NA,NA,NA,NA,NA,NA,NA,NA,NA,NA,NA,NA,NA,NA,NA,NA
5648,ASV13558,TRUE,FALSE,TRUE,NA,NA,NA,NA,NA,NA,NA,NA,NA,NA,NA,NA,NA,NA,NA,NA,NA,NA,NA,NA,NA
5649,ASV13621,FALSE,TRUE,TRUE,NA,NA,NA,NA,NA,NA,NA,NA,NA,NA,NA,NA,NA,NA,NA,NA,NA,NA,NA,NA,NA
5650,ASV13622,FALSE,TRUE,TRUE,NA,NA,NA,NA,NA,NA,NA,NA,NA,NA,NA,NA,NA,NA,NA,NA,NA,NA,NA,NA,NA
5651,ASV13623,FALSE,TRUE,TRUE,NA,NA,NA,NA,NA,NA,NA,NA,NA,NA,NA,NA,NA,NA,NA,NA,NA,NA,NA,NA,NA
5652,ASV13624,FALSE,TRUE,TRUE,NA,NA,NA,NA,NA,NA,NA,NA,NA,NA,NA,NA,NA,NA,NA,NA,NA,NA,NA,NA,NA
5653,ASV13626,FALSE,TRUE,TRUE,NA,NA,NA,NA,NA,NA,NA,NA,NA,NA,NA,NA,NA,NA,NA,NA,NA,NA,NA,NA,NA
5654,ASV13627,FALSE,TRUE,TRUE,NA,NA,NA,NA,NA,NA,NA,NA,NA,NA,NA,NA,NA,NA,NA,NA,NA,NA,NA,NA,NA
5655,ASV13628,FALSE,TRUE,TRUE,NA,NA,NA,NA,NA,NA,NA,NA,NA,NA,NA,NA,NA,NA,NA,NA,NA,NA,NA,NA,NA
5656,ASV13629,FALSE,TRUE,TRUE,NA,NA,NA,NA,NA,NA,NA,NA,NA,NA,NA,NA,NA,NA,NA,NA,NA,NA,NA,NA,NA
5657,ASV13631,FALSE,TRUE,TRUE,NA,NA,NA,NA,NA,NA,NA,NA,NA,NA,NA,NA,NA,NA,NA,NA,NA,NA,NA,NA,NA
5658,ASV13633,FALSE,TRUE,TRUE,NA,NA,NA,NA,NA,NA,NA,NA,NA,NA,NA,NA,NA,NA,NA,NA,NA,NA,NA,NA,NA
5659,ASV13634,FALSE,TRUE,TRUE,NA,NA,NA,NA,NA,NA,NA,NA,NA,NA,NA,NA,NA,NA,NA,NA,NA,NA,NA,NA,NA
5660,ASV13636,FALSE,TRUE,TRUE,NA,NA,NA,NA,NA,NA,NA,NA,NA,NA,NA,NA,NA,NA,NA,NA,NA,NA,NA,NA,NA
5661,ASV13637,FALSE,TRUE,TRUE,NA,NA,NA,NA,NA,NA,NA,NA,NA,NA,NA,NA,NA,NA,NA,NA,NA,NA,NA,NA,NA
5662,ASV13638,FALSE,TRUE,TRUE,NA,NA,NA,NA,NA,NA,NA,NA,NA,NA,NA,NA,NA,NA,NA,NA,NA,NA,NA,NA,NA
5663,ASV13640,FALSE,TRUE,TRUE,NA,NA,NA,NA,NA,NA,NA,NA,NA,NA,NA,NA,NA,NA,NA,NA,NA,NA,NA,NA,NA
5664,ASV13641,FALSE,TRUE,TRUE,NA,NA,NA,NA,NA,NA,NA,NA,NA,NA,NA,NA,NA,NA,NA,NA,NA,NA,NA,NA,NA
5665,ASV13642,FALSE,TRUE,TRUE,NA,NA,NA,NA,NA,NA,NA,NA,NA,NA,NA,NA,NA,NA,NA,NA,NA,NA,NA,NA,NA
5666,ASV13644,FALSE,TRUE,TRUE,NA,NA,NA,NA,NA,NA,NA,NA,NA,NA,NA,NA,NA,NA,NA,NA,NA,NA,NA,NA,NA
5667,ASV13646,FALSE,TRUE,TRUE,NA,NA,NA,NA,NA,NA,NA,NA,NA,NA,NA,NA,NA,NA,NA,NA,NA,NA,NA,NA,NA
5668,ASV13647,FALSE,TRUE,TRUE,NA,NA,NA,NA,NA,NA,NA,NA,NA,NA,NA,NA,NA,NA,NA,NA,NA,NA,NA,NA,NA
5669,ASV13648,FALSE,TRUE,TRUE,NA,NA,NA,NA,NA,NA,NA,NA,NA,NA,NA,NA,NA,NA,NA,NA,NA,NA,NA,NA,NA
5670,ASV13650,FALSE,TRUE,TRUE,NA,NA,NA,NA,NA,NA,NA,NA,NA,NA,NA,NA,NA,NA,NA,NA,NA,NA,NA,NA,NA
5671,ASV13654,FALSE,TRUE,TRUE,NA,NA,NA,NA,NA,NA,NA,NA,NA,NA,NA,NA,NA,NA,NA,NA,NA,NA,NA,NA,NA
5672,ASV13657,FALSE,TRUE,TRUE,NA,NA,NA,NA,NA,NA,NA,NA,NA,NA,NA,NA,NA,NA,NA,NA,NA,NA,NA,NA,NA
5673,ASV13728,TRUE,FALSE,TRUE,NA,NA,NA,NA,NA,NA,NA,NA,NA,NA,NA,NA,NA,NA,NA,NA,NA,NA,NA,NA,NA
5674,ASV13729,TRUE,FALSE,TRUE,NA,NA,NA,NA,NA,NA,NA,NA,NA,NA,NA,NA,NA,NA,NA,NA,NA,NA,NA,NA,NA
5675,ASV13730,TRUE,FALSE,TRUE,NA,NA,NA,NA,NA,NA,NA,NA,NA,NA,NA,NA,NA,NA,NA,NA,NA,NA,NA,NA,NA
5676,ASV13731,TRUE,FALSE,TRUE,NA,NA,NA,NA,NA,NA,NA,NA,NA,NA,NA,NA,NA,NA,NA,NA,NA,NA,NA,NA,NA
5677,ASV13732,TRUE,FALSE,TRUE,NA,NA,NA,NA,NA,NA,NA,NA,NA,NA,NA,NA,NA,NA,NA,NA,NA,NA,NA,NA,NA
5678,ASV13733,TRUE,FALSE,TRUE,NA,NA,NA,NA,NA,NA,NA,NA,NA,NA,NA,NA,NA,NA,NA,NA,NA,NA,NA,NA,NA
5679,ASV13734,TRUE,FALSE,TRUE,NA,NA,NA,NA,NA,NA,NA,NA,NA,NA,NA,NA,NA,NA,NA,NA,NA,NA,NA,NA,NA
5680,ASV13735,TRUE,FALSE,TRUE,NA,NA,NA,NA,NA,NA,NA,NA,NA,NA,NA,NA,NA,NA,NA,NA,NA,NA,NA,NA,NA
5681,ASV13736,TRUE,FALSE,TRUE,NA,NA,NA,NA,NA,NA,NA,NA,NA,NA,NA,NA,NA,NA,NA,NA,NA,NA,NA,NA,NA
5682,ASV13738,TRUE,FALSE,TRUE,NA,NA,NA,NA,NA,NA,NA,NA,NA,NA,NA,NA,NA,NA,NA,NA,NA,NA,NA,NA,NA
5683,ASV13739,TRUE,FALSE,TRUE,NA,NA,NA,NA,NA,NA,NA,NA,NA,NA,NA,NA,NA,NA,NA,NA,NA,NA,NA,NA,NA
5684,ASV13744,FALSE,TRUE,TRUE,NA,NA,NA,NA,NA,NA,NA,NA,NA,NA,NA,NA,NA,NA,NA,NA,NA,NA,NA,NA,NA
5685,ASV13745,FALSE,TRUE,TRUE,NA,NA,NA,NA,NA,NA,NA,NA,NA,NA,NA,NA,NA,NA,NA,NA,NA,NA,NA,NA,NA
5686,ASV13785,FALSE,FALSE,FALSE,NA,NA,NA,NA,NA,NA,NA,NA,NA,1,1,1,1,1,1,FALSE,FALSE,FALSE,TRUE,TRUE,TRUE
5687,ASV13789,TRUE,FALSE,TRUE,NA,NA,NA,NA,NA,NA,NA,NA,NA,NA,NA,NA,NA,NA,NA,NA,NA,NA,NA,NA,NA
5688,ASV13790,TRUE,FALSE,TRUE,NA,NA,NA,NA,NA,NA,NA,NA,NA,NA,NA,NA,NA,NA,NA,NA,NA,NA,NA,NA,NA
5689,ASV13791,TRUE,FALSE,TRUE,NA,NA,NA,NA,NA,NA,NA,NA,NA,NA,NA,NA,NA,NA,NA,NA,NA,NA,NA,NA,NA
5690,ASV13792,FALSE,FALSE,FALSE,NA,NA,NA,NA,NA,NA,NA,NA,NA,1,1,1,1,1,1,FALSE,FALSE,FALSE,TRUE,TRUE,TRUE
5691,ASV13793,TRUE,FALSE,TRUE,NA,NA,NA,NA,NA,NA,NA,NA,NA,NA,NA,NA,NA,NA,NA,NA,NA,NA,NA,NA,NA
5692,ASV13794,TRUE,FALSE,TRUE,NA,NA,NA,NA,NA,NA,NA,NA,NA,NA,NA,NA,NA,NA,NA,NA,NA,NA,NA,NA,NA
5693,ASV13796,TRUE,FALSE,TRUE,NA,NA,NA,NA,NA,NA,NA,NA,NA,NA,NA,NA,NA,NA,NA,NA,NA,NA,NA,NA,NA
5694,ASV13797,TRUE,FALSE,TRUE,NA,NA,NA,NA,NA,NA,NA,NA,NA,NA,NA,NA,NA,NA,NA,NA,NA,NA,NA,NA,NA
5695,ASV13799,TRUE,FALSE,TRUE,NA,NA,NA,NA,NA,NA,NA,NA,NA,NA,NA,NA,NA,NA,NA,NA,NA,NA,NA,NA,NA
5696,ASV13801,TRUE,FALSE,TRUE,NA,NA,NA,NA,NA,NA,NA,NA,NA,NA,NA,NA,NA,NA,NA,NA,NA,NA,NA,NA,NA
5697,ASV13802,TRUE,FALSE,TRUE,NA,NA,NA,NA,NA,NA,NA,NA,NA,NA,NA,NA,NA,NA,NA,NA,NA,NA,NA,NA,NA
5698,ASV13803,TRUE,FALSE,TRUE,NA,NA,NA,NA,NA,NA,NA,NA,NA,NA,NA,NA,NA,NA,NA,NA,NA,NA,NA,NA,NA
5699,ASV13805,TRUE,FALSE,TRUE,NA,NA,NA,NA,NA,NA,NA,NA,NA,NA,NA,NA,NA,NA,NA,NA,NA,NA,NA,NA,NA
5700,ASV13806,TRUE,FALSE,TRUE,NA,NA,NA,NA,NA,NA,NA,NA,NA,NA,NA,NA,NA,NA,NA,NA,NA,NA,NA,NA,NA
5701,ASV13808,FALSE,FALSE,FALSE,NA,NA,NA,NA,NA,NA,NA,NA,NA,1,1,1,1,1,1,FALSE,FALSE,FALSE,TRUE,TRUE,TRUE
5702,ASV13810,TRUE,FALSE,TRUE,NA,NA,NA,NA,NA,NA,NA,NA,NA,NA,NA,NA,NA,NA,NA,NA,NA,NA,NA,NA,NA
5703,ASV13812,TRUE,FALSE,TRUE,NA,NA,NA,NA,NA,NA,NA,NA,NA,NA,NA,NA,NA,NA,NA,NA,NA,NA,NA,NA,NA
5704,ASV13813,TRUE,FALSE,TRUE,NA,NA,NA,NA,NA,NA,NA,NA,NA,NA,NA,NA,NA,NA,NA,NA,NA,NA,NA,NA,NA
5705,ASV13814,TRUE,FALSE,TRUE,NA,NA,NA,NA,NA,NA,NA,NA,NA,NA,NA,NA,NA,NA,NA,NA,NA,NA,NA,NA,NA
5706,ASV13816,TRUE,FALSE,TRUE,NA,NA,NA,NA,NA,NA,NA,NA,NA,NA,NA,NA,NA,NA,NA,NA,NA,NA,NA,NA,NA
5707,ASV13819,TRUE,FALSE,TRUE,NA,NA,NA,NA,NA,NA,NA,NA,NA,NA,NA,NA,NA,NA,NA,NA,NA,NA,NA,NA,NA
5708,ASV13820,TRUE,FALSE,TRUE,NA,NA,NA,NA,NA,NA,NA,NA,NA,NA,NA,NA,NA,NA,NA,NA,NA,NA,NA,NA,NA
5709,ASV13822,TRUE,FALSE,TRUE,NA,NA,NA,NA,NA,NA,NA,NA,NA,NA,NA,NA,NA,NA,NA,NA,NA,NA,NA,NA,NA
5710,ASV13853,TRUE,FALSE,TRUE,NA,NA,NA,NA,NA,NA,NA,NA,NA,NA,NA,NA,NA,NA,NA,NA,NA,NA,NA,NA,NA
5711,ASV13854,FALSE,TRUE,TRUE,NA,NA,NA,NA,NA,NA,NA,NA,NA,NA,NA,NA,NA,NA,NA,NA,NA,NA,NA,NA,NA
5712,ASV13875,FALSE,TRUE,TRUE,NA,NA,NA,NA,NA,NA,NA,NA,NA,NA,NA,NA,NA,NA,NA,NA,NA,NA,NA,NA,NA
5713,ASV13890,FALSE,TRUE,TRUE,NA,NA,NA,NA,NA,NA,NA,NA,NA,NA,NA,NA,NA,NA,NA,NA,NA,NA,NA,NA,NA
5714,ASV13891,FALSE,TRUE,TRUE,NA,NA,NA,NA,NA,NA,NA,NA,NA,NA,NA,NA,NA,NA,NA,NA,NA,NA,NA,NA,NA
5715,ASV13892,FALSE,TRUE,TRUE,NA,NA,NA,NA,NA,NA,NA,NA,NA,NA,NA,NA,NA,NA,NA,NA,NA,NA,NA,NA,NA
5716,ASV13893,FALSE,TRUE,TRUE,NA,NA,NA,NA,NA,NA,NA,NA,NA,NA,NA,NA,NA,NA,NA,NA,NA,NA,NA,NA,NA
5717,ASV13894,FALSE,TRUE,TRUE,NA,NA,NA,NA,NA,NA,NA,NA,NA,NA,NA,NA,NA,NA,NA,NA,NA,NA,NA,NA,NA
5718,ASV13896,FALSE,TRUE,TRUE,NA,NA,NA,NA,NA,NA,NA,NA,NA,NA,NA,NA,NA,NA,NA,NA,NA,NA,NA,NA,NA
5719,ASV13897,FALSE,TRUE,TRUE,NA,NA,NA,NA,NA,NA,NA,NA,NA,NA,NA,NA,NA,NA,NA,NA,NA,NA,NA,NA,NA
5720,ASV13898,FALSE,TRUE,TRUE,NA,NA,NA,NA,NA,NA,NA,NA,NA,NA,NA,NA,NA,NA,NA,NA,NA,NA,NA,NA,NA
5721,ASV13900,FALSE,TRUE,TRUE,NA,NA,NA,NA,NA,NA,NA,NA,NA,NA,NA,NA,NA,NA,NA,NA,NA,NA,NA,NA,NA
5722,ASV13903,FALSE,TRUE,TRUE,NA,NA,NA,NA,NA,NA,NA,NA,NA,NA,NA,NA,NA,NA,NA,NA,NA,NA,NA,NA,NA
5723,ASV13904,FALSE,TRUE,TRUE,NA,NA,NA,NA,NA,NA,NA,NA,NA,NA,NA,NA,NA,NA,NA,NA,NA,NA,NA,NA,NA
5724,ASV13905,FALSE,TRUE,TRUE,NA,NA,NA,NA,NA,NA,NA,NA,NA,NA,NA,NA,NA,NA,NA,NA,NA,NA,NA,NA,NA
5725,ASV13906,FALSE,TRUE,TRUE,NA,NA,NA,NA,NA,NA,NA,NA,NA,NA,NA,NA,NA,NA,NA,NA,NA,NA,NA,NA,NA
5726,ASV13907,FALSE,TRUE,TRUE,NA,NA,NA,NA,NA,NA,NA,NA,NA,NA,NA,NA,NA,NA,NA,NA,NA,NA,NA,NA,NA
5727,ASV13908,FALSE,TRUE,TRUE,NA,NA,NA,NA,NA,NA,NA,NA,NA,NA,NA,NA,NA,NA,NA,NA,NA,NA,NA,NA,NA
5728,ASV13910,FALSE,TRUE,TRUE,NA,NA,NA,NA,NA,NA,NA,NA,NA,NA,NA,NA,NA,NA,NA,NA,NA,NA,NA,NA,NA
5729,ASV13911,FALSE,TRUE,TRUE,NA,NA,NA,NA,NA,NA,NA,NA,NA,NA,NA,NA,NA,NA,NA,NA,NA,NA,NA,NA,NA
5730,ASV13912,FALSE,TRUE,TRUE,NA,NA,NA,NA,NA,NA,NA,NA,NA,NA,NA,NA,NA,NA,NA,NA,NA,NA,NA,NA,NA
5731,ASV13913,FALSE,FALSE,FALSE,-0.071127887,0.058912304,NA,0.118339137,0.246636924,NA,-0.601051256,0.238862467,NA,1,1,1,1,1,1,FALSE,FALSE,FALSE,TRUE,TRUE,TRUE
5732,ASV13917,FALSE,TRUE,TRUE,NA,NA,NA,NA,NA,NA,NA,NA,NA,NA,NA,NA,NA,NA,NA,NA,NA,NA,NA,NA,NA
5733,ASV13922,FALSE,TRUE,TRUE,NA,NA,NA,NA,NA,NA,NA,NA,NA,NA,NA,NA,NA,NA,NA,NA,NA,NA,NA,NA,NA
5734,ASV13923,FALSE,TRUE,TRUE,NA,NA,NA,NA,NA,NA,NA,NA,NA,NA,NA,NA,NA,NA,NA,NA,NA,NA,NA,NA,NA
5735,ASV13924,FALSE,TRUE,TRUE,NA,NA,NA,NA,NA,NA,NA,NA,NA,NA,NA,NA,NA,NA,NA,NA,NA,NA,NA,NA,NA
5736,ASV13925,FALSE,TRUE,TRUE,NA,NA,NA,NA,NA,NA,NA,NA,NA,NA,NA,NA,NA,NA,NA,NA,NA,NA,NA,NA,NA
5737,ASV13926,FALSE,TRUE,TRUE,NA,NA,NA,NA,NA,NA,NA,NA,NA,NA,NA,NA,NA,NA,NA,NA,NA,NA,NA,NA,NA
5738,ASV13930,FALSE,TRUE,TRUE,NA,NA,NA,NA,NA,NA,NA,NA,NA,NA,NA,NA,NA,NA,NA,NA,NA,NA,NA,NA,NA
5739,ASV13931,FALSE,TRUE,TRUE,NA,NA,NA,NA,NA,NA,NA,NA,NA,NA,NA,NA,NA,NA,NA,NA,NA,NA,NA,NA,NA
5740,ASV13932,FALSE,TRUE,TRUE,NA,NA,NA,NA,NA,NA,NA,NA,NA,NA,NA,NA,NA,NA,NA,NA,NA,NA,NA,NA,NA
5741,ASV13933,FALSE,TRUE,TRUE,NA,NA,NA,NA,NA,NA,NA,NA,NA,NA,NA,NA,NA,NA,NA,NA,NA,NA,NA,NA,NA
5742,ASV13936,FALSE,TRUE,TRUE,NA,NA,NA,NA,NA,NA,NA,NA,NA,NA,NA,NA,NA,NA,NA,NA,NA,NA,NA,NA,NA
5743,ASV13937,FALSE,TRUE,TRUE,NA,NA,NA,NA,NA,NA,NA,NA,NA,NA,NA,NA,NA,NA,NA,NA,NA,NA,NA,NA,NA
5744,ASV14031,TRUE,FALSE,TRUE,NA,NA,NA,NA,NA,NA,NA,NA,NA,NA,NA,NA,NA,NA,NA,NA,NA,NA,NA,NA,NA
5745,ASV14033,TRUE,FALSE,TRUE,NA,NA,NA,NA,NA,NA,NA,NA,NA,NA,NA,NA,NA,NA,NA,NA,NA,NA,NA,NA,NA
5746,ASV14034,TRUE,FALSE,TRUE,NA,NA,NA,NA,NA,NA,NA,NA,NA,NA,NA,NA,NA,NA,NA,NA,NA,NA,NA,NA,NA
5747,ASV14037,TRUE,FALSE,TRUE,NA,NA,NA,NA,NA,NA,NA,NA,NA,NA,NA,NA,NA,NA,NA,NA,NA,NA,NA,NA,NA
5748,ASV14038,TRUE,FALSE,TRUE,NA,NA,NA,NA,NA,NA,NA,NA,NA,NA,NA,NA,NA,NA,NA,NA,NA,NA,NA,NA,NA
5749,ASV14039,TRUE,FALSE,TRUE,NA,NA,NA,NA,NA,NA,NA,NA,NA,NA,NA,NA,NA,NA,NA,NA,NA,NA,NA,NA,NA
5750,ASV14040,TRUE,FALSE,TRUE,NA,NA,NA,NA,NA,NA,NA,NA,NA,NA,NA,NA,NA,NA,NA,NA,NA,NA,NA,NA,NA
5751,ASV14041,TRUE,FALSE,TRUE,NA,NA,NA,NA,NA,NA,NA,NA,NA,NA,NA,NA,NA,NA,NA,NA,NA,NA,NA,NA,NA
5752,ASV14042,TRUE,FALSE,TRUE,NA,NA,NA,NA,NA,NA,NA,NA,NA,NA,NA,NA,NA,NA,NA,NA,NA,NA,NA,NA,NA
5753,ASV14044,TRUE,FALSE,TRUE,NA,NA,NA,NA,NA,NA,NA,NA,NA,NA,NA,NA,NA,NA,NA,NA,NA,NA,NA,NA,NA
5754,ASV14046,TRUE,FALSE,TRUE,NA,NA,NA,NA,NA,NA,NA,NA,NA,NA,NA,NA,NA,NA,NA,NA,NA,NA,NA,NA,NA
5755,ASV14047,TRUE,FALSE,TRUE,NA,NA,NA,NA,NA,NA,NA,NA,NA,NA,NA,NA,NA,NA,NA,NA,NA,NA,NA,NA,NA
5756,ASV14048,TRUE,FALSE,TRUE,NA,NA,NA,NA,NA,NA,NA,NA,NA,NA,NA,NA,NA,NA,NA,NA,NA,NA,NA,NA,NA
5757,ASV14049,TRUE,FALSE,TRUE,NA,NA,NA,NA,NA,NA,NA,NA,NA,NA,NA,NA,NA,NA,NA,NA,NA,NA,NA,NA,NA
5758,ASV14050,TRUE,FALSE,TRUE,NA,NA,NA,NA,NA,NA,NA,NA,NA,NA,NA,NA,NA,NA,NA,NA,NA,NA,NA,NA,NA
5759,ASV14057,FALSE,TRUE,TRUE,NA,NA,NA,NA,NA,NA,NA,NA,NA,NA,NA,NA,NA,NA,NA,NA,NA,NA,NA,NA,NA
5760,ASV14058,FALSE,TRUE,TRUE,NA,NA,NA,NA,NA,NA,NA,NA,NA,NA,NA,NA,NA,NA,NA,NA,NA,NA,NA,NA,NA
5761,ASV14059,FALSE,TRUE,TRUE,NA,NA,NA,NA,NA,NA,NA,NA,NA,NA,NA,NA,NA,NA,NA,NA,NA,NA,NA,NA,NA
5762,ASV14099,TRUE,FALSE,TRUE,NA,NA,NA,NA,NA,NA,NA,NA,NA,NA,NA,NA,NA,NA,NA,NA,NA,NA,NA,NA,NA
5763,ASV14100,TRUE,FALSE,TRUE,NA,NA,NA,NA,NA,NA,NA,NA,NA,NA,NA,NA,NA,NA,NA,NA,NA,NA,NA,NA,NA
5764,ASV14101,FALSE,FALSE,FALSE,NA,NA,NA,NA,NA,NA,NA,NA,NA,1,1,1,1,1,1,FALSE,FALSE,FALSE,TRUE,TRUE,TRUE
5765,ASV14103,TRUE,FALSE,TRUE,NA,NA,NA,NA,NA,NA,NA,NA,NA,NA,NA,NA,NA,NA,NA,NA,NA,NA,NA,NA,NA
5766,ASV14104,TRUE,FALSE,TRUE,NA,NA,NA,NA,NA,NA,NA,NA,NA,NA,NA,NA,NA,NA,NA,NA,NA,NA,NA,NA,NA
5767,ASV14105,TRUE,FALSE,TRUE,NA,NA,NA,NA,NA,NA,NA,NA,NA,NA,NA,NA,NA,NA,NA,NA,NA,NA,NA,NA,NA
5768,ASV14106,TRUE,FALSE,TRUE,NA,NA,NA,NA,NA,NA,NA,NA,NA,NA,NA,NA,NA,NA,NA,NA,NA,NA,NA,NA,NA
5769,ASV14107,TRUE,FALSE,TRUE,NA,NA,NA,NA,NA,NA,NA,NA,NA,NA,NA,NA,NA,NA,NA,NA,NA,NA,NA,NA,NA
5770,ASV14108,TRUE,FALSE,TRUE,NA,NA,NA,NA,NA,NA,NA,NA,NA,NA,NA,NA,NA,NA,NA,NA,NA,NA,NA,NA,NA
5771,ASV14109,TRUE,FALSE,TRUE,NA,NA,NA,NA,NA,NA,NA,NA,NA,NA,NA,NA,NA,NA,NA,NA,NA,NA,NA,NA,NA
5772,ASV14110,TRUE,FALSE,TRUE,NA,NA,NA,NA,NA,NA,NA,NA,NA,NA,NA,NA,NA,NA,NA,NA,NA,NA,NA,NA,NA
5773,ASV14111,TRUE,FALSE,TRUE,NA,NA,NA,NA,NA,NA,NA,NA,NA,NA,NA,NA,NA,NA,NA,NA,NA,NA,NA,NA,NA
5774,ASV14112,TRUE,FALSE,TRUE,NA,NA,NA,NA,NA,NA,NA,NA,NA,NA,NA,NA,NA,NA,NA,NA,NA,NA,NA,NA,NA
5775,ASV14113,FALSE,FALSE,FALSE,NA,NA,NA,NA,NA,NA,NA,NA,NA,1,1,1,1,1,1,FALSE,FALSE,FALSE,TRUE,TRUE,TRUE
5776,ASV14114,TRUE,FALSE,TRUE,NA,NA,NA,NA,NA,NA,NA,NA,NA,NA,NA,NA,NA,NA,NA,NA,NA,NA,NA,NA,NA
5777,ASV14115,TRUE,FALSE,TRUE,NA,NA,NA,NA,NA,NA,NA,NA,NA,NA,NA,NA,NA,NA,NA,NA,NA,NA,NA,NA,NA
5778,ASV14116,TRUE,FALSE,TRUE,NA,NA,NA,NA,NA,NA,NA,NA,NA,NA,NA,NA,NA,NA,NA,NA,NA,NA,NA,NA,NA
5779,ASV14118,TRUE,FALSE,TRUE,NA,NA,NA,NA,NA,NA,NA,NA,NA,NA,NA,NA,NA,NA,NA,NA,NA,NA,NA,NA,NA
5780,ASV14119,TRUE,FALSE,TRUE,NA,NA,NA,NA,NA,NA,NA,NA,NA,NA,NA,NA,NA,NA,NA,NA,NA,NA,NA,NA,NA
5781,ASV14122,TRUE,FALSE,TRUE,NA,NA,NA,NA,NA,NA,NA,NA,NA,NA,NA,NA,NA,NA,NA,NA,NA,NA,NA,NA,NA
5782,ASV14125,TRUE,FALSE,TRUE,NA,NA,NA,NA,NA,NA,NA,NA,NA,NA,NA,NA,NA,NA,NA,NA,NA,NA,NA,NA,NA
5783,ASV14127,TRUE,FALSE,TRUE,NA,NA,NA,NA,NA,NA,NA,NA,NA,NA,NA,NA,NA,NA,NA,NA,NA,NA,NA,NA,NA
5784,ASV14128,TRUE,FALSE,TRUE,NA,NA,NA,NA,NA,NA,NA,NA,NA,NA,NA,NA,NA,NA,NA,NA,NA,NA,NA,NA,NA
5785,ASV14129,TRUE,FALSE,TRUE,NA,NA,NA,NA,NA,NA,NA,NA,NA,NA,NA,NA,NA,NA,NA,NA,NA,NA,NA,NA,NA
5786,ASV14142,FALSE,TRUE,TRUE,NA,NA,NA,NA,NA,NA,NA,NA,NA,NA,NA,NA,NA,NA,NA,NA,NA,NA,NA,NA,NA
5787,ASV14207,FALSE,TRUE,TRUE,NA,NA,NA,NA,NA,NA,NA,NA,NA,NA,NA,NA,NA,NA,NA,NA,NA,NA,NA,NA,NA
5788,ASV14208,FALSE,TRUE,TRUE,NA,NA,NA,NA,NA,NA,NA,NA,NA,NA,NA,NA,NA,NA,NA,NA,NA,NA,NA,NA,NA
5789,ASV14210,FALSE,TRUE,TRUE,NA,NA,NA,NA,NA,NA,NA,NA,NA,NA,NA,NA,NA,NA,NA,NA,NA,NA,NA,NA,NA
5790,ASV14212,FALSE,TRUE,TRUE,NA,NA,NA,NA,NA,NA,NA,NA,NA,NA,NA,NA,NA,NA,NA,NA,NA,NA,NA,NA,NA
5791,ASV14215,FALSE,TRUE,TRUE,NA,NA,NA,NA,NA,NA,NA,NA,NA,NA,NA,NA,NA,NA,NA,NA,NA,NA,NA,NA,NA
5792,ASV14216,FALSE,TRUE,TRUE,NA,NA,NA,NA,NA,NA,NA,NA,NA,NA,NA,NA,NA,NA,NA,NA,NA,NA,NA,NA,NA
5793,ASV14217,FALSE,TRUE,TRUE,NA,NA,NA,NA,NA,NA,NA,NA,NA,NA,NA,NA,NA,NA,NA,NA,NA,NA,NA,NA,NA
5794,ASV14219,FALSE,TRUE,TRUE,NA,NA,NA,NA,NA,NA,NA,NA,NA,NA,NA,NA,NA,NA,NA,NA,NA,NA,NA,NA,NA
5795,ASV14224,FALSE,TRUE,TRUE,NA,NA,NA,NA,NA,NA,NA,NA,NA,NA,NA,NA,NA,NA,NA,NA,NA,NA,NA,NA,NA
5796,ASV14225,FALSE,TRUE,TRUE,NA,NA,NA,NA,NA,NA,NA,NA,NA,NA,NA,NA,NA,NA,NA,NA,NA,NA,NA,NA,NA
5797,ASV14226,FALSE,TRUE,TRUE,NA,NA,NA,NA,NA,NA,NA,NA,NA,NA,NA,NA,NA,NA,NA,NA,NA,NA,NA,NA,NA
5798,ASV14227,FALSE,TRUE,TRUE,NA,NA,NA,NA,NA,NA,NA,NA,NA,NA,NA,NA,NA,NA,NA,NA,NA,NA,NA,NA,NA
5799,ASV14229,FALSE,TRUE,TRUE,NA,NA,NA,NA,NA,NA,NA,NA,NA,NA,NA,NA,NA,NA,NA,NA,NA,NA,NA,NA,NA
5800,ASV14230,FALSE,TRUE,TRUE,NA,NA,NA,NA,NA,NA,NA,NA,NA,NA,NA,NA,NA,NA,NA,NA,NA,NA,NA,NA,NA
5801,ASV14231,FALSE,TRUE,TRUE,NA,NA,NA,NA,NA,NA,NA,NA,NA,NA,NA,NA,NA,NA,NA,NA,NA,NA,NA,NA,NA
5802,ASV14232,FALSE,TRUE,TRUE,NA,NA,NA,NA,NA,NA,NA,NA,NA,NA,NA,NA,NA,NA,NA,NA,NA,NA,NA,NA,NA
5803,ASV14234,FALSE,TRUE,TRUE,NA,NA,NA,NA,NA,NA,NA,NA,NA,NA,NA,NA,NA,NA,NA,NA,NA,NA,NA,NA,NA
5804,ASV14235,FALSE,TRUE,TRUE,NA,NA,NA,NA,NA,NA,NA,NA,NA,NA,NA,NA,NA,NA,NA,NA,NA,NA,NA,NA,NA
5805,ASV14236,FALSE,TRUE,TRUE,NA,NA,NA,NA,NA,NA,NA,NA,NA,NA,NA,NA,NA,NA,NA,NA,NA,NA,NA,NA,NA
5806,ASV14239,FALSE,TRUE,TRUE,NA,NA,NA,NA,NA,NA,NA,NA,NA,NA,NA,NA,NA,NA,NA,NA,NA,NA,NA,NA,NA
5807,ASV14240,FALSE,TRUE,TRUE,NA,NA,NA,NA,NA,NA,NA,NA,NA,NA,NA,NA,NA,NA,NA,NA,NA,NA,NA,NA,NA
5808,ASV14242,FALSE,TRUE,TRUE,NA,NA,NA,NA,NA,NA,NA,NA,NA,NA,NA,NA,NA,NA,NA,NA,NA,NA,NA,NA,NA
5809,ASV14248,FALSE,TRUE,TRUE,NA,NA,NA,NA,NA,NA,NA,NA,NA,NA,NA,NA,NA,NA,NA,NA,NA,NA,NA,NA,NA
5810,ASV14249,FALSE,TRUE,TRUE,NA,NA,NA,NA,NA,NA,NA,NA,NA,NA,NA,NA,NA,NA,NA,NA,NA,NA,NA,NA,NA
5811,ASV14322,FALSE,TRUE,TRUE,NA,NA,NA,NA,NA,NA,NA,NA,NA,NA,NA,NA,NA,NA,NA,NA,NA,NA,NA,NA,NA
5812,ASV14323,TRUE,FALSE,TRUE,NA,NA,NA,NA,NA,NA,NA,NA,NA,NA,NA,NA,NA,NA,NA,NA,NA,NA,NA,NA,NA
5813,ASV14324,TRUE,FALSE,TRUE,NA,NA,NA,NA,NA,NA,NA,NA,NA,NA,NA,NA,NA,NA,NA,NA,NA,NA,NA,NA,NA
5814,ASV14325,TRUE,FALSE,TRUE,NA,NA,NA,NA,NA,NA,NA,NA,NA,NA,NA,NA,NA,NA,NA,NA,NA,NA,NA,NA,NA
5815,ASV14326,TRUE,FALSE,TRUE,NA,NA,NA,NA,NA,NA,NA,NA,NA,NA,NA,NA,NA,NA,NA,NA,NA,NA,NA,NA,NA
5816,ASV14329,TRUE,FALSE,TRUE,NA,NA,NA,NA,NA,NA,NA,NA,NA,NA,NA,NA,NA,NA,NA,NA,NA,NA,NA,NA,NA
5817,ASV14332,TRUE,FALSE,TRUE,NA,NA,NA,NA,NA,NA,NA,NA,NA,NA,NA,NA,NA,NA,NA,NA,NA,NA,NA,NA,NA
5818,ASV14333,TRUE,FALSE,TRUE,NA,NA,NA,NA,NA,NA,NA,NA,NA,NA,NA,NA,NA,NA,NA,NA,NA,NA,NA,NA,NA
5819,ASV14334,TRUE,FALSE,TRUE,NA,NA,NA,NA,NA,NA,NA,NA,NA,NA,NA,NA,NA,NA,NA,NA,NA,NA,NA,NA,NA
5820,ASV14335,TRUE,FALSE,TRUE,NA,NA,NA,NA,NA,NA,NA,NA,NA,NA,NA,NA,NA,NA,NA,NA,NA,NA,NA,NA,NA
5821,ASV14336,TRUE,FALSE,TRUE,NA,NA,NA,NA,NA,NA,NA,NA,NA,NA,NA,NA,NA,NA,NA,NA,NA,NA,NA,NA,NA
5822,ASV14337,TRUE,FALSE,TRUE,NA,NA,NA,NA,NA,NA,NA,NA,NA,NA,NA,NA,NA,NA,NA,NA,NA,NA,NA,NA,NA
5823,ASV14344,FALSE,TRUE,TRUE,NA,NA,NA,NA,NA,NA,NA,NA,NA,NA,NA,NA,NA,NA,NA,NA,NA,NA,NA,NA,NA
5824,ASV14345,FALSE,TRUE,TRUE,NA,NA,NA,NA,NA,NA,NA,NA,NA,NA,NA,NA,NA,NA,NA,NA,NA,NA,NA,NA,NA
5825,ASV14346,FALSE,TRUE,TRUE,NA,NA,NA,NA,NA,NA,NA,NA,NA,NA,NA,NA,NA,NA,NA,NA,NA,NA,NA,NA,NA
5826,ASV14347,FALSE,TRUE,TRUE,NA,NA,NA,NA,NA,NA,NA,NA,NA,NA,NA,NA,NA,NA,NA,NA,NA,NA,NA,NA,NA
5827,ASV14393,TRUE,FALSE,TRUE,NA,NA,NA,NA,NA,NA,NA,NA,NA,NA,NA,NA,NA,NA,NA,NA,NA,NA,NA,NA,NA
5828,ASV14395,TRUE,FALSE,TRUE,NA,NA,NA,NA,NA,NA,NA,NA,NA,NA,NA,NA,NA,NA,NA,NA,NA,NA,NA,NA,NA
5829,ASV14396,TRUE,FALSE,TRUE,NA,NA,NA,NA,NA,NA,NA,NA,NA,NA,NA,NA,NA,NA,NA,NA,NA,NA,NA,NA,NA
5830,ASV14397,TRUE,FALSE,TRUE,NA,NA,NA,NA,NA,NA,NA,NA,NA,NA,NA,NA,NA,NA,NA,NA,NA,NA,NA,NA,NA
5831,ASV14398,TRUE,FALSE,TRUE,NA,NA,NA,NA,NA,NA,NA,NA,NA,NA,NA,NA,NA,NA,NA,NA,NA,NA,NA,NA,NA
5832,ASV14399,TRUE,FALSE,TRUE,NA,NA,NA,NA,NA,NA,NA,NA,NA,NA,NA,NA,NA,NA,NA,NA,NA,NA,NA,NA,NA
5833,ASV14400,TRUE,FALSE,TRUE,NA,NA,NA,NA,NA,NA,NA,NA,NA,NA,NA,NA,NA,NA,NA,NA,NA,NA,NA,NA,NA
5834,ASV14401,TRUE,FALSE,TRUE,NA,NA,NA,NA,NA,NA,NA,NA,NA,NA,NA,NA,NA,NA,NA,NA,NA,NA,NA,NA,NA
5835,ASV14402,TRUE,FALSE,TRUE,NA,NA,NA,NA,NA,NA,NA,NA,NA,NA,NA,NA,NA,NA,NA,NA,NA,NA,NA,NA,NA
5836,ASV14403,TRUE,FALSE,TRUE,NA,NA,NA,NA,NA,NA,NA,NA,NA,NA,NA,NA,NA,NA,NA,NA,NA,NA,NA,NA,NA
5837,ASV14404,TRUE,FALSE,TRUE,NA,NA,NA,NA,NA,NA,NA,NA,NA,NA,NA,NA,NA,NA,NA,NA,NA,NA,NA,NA,NA
5838,ASV14405,TRUE,FALSE,TRUE,NA,NA,NA,NA,NA,NA,NA,NA,NA,NA,NA,NA,NA,NA,NA,NA,NA,NA,NA,NA,NA
5839,ASV14408,TRUE,FALSE,TRUE,NA,NA,NA,NA,NA,NA,NA,NA,NA,NA,NA,NA,NA,NA,NA,NA,NA,NA,NA,NA,NA
5840,ASV14412,TRUE,FALSE,TRUE,NA,NA,NA,NA,NA,NA,NA,NA,NA,NA,NA,NA,NA,NA,NA,NA,NA,NA,NA,NA,NA
5841,ASV14414,TRUE,FALSE,TRUE,NA,NA,NA,NA,NA,NA,NA,NA,NA,NA,NA,NA,NA,NA,NA,NA,NA,NA,NA,NA,NA
5842,ASV14415,TRUE,FALSE,TRUE,NA,NA,NA,NA,NA,NA,NA,NA,NA,NA,NA,NA,NA,NA,NA,NA,NA,NA,NA,NA,NA
5843,ASV14417,TRUE,FALSE,TRUE,NA,NA,NA,NA,NA,NA,NA,NA,NA,NA,NA,NA,NA,NA,NA,NA,NA,NA,NA,NA,NA
5844,ASV14418,TRUE,FALSE,TRUE,NA,NA,NA,NA,NA,NA,NA,NA,NA,NA,NA,NA,NA,NA,NA,NA,NA,NA,NA,NA,NA
5845,ASV14419,TRUE,FALSE,TRUE,NA,NA,NA,NA,NA,NA,NA,NA,NA,NA,NA,NA,NA,NA,NA,NA,NA,NA,NA,NA,NA
5846,ASV14420,TRUE,FALSE,TRUE,NA,NA,NA,NA,NA,NA,NA,NA,NA,NA,NA,NA,NA,NA,NA,NA,NA,NA,NA,NA,NA
5847,ASV14424,TRUE,FALSE,TRUE,NA,NA,NA,NA,NA,NA,NA,NA,NA,NA,NA,NA,NA,NA,NA,NA,NA,NA,NA,NA,NA
5848,ASV14425,TRUE,FALSE,TRUE,NA,NA,NA,NA,NA,NA,NA,NA,NA,NA,NA,NA,NA,NA,NA,NA,NA,NA,NA,NA,NA
5849,ASV14426,TRUE,FALSE,TRUE,NA,NA,NA,NA,NA,NA,NA,NA,NA,NA,NA,NA,NA,NA,NA,NA,NA,NA,NA,NA,NA
5850,ASV14427,TRUE,FALSE,TRUE,NA,NA,NA,NA,NA,NA,NA,NA,NA,NA,NA,NA,NA,NA,NA,NA,NA,NA,NA,NA,NA
5851,ASV14429,TRUE,FALSE,TRUE,NA,NA,NA,NA,NA,NA,NA,NA,NA,NA,NA,NA,NA,NA,NA,NA,NA,NA,NA,NA,NA
5852,ASV14432,TRUE,FALSE,TRUE,NA,NA,NA,NA,NA,NA,NA,NA,NA,NA,NA,NA,NA,NA,NA,NA,NA,NA,NA,NA,NA
5853,ASV14433,TRUE,FALSE,TRUE,NA,NA,NA,NA,NA,NA,NA,NA,NA,NA,NA,NA,NA,NA,NA,NA,NA,NA,NA,NA,NA
5854,ASV14443,TRUE,FALSE,TRUE,NA,NA,NA,NA,NA,NA,NA,NA,NA,NA,NA,NA,NA,NA,NA,NA,NA,NA,NA,NA,NA
5855,ASV14480,FALSE,TRUE,TRUE,NA,NA,NA,NA,NA,NA,NA,NA,NA,NA,NA,NA,NA,NA,NA,NA,NA,NA,NA,NA,NA
5856,ASV14520,FALSE,TRUE,TRUE,NA,NA,NA,NA,NA,NA,NA,NA,NA,NA,NA,NA,NA,NA,NA,NA,NA,NA,NA,NA,NA
5857,ASV14521,FALSE,TRUE,TRUE,NA,NA,NA,NA,NA,NA,NA,NA,NA,NA,NA,NA,NA,NA,NA,NA,NA,NA,NA,NA,NA
5858,ASV14522,FALSE,TRUE,TRUE,NA,NA,NA,NA,NA,NA,NA,NA,NA,NA,NA,NA,NA,NA,NA,NA,NA,NA,NA,NA,NA
5859,ASV14523,FALSE,TRUE,TRUE,NA,NA,NA,NA,NA,NA,NA,NA,NA,NA,NA,NA,NA,NA,NA,NA,NA,NA,NA,NA,NA
5860,ASV14524,FALSE,TRUE,TRUE,NA,NA,NA,NA,NA,NA,NA,NA,NA,NA,NA,NA,NA,NA,NA,NA,NA,NA,NA,NA,NA
5861,ASV14526,FALSE,TRUE,TRUE,NA,NA,NA,NA,NA,NA,NA,NA,NA,NA,NA,NA,NA,NA,NA,NA,NA,NA,NA,NA,NA
5862,ASV14528,FALSE,TRUE,TRUE,NA,NA,NA,NA,NA,NA,NA,NA,NA,NA,NA,NA,NA,NA,NA,NA,NA,NA,NA,NA,NA
5863,ASV14530,FALSE,FALSE,FALSE,0.161685018,-0.407204403,NA,0.118339137,0.246636924,NA,136.628.525.310.157,-165.102.774.203.264,NA,1,1,1,1,1,1,FALSE,FALSE,FALSE,TRUE,TRUE,TRUE
5864,ASV14531,FALSE,TRUE,TRUE,NA,NA,NA,NA,NA,NA,NA,NA,NA,NA,NA,NA,NA,NA,NA,NA,NA,NA,NA,NA,NA
5865,ASV14533,FALSE,TRUE,TRUE,NA,NA,NA,NA,NA,NA,NA,NA,NA,NA,NA,NA,NA,NA,NA,NA,NA,NA,NA,NA,NA
5866,ASV14534,FALSE,TRUE,TRUE,NA,NA,NA,NA,NA,NA,NA,NA,NA,NA,NA,NA,NA,NA,NA,NA,NA,NA,NA,NA,NA
5867,ASV14536,FALSE,TRUE,TRUE,NA,NA,NA,NA,NA,NA,NA,NA,NA,NA,NA,NA,NA,NA,NA,NA,NA,NA,NA,NA,NA
5868,ASV14537,FALSE,TRUE,TRUE,NA,NA,NA,NA,NA,NA,NA,NA,NA,NA,NA,NA,NA,NA,NA,NA,NA,NA,NA,NA,NA
5869,ASV14539,FALSE,TRUE,TRUE,NA,NA,NA,NA,NA,NA,NA,NA,NA,NA,NA,NA,NA,NA,NA,NA,NA,NA,NA,NA,NA
5870,ASV14540,FALSE,TRUE,TRUE,NA,NA,NA,NA,NA,NA,NA,NA,NA,NA,NA,NA,NA,NA,NA,NA,NA,NA,NA,NA,NA
5871,ASV14541,FALSE,TRUE,TRUE,NA,NA,NA,NA,NA,NA,NA,NA,NA,NA,NA,NA,NA,NA,NA,NA,NA,NA,NA,NA,NA
5872,ASV14543,FALSE,TRUE,TRUE,NA,NA,NA,NA,NA,NA,NA,NA,NA,NA,NA,NA,NA,NA,NA,NA,NA,NA,NA,NA,NA
5873,ASV14544,FALSE,TRUE,TRUE,NA,NA,NA,NA,NA,NA,NA,NA,NA,NA,NA,NA,NA,NA,NA,NA,NA,NA,NA,NA,NA
5874,ASV14545,FALSE,TRUE,TRUE,NA,NA,NA,NA,NA,NA,NA,NA,NA,NA,NA,NA,NA,NA,NA,NA,NA,NA,NA,NA,NA
5875,ASV14546,FALSE,TRUE,TRUE,NA,NA,NA,NA,NA,NA,NA,NA,NA,NA,NA,NA,NA,NA,NA,NA,NA,NA,NA,NA,NA
5876,ASV14548,FALSE,TRUE,TRUE,NA,NA,NA,NA,NA,NA,NA,NA,NA,NA,NA,NA,NA,NA,NA,NA,NA,NA,NA,NA,NA
5877,ASV14549,FALSE,TRUE,TRUE,NA,NA,NA,NA,NA,NA,NA,NA,NA,NA,NA,NA,NA,NA,NA,NA,NA,NA,NA,NA,NA
5878,ASV14550,FALSE,TRUE,TRUE,NA,NA,NA,NA,NA,NA,NA,NA,NA,NA,NA,NA,NA,NA,NA,NA,NA,NA,NA,NA,NA
5879,ASV14551,FALSE,TRUE,TRUE,NA,NA,NA,NA,NA,NA,NA,NA,NA,NA,NA,NA,NA,NA,NA,NA,NA,NA,NA,NA,NA
5880,ASV14552,FALSE,TRUE,TRUE,NA,NA,NA,NA,NA,NA,NA,NA,NA,NA,NA,NA,NA,NA,NA,NA,NA,NA,NA,NA,NA
5881,ASV14553,FALSE,TRUE,TRUE,NA,NA,NA,NA,NA,NA,NA,NA,NA,NA,NA,NA,NA,NA,NA,NA,NA,NA,NA,NA,NA
5882,ASV14556,FALSE,TRUE,TRUE,NA,NA,NA,NA,NA,NA,NA,NA,NA,NA,NA,NA,NA,NA,NA,NA,NA,NA,NA,NA,NA
5883,ASV14557,FALSE,TRUE,TRUE,NA,NA,NA,NA,NA,NA,NA,NA,NA,NA,NA,NA,NA,NA,NA,NA,NA,NA,NA,NA,NA
5884,ASV14558,FALSE,TRUE,TRUE,NA,NA,NA,NA,NA,NA,NA,NA,NA,NA,NA,NA,NA,NA,NA,NA,NA,NA,NA,NA,NA
5885,ASV14559,FALSE,TRUE,TRUE,NA,NA,NA,NA,NA,NA,NA,NA,NA,NA,NA,NA,NA,NA,NA,NA,NA,NA,NA,NA,NA
5886,ASV14560,FALSE,TRUE,TRUE,NA,NA,NA,NA,NA,NA,NA,NA,NA,NA,NA,NA,NA,NA,NA,NA,NA,NA,NA,NA,NA
5887,ASV14562,FALSE,TRUE,TRUE,NA,NA,NA,NA,NA,NA,NA,NA,NA,NA,NA,NA,NA,NA,NA,NA,NA,NA,NA,NA,NA
5888,ASV14609,TRUE,FALSE,TRUE,NA,NA,NA,NA,NA,NA,NA,NA,NA,NA,NA,NA,NA,NA,NA,NA,NA,NA,NA,NA,NA
5889,ASV14658,TRUE,FALSE,TRUE,NA,NA,NA,NA,NA,NA,NA,NA,NA,NA,NA,NA,NA,NA,NA,NA,NA,NA,NA,NA,NA
5890,ASV14659,TRUE,FALSE,TRUE,NA,NA,NA,NA,NA,NA,NA,NA,NA,NA,NA,NA,NA,NA,NA,NA,NA,NA,NA,NA,NA
5891,ASV14661,TRUE,FALSE,TRUE,NA,NA,NA,NA,NA,NA,NA,NA,NA,NA,NA,NA,NA,NA,NA,NA,NA,NA,NA,NA,NA
5892,ASV14662,TRUE,FALSE,TRUE,NA,NA,NA,NA,NA,NA,NA,NA,NA,NA,NA,NA,NA,NA,NA,NA,NA,NA,NA,NA,NA
5893,ASV14663,TRUE,FALSE,TRUE,NA,NA,NA,NA,NA,NA,NA,NA,NA,NA,NA,NA,NA,NA,NA,NA,NA,NA,NA,NA,NA
5894,ASV14665,TRUE,FALSE,TRUE,NA,NA,NA,NA,NA,NA,NA,NA,NA,NA,NA,NA,NA,NA,NA,NA,NA,NA,NA,NA,NA
5895,ASV14666,TRUE,FALSE,TRUE,NA,NA,NA,NA,NA,NA,NA,NA,NA,NA,NA,NA,NA,NA,NA,NA,NA,NA,NA,NA,NA
5896,ASV14667,TRUE,FALSE,TRUE,NA,NA,NA,NA,NA,NA,NA,NA,NA,NA,NA,NA,NA,NA,NA,NA,NA,NA,NA,NA,NA
5897,ASV14668,TRUE,FALSE,TRUE,NA,NA,NA,NA,NA,NA,NA,NA,NA,NA,NA,NA,NA,NA,NA,NA,NA,NA,NA,NA,NA
5898,ASV14669,TRUE,FALSE,TRUE,NA,NA,NA,NA,NA,NA,NA,NA,NA,NA,NA,NA,NA,NA,NA,NA,NA,NA,NA,NA,NA
5899,ASV14670,TRUE,FALSE,TRUE,NA,NA,NA,NA,NA,NA,NA,NA,NA,NA,NA,NA,NA,NA,NA,NA,NA,NA,NA,NA,NA
5900,ASV14671,TRUE,FALSE,TRUE,NA,NA,NA,NA,NA,NA,NA,NA,NA,NA,NA,NA,NA,NA,NA,NA,NA,NA,NA,NA,NA
5901,ASV14685,FALSE,TRUE,TRUE,NA,NA,NA,NA,NA,NA,NA,NA,NA,NA,NA,NA,NA,NA,NA,NA,NA,NA,NA,NA,NA
5902,ASV14686,FALSE,TRUE,TRUE,NA,NA,NA,NA,NA,NA,NA,NA,NA,NA,NA,NA,NA,NA,NA,NA,NA,NA,NA,NA,NA
5903,ASV14730,TRUE,FALSE,TRUE,NA,NA,NA,NA,NA,NA,NA,NA,NA,NA,NA,NA,NA,NA,NA,NA,NA,NA,NA,NA,NA
5904,ASV14733,TRUE,FALSE,TRUE,NA,NA,NA,NA,NA,NA,NA,NA,NA,NA,NA,NA,NA,NA,NA,NA,NA,NA,NA,NA,NA
5905,ASV14734,TRUE,FALSE,TRUE,NA,NA,NA,NA,NA,NA,NA,NA,NA,NA,NA,NA,NA,NA,NA,NA,NA,NA,NA,NA,NA
5906,ASV14736,TRUE,FALSE,TRUE,NA,NA,NA,NA,NA,NA,NA,NA,NA,NA,NA,NA,NA,NA,NA,NA,NA,NA,NA,NA,NA
5907,ASV14739,TRUE,FALSE,TRUE,NA,NA,NA,NA,NA,NA,NA,NA,NA,NA,NA,NA,NA,NA,NA,NA,NA,NA,NA,NA,NA
5908,ASV14742,TRUE,FALSE,TRUE,NA,NA,NA,NA,NA,NA,NA,NA,NA,NA,NA,NA,NA,NA,NA,NA,NA,NA,NA,NA,NA
5909,ASV14743,TRUE,FALSE,TRUE,NA,NA,NA,NA,NA,NA,NA,NA,NA,NA,NA,NA,NA,NA,NA,NA,NA,NA,NA,NA,NA
5910,ASV14745,FALSE,FALSE,FALSE,NA,NA,NA,NA,NA,NA,NA,NA,NA,1,1,1,1,1,1,FALSE,FALSE,FALSE,TRUE,TRUE,TRUE
5911,ASV14746,TRUE,FALSE,TRUE,NA,NA,NA,NA,NA,NA,NA,NA,NA,NA,NA,NA,NA,NA,NA,NA,NA,NA,NA,NA,NA
5912,ASV14750,TRUE,FALSE,TRUE,NA,NA,NA,NA,NA,NA,NA,NA,NA,NA,NA,NA,NA,NA,NA,NA,NA,NA,NA,NA,NA
5913,ASV14751,TRUE,FALSE,TRUE,NA,NA,NA,NA,NA,NA,NA,NA,NA,NA,NA,NA,NA,NA,NA,NA,NA,NA,NA,NA,NA
5914,ASV14752,TRUE,FALSE,TRUE,NA,NA,NA,NA,NA,NA,NA,NA,NA,NA,NA,NA,NA,NA,NA,NA,NA,NA,NA,NA,NA
5915,ASV14754,TRUE,FALSE,TRUE,NA,NA,NA,NA,NA,NA,NA,NA,NA,NA,NA,NA,NA,NA,NA,NA,NA,NA,NA,NA,NA
5916,ASV14756,TRUE,FALSE,TRUE,NA,NA,NA,NA,NA,NA,NA,NA,NA,NA,NA,NA,NA,NA,NA,NA,NA,NA,NA,NA,NA
5917,ASV14758,TRUE,FALSE,TRUE,NA,NA,NA,NA,NA,NA,NA,NA,NA,NA,NA,NA,NA,NA,NA,NA,NA,NA,NA,NA,NA
5918,ASV14759,TRUE,FALSE,TRUE,NA,NA,NA,NA,NA,NA,NA,NA,NA,NA,NA,NA,NA,NA,NA,NA,NA,NA,NA,NA,NA
5919,ASV14760,TRUE,FALSE,TRUE,NA,NA,NA,NA,NA,NA,NA,NA,NA,NA,NA,NA,NA,NA,NA,NA,NA,NA,NA,NA,NA
5920,ASV14761,TRUE,FALSE,TRUE,NA,NA,NA,NA,NA,NA,NA,NA,NA,NA,NA,NA,NA,NA,NA,NA,NA,NA,NA,NA,NA
5921,ASV14762,TRUE,FALSE,TRUE,NA,NA,NA,NA,NA,NA,NA,NA,NA,NA,NA,NA,NA,NA,NA,NA,NA,NA,NA,NA,NA
5922,ASV14763,TRUE,FALSE,TRUE,NA,NA,NA,NA,NA,NA,NA,NA,NA,NA,NA,NA,NA,NA,NA,NA,NA,NA,NA,NA,NA
5923,ASV14765,TRUE,FALSE,TRUE,NA,NA,NA,NA,NA,NA,NA,NA,NA,NA,NA,NA,NA,NA,NA,NA,NA,NA,NA,NA,NA
5924,ASV14766,TRUE,FALSE,TRUE,NA,NA,NA,NA,NA,NA,NA,NA,NA,NA,NA,NA,NA,NA,NA,NA,NA,NA,NA,NA,NA
5925,ASV14768,TRUE,FALSE,TRUE,NA,NA,NA,NA,NA,NA,NA,NA,NA,NA,NA,NA,NA,NA,NA,NA,NA,NA,NA,NA,NA
5926,ASV14770,FALSE,FALSE,FALSE,NA,NA,NA,NA,NA,NA,NA,NA,NA,1,1,1,1,1,1,FALSE,FALSE,FALSE,TRUE,TRUE,FALSE
5927,ASV14825,TRUE,FALSE,TRUE,NA,NA,NA,NA,NA,NA,NA,NA,NA,NA,NA,NA,NA,NA,NA,NA,NA,NA,NA,NA,NA
5928,ASV14829,FALSE,TRUE,TRUE,NA,NA,NA,NA,NA,NA,NA,NA,NA,NA,NA,NA,NA,NA,NA,NA,NA,NA,NA,NA,NA
5929,ASV14830,FALSE,TRUE,TRUE,NA,NA,NA,NA,NA,NA,NA,NA,NA,NA,NA,NA,NA,NA,NA,NA,NA,NA,NA,NA,NA
5930,ASV14832,FALSE,TRUE,TRUE,NA,NA,NA,NA,NA,NA,NA,NA,NA,NA,NA,NA,NA,NA,NA,NA,NA,NA,NA,NA,NA
5931,ASV14833,FALSE,TRUE,TRUE,NA,NA,NA,NA,NA,NA,NA,NA,NA,NA,NA,NA,NA,NA,NA,NA,NA,NA,NA,NA,NA
5932,ASV14835,FALSE,TRUE,TRUE,NA,NA,NA,NA,NA,NA,NA,NA,NA,NA,NA,NA,NA,NA,NA,NA,NA,NA,NA,NA,NA
5933,ASV14836,FALSE,TRUE,TRUE,NA,NA,NA,NA,NA,NA,NA,NA,NA,NA,NA,NA,NA,NA,NA,NA,NA,NA,NA,NA,NA
5934,ASV14840,FALSE,TRUE,TRUE,NA,NA,NA,NA,NA,NA,NA,NA,NA,NA,NA,NA,NA,NA,NA,NA,NA,NA,NA,NA,NA
5935,ASV14842,FALSE,TRUE,TRUE,NA,NA,NA,NA,NA,NA,NA,NA,NA,NA,NA,NA,NA,NA,NA,NA,NA,NA,NA,NA,NA
5936,ASV14843,FALSE,TRUE,TRUE,NA,NA,NA,NA,NA,NA,NA,NA,NA,NA,NA,NA,NA,NA,NA,NA,NA,NA,NA,NA,NA
5937,ASV14847,FALSE,TRUE,TRUE,NA,NA,NA,NA,NA,NA,NA,NA,NA,NA,NA,NA,NA,NA,NA,NA,NA,NA,NA,NA,NA
5938,ASV14848,FALSE,TRUE,TRUE,NA,NA,NA,NA,NA,NA,NA,NA,NA,NA,NA,NA,NA,NA,NA,NA,NA,NA,NA,NA,NA
5939,ASV14849,FALSE,TRUE,TRUE,NA,NA,NA,NA,NA,NA,NA,NA,NA,NA,NA,NA,NA,NA,NA,NA,NA,NA,NA,NA,NA
5940,ASV14850,FALSE,TRUE,TRUE,NA,NA,NA,NA,NA,NA,NA,NA,NA,NA,NA,NA,NA,NA,NA,NA,NA,NA,NA,NA,NA
5941,ASV14851,FALSE,TRUE,TRUE,NA,NA,NA,NA,NA,NA,NA,NA,NA,NA,NA,NA,NA,NA,NA,NA,NA,NA,NA,NA,NA
5942,ASV14852,FALSE,TRUE,TRUE,NA,NA,NA,NA,NA,NA,NA,NA,NA,NA,NA,NA,NA,NA,NA,NA,NA,NA,NA,NA,NA
5943,ASV14853,FALSE,TRUE,TRUE,NA,NA,NA,NA,NA,NA,NA,NA,NA,NA,NA,NA,NA,NA,NA,NA,NA,NA,NA,NA,NA
5944,ASV14855,FALSE,TRUE,TRUE,NA,NA,NA,NA,NA,NA,NA,NA,NA,NA,NA,NA,NA,NA,NA,NA,NA,NA,NA,NA,NA
5945,ASV14856,FALSE,TRUE,TRUE,NA,NA,NA,NA,NA,NA,NA,NA,NA,NA,NA,NA,NA,NA,NA,NA,NA,NA,NA,NA,NA
5946,ASV14858,FALSE,TRUE,TRUE,NA,NA,NA,NA,NA,NA,NA,NA,NA,NA,NA,NA,NA,NA,NA,NA,NA,NA,NA,NA,NA
5947,ASV14860,FALSE,TRUE,TRUE,NA,NA,NA,NA,NA,NA,NA,NA,NA,NA,NA,NA,NA,NA,NA,NA,NA,NA,NA,NA,NA
5948,ASV14861,FALSE,TRUE,TRUE,NA,NA,NA,NA,NA,NA,NA,NA,NA,NA,NA,NA,NA,NA,NA,NA,NA,NA,NA,NA,NA
5949,ASV14862,FALSE,TRUE,TRUE,NA,NA,NA,NA,NA,NA,NA,NA,NA,NA,NA,NA,NA,NA,NA,NA,NA,NA,NA,NA,NA
5950,ASV14870,FALSE,TRUE,TRUE,NA,NA,NA,NA,NA,NA,NA,NA,NA,NA,NA,NA,NA,NA,NA,NA,NA,NA,NA,NA,NA
5951,ASV14873,FALSE,TRUE,TRUE,NA,NA,NA,NA,NA,NA,NA,NA,NA,NA,NA,NA,NA,NA,NA,NA,NA,NA,NA,NA,NA
5952,ASV14874,FALSE,TRUE,TRUE,NA,NA,NA,NA,NA,NA,NA,NA,NA,NA,NA,NA,NA,NA,NA,NA,NA,NA,NA,NA,NA
5953,ASV14875,FALSE,TRUE,TRUE,NA,NA,NA,NA,NA,NA,NA,NA,NA,NA,NA,NA,NA,NA,NA,NA,NA,NA,NA,NA,NA
5954,ASV14876,FALSE,TRUE,TRUE,NA,NA,NA,NA,NA,NA,NA,NA,NA,NA,NA,NA,NA,NA,NA,NA,NA,NA,NA,NA,NA
5955,ASV14951,TRUE,FALSE,TRUE,NA,NA,NA,NA,NA,NA,NA,NA,NA,NA,NA,NA,NA,NA,NA,NA,NA,NA,NA,NA,NA
5956,ASV14953,TRUE,FALSE,TRUE,NA,NA,NA,NA,NA,NA,NA,NA,NA,NA,NA,NA,NA,NA,NA,NA,NA,NA,NA,NA,NA
5957,ASV14954,TRUE,FALSE,TRUE,NA,NA,NA,NA,NA,NA,NA,NA,NA,NA,NA,NA,NA,NA,NA,NA,NA,NA,NA,NA,NA
5958,ASV14956,TRUE,FALSE,TRUE,NA,NA,NA,NA,NA,NA,NA,NA,NA,NA,NA,NA,NA,NA,NA,NA,NA,NA,NA,NA,NA
5959,ASV14973,FALSE,TRUE,TRUE,NA,NA,NA,NA,NA,NA,NA,NA,NA,NA,NA,NA,NA,NA,NA,NA,NA,NA,NA,NA,NA
5960,ASV14974,FALSE,TRUE,TRUE,NA,NA,NA,NA,NA,NA,NA,NA,NA,NA,NA,NA,NA,NA,NA,NA,NA,NA,NA,NA,NA
5961,ASV14975,FALSE,TRUE,TRUE,NA,NA,NA,NA,NA,NA,NA,NA,NA,NA,NA,NA,NA,NA,NA,NA,NA,NA,NA,NA,NA
5962,ASV14977,FALSE,TRUE,TRUE,NA,NA,NA,NA,NA,NA,NA,NA,NA,NA,NA,NA,NA,NA,NA,NA,NA,NA,NA,NA,NA
5963,ASV14978,FALSE,TRUE,TRUE,NA,NA,NA,NA,NA,NA,NA,NA,NA,NA,NA,NA,NA,NA,NA,NA,NA,NA,NA,NA,NA
5964,ASV15024,TRUE,FALSE,TRUE,NA,NA,NA,NA,NA,NA,NA,NA,NA,NA,NA,NA,NA,NA,NA,NA,NA,NA,NA,NA,NA
5965,ASV15025,TRUE,FALSE,TRUE,NA,NA,NA,NA,NA,NA,NA,NA,NA,NA,NA,NA,NA,NA,NA,NA,NA,NA,NA,NA,NA
5966,ASV15026,TRUE,FALSE,TRUE,NA,NA,NA,NA,NA,NA,NA,NA,NA,NA,NA,NA,NA,NA,NA,NA,NA,NA,NA,NA,NA
5967,ASV15028,TRUE,FALSE,TRUE,NA,NA,NA,NA,NA,NA,NA,NA,NA,NA,NA,NA,NA,NA,NA,NA,NA,NA,NA,NA,NA
5968,ASV15029,TRUE,FALSE,TRUE,NA,NA,NA,NA,NA,NA,NA,NA,NA,NA,NA,NA,NA,NA,NA,NA,NA,NA,NA,NA,NA
5969,ASV15030,TRUE,FALSE,TRUE,NA,NA,NA,NA,NA,NA,NA,NA,NA,NA,NA,NA,NA,NA,NA,NA,NA,NA,NA,NA,NA
5970,ASV15031,TRUE,FALSE,TRUE,NA,NA,NA,NA,NA,NA,NA,NA,NA,NA,NA,NA,NA,NA,NA,NA,NA,NA,NA,NA,NA
5971,ASV15032,TRUE,FALSE,TRUE,NA,NA,NA,NA,NA,NA,NA,NA,NA,NA,NA,NA,NA,NA,NA,NA,NA,NA,NA,NA,NA
5972,ASV15033,TRUE,FALSE,TRUE,NA,NA,NA,NA,NA,NA,NA,NA,NA,NA,NA,NA,NA,NA,NA,NA,NA,NA,NA,NA,NA
5973,ASV15035,TRUE,FALSE,TRUE,NA,NA,NA,NA,NA,NA,NA,NA,NA,NA,NA,NA,NA,NA,NA,NA,NA,NA,NA,NA,NA
5974,ASV15036,TRUE,FALSE,TRUE,NA,NA,NA,NA,NA,NA,NA,NA,NA,NA,NA,NA,NA,NA,NA,NA,NA,NA,NA,NA,NA
5975,ASV15037,FALSE,FALSE,FALSE,NA,NA,NA,NA,NA,NA,NA,NA,NA,1,1,1,1,1,1,FALSE,FALSE,FALSE,TRUE,TRUE,TRUE
5976,ASV15039,TRUE,FALSE,TRUE,NA,NA,NA,NA,NA,NA,NA,NA,NA,NA,NA,NA,NA,NA,NA,NA,NA,NA,NA,NA,NA
5977,ASV15040,TRUE,FALSE,TRUE,NA,NA,NA,NA,NA,NA,NA,NA,NA,NA,NA,NA,NA,NA,NA,NA,NA,NA,NA,NA,NA
5978,ASV15041,TRUE,FALSE,TRUE,NA,NA,NA,NA,NA,NA,NA,NA,NA,NA,NA,NA,NA,NA,NA,NA,NA,NA,NA,NA,NA
5979,ASV15043,TRUE,FALSE,TRUE,NA,NA,NA,NA,NA,NA,NA,NA,NA,NA,NA,NA,NA,NA,NA,NA,NA,NA,NA,NA,NA
5980,ASV15045,TRUE,FALSE,TRUE,NA,NA,NA,NA,NA,NA,NA,NA,NA,NA,NA,NA,NA,NA,NA,NA,NA,NA,NA,NA,NA
5981,ASV15046,TRUE,FALSE,TRUE,NA,NA,NA,NA,NA,NA,NA,NA,NA,NA,NA,NA,NA,NA,NA,NA,NA,NA,NA,NA,NA
5982,ASV15048,TRUE,FALSE,TRUE,NA,NA,NA,NA,NA,NA,NA,NA,NA,NA,NA,NA,NA,NA,NA,NA,NA,NA,NA,NA,NA
5983,ASV15051,TRUE,FALSE,TRUE,NA,NA,NA,NA,NA,NA,NA,NA,NA,NA,NA,NA,NA,NA,NA,NA,NA,NA,NA,NA,NA
5984,ASV15053,TRUE,FALSE,TRUE,NA,NA,NA,NA,NA,NA,NA,NA,NA,NA,NA,NA,NA,NA,NA,NA,NA,NA,NA,NA,NA
5985,ASV15054,TRUE,FALSE,TRUE,NA,NA,NA,NA,NA,NA,NA,NA,NA,NA,NA,NA,NA,NA,NA,NA,NA,NA,NA,NA,NA
5986,ASV15055,TRUE,FALSE,TRUE,NA,NA,NA,NA,NA,NA,NA,NA,NA,NA,NA,NA,NA,NA,NA,NA,NA,NA,NA,NA,NA
5987,ASV15057,TRUE,FALSE,TRUE,NA,NA,NA,NA,NA,NA,NA,NA,NA,NA,NA,NA,NA,NA,NA,NA,NA,NA,NA,NA,NA
5988,ASV15058,TRUE,FALSE,TRUE,NA,NA,NA,NA,NA,NA,NA,NA,NA,NA,NA,NA,NA,NA,NA,NA,NA,NA,NA,NA,NA
5989,ASV15063,TRUE,FALSE,TRUE,NA,NA,NA,NA,NA,NA,NA,NA,NA,NA,NA,NA,NA,NA,NA,NA,NA,NA,NA,NA,NA
5990,ASV15065,TRUE,FALSE,TRUE,NA,NA,NA,NA,NA,NA,NA,NA,NA,NA,NA,NA,NA,NA,NA,NA,NA,NA,NA,NA,NA
5991,ASV15066,TRUE,FALSE,TRUE,NA,NA,NA,NA,NA,NA,NA,NA,NA,NA,NA,NA,NA,NA,NA,NA,NA,NA,NA,NA,NA
5992,ASV15068,TRUE,FALSE,TRUE,NA,NA,NA,NA,NA,NA,NA,NA,NA,NA,NA,NA,NA,NA,NA,NA,NA,NA,NA,NA,NA
5993,ASV15080,FALSE,TRUE,TRUE,NA,NA,NA,NA,NA,NA,NA,NA,NA,NA,NA,NA,NA,NA,NA,NA,NA,NA,NA,NA,NA
5994,ASV15138,FALSE,TRUE,TRUE,NA,NA,NA,NA,NA,NA,NA,NA,NA,NA,NA,NA,NA,NA,NA,NA,NA,NA,NA,NA,NA
5995,ASV15139,FALSE,TRUE,TRUE,NA,NA,NA,NA,NA,NA,NA,NA,NA,NA,NA,NA,NA,NA,NA,NA,NA,NA,NA,NA,NA
5996,ASV15140,FALSE,TRUE,TRUE,NA,NA,NA,NA,NA,NA,NA,NA,NA,NA,NA,NA,NA,NA,NA,NA,NA,NA,NA,NA,NA
5997,ASV15141,FALSE,TRUE,TRUE,NA,NA,NA,NA,NA,NA,NA,NA,NA,NA,NA,NA,NA,NA,NA,NA,NA,NA,NA,NA,NA
5998,ASV15142,FALSE,TRUE,TRUE,NA,NA,NA,NA,NA,NA,NA,NA,NA,NA,NA,NA,NA,NA,NA,NA,NA,NA,NA,NA,NA
5999,ASV15143,FALSE,TRUE,TRUE,NA,NA,NA,NA,NA,NA,NA,NA,NA,NA,NA,NA,NA,NA,NA,NA,NA,NA,NA,NA,NA
6000,ASV15144,FALSE,TRUE,TRUE,NA,NA,NA,NA,NA,NA,NA,NA,NA,NA,NA,NA,NA,NA,NA,NA,NA,NA,NA,NA,NA
6001,ASV15146,FALSE,TRUE,TRUE,NA,NA,NA,NA,NA,NA,NA,NA,NA,NA,NA,NA,NA,NA,NA,NA,NA,NA,NA,NA,NA
6002,ASV15147,FALSE,TRUE,TRUE,NA,NA,NA,NA,NA,NA,NA,NA,NA,NA,NA,NA,NA,NA,NA,NA,NA,NA,NA,NA,NA
6003,ASV15148,FALSE,TRUE,TRUE,NA,NA,NA,NA,NA,NA,NA,NA,NA,NA,NA,NA,NA,NA,NA,NA,NA,NA,NA,NA,NA
6004,ASV15149,FALSE,TRUE,TRUE,NA,NA,NA,NA,NA,NA,NA,NA,NA,NA,NA,NA,NA,NA,NA,NA,NA,NA,NA,NA,NA
6005,ASV15152,FALSE,TRUE,TRUE,NA,NA,NA,NA,NA,NA,NA,NA,NA,NA,NA,NA,NA,NA,NA,NA,NA,NA,NA,NA,NA
6006,ASV15153,FALSE,FALSE,FALSE,-0.064543489,-0.295700835,NA,0.118339137,0.246636924,NA,-0.545411183,-119.893.173.578.231,NA,1,1,1,1,1,1,FALSE,FALSE,FALSE,TRUE,TRUE,TRUE
6007,ASV15154,FALSE,TRUE,TRUE,NA,NA,NA,NA,NA,NA,NA,NA,NA,NA,NA,NA,NA,NA,NA,NA,NA,NA,NA,NA,NA
6008,ASV15156,FALSE,TRUE,TRUE,NA,NA,NA,NA,NA,NA,NA,NA,NA,NA,NA,NA,NA,NA,NA,NA,NA,NA,NA,NA,NA
6009,ASV15158,FALSE,TRUE,TRUE,NA,NA,NA,NA,NA,NA,NA,NA,NA,NA,NA,NA,NA,NA,NA,NA,NA,NA,NA,NA,NA
6010,ASV15159,FALSE,TRUE,TRUE,NA,NA,NA,NA,NA,NA,NA,NA,NA,NA,NA,NA,NA,NA,NA,NA,NA,NA,NA,NA,NA
6011,ASV15161,FALSE,TRUE,TRUE,NA,NA,NA,NA,NA,NA,NA,NA,NA,NA,NA,NA,NA,NA,NA,NA,NA,NA,NA,NA,NA
6012,ASV15162,FALSE,TRUE,TRUE,NA,NA,NA,NA,NA,NA,NA,NA,NA,NA,NA,NA,NA,NA,NA,NA,NA,NA,NA,NA,NA
6013,ASV15163,FALSE,TRUE,TRUE,NA,NA,NA,NA,NA,NA,NA,NA,NA,NA,NA,NA,NA,NA,NA,NA,NA,NA,NA,NA,NA
6014,ASV15164,FALSE,TRUE,TRUE,NA,NA,NA,NA,NA,NA,NA,NA,NA,NA,NA,NA,NA,NA,NA,NA,NA,NA,NA,NA,NA
6015,ASV15165,FALSE,TRUE,TRUE,NA,NA,NA,NA,NA,NA,NA,NA,NA,NA,NA,NA,NA,NA,NA,NA,NA,NA,NA,NA,NA
6016,ASV15167,FALSE,TRUE,TRUE,NA,NA,NA,NA,NA,NA,NA,NA,NA,NA,NA,NA,NA,NA,NA,NA,NA,NA,NA,NA,NA
6017,ASV15168,FALSE,TRUE,TRUE,NA,NA,NA,NA,NA,NA,NA,NA,NA,NA,NA,NA,NA,NA,NA,NA,NA,NA,NA,NA,NA
6018,ASV15169,FALSE,TRUE,TRUE,NA,NA,NA,NA,NA,NA,NA,NA,NA,NA,NA,NA,NA,NA,NA,NA,NA,NA,NA,NA,NA
6019,ASV15170,FALSE,TRUE,TRUE,NA,NA,NA,NA,NA,NA,NA,NA,NA,NA,NA,NA,NA,NA,NA,NA,NA,NA,NA,NA,NA
6020,ASV15171,FALSE,TRUE,TRUE,NA,NA,NA,NA,NA,NA,NA,NA,NA,NA,NA,NA,NA,NA,NA,NA,NA,NA,NA,NA,NA
6021,ASV15173,FALSE,TRUE,TRUE,NA,NA,NA,NA,NA,NA,NA,NA,NA,NA,NA,NA,NA,NA,NA,NA,NA,NA,NA,NA,NA
6022,ASV15174,FALSE,TRUE,TRUE,NA,NA,NA,NA,NA,NA,NA,NA,NA,NA,NA,NA,NA,NA,NA,NA,NA,NA,NA,NA,NA
6023,ASV15175,FALSE,TRUE,TRUE,NA,NA,NA,NA,NA,NA,NA,NA,NA,NA,NA,NA,NA,NA,NA,NA,NA,NA,NA,NA,NA
6024,ASV15178,FALSE,TRUE,TRUE,NA,NA,NA,NA,NA,NA,NA,NA,NA,NA,NA,NA,NA,NA,NA,NA,NA,NA,NA,NA,NA
6025,ASV15180,FALSE,TRUE,TRUE,NA,NA,NA,NA,NA,NA,NA,NA,NA,NA,NA,NA,NA,NA,NA,NA,NA,NA,NA,NA,NA
6026,ASV15181,FALSE,TRUE,TRUE,NA,NA,NA,NA,NA,NA,NA,NA,NA,NA,NA,NA,NA,NA,NA,NA,NA,NA,NA,NA,NA
6027,ASV15182,FALSE,TRUE,TRUE,NA,NA,NA,NA,NA,NA,NA,NA,NA,NA,NA,NA,NA,NA,NA,NA,NA,NA,NA,NA,NA
6028,ASV15183,FALSE,TRUE,TRUE,NA,NA,NA,NA,NA,NA,NA,NA,NA,NA,NA,NA,NA,NA,NA,NA,NA,NA,NA,NA,NA
6029,ASV15184,FALSE,TRUE,TRUE,NA,NA,NA,NA,NA,NA,NA,NA,NA,NA,NA,NA,NA,NA,NA,NA,NA,NA,NA,NA,NA
6030,ASV15186,FALSE,TRUE,TRUE,NA,NA,NA,NA,NA,NA,NA,NA,NA,NA,NA,NA,NA,NA,NA,NA,NA,NA,NA,NA,NA
6031,ASV15187,FALSE,TRUE,TRUE,NA,NA,NA,NA,NA,NA,NA,NA,NA,NA,NA,NA,NA,NA,NA,NA,NA,NA,NA,NA,NA
6032,ASV15188,FALSE,TRUE,TRUE,NA,NA,NA,NA,NA,NA,NA,NA,NA,NA,NA,NA,NA,NA,NA,NA,NA,NA,NA,NA,NA
6033,ASV15189,FALSE,TRUE,TRUE,NA,NA,NA,NA,NA,NA,NA,NA,NA,NA,NA,NA,NA,NA,NA,NA,NA,NA,NA,NA,NA
6034,ASV15190,FALSE,TRUE,TRUE,NA,NA,NA,NA,NA,NA,NA,NA,NA,NA,NA,NA,NA,NA,NA,NA,NA,NA,NA,NA,NA
6035,ASV15191,FALSE,TRUE,TRUE,NA,NA,NA,NA,NA,NA,NA,NA,NA,NA,NA,NA,NA,NA,NA,NA,NA,NA,NA,NA,NA
6036,ASV15195,FALSE,TRUE,TRUE,NA,NA,NA,NA,NA,NA,NA,NA,NA,NA,NA,NA,NA,NA,NA,NA,NA,NA,NA,NA,NA
6037,ASV15198,FALSE,TRUE,TRUE,NA,NA,NA,NA,NA,NA,NA,NA,NA,NA,NA,NA,NA,NA,NA,NA,NA,NA,NA,NA,NA
6038,ASV15199,FALSE,TRUE,TRUE,NA,NA,NA,NA,NA,NA,NA,NA,NA,NA,NA,NA,NA,NA,NA,NA,NA,NA,NA,NA,NA
6039,ASV15200,FALSE,TRUE,TRUE,NA,NA,NA,NA,NA,NA,NA,NA,NA,NA,NA,NA,NA,NA,NA,NA,NA,NA,NA,NA,NA
6040,ASV15287,TRUE,FALSE,TRUE,NA,NA,NA,NA,NA,NA,NA,NA,NA,NA,NA,NA,NA,NA,NA,NA,NA,NA,NA,NA,NA
6041,ASV15288,TRUE,FALSE,TRUE,NA,NA,NA,NA,NA,NA,NA,NA,NA,NA,NA,NA,NA,NA,NA,NA,NA,NA,NA,NA,NA
6042,ASV15289,TRUE,FALSE,TRUE,NA,NA,NA,NA,NA,NA,NA,NA,NA,NA,NA,NA,NA,NA,NA,NA,NA,NA,NA,NA,NA
6043,ASV15290,TRUE,FALSE,TRUE,NA,NA,NA,NA,NA,NA,NA,NA,NA,NA,NA,NA,NA,NA,NA,NA,NA,NA,NA,NA,NA
6044,ASV15291,TRUE,FALSE,TRUE,NA,NA,NA,NA,NA,NA,NA,NA,NA,NA,NA,NA,NA,NA,NA,NA,NA,NA,NA,NA,NA
6045,ASV15292,TRUE,FALSE,TRUE,NA,NA,NA,NA,NA,NA,NA,NA,NA,NA,NA,NA,NA,NA,NA,NA,NA,NA,NA,NA,NA
6046,ASV15294,TRUE,FALSE,TRUE,NA,NA,NA,NA,NA,NA,NA,NA,NA,NA,NA,NA,NA,NA,NA,NA,NA,NA,NA,NA,NA
6047,ASV15296,TRUE,FALSE,TRUE,NA,NA,NA,NA,NA,NA,NA,NA,NA,NA,NA,NA,NA,NA,NA,NA,NA,NA,NA,NA,NA
6048,ASV15297,TRUE,FALSE,TRUE,NA,NA,NA,NA,NA,NA,NA,NA,NA,NA,NA,NA,NA,NA,NA,NA,NA,NA,NA,NA,NA
6049,ASV15300,TRUE,FALSE,TRUE,NA,NA,NA,NA,NA,NA,NA,NA,NA,NA,NA,NA,NA,NA,NA,NA,NA,NA,NA,NA,NA
6050,ASV15308,FALSE,TRUE,TRUE,NA,NA,NA,NA,NA,NA,NA,NA,NA,NA,NA,NA,NA,NA,NA,NA,NA,NA,NA,NA,NA
6051,ASV15310,FALSE,TRUE,TRUE,NA,NA,NA,NA,NA,NA,NA,NA,NA,NA,NA,NA,NA,NA,NA,NA,NA,NA,NA,NA,NA
6052,ASV15312,FALSE,TRUE,TRUE,NA,NA,NA,NA,NA,NA,NA,NA,NA,NA,NA,NA,NA,NA,NA,NA,NA,NA,NA,NA,NA
6053,ASV15313,FALSE,TRUE,TRUE,NA,NA,NA,NA,NA,NA,NA,NA,NA,NA,NA,NA,NA,NA,NA,NA,NA,NA,NA,NA,NA
6054,ASV15351,TRUE,FALSE,TRUE,NA,NA,NA,NA,NA,NA,NA,NA,NA,NA,NA,NA,NA,NA,NA,NA,NA,NA,NA,NA,NA
6055,ASV15354,TRUE,FALSE,TRUE,NA,NA,NA,NA,NA,NA,NA,NA,NA,NA,NA,NA,NA,NA,NA,NA,NA,NA,NA,NA,NA
6056,ASV15355,TRUE,FALSE,TRUE,NA,NA,NA,NA,NA,NA,NA,NA,NA,NA,NA,NA,NA,NA,NA,NA,NA,NA,NA,NA,NA
6057,ASV15356,TRUE,FALSE,TRUE,NA,NA,NA,NA,NA,NA,NA,NA,NA,NA,NA,NA,NA,NA,NA,NA,NA,NA,NA,NA,NA
6058,ASV15357,TRUE,FALSE,TRUE,NA,NA,NA,NA,NA,NA,NA,NA,NA,NA,NA,NA,NA,NA,NA,NA,NA,NA,NA,NA,NA
6059,ASV15358,TRUE,FALSE,TRUE,NA,NA,NA,NA,NA,NA,NA,NA,NA,NA,NA,NA,NA,NA,NA,NA,NA,NA,NA,NA,NA
6060,ASV15363,TRUE,FALSE,TRUE,NA,NA,NA,NA,NA,NA,NA,NA,NA,NA,NA,NA,NA,NA,NA,NA,NA,NA,NA,NA,NA
6061,ASV15365,TRUE,FALSE,TRUE,NA,NA,NA,NA,NA,NA,NA,NA,NA,NA,NA,NA,NA,NA,NA,NA,NA,NA,NA,NA,NA
6062,ASV15367,TRUE,FALSE,TRUE,NA,NA,NA,NA,NA,NA,NA,NA,NA,NA,NA,NA,NA,NA,NA,NA,NA,NA,NA,NA,NA
6063,ASV15369,TRUE,FALSE,TRUE,NA,NA,NA,NA,NA,NA,NA,NA,NA,NA,NA,NA,NA,NA,NA,NA,NA,NA,NA,NA,NA
6064,ASV15370,TRUE,FALSE,TRUE,NA,NA,NA,NA,NA,NA,NA,NA,NA,NA,NA,NA,NA,NA,NA,NA,NA,NA,NA,NA,NA
6065,ASV15371,TRUE,FALSE,TRUE,NA,NA,NA,NA,NA,NA,NA,NA,NA,NA,NA,NA,NA,NA,NA,NA,NA,NA,NA,NA,NA
6066,ASV15372,TRUE,FALSE,TRUE,NA,NA,NA,NA,NA,NA,NA,NA,NA,NA,NA,NA,NA,NA,NA,NA,NA,NA,NA,NA,NA
6067,ASV15373,TRUE,FALSE,TRUE,NA,NA,NA,NA,NA,NA,NA,NA,NA,NA,NA,NA,NA,NA,NA,NA,NA,NA,NA,NA,NA
6068,ASV15374,TRUE,FALSE,TRUE,NA,NA,NA,NA,NA,NA,NA,NA,NA,NA,NA,NA,NA,NA,NA,NA,NA,NA,NA,NA,NA
6069,ASV15375,TRUE,FALSE,TRUE,NA,NA,NA,NA,NA,NA,NA,NA,NA,NA,NA,NA,NA,NA,NA,NA,NA,NA,NA,NA,NA
6070,ASV15376,TRUE,FALSE,TRUE,NA,NA,NA,NA,NA,NA,NA,NA,NA,NA,NA,NA,NA,NA,NA,NA,NA,NA,NA,NA,NA
6071,ASV15378,TRUE,FALSE,TRUE,NA,NA,NA,NA,NA,NA,NA,NA,NA,NA,NA,NA,NA,NA,NA,NA,NA,NA,NA,NA,NA
6072,ASV15380,TRUE,FALSE,TRUE,NA,NA,NA,NA,NA,NA,NA,NA,NA,NA,NA,NA,NA,NA,NA,NA,NA,NA,NA,NA,NA
6073,ASV15381,TRUE,FALSE,TRUE,NA,NA,NA,NA,NA,NA,NA,NA,NA,NA,NA,NA,NA,NA,NA,NA,NA,NA,NA,NA,NA
6074,ASV15382,TRUE,FALSE,TRUE,NA,NA,NA,NA,NA,NA,NA,NA,NA,NA,NA,NA,NA,NA,NA,NA,NA,NA,NA,NA,NA
6075,ASV15383,TRUE,FALSE,TRUE,NA,NA,NA,NA,NA,NA,NA,NA,NA,NA,NA,NA,NA,NA,NA,NA,NA,NA,NA,NA,NA
6076,ASV15384,TRUE,FALSE,TRUE,NA,NA,NA,NA,NA,NA,NA,NA,NA,NA,NA,NA,NA,NA,NA,NA,NA,NA,NA,NA,NA
6077,ASV15385,TRUE,FALSE,TRUE,NA,NA,NA,NA,NA,NA,NA,NA,NA,NA,NA,NA,NA,NA,NA,NA,NA,NA,NA,NA,NA
6078,ASV15386,TRUE,FALSE,TRUE,NA,NA,NA,NA,NA,NA,NA,NA,NA,NA,NA,NA,NA,NA,NA,NA,NA,NA,NA,NA,NA
6079,ASV15387,TRUE,FALSE,TRUE,NA,NA,NA,NA,NA,NA,NA,NA,NA,NA,NA,NA,NA,NA,NA,NA,NA,NA,NA,NA,NA
6080,ASV15388,TRUE,FALSE,TRUE,NA,NA,NA,NA,NA,NA,NA,NA,NA,NA,NA,NA,NA,NA,NA,NA,NA,NA,NA,NA,NA
6081,ASV15389,TRUE,FALSE,TRUE,NA,NA,NA,NA,NA,NA,NA,NA,NA,NA,NA,NA,NA,NA,NA,NA,NA,NA,NA,NA,NA
6082,ASV15390,TRUE,FALSE,TRUE,NA,NA,NA,NA,NA,NA,NA,NA,NA,NA,NA,NA,NA,NA,NA,NA,NA,NA,NA,NA,NA
6083,ASV15392,TRUE,FALSE,TRUE,NA,NA,NA,NA,NA,NA,NA,NA,NA,NA,NA,NA,NA,NA,NA,NA,NA,NA,NA,NA,NA
6084,ASV15393,TRUE,FALSE,TRUE,NA,NA,NA,NA,NA,NA,NA,NA,NA,NA,NA,NA,NA,NA,NA,NA,NA,NA,NA,NA,NA
6085,ASV15395,TRUE,FALSE,TRUE,NA,NA,NA,NA,NA,NA,NA,NA,NA,NA,NA,NA,NA,NA,NA,NA,NA,NA,NA,NA,NA
6086,ASV15396,TRUE,FALSE,TRUE,NA,NA,NA,NA,NA,NA,NA,NA,NA,NA,NA,NA,NA,NA,NA,NA,NA,NA,NA,NA,NA
6087,ASV15399,TRUE,FALSE,TRUE,NA,NA,NA,NA,NA,NA,NA,NA,NA,NA,NA,NA,NA,NA,NA,NA,NA,NA,NA,NA,NA
6088,ASV15400,TRUE,FALSE,TRUE,NA,NA,NA,NA,NA,NA,NA,NA,NA,NA,NA,NA,NA,NA,NA,NA,NA,NA,NA,NA,NA
6089,ASV15402,TRUE,FALSE,TRUE,NA,NA,NA,NA,NA,NA,NA,NA,NA,NA,NA,NA,NA,NA,NA,NA,NA,NA,NA,NA,NA
6090,ASV15477,FALSE,TRUE,TRUE,NA,NA,NA,NA,NA,NA,NA,NA,NA,NA,NA,NA,NA,NA,NA,NA,NA,NA,NA,NA,NA
6091,ASV15478,FALSE,TRUE,TRUE,NA,NA,NA,NA,NA,NA,NA,NA,NA,NA,NA,NA,NA,NA,NA,NA,NA,NA,NA,NA,NA
6092,ASV15479,FALSE,TRUE,TRUE,NA,NA,NA,NA,NA,NA,NA,NA,NA,NA,NA,NA,NA,NA,NA,NA,NA,NA,NA,NA,NA
6093,ASV15480,FALSE,TRUE,TRUE,NA,NA,NA,NA,NA,NA,NA,NA,NA,NA,NA,NA,NA,NA,NA,NA,NA,NA,NA,NA,NA
6094,ASV15482,FALSE,TRUE,TRUE,NA,NA,NA,NA,NA,NA,NA,NA,NA,NA,NA,NA,NA,NA,NA,NA,NA,NA,NA,NA,NA
6095,ASV15484,FALSE,TRUE,TRUE,NA,NA,NA,NA,NA,NA,NA,NA,NA,NA,NA,NA,NA,NA,NA,NA,NA,NA,NA,NA,NA
6096,ASV15487,FALSE,TRUE,TRUE,NA,NA,NA,NA,NA,NA,NA,NA,NA,NA,NA,NA,NA,NA,NA,NA,NA,NA,NA,NA,NA
6097,ASV15492,FALSE,TRUE,TRUE,NA,NA,NA,NA,NA,NA,NA,NA,NA,NA,NA,NA,NA,NA,NA,NA,NA,NA,NA,NA,NA
6098,ASV15493,FALSE,TRUE,TRUE,NA,NA,NA,NA,NA,NA,NA,NA,NA,NA,NA,NA,NA,NA,NA,NA,NA,NA,NA,NA,NA
6099,ASV15494,FALSE,TRUE,TRUE,NA,NA,NA,NA,NA,NA,NA,NA,NA,NA,NA,NA,NA,NA,NA,NA,NA,NA,NA,NA,NA
6100,ASV15496,FALSE,TRUE,TRUE,NA,NA,NA,NA,NA,NA,NA,NA,NA,NA,NA,NA,NA,NA,NA,NA,NA,NA,NA,NA,NA
6101,ASV15498,FALSE,TRUE,TRUE,NA,NA,NA,NA,NA,NA,NA,NA,NA,NA,NA,NA,NA,NA,NA,NA,NA,NA,NA,NA,NA
6102,ASV15499,FALSE,TRUE,TRUE,NA,NA,NA,NA,NA,NA,NA,NA,NA,NA,NA,NA,NA,NA,NA,NA,NA,NA,NA,NA,NA
6103,ASV15500,FALSE,TRUE,TRUE,NA,NA,NA,NA,NA,NA,NA,NA,NA,NA,NA,NA,NA,NA,NA,NA,NA,NA,NA,NA,NA
6104,ASV15505,FALSE,TRUE,TRUE,NA,NA,NA,NA,NA,NA,NA,NA,NA,NA,NA,NA,NA,NA,NA,NA,NA,NA,NA,NA,NA
6105,ASV15507,FALSE,TRUE,TRUE,NA,NA,NA,NA,NA,NA,NA,NA,NA,NA,NA,NA,NA,NA,NA,NA,NA,NA,NA,NA,NA
6106,ASV15508,FALSE,TRUE,TRUE,NA,NA,NA,NA,NA,NA,NA,NA,NA,NA,NA,NA,NA,NA,NA,NA,NA,NA,NA,NA,NA
6107,ASV15510,FALSE,TRUE,TRUE,NA,NA,NA,NA,NA,NA,NA,NA,NA,NA,NA,NA,NA,NA,NA,NA,NA,NA,NA,NA,NA
6108,ASV15511,FALSE,TRUE,TRUE,NA,NA,NA,NA,NA,NA,NA,NA,NA,NA,NA,NA,NA,NA,NA,NA,NA,NA,NA,NA,NA
6109,ASV15512,FALSE,TRUE,TRUE,NA,NA,NA,NA,NA,NA,NA,NA,NA,NA,NA,NA,NA,NA,NA,NA,NA,NA,NA,NA,NA
6110,ASV15513,FALSE,TRUE,TRUE,NA,NA,NA,NA,NA,NA,NA,NA,NA,NA,NA,NA,NA,NA,NA,NA,NA,NA,NA,NA,NA
6111,ASV15514,FALSE,TRUE,TRUE,NA,NA,NA,NA,NA,NA,NA,NA,NA,NA,NA,NA,NA,NA,NA,NA,NA,NA,NA,NA,NA
6112,ASV15516,FALSE,TRUE,TRUE,NA,NA,NA,NA,NA,NA,NA,NA,NA,NA,NA,NA,NA,NA,NA,NA,NA,NA,NA,NA,NA
6113,ASV15517,FALSE,TRUE,TRUE,NA,NA,NA,NA,NA,NA,NA,NA,NA,NA,NA,NA,NA,NA,NA,NA,NA,NA,NA,NA,NA
6114,ASV15520,FALSE,TRUE,TRUE,NA,NA,NA,NA,NA,NA,NA,NA,NA,NA,NA,NA,NA,NA,NA,NA,NA,NA,NA,NA,NA
6115,ASV15523,FALSE,TRUE,TRUE,NA,NA,NA,NA,NA,NA,NA,NA,NA,NA,NA,NA,NA,NA,NA,NA,NA,NA,NA,NA,NA
6116,ASV15524,FALSE,TRUE,TRUE,NA,NA,NA,NA,NA,NA,NA,NA,NA,NA,NA,NA,NA,NA,NA,NA,NA,NA,NA,NA,NA
6117,ASV15527,FALSE,TRUE,TRUE,NA,NA,NA,NA,NA,NA,NA,NA,NA,NA,NA,NA,NA,NA,NA,NA,NA,NA,NA,NA,NA
6118,ASV15528,FALSE,TRUE,TRUE,NA,NA,NA,NA,NA,NA,NA,NA,NA,NA,NA,NA,NA,NA,NA,NA,NA,NA,NA,NA,NA
6119,ASV15529,FALSE,TRUE,TRUE,NA,NA,NA,NA,NA,NA,NA,NA,NA,NA,NA,NA,NA,NA,NA,NA,NA,NA,NA,NA,NA
6120,ASV15530,FALSE,TRUE,TRUE,NA,NA,NA,NA,NA,NA,NA,NA,NA,NA,NA,NA,NA,NA,NA,NA,NA,NA,NA,NA,NA
6121,ASV15532,FALSE,TRUE,TRUE,NA,NA,NA,NA,NA,NA,NA,NA,NA,NA,NA,NA,NA,NA,NA,NA,NA,NA,NA,NA,NA
6122,ASV15618,TRUE,FALSE,TRUE,NA,NA,NA,NA,NA,NA,NA,NA,NA,NA,NA,NA,NA,NA,NA,NA,NA,NA,NA,NA,NA
6123,ASV15619,TRUE,FALSE,TRUE,NA,NA,NA,NA,NA,NA,NA,NA,NA,NA,NA,NA,NA,NA,NA,NA,NA,NA,NA,NA,NA
6124,ASV15620,TRUE,FALSE,TRUE,NA,NA,NA,NA,NA,NA,NA,NA,NA,NA,NA,NA,NA,NA,NA,NA,NA,NA,NA,NA,NA
6125,ASV15621,TRUE,FALSE,TRUE,NA,NA,NA,NA,NA,NA,NA,NA,NA,NA,NA,NA,NA,NA,NA,NA,NA,NA,NA,NA,NA
6126,ASV15623,TRUE,FALSE,TRUE,NA,NA,NA,NA,NA,NA,NA,NA,NA,NA,NA,NA,NA,NA,NA,NA,NA,NA,NA,NA,NA
6127,ASV15624,FALSE,FALSE,FALSE,NA,NA,NA,NA,NA,NA,NA,NA,NA,1,1,1,1,1,1,FALSE,FALSE,FALSE,TRUE,TRUE,TRUE
6128,ASV15625,TRUE,FALSE,TRUE,NA,NA,NA,NA,NA,NA,NA,NA,NA,NA,NA,NA,NA,NA,NA,NA,NA,NA,NA,NA,NA
6129,ASV15627,TRUE,FALSE,TRUE,NA,NA,NA,NA,NA,NA,NA,NA,NA,NA,NA,NA,NA,NA,NA,NA,NA,NA,NA,NA,NA
6130,ASV15628,TRUE,FALSE,TRUE,NA,NA,NA,NA,NA,NA,NA,NA,NA,NA,NA,NA,NA,NA,NA,NA,NA,NA,NA,NA,NA
6131,ASV15629,TRUE,FALSE,TRUE,NA,NA,NA,NA,NA,NA,NA,NA,NA,NA,NA,NA,NA,NA,NA,NA,NA,NA,NA,NA,NA
6132,ASV15630,TRUE,FALSE,TRUE,NA,NA,NA,NA,NA,NA,NA,NA,NA,NA,NA,NA,NA,NA,NA,NA,NA,NA,NA,NA,NA
6133,ASV15631,TRUE,FALSE,TRUE,NA,NA,NA,NA,NA,NA,NA,NA,NA,NA,NA,NA,NA,NA,NA,NA,NA,NA,NA,NA,NA
6134,ASV15637,TRUE,FALSE,TRUE,NA,NA,NA,NA,NA,NA,NA,NA,NA,NA,NA,NA,NA,NA,NA,NA,NA,NA,NA,NA,NA
6135,ASV15639,TRUE,FALSE,TRUE,NA,NA,NA,NA,NA,NA,NA,NA,NA,NA,NA,NA,NA,NA,NA,NA,NA,NA,NA,NA,NA
6136,ASV15640,TRUE,FALSE,TRUE,NA,NA,NA,NA,NA,NA,NA,NA,NA,NA,NA,NA,NA,NA,NA,NA,NA,NA,NA,NA,NA
6137,ASV15643,TRUE,FALSE,TRUE,NA,NA,NA,NA,NA,NA,NA,NA,NA,NA,NA,NA,NA,NA,NA,NA,NA,NA,NA,NA,NA
6138,ASV15649,FALSE,TRUE,TRUE,NA,NA,NA,NA,NA,NA,NA,NA,NA,NA,NA,NA,NA,NA,NA,NA,NA,NA,NA,NA,NA
6139,ASV15650,FALSE,TRUE,TRUE,NA,NA,NA,NA,NA,NA,NA,NA,NA,NA,NA,NA,NA,NA,NA,NA,NA,NA,NA,NA,NA
6140,ASV15697,TRUE,FALSE,TRUE,NA,NA,NA,NA,NA,NA,NA,NA,NA,NA,NA,NA,NA,NA,NA,NA,NA,NA,NA,NA,NA
6141,ASV15698,TRUE,FALSE,TRUE,NA,NA,NA,NA,NA,NA,NA,NA,NA,NA,NA,NA,NA,NA,NA,NA,NA,NA,NA,NA,NA
6142,ASV15699,TRUE,FALSE,TRUE,NA,NA,NA,NA,NA,NA,NA,NA,NA,NA,NA,NA,NA,NA,NA,NA,NA,NA,NA,NA,NA
6143,ASV15700,TRUE,FALSE,TRUE,NA,NA,NA,NA,NA,NA,NA,NA,NA,NA,NA,NA,NA,NA,NA,NA,NA,NA,NA,NA,NA
6144,ASV15701,FALSE,FALSE,FALSE,NA,NA,NA,NA,NA,NA,NA,NA,NA,1,1,1,1,1,1,FALSE,FALSE,FALSE,TRUE,TRUE,TRUE
6145,ASV15702,TRUE,FALSE,TRUE,NA,NA,NA,NA,NA,NA,NA,NA,NA,NA,NA,NA,NA,NA,NA,NA,NA,NA,NA,NA,NA
6146,ASV15704,TRUE,FALSE,TRUE,NA,NA,NA,NA,NA,NA,NA,NA,NA,NA,NA,NA,NA,NA,NA,NA,NA,NA,NA,NA,NA
6147,ASV15705,TRUE,FALSE,TRUE,NA,NA,NA,NA,NA,NA,NA,NA,NA,NA,NA,NA,NA,NA,NA,NA,NA,NA,NA,NA,NA
6148,ASV15709,TRUE,FALSE,TRUE,NA,NA,NA,NA,NA,NA,NA,NA,NA,NA,NA,NA,NA,NA,NA,NA,NA,NA,NA,NA,NA
6149,ASV15711,TRUE,FALSE,TRUE,NA,NA,NA,NA,NA,NA,NA,NA,NA,NA,NA,NA,NA,NA,NA,NA,NA,NA,NA,NA,NA
6150,ASV15712,TRUE,FALSE,TRUE,NA,NA,NA,NA,NA,NA,NA,NA,NA,NA,NA,NA,NA,NA,NA,NA,NA,NA,NA,NA,NA
6151,ASV15715,TRUE,FALSE,TRUE,NA,NA,NA,NA,NA,NA,NA,NA,NA,NA,NA,NA,NA,NA,NA,NA,NA,NA,NA,NA,NA
6152,ASV15717,TRUE,FALSE,TRUE,NA,NA,NA,NA,NA,NA,NA,NA,NA,NA,NA,NA,NA,NA,NA,NA,NA,NA,NA,NA,NA
6153,ASV15719,TRUE,FALSE,TRUE,NA,NA,NA,NA,NA,NA,NA,NA,NA,NA,NA,NA,NA,NA,NA,NA,NA,NA,NA,NA,NA
6154,ASV15720,TRUE,FALSE,TRUE,NA,NA,NA,NA,NA,NA,NA,NA,NA,NA,NA,NA,NA,NA,NA,NA,NA,NA,NA,NA,NA
6155,ASV15721,TRUE,FALSE,TRUE,NA,NA,NA,NA,NA,NA,NA,NA,NA,NA,NA,NA,NA,NA,NA,NA,NA,NA,NA,NA,NA
6156,ASV15723,TRUE,FALSE,TRUE,NA,NA,NA,NA,NA,NA,NA,NA,NA,NA,NA,NA,NA,NA,NA,NA,NA,NA,NA,NA,NA
6157,ASV15724,TRUE,FALSE,TRUE,NA,NA,NA,NA,NA,NA,NA,NA,NA,NA,NA,NA,NA,NA,NA,NA,NA,NA,NA,NA,NA
6158,ASV15725,TRUE,FALSE,TRUE,NA,NA,NA,NA,NA,NA,NA,NA,NA,NA,NA,NA,NA,NA,NA,NA,NA,NA,NA,NA,NA
6159,ASV15816,FALSE,TRUE,TRUE,NA,NA,NA,NA,NA,NA,NA,NA,NA,NA,NA,NA,NA,NA,NA,NA,NA,NA,NA,NA,NA
6160,ASV15817,FALSE,TRUE,TRUE,NA,NA,NA,NA,NA,NA,NA,NA,NA,NA,NA,NA,NA,NA,NA,NA,NA,NA,NA,NA,NA
6161,ASV15818,FALSE,TRUE,TRUE,NA,NA,NA,NA,NA,NA,NA,NA,NA,NA,NA,NA,NA,NA,NA,NA,NA,NA,NA,NA,NA
6162,ASV15819,FALSE,TRUE,TRUE,NA,NA,NA,NA,NA,NA,NA,NA,NA,NA,NA,NA,NA,NA,NA,NA,NA,NA,NA,NA,NA
6163,ASV15820,FALSE,TRUE,TRUE,NA,NA,NA,NA,NA,NA,NA,NA,NA,NA,NA,NA,NA,NA,NA,NA,NA,NA,NA,NA,NA
6164,ASV15821,FALSE,TRUE,TRUE,NA,NA,NA,NA,NA,NA,NA,NA,NA,NA,NA,NA,NA,NA,NA,NA,NA,NA,NA,NA,NA
6165,ASV15824,FALSE,TRUE,TRUE,NA,NA,NA,NA,NA,NA,NA,NA,NA,NA,NA,NA,NA,NA,NA,NA,NA,NA,NA,NA,NA
6166,ASV15825,FALSE,TRUE,TRUE,NA,NA,NA,NA,NA,NA,NA,NA,NA,NA,NA,NA,NA,NA,NA,NA,NA,NA,NA,NA,NA
6167,ASV15826,FALSE,TRUE,TRUE,NA,NA,NA,NA,NA,NA,NA,NA,NA,NA,NA,NA,NA,NA,NA,NA,NA,NA,NA,NA,NA
6168,ASV15827,FALSE,TRUE,TRUE,NA,NA,NA,NA,NA,NA,NA,NA,NA,NA,NA,NA,NA,NA,NA,NA,NA,NA,NA,NA,NA
6169,ASV15829,FALSE,TRUE,TRUE,NA,NA,NA,NA,NA,NA,NA,NA,NA,NA,NA,NA,NA,NA,NA,NA,NA,NA,NA,NA,NA
6170,ASV15830,FALSE,TRUE,TRUE,NA,NA,NA,NA,NA,NA,NA,NA,NA,NA,NA,NA,NA,NA,NA,NA,NA,NA,NA,NA,NA
6171,ASV15834,FALSE,TRUE,TRUE,NA,NA,NA,NA,NA,NA,NA,NA,NA,NA,NA,NA,NA,NA,NA,NA,NA,NA,NA,NA,NA
6172,ASV15835,FALSE,TRUE,TRUE,NA,NA,NA,NA,NA,NA,NA,NA,NA,NA,NA,NA,NA,NA,NA,NA,NA,NA,NA,NA,NA
6173,ASV15836,FALSE,TRUE,TRUE,NA,NA,NA,NA,NA,NA,NA,NA,NA,NA,NA,NA,NA,NA,NA,NA,NA,NA,NA,NA,NA
6174,ASV15837,FALSE,TRUE,TRUE,NA,NA,NA,NA,NA,NA,NA,NA,NA,NA,NA,NA,NA,NA,NA,NA,NA,NA,NA,NA,NA
6175,ASV15838,FALSE,TRUE,TRUE,NA,NA,NA,NA,NA,NA,NA,NA,NA,NA,NA,NA,NA,NA,NA,NA,NA,NA,NA,NA,NA
6176,ASV15839,FALSE,TRUE,TRUE,NA,NA,NA,NA,NA,NA,NA,NA,NA,NA,NA,NA,NA,NA,NA,NA,NA,NA,NA,NA,NA
6177,ASV15841,FALSE,TRUE,TRUE,NA,NA,NA,NA,NA,NA,NA,NA,NA,NA,NA,NA,NA,NA,NA,NA,NA,NA,NA,NA,NA
6178,ASV15843,FALSE,TRUE,TRUE,NA,NA,NA,NA,NA,NA,NA,NA,NA,NA,NA,NA,NA,NA,NA,NA,NA,NA,NA,NA,NA
6179,ASV15844,FALSE,TRUE,TRUE,NA,NA,NA,NA,NA,NA,NA,NA,NA,NA,NA,NA,NA,NA,NA,NA,NA,NA,NA,NA,NA
6180,ASV15845,FALSE,TRUE,TRUE,NA,NA,NA,NA,NA,NA,NA,NA,NA,NA,NA,NA,NA,NA,NA,NA,NA,NA,NA,NA,NA
6181,ASV15846,FALSE,TRUE,TRUE,NA,NA,NA,NA,NA,NA,NA,NA,NA,NA,NA,NA,NA,NA,NA,NA,NA,NA,NA,NA,NA
6182,ASV15849,FALSE,TRUE,TRUE,NA,NA,NA,NA,NA,NA,NA,NA,NA,NA,NA,NA,NA,NA,NA,NA,NA,NA,NA,NA,NA
6183,ASV15850,FALSE,TRUE,TRUE,NA,NA,NA,NA,NA,NA,NA,NA,NA,NA,NA,NA,NA,NA,NA,NA,NA,NA,NA,NA,NA
6184,ASV15943,TRUE,FALSE,TRUE,NA,NA,NA,NA,NA,NA,NA,NA,NA,NA,NA,NA,NA,NA,NA,NA,NA,NA,NA,NA,NA
6185,ASV15946,TRUE,FALSE,TRUE,NA,NA,NA,NA,NA,NA,NA,NA,NA,NA,NA,NA,NA,NA,NA,NA,NA,NA,NA,NA,NA
6186,ASV15947,TRUE,FALSE,TRUE,NA,NA,NA,NA,NA,NA,NA,NA,NA,NA,NA,NA,NA,NA,NA,NA,NA,NA,NA,NA,NA
6187,ASV15948,TRUE,FALSE,TRUE,NA,NA,NA,NA,NA,NA,NA,NA,NA,NA,NA,NA,NA,NA,NA,NA,NA,NA,NA,NA,NA
6188,ASV15950,TRUE,FALSE,TRUE,NA,NA,NA,NA,NA,NA,NA,NA,NA,NA,NA,NA,NA,NA,NA,NA,NA,NA,NA,NA,NA
6189,ASV15951,TRUE,FALSE,TRUE,NA,NA,NA,NA,NA,NA,NA,NA,NA,NA,NA,NA,NA,NA,NA,NA,NA,NA,NA,NA,NA
6190,ASV15952,TRUE,FALSE,TRUE,NA,NA,NA,NA,NA,NA,NA,NA,NA,NA,NA,NA,NA,NA,NA,NA,NA,NA,NA,NA,NA
6191,ASV15954,TRUE,FALSE,TRUE,NA,NA,NA,NA,NA,NA,NA,NA,NA,NA,NA,NA,NA,NA,NA,NA,NA,NA,NA,NA,NA
6192,ASV15955,TRUE,FALSE,TRUE,NA,NA,NA,NA,NA,NA,NA,NA,NA,NA,NA,NA,NA,NA,NA,NA,NA,NA,NA,NA,NA
6193,ASV15956,TRUE,FALSE,TRUE,NA,NA,NA,NA,NA,NA,NA,NA,NA,NA,NA,NA,NA,NA,NA,NA,NA,NA,NA,NA,NA
6194,ASV15957,TRUE,FALSE,TRUE,NA,NA,NA,NA,NA,NA,NA,NA,NA,NA,NA,NA,NA,NA,NA,NA,NA,NA,NA,NA,NA
6195,ASV15962,TRUE,FALSE,TRUE,NA,NA,NA,NA,NA,NA,NA,NA,NA,NA,NA,NA,NA,NA,NA,NA,NA,NA,NA,NA,NA
6196,ASV15964,TRUE,FALSE,TRUE,NA,NA,NA,NA,NA,NA,NA,NA,NA,NA,NA,NA,NA,NA,NA,NA,NA,NA,NA,NA,NA
6197,ASV15965,TRUE,FALSE,TRUE,NA,NA,NA,NA,NA,NA,NA,NA,NA,NA,NA,NA,NA,NA,NA,NA,NA,NA,NA,NA,NA
6198,ASV15974,FALSE,TRUE,TRUE,NA,NA,NA,NA,NA,NA,NA,NA,NA,NA,NA,NA,NA,NA,NA,NA,NA,NA,NA,NA,NA
6199,ASV15975,FALSE,TRUE,TRUE,NA,NA,NA,NA,NA,NA,NA,NA,NA,NA,NA,NA,NA,NA,NA,NA,NA,NA,NA,NA,NA
6200,ASV15977,FALSE,TRUE,TRUE,NA,NA,NA,NA,NA,NA,NA,NA,NA,NA,NA,NA,NA,NA,NA,NA,NA,NA,NA,NA,NA
6201,ASV16012,TRUE,FALSE,TRUE,NA,NA,NA,NA,NA,NA,NA,NA,NA,NA,NA,NA,NA,NA,NA,NA,NA,NA,NA,NA,NA
6202,ASV16013,TRUE,FALSE,TRUE,NA,NA,NA,NA,NA,NA,NA,NA,NA,NA,NA,NA,NA,NA,NA,NA,NA,NA,NA,NA,NA
6203,ASV16014,TRUE,FALSE,TRUE,NA,NA,NA,NA,NA,NA,NA,NA,NA,NA,NA,NA,NA,NA,NA,NA,NA,NA,NA,NA,NA
6204,ASV16015,TRUE,FALSE,TRUE,NA,NA,NA,NA,NA,NA,NA,NA,NA,NA,NA,NA,NA,NA,NA,NA,NA,NA,NA,NA,NA
6205,ASV16016,TRUE,FALSE,TRUE,NA,NA,NA,NA,NA,NA,NA,NA,NA,NA,NA,NA,NA,NA,NA,NA,NA,NA,NA,NA,NA
6206,ASV16018,TRUE,FALSE,TRUE,NA,NA,NA,NA,NA,NA,NA,NA,NA,NA,NA,NA,NA,NA,NA,NA,NA,NA,NA,NA,NA
6207,ASV16022,TRUE,FALSE,TRUE,NA,NA,NA,NA,NA,NA,NA,NA,NA,NA,NA,NA,NA,NA,NA,NA,NA,NA,NA,NA,NA
6208,ASV16023,TRUE,FALSE,TRUE,NA,NA,NA,NA,NA,NA,NA,NA,NA,NA,NA,NA,NA,NA,NA,NA,NA,NA,NA,NA,NA
6209,ASV16026,TRUE,FALSE,TRUE,NA,NA,NA,NA,NA,NA,NA,NA,NA,NA,NA,NA,NA,NA,NA,NA,NA,NA,NA,NA,NA
6210,ASV16028,TRUE,FALSE,TRUE,NA,NA,NA,NA,NA,NA,NA,NA,NA,NA,NA,NA,NA,NA,NA,NA,NA,NA,NA,NA,NA
6211,ASV16030,TRUE,FALSE,TRUE,NA,NA,NA,NA,NA,NA,NA,NA,NA,NA,NA,NA,NA,NA,NA,NA,NA,NA,NA,NA,NA
6212,ASV16031,TRUE,FALSE,TRUE,NA,NA,NA,NA,NA,NA,NA,NA,NA,NA,NA,NA,NA,NA,NA,NA,NA,NA,NA,NA,NA
6213,ASV16033,TRUE,FALSE,TRUE,NA,NA,NA,NA,NA,NA,NA,NA,NA,NA,NA,NA,NA,NA,NA,NA,NA,NA,NA,NA,NA
6214,ASV16034,TRUE,FALSE,TRUE,NA,NA,NA,NA,NA,NA,NA,NA,NA,NA,NA,NA,NA,NA,NA,NA,NA,NA,NA,NA,NA
6215,ASV16036,TRUE,FALSE,TRUE,NA,NA,NA,NA,NA,NA,NA,NA,NA,NA,NA,NA,NA,NA,NA,NA,NA,NA,NA,NA,NA
6216,ASV16041,TRUE,FALSE,TRUE,NA,NA,NA,NA,NA,NA,NA,NA,NA,NA,NA,NA,NA,NA,NA,NA,NA,NA,NA,NA,NA
6217,ASV16047,TRUE,FALSE,TRUE,NA,NA,NA,NA,NA,NA,NA,NA,NA,NA,NA,NA,NA,NA,NA,NA,NA,NA,NA,NA,NA
6218,ASV16048,TRUE,FALSE,TRUE,NA,NA,NA,NA,NA,NA,NA,NA,NA,NA,NA,NA,NA,NA,NA,NA,NA,NA,NA,NA,NA
6219,ASV16050,TRUE,FALSE,TRUE,NA,NA,NA,NA,NA,NA,NA,NA,NA,NA,NA,NA,NA,NA,NA,NA,NA,NA,NA,NA,NA
6220,ASV16051,TRUE,FALSE,TRUE,NA,NA,NA,NA,NA,NA,NA,NA,NA,NA,NA,NA,NA,NA,NA,NA,NA,NA,NA,NA,NA
6221,ASV16052,TRUE,FALSE,TRUE,NA,NA,NA,NA,NA,NA,NA,NA,NA,NA,NA,NA,NA,NA,NA,NA,NA,NA,NA,NA,NA
6222,ASV16054,TRUE,FALSE,TRUE,NA,NA,NA,NA,NA,NA,NA,NA,NA,NA,NA,NA,NA,NA,NA,NA,NA,NA,NA,NA,NA
6223,ASV16056,TRUE,FALSE,TRUE,NA,NA,NA,NA,NA,NA,NA,NA,NA,NA,NA,NA,NA,NA,NA,NA,NA,NA,NA,NA,NA
6224,ASV16057,TRUE,FALSE,TRUE,NA,NA,NA,NA,NA,NA,NA,NA,NA,NA,NA,NA,NA,NA,NA,NA,NA,NA,NA,NA,NA
6225,ASV16059,TRUE,FALSE,TRUE,NA,NA,NA,NA,NA,NA,NA,NA,NA,NA,NA,NA,NA,NA,NA,NA,NA,NA,NA,NA,NA
6226,ASV16140,FALSE,TRUE,TRUE,NA,NA,NA,NA,NA,NA,NA,NA,NA,NA,NA,NA,NA,NA,NA,NA,NA,NA,NA,NA,NA
6227,ASV16148,FALSE,TRUE,TRUE,NA,NA,NA,NA,NA,NA,NA,NA,NA,NA,NA,NA,NA,NA,NA,NA,NA,NA,NA,NA,NA
6228,ASV16149,FALSE,TRUE,TRUE,NA,NA,NA,NA,NA,NA,NA,NA,NA,NA,NA,NA,NA,NA,NA,NA,NA,NA,NA,NA,NA
6229,ASV16150,FALSE,TRUE,TRUE,NA,NA,NA,NA,NA,NA,NA,NA,NA,NA,NA,NA,NA,NA,NA,NA,NA,NA,NA,NA,NA
6230,ASV16151,FALSE,TRUE,TRUE,NA,NA,NA,NA,NA,NA,NA,NA,NA,NA,NA,NA,NA,NA,NA,NA,NA,NA,NA,NA,NA
6231,ASV16152,FALSE,TRUE,TRUE,NA,NA,NA,NA,NA,NA,NA,NA,NA,NA,NA,NA,NA,NA,NA,NA,NA,NA,NA,NA,NA
6232,ASV16153,FALSE,TRUE,TRUE,NA,NA,NA,NA,NA,NA,NA,NA,NA,NA,NA,NA,NA,NA,NA,NA,NA,NA,NA,NA,NA
6233,ASV16154,FALSE,TRUE,TRUE,NA,NA,NA,NA,NA,NA,NA,NA,NA,NA,NA,NA,NA,NA,NA,NA,NA,NA,NA,NA,NA
6234,ASV16155,FALSE,TRUE,TRUE,NA,NA,NA,NA,NA,NA,NA,NA,NA,NA,NA,NA,NA,NA,NA,NA,NA,NA,NA,NA,NA
6235,ASV16163,FALSE,TRUE,TRUE,NA,NA,NA,NA,NA,NA,NA,NA,NA,NA,NA,NA,NA,NA,NA,NA,NA,NA,NA,NA,NA
6236,ASV16164,FALSE,TRUE,TRUE,NA,NA,NA,NA,NA,NA,NA,NA,NA,NA,NA,NA,NA,NA,NA,NA,NA,NA,NA,NA,NA
6237,ASV16165,FALSE,TRUE,TRUE,NA,NA,NA,NA,NA,NA,NA,NA,NA,NA,NA,NA,NA,NA,NA,NA,NA,NA,NA,NA,NA
6238,ASV16166,FALSE,TRUE,TRUE,NA,NA,NA,NA,NA,NA,NA,NA,NA,NA,NA,NA,NA,NA,NA,NA,NA,NA,NA,NA,NA
6239,ASV16168,FALSE,TRUE,TRUE,NA,NA,NA,NA,NA,NA,NA,NA,NA,NA,NA,NA,NA,NA,NA,NA,NA,NA,NA,NA,NA
6240,ASV16169,FALSE,TRUE,TRUE,NA,NA,NA,NA,NA,NA,NA,NA,NA,NA,NA,NA,NA,NA,NA,NA,NA,NA,NA,NA,NA
6241,ASV16170,FALSE,TRUE,TRUE,NA,NA,NA,NA,NA,NA,NA,NA,NA,NA,NA,NA,NA,NA,NA,NA,NA,NA,NA,NA,NA
6242,ASV16171,FALSE,TRUE,TRUE,NA,NA,NA,NA,NA,NA,NA,NA,NA,NA,NA,NA,NA,NA,NA,NA,NA,NA,NA,NA,NA
6243,ASV16175,FALSE,TRUE,TRUE,NA,NA,NA,NA,NA,NA,NA,NA,NA,NA,NA,NA,NA,NA,NA,NA,NA,NA,NA,NA,NA
6244,ASV16176,FALSE,TRUE,TRUE,NA,NA,NA,NA,NA,NA,NA,NA,NA,NA,NA,NA,NA,NA,NA,NA,NA,NA,NA,NA,NA
6245,ASV16178,FALSE,TRUE,TRUE,NA,NA,NA,NA,NA,NA,NA,NA,NA,NA,NA,NA,NA,NA,NA,NA,NA,NA,NA,NA,NA
6246,ASV16179,FALSE,TRUE,TRUE,NA,NA,NA,NA,NA,NA,NA,NA,NA,NA,NA,NA,NA,NA,NA,NA,NA,NA,NA,NA,NA
6247,ASV16180,FALSE,TRUE,TRUE,NA,NA,NA,NA,NA,NA,NA,NA,NA,NA,NA,NA,NA,NA,NA,NA,NA,NA,NA,NA,NA
6248,ASV16254,TRUE,FALSE,TRUE,NA,NA,NA,NA,NA,NA,NA,NA,NA,NA,NA,NA,NA,NA,NA,NA,NA,NA,NA,NA,NA
6249,ASV16255,TRUE,FALSE,TRUE,NA,NA,NA,NA,NA,NA,NA,NA,NA,NA,NA,NA,NA,NA,NA,NA,NA,NA,NA,NA,NA
6250,ASV16256,TRUE,FALSE,TRUE,NA,NA,NA,NA,NA,NA,NA,NA,NA,NA,NA,NA,NA,NA,NA,NA,NA,NA,NA,NA,NA
6251,ASV16257,TRUE,FALSE,TRUE,NA,NA,NA,NA,NA,NA,NA,NA,NA,NA,NA,NA,NA,NA,NA,NA,NA,NA,NA,NA,NA
6252,ASV16258,TRUE,FALSE,TRUE,NA,NA,NA,NA,NA,NA,NA,NA,NA,NA,NA,NA,NA,NA,NA,NA,NA,NA,NA,NA,NA
6253,ASV16260,TRUE,FALSE,TRUE,NA,NA,NA,NA,NA,NA,NA,NA,NA,NA,NA,NA,NA,NA,NA,NA,NA,NA,NA,NA,NA
6254,ASV16262,TRUE,FALSE,TRUE,NA,NA,NA,NA,NA,NA,NA,NA,NA,NA,NA,NA,NA,NA,NA,NA,NA,NA,NA,NA,NA
6255,ASV16263,TRUE,FALSE,TRUE,NA,NA,NA,NA,NA,NA,NA,NA,NA,NA,NA,NA,NA,NA,NA,NA,NA,NA,NA,NA,NA
6256,ASV16264,TRUE,FALSE,TRUE,NA,NA,NA,NA,NA,NA,NA,NA,NA,NA,NA,NA,NA,NA,NA,NA,NA,NA,NA,NA,NA
6257,ASV16265,TRUE,FALSE,TRUE,NA,NA,NA,NA,NA,NA,NA,NA,NA,NA,NA,NA,NA,NA,NA,NA,NA,NA,NA,NA,NA
6258,ASV16267,TRUE,FALSE,TRUE,NA,NA,NA,NA,NA,NA,NA,NA,NA,NA,NA,NA,NA,NA,NA,NA,NA,NA,NA,NA,NA
6259,ASV16268,TRUE,FALSE,TRUE,NA,NA,NA,NA,NA,NA,NA,NA,NA,NA,NA,NA,NA,NA,NA,NA,NA,NA,NA,NA,NA
6260,ASV16269,TRUE,FALSE,TRUE,NA,NA,NA,NA,NA,NA,NA,NA,NA,NA,NA,NA,NA,NA,NA,NA,NA,NA,NA,NA,NA
6261,ASV16270,TRUE,FALSE,TRUE,NA,NA,NA,NA,NA,NA,NA,NA,NA,NA,NA,NA,NA,NA,NA,NA,NA,NA,NA,NA,NA
6262,ASV16271,TRUE,FALSE,TRUE,NA,NA,NA,NA,NA,NA,NA,NA,NA,NA,NA,NA,NA,NA,NA,NA,NA,NA,NA,NA,NA
6263,ASV16272,TRUE,FALSE,TRUE,NA,NA,NA,NA,NA,NA,NA,NA,NA,NA,NA,NA,NA,NA,NA,NA,NA,NA,NA,NA,NA
6264,ASV16277,TRUE,FALSE,TRUE,NA,NA,NA,NA,NA,NA,NA,NA,NA,NA,NA,NA,NA,NA,NA,NA,NA,NA,NA,NA,NA
6265,ASV16278,TRUE,FALSE,TRUE,NA,NA,NA,NA,NA,NA,NA,NA,NA,NA,NA,NA,NA,NA,NA,NA,NA,NA,NA,NA,NA
6266,ASV16280,TRUE,FALSE,TRUE,NA,NA,NA,NA,NA,NA,NA,NA,NA,NA,NA,NA,NA,NA,NA,NA,NA,NA,NA,NA,NA
6267,ASV16281,TRUE,FALSE,TRUE,NA,NA,NA,NA,NA,NA,NA,NA,NA,NA,NA,NA,NA,NA,NA,NA,NA,NA,NA,NA,NA
6268,ASV16282,TRUE,FALSE,TRUE,NA,NA,NA,NA,NA,NA,NA,NA,NA,NA,NA,NA,NA,NA,NA,NA,NA,NA,NA,NA,NA
6269,ASV16283,TRUE,FALSE,TRUE,NA,NA,NA,NA,NA,NA,NA,NA,NA,NA,NA,NA,NA,NA,NA,NA,NA,NA,NA,NA,NA
6270,ASV16286,TRUE,FALSE,TRUE,NA,NA,NA,NA,NA,NA,NA,NA,NA,NA,NA,NA,NA,NA,NA,NA,NA,NA,NA,NA,NA
6271,ASV16298,FALSE,TRUE,TRUE,NA,NA,NA,NA,NA,NA,NA,NA,NA,NA,NA,NA,NA,NA,NA,NA,NA,NA,NA,NA,NA
6272,ASV16299,FALSE,TRUE,TRUE,NA,NA,NA,NA,NA,NA,NA,NA,NA,NA,NA,NA,NA,NA,NA,NA,NA,NA,NA,NA,NA
6273,ASV16300,FALSE,TRUE,TRUE,NA,NA,NA,NA,NA,NA,NA,NA,NA,NA,NA,NA,NA,NA,NA,NA,NA,NA,NA,NA,NA
6274,ASV16301,FALSE,TRUE,TRUE,NA,NA,NA,NA,NA,NA,NA,NA,NA,NA,NA,NA,NA,NA,NA,NA,NA,NA,NA,NA,NA
6275,ASV16304,FALSE,TRUE,TRUE,NA,NA,NA,NA,NA,NA,NA,NA,NA,NA,NA,NA,NA,NA,NA,NA,NA,NA,NA,NA,NA
6276,ASV16364,TRUE,FALSE,TRUE,NA,NA,NA,NA,NA,NA,NA,NA,NA,NA,NA,NA,NA,NA,NA,NA,NA,NA,NA,NA,NA
6277,ASV16365,TRUE,FALSE,TRUE,NA,NA,NA,NA,NA,NA,NA,NA,NA,NA,NA,NA,NA,NA,NA,NA,NA,NA,NA,NA,NA
6278,ASV16366,TRUE,FALSE,TRUE,NA,NA,NA,NA,NA,NA,NA,NA,NA,NA,NA,NA,NA,NA,NA,NA,NA,NA,NA,NA,NA
6279,ASV16368,TRUE,FALSE,TRUE,NA,NA,NA,NA,NA,NA,NA,NA,NA,NA,NA,NA,NA,NA,NA,NA,NA,NA,NA,NA,NA
6280,ASV16370,TRUE,FALSE,TRUE,NA,NA,NA,NA,NA,NA,NA,NA,NA,NA,NA,NA,NA,NA,NA,NA,NA,NA,NA,NA,NA
6281,ASV16373,TRUE,FALSE,TRUE,NA,NA,NA,NA,NA,NA,NA,NA,NA,NA,NA,NA,NA,NA,NA,NA,NA,NA,NA,NA,NA
6282,ASV16374,TRUE,FALSE,TRUE,NA,NA,NA,NA,NA,NA,NA,NA,NA,NA,NA,NA,NA,NA,NA,NA,NA,NA,NA,NA,NA
6283,ASV16376,TRUE,FALSE,TRUE,NA,NA,NA,NA,NA,NA,NA,NA,NA,NA,NA,NA,NA,NA,NA,NA,NA,NA,NA,NA,NA
6284,ASV16377,TRUE,FALSE,TRUE,NA,NA,NA,NA,NA,NA,NA,NA,NA,NA,NA,NA,NA,NA,NA,NA,NA,NA,NA,NA,NA
6285,ASV16378,TRUE,FALSE,TRUE,NA,NA,NA,NA,NA,NA,NA,NA,NA,NA,NA,NA,NA,NA,NA,NA,NA,NA,NA,NA,NA
6286,ASV16384,TRUE,FALSE,TRUE,NA,NA,NA,NA,NA,NA,NA,NA,NA,NA,NA,NA,NA,NA,NA,NA,NA,NA,NA,NA,NA
6287,ASV16385,TRUE,FALSE,TRUE,NA,NA,NA,NA,NA,NA,NA,NA,NA,NA,NA,NA,NA,NA,NA,NA,NA,NA,NA,NA,NA
6288,ASV16390,TRUE,FALSE,TRUE,NA,NA,NA,NA,NA,NA,NA,NA,NA,NA,NA,NA,NA,NA,NA,NA,NA,NA,NA,NA,NA
6289,ASV16391,TRUE,FALSE,TRUE,NA,NA,NA,NA,NA,NA,NA,NA,NA,NA,NA,NA,NA,NA,NA,NA,NA,NA,NA,NA,NA
6290,ASV16393,TRUE,FALSE,TRUE,NA,NA,NA,NA,NA,NA,NA,NA,NA,NA,NA,NA,NA,NA,NA,NA,NA,NA,NA,NA,NA
6291,ASV16395,TRUE,FALSE,TRUE,NA,NA,NA,NA,NA,NA,NA,NA,NA,NA,NA,NA,NA,NA,NA,NA,NA,NA,NA,NA,NA
6292,ASV16396,TRUE,FALSE,TRUE,NA,NA,NA,NA,NA,NA,NA,NA,NA,NA,NA,NA,NA,NA,NA,NA,NA,NA,NA,NA,NA
6293,ASV16471,FALSE,TRUE,TRUE,NA,NA,NA,NA,NA,NA,NA,NA,NA,NA,NA,NA,NA,NA,NA,NA,NA,NA,NA,NA,NA
6294,ASV16492,FALSE,TRUE,TRUE,NA,NA,NA,NA,NA,NA,NA,NA,NA,NA,NA,NA,NA,NA,NA,NA,NA,NA,NA,NA,NA
6295,ASV16493,FALSE,TRUE,TRUE,NA,NA,NA,NA,NA,NA,NA,NA,NA,NA,NA,NA,NA,NA,NA,NA,NA,NA,NA,NA,NA
6296,ASV16496,FALSE,TRUE,TRUE,NA,NA,NA,NA,NA,NA,NA,NA,NA,NA,NA,NA,NA,NA,NA,NA,NA,NA,NA,NA,NA
6297,ASV16497,FALSE,TRUE,TRUE,NA,NA,NA,NA,NA,NA,NA,NA,NA,NA,NA,NA,NA,NA,NA,NA,NA,NA,NA,NA,NA
6298,ASV16498,FALSE,TRUE,TRUE,NA,NA,NA,NA,NA,NA,NA,NA,NA,NA,NA,NA,NA,NA,NA,NA,NA,NA,NA,NA,NA
6299,ASV16499,FALSE,TRUE,TRUE,NA,NA,NA,NA,NA,NA,NA,NA,NA,NA,NA,NA,NA,NA,NA,NA,NA,NA,NA,NA,NA
6300,ASV16500,FALSE,TRUE,TRUE,NA,NA,NA,NA,NA,NA,NA,NA,NA,NA,NA,NA,NA,NA,NA,NA,NA,NA,NA,NA,NA
6301,ASV16501,FALSE,TRUE,TRUE,NA,NA,NA,NA,NA,NA,NA,NA,NA,NA,NA,NA,NA,NA,NA,NA,NA,NA,NA,NA,NA
6302,ASV16502,FALSE,TRUE,TRUE,NA,NA,NA,NA,NA,NA,NA,NA,NA,NA,NA,NA,NA,NA,NA,NA,NA,NA,NA,NA,NA
6303,ASV16503,FALSE,TRUE,TRUE,NA,NA,NA,NA,NA,NA,NA,NA,NA,NA,NA,NA,NA,NA,NA,NA,NA,NA,NA,NA,NA
6304,ASV16504,FALSE,TRUE,TRUE,NA,NA,NA,NA,NA,NA,NA,NA,NA,NA,NA,NA,NA,NA,NA,NA,NA,NA,NA,NA,NA
6305,ASV16505,FALSE,TRUE,TRUE,NA,NA,NA,NA,NA,NA,NA,NA,NA,NA,NA,NA,NA,NA,NA,NA,NA,NA,NA,NA,NA
6306,ASV16506,FALSE,TRUE,TRUE,NA,NA,NA,NA,NA,NA,NA,NA,NA,NA,NA,NA,NA,NA,NA,NA,NA,NA,NA,NA,NA
6307,ASV16507,FALSE,TRUE,TRUE,NA,NA,NA,NA,NA,NA,NA,NA,NA,NA,NA,NA,NA,NA,NA,NA,NA,NA,NA,NA,NA
6308,ASV16508,FALSE,TRUE,TRUE,NA,NA,NA,NA,NA,NA,NA,NA,NA,NA,NA,NA,NA,NA,NA,NA,NA,NA,NA,NA,NA
6309,ASV16510,FALSE,TRUE,TRUE,NA,NA,NA,NA,NA,NA,NA,NA,NA,NA,NA,NA,NA,NA,NA,NA,NA,NA,NA,NA,NA
6310,ASV16511,FALSE,TRUE,TRUE,NA,NA,NA,NA,NA,NA,NA,NA,NA,NA,NA,NA,NA,NA,NA,NA,NA,NA,NA,NA,NA
6311,ASV16513,FALSE,TRUE,TRUE,NA,NA,NA,NA,NA,NA,NA,NA,NA,NA,NA,NA,NA,NA,NA,NA,NA,NA,NA,NA,NA
6312,ASV16518,FALSE,TRUE,TRUE,NA,NA,NA,NA,NA,NA,NA,NA,NA,NA,NA,NA,NA,NA,NA,NA,NA,NA,NA,NA,NA
6313,ASV16520,FALSE,TRUE,TRUE,NA,NA,NA,NA,NA,NA,NA,NA,NA,NA,NA,NA,NA,NA,NA,NA,NA,NA,NA,NA,NA
6314,ASV16522,FALSE,TRUE,TRUE,NA,NA,NA,NA,NA,NA,NA,NA,NA,NA,NA,NA,NA,NA,NA,NA,NA,NA,NA,NA,NA
6315,ASV16524,FALSE,TRUE,TRUE,NA,NA,NA,NA,NA,NA,NA,NA,NA,NA,NA,NA,NA,NA,NA,NA,NA,NA,NA,NA,NA
6316,ASV16525,FALSE,TRUE,TRUE,NA,NA,NA,NA,NA,NA,NA,NA,NA,NA,NA,NA,NA,NA,NA,NA,NA,NA,NA,NA,NA
6317,ASV16526,FALSE,TRUE,TRUE,NA,NA,NA,NA,NA,NA,NA,NA,NA,NA,NA,NA,NA,NA,NA,NA,NA,NA,NA,NA,NA
6318,ASV16527,FALSE,TRUE,TRUE,NA,NA,NA,NA,NA,NA,NA,NA,NA,NA,NA,NA,NA,NA,NA,NA,NA,NA,NA,NA,NA
6319,ASV16528,FALSE,TRUE,TRUE,NA,NA,NA,NA,NA,NA,NA,NA,NA,NA,NA,NA,NA,NA,NA,NA,NA,NA,NA,NA,NA
6320,ASV16630,TRUE,FALSE,TRUE,NA,NA,NA,NA,NA,NA,NA,NA,NA,NA,NA,NA,NA,NA,NA,NA,NA,NA,NA,NA,NA
6321,ASV16632,TRUE,FALSE,TRUE,NA,NA,NA,NA,NA,NA,NA,NA,NA,NA,NA,NA,NA,NA,NA,NA,NA,NA,NA,NA,NA
6322,ASV16633,TRUE,FALSE,TRUE,NA,NA,NA,NA,NA,NA,NA,NA,NA,NA,NA,NA,NA,NA,NA,NA,NA,NA,NA,NA,NA
6323,ASV16634,TRUE,FALSE,TRUE,NA,NA,NA,NA,NA,NA,NA,NA,NA,NA,NA,NA,NA,NA,NA,NA,NA,NA,NA,NA,NA
6324,ASV16636,TRUE,FALSE,TRUE,NA,NA,NA,NA,NA,NA,NA,NA,NA,NA,NA,NA,NA,NA,NA,NA,NA,NA,NA,NA,NA
6325,ASV16639,TRUE,FALSE,TRUE,NA,NA,NA,NA,NA,NA,NA,NA,NA,NA,NA,NA,NA,NA,NA,NA,NA,NA,NA,NA,NA
6326,ASV16641,TRUE,FALSE,TRUE,NA,NA,NA,NA,NA,NA,NA,NA,NA,NA,NA,NA,NA,NA,NA,NA,NA,NA,NA,NA,NA
6327,ASV16642,TRUE,FALSE,TRUE,NA,NA,NA,NA,NA,NA,NA,NA,NA,NA,NA,NA,NA,NA,NA,NA,NA,NA,NA,NA,NA
6328,ASV16644,TRUE,FALSE,TRUE,NA,NA,NA,NA,NA,NA,NA,NA,NA,NA,NA,NA,NA,NA,NA,NA,NA,NA,NA,NA,NA
6329,ASV16645,TRUE,FALSE,TRUE,NA,NA,NA,NA,NA,NA,NA,NA,NA,NA,NA,NA,NA,NA,NA,NA,NA,NA,NA,NA,NA
6330,ASV16647,TRUE,FALSE,TRUE,NA,NA,NA,NA,NA,NA,NA,NA,NA,NA,NA,NA,NA,NA,NA,NA,NA,NA,NA,NA,NA
6331,ASV16649,TRUE,FALSE,TRUE,NA,NA,NA,NA,NA,NA,NA,NA,NA,NA,NA,NA,NA,NA,NA,NA,NA,NA,NA,NA,NA
6332,ASV16651,TRUE,FALSE,TRUE,NA,NA,NA,NA,NA,NA,NA,NA,NA,NA,NA,NA,NA,NA,NA,NA,NA,NA,NA,NA,NA
6333,ASV16652,TRUE,FALSE,TRUE,NA,NA,NA,NA,NA,NA,NA,NA,NA,NA,NA,NA,NA,NA,NA,NA,NA,NA,NA,NA,NA
6334,ASV16664,FALSE,TRUE,TRUE,NA,NA,NA,NA,NA,NA,NA,NA,NA,NA,NA,NA,NA,NA,NA,NA,NA,NA,NA,NA,NA
6335,ASV16665,FALSE,TRUE,TRUE,NA,NA,NA,NA,NA,NA,NA,NA,NA,NA,NA,NA,NA,NA,NA,NA,NA,NA,NA,NA,NA
6336,ASV16667,FALSE,TRUE,TRUE,NA,NA,NA,NA,NA,NA,NA,NA,NA,NA,NA,NA,NA,NA,NA,NA,NA,NA,NA,NA,NA
6337,ASV16668,FALSE,TRUE,TRUE,NA,NA,NA,NA,NA,NA,NA,NA,NA,NA,NA,NA,NA,NA,NA,NA,NA,NA,NA,NA,NA
6338,ASV16669,FALSE,TRUE,TRUE,NA,NA,NA,NA,NA,NA,NA,NA,NA,NA,NA,NA,NA,NA,NA,NA,NA,NA,NA,NA,NA
6339,ASV16670,FALSE,TRUE,TRUE,NA,NA,NA,NA,NA,NA,NA,NA,NA,NA,NA,NA,NA,NA,NA,NA,NA,NA,NA,NA,NA
6340,ASV16671,FALSE,TRUE,TRUE,NA,NA,NA,NA,NA,NA,NA,NA,NA,NA,NA,NA,NA,NA,NA,NA,NA,NA,NA,NA,NA
6341,ASV16673,FALSE,TRUE,TRUE,NA,NA,NA,NA,NA,NA,NA,NA,NA,NA,NA,NA,NA,NA,NA,NA,NA,NA,NA,NA,NA
6342,ASV16674,FALSE,TRUE,TRUE,NA,NA,NA,NA,NA,NA,NA,NA,NA,NA,NA,NA,NA,NA,NA,NA,NA,NA,NA,NA,NA
6343,ASV16675,FALSE,TRUE,TRUE,NA,NA,NA,NA,NA,NA,NA,NA,NA,NA,NA,NA,NA,NA,NA,NA,NA,NA,NA,NA,NA
6344,ASV16676,FALSE,TRUE,TRUE,NA,NA,NA,NA,NA,NA,NA,NA,NA,NA,NA,NA,NA,NA,NA,NA,NA,NA,NA,NA,NA
